自那日朝罢归身染重病,0,自（喏）那日朝罢归身（呐）染重病，
lseh-ZiNaRi-HongYangDong.xml_0,自（喏）那日朝罢归身（呐）染重病，,1243241.7968971073,1.0
lseh-JinZhongXiang-ShangTianTai.xml_2,文凭着邓先生策划有准，,4786484.698580141,0.0
lseh-ZiNaRi-HongYangDong.xml_9,因此上臣的病重（呃）加十分、千岁爷呀！,5378287.547171381,0.2
daxp-QiaoLouShang-HuangShanLei.xml_1,父子们去采药未见回程。,5650869.202784691,0.0
daxp-LaoDieDie-SanJiZhang-2.xml_1,儿命苦怎配着状元才郎？,5870190.234607025,0.0
sdxp-SuLongWei-WuJiaPo.xml_3,他三人与我有仇恨，,5873014.75939587,0.0
lseh-WeiGuoJia-HongYangDong-1.xml_2,官封到节度使（喏）皇王恩重，,5966164.161151027,0.1
daxp-DuiLingHua-BiYuZan.xml_3,也算得人世间美满姻缘。,5995700.271271694,0.0
lsxp-LiangGuoJiao-ShiJieTing-1.xml_1,各为其主统貔貅，,6167642.465989627,0.0
daeh-NaRiFeng-YuanXiaoMi.xml_3,我与母亲两分离。,6223109.300458939,0.0
daxp-FeiShiWo-TaoHuaCun.xml_3,关系你患难鸳鸯永宿在池塘。,6313521.033252093,0.0
daxp-MengJunZi-ChunQiuPei-1.xml_5,莫奈何到荒郊我就来捡芦花。,6551272.502052147,0.0
dldeh-ShouBiPo-ChunQiuPei.xml_3,奴好比花未开风吹雨打，,6571005.229346654,0.0
lseh-YiLunMing-WenZhaoGuan-1.xml_5,他将我隐藏在后花园。,6596608.846851609,0.0
daxp-XiShiNv-XiShi.xml_1,难得有开怀事常锁双眉。,6608865.414894822,0.0
daxp-ErDeFu-HongNiGuan.xml_3,倒不如与伯党匹配鸾凰。,6611064.074345065,0.0
daeh-ZuoRiGong-TaiZhenWaiChuan.xml_3,但不知何日里再沐圣明。,6661349.273678922,0.1
daxp-ErDeFu-HongNiGuan.xml_4,清早起我和他一度商量，,6673847.414845812,0.0
daeh-WangChunE-SanNiangJiaoZi.xml_1,想起了我老爷好不惨然。,6674020.309063469,0.0
dldeh-ShouBiPo-ChunQiuPei.xml_2,病恹恹身无力难以挣扎。,6704792.900669101,0.2
lseh-WeiGuoJia-HongYangDong-2.xml_2,官封到节度使（喏）皇王恩重，,6765945.265525743,0.1
lseh-LaoZhangBu-WuPenJi.xml_2,休把我当作了妖魔论，,6768724.578462505,0.0
daxp-DangRiLi-SuoLinNang.xml_2,在轿中只觉得天昏地暗。,6801537.277923575,0.0
daxp-NiDeFu-FenHeWan.xml_3,不等到日落及早回程。,6803395.640793045,0.1
daeh-ZiNaRi-ErJinGong.xml_1,独坐在寒宫院闷闷悠悠。,6882875.452215818,0.0
daxp-DangRiLi-SuoLinNang.xml_3,耳听得风声断，雨声喧，雷声乱，乐声阑珊，人声呐喊，都道说是大雨倾天。,6896165.576463247,0.0
daxp-QiaoLouShang-HuangShanLei.xml_9,看娇儿正酣睡恐被风侵。,6957711.923044632,0.0
daxp-ErDeFu-HongNiGuan.xml_7,又恐怕众将官说短论长。,6968667.058000453,0.0
lsxp-ShenGongWu-LongFengChengXiang.xml_2,朝欢暮乐无牵挂，,6988742.551007116,0.1
daxp-LaoDieDie-YuZhouFeng.xml_1,明早朝上金殿面奏吾皇。,7015384.903473252,0.1
daxp-XiRiLi-LongFengChengXiang.xml_2,暗地堪笑奴兄长，,7025325.88037344,0.0
daeh-CanQiQi-WuLongZuo.xml_3,担几肩头晕转体若筛糠。,7034692.97920911,0.0
lsxp-ZheYiFeng-DingJunShan.xml_5,三通鼓刀出鞘四通（呃）鼓把兵交。,7200102.538886406,0.0
daxp-ChunQiuTing-SuoLinNang.xml_5,为何鲛珠化泪抛？,7273862.980737028,0.0
lsxp-CiShiJian-HuaiHeYing-2.xml_7,生死二字（喏）且由他！,7282030.555153231,0.0
daeh-ZuoRiGong-TaiZhenWaiChuan.xml_1,有谁知一时错被逐宫廷。,7319844.330790365,0.0
lseh-WeiKaiYan-RangXuZhou.xml_0,未开言不由人（呐）珠泪滚滚，,7365887.877650535,0.0
lsxp-ZiCongQian-ZhuLianZhai.xml_2,为千岁懒把朝房走，,7377182.4890322825,0.1
lseh-WeiGuoJia-HongYangDong-3.xml_2,官封到节度史（喏）皇王恩重，,7399272.811072708,0.1
lsxp-YiShiWu-YuCangJian.xml_3,靠山绿（哇）水常在面前。,7412145.941135873,0.0
daeh-CanQiQi-WuLongZuo.xml_1,叹红颜多薄命父母双亡。,7419194.123620756,0.0
lsxp-ZiCongQian-ZhuLianZhai.xml_1,满朝中文武臣泪双流。,7422365.317762967,0.1
lseh-TanXiongDi-SangYuanJiZi.xml_0,叹兄兀弟遭不幸一旦丧命，,7428391.557303777,0.0
lseh-XiRiLi-BaoLianDeng.xml_0,昔日里有一个孤竹君，,7440076.26072027,0.1
daxp-XiShiNv-XiShi.xml_3,每日里浣纱去又傍清溪。,7462942.07379064,0.1
lseh-NiangZiBu-SouGuJiuGu.xml_10,千言万（哪）语她不肯，,7471451.263179154,0.0
daeh-NuZiYou-TouJunBieYao.xml_1,为薛郎我父女断绝情长。,7506429.745604173,0.0
daxp-MengJunZi-ChunQiuPei-1.xml_1,虽然是男女别不得不答。,7508508.414692854,0.0
lsxp-LiangGuoJiao-ShiJieTing-1.xml_3,赏罚中公（呃）平莫要自由。,7607749.899421157,0.1
daxp-QiaoLouShang-HuangShanLei.xml_3,不知他在荒山何处安身。,7608349.727144663,0.1
lsxp-WoBenShi-KongChengJi-2.xml_5,东西战南北剿博古（呃）通（哦）今。,7621480.241806585,0.0
daxp-MengJunZi-ChunQiuPei-2.xml_2,家住在罗郡城魁星楼下，,7629453.92127786,0.0
daxp-QiaoLouShang-HuangShanLei.xml_8,听画鼓报四更愈添凄冷，,7649229.054486063,0.0
daxp-WoZhuYe-SiLangTanMu.xml_0,我主爷金沙滩早把命丧，,7651237.047594139,0.0
lseh-NiangZiBu-SouGuJiuGu.xml_0,娘子不（哇）必太烈性，,7661981.040298806,0.0
daxp-XiRiLiang-LongFengChengXiang.xml_0,昔日梁鸿配孟光，,7691781.185288883,0.1
daeh-WuDuanQiao-BiYuZan.xml_1,薄命自伤怨红颜。,7702298.625111959,0.1
sdxp-SuLongWei-WuJiaPo.xml_1,苏龙魏虎为媒证，,7722524.122083921,0.0
lsxp-QingGongYan-FaDongWu.xml_2,弟兄们创业多艰难，,7796771.703259856,0.0
daxp-LaoDieDie-DaYuShaJia-2.xml_1,倒叫我桂英儿挂在心头。,7841435.532915327,0.0
lseh-JinZhongXiang-ShangTianTai.xml_0,金钟响玉磬应王登龙庭，,7844760.997803993,0.0
lsxp-ZheYiFeng-DingJunShan.xml_9,到明天午时三刻要成功劳。,7870248.796064269,0.0
lsxp-ZhangGongDao-ZhuangYuanPu.xml_1,陈伯愚年半百无有后苗。,7874760.111472678,0.0
lsxp-CiShiJian-HuaiHeYing-2.xml_6,三人同把那鬼门关上爬，,7916200.356243912,0.1
daeh-LiYanFei-DaBaoGuo.xml_4,将江山让太师权且代贺，,7967564.929086978,0.0
lsxp-JiangShenEr-SanJiaDian.xml_15,叫一声解差把店役。,7978010.182092482,0.0
daeh-SunShangXiang-BieHuangGong.xml_1,想起了已往事心内痛酸。,7996686.916158561,0.0
lseh-YiLunMing-WenZhaoGuan-2.xml_5,他将我隐藏在后花园。,8006102.816704859,0.0
daxp-NiDeFu-FenHeWan.xml_0,你的父去投军无音信，,8023039.328144692,0.0
lsxp-WoBenShi-KongChengJi-2.xml_9,我面前却少个知（呃）音的人。,8048052.214275816,0.0
lsxp-ZiGuDao-HuangHeLou.xml_1,主公不必加愁肠。,8094341.814798933,0.0
daxp-LaoDieDie-DaYuShaJia-1.xml_1,到叫我桂英儿挂在心头；,8127680.310640244,0.0
daxp-DangRiLi-SuoLinNang.xml_1,霎时间日色淡似坠西山。,8129145.164104653,0.1
daxp-ErDeFu-HongNiGuan.xml_1,撇下了奴一人好不悲凉。,8129257.3977839155,0.0
daxp-LaoDieDie-SanJiZhang-1.xml_0,老爹爹请息（呀）怒容儿细讲，,8139486.10700281,0.0
daxp-LaoDieDie-YuZhouFeng.xml_3,观此本免了儿一门祸殃。,8152377.772777184,0.0
lsxp-WoBenShi-KongChengJi-1.xml_5,东西战南北剿博古通呃今。,8169061.705872262,0.0
daeh-LiYanFei-DaBaoGuo.xml_9,压定了文武臣均要画押。,8170665.408160059,0.0
daxp-ErTingDe-SuoLinNang.xml_15,薛良与我去问一遭。,8194946.239843743,0.0
lseh-ZiNaRi-HongYangDong.xml_2,我前番命孟良骸骨搬（呐）请，,8237593.2616964495,0.0
lseh-YiLunMing-ZhuoFangCao-2.xml_0,一轮明月照窗下，,8246672.218624698,0.0
lseh-LaoZhangBu-WuPenJi.xml_0,老丈不（哇）必胆怕惊，,8255365.143442049,0.0
lseh-WeiGuoJia-HongYangDong-1.xml_0,为国家那何曾半日闲空，,8275682.697788602,0.2
lseh-YiLunMing-WenZhaoGuan-1.xml_0,一轮明月照窗前，,8293625.930479883,0.0
daeh-LiYanFei-DaBaoGuo.xml_1,文站东武列西朝贺哀家。,8297937.717741848,0.1
sdxp-WoHeNi-SiLangTanMu.xml_20,黄沙盖脸尸骨不全。,8317670.331068377,0.0
sdxp-DangNianHan-SanJiZhang.xml_4,仙女嫁的又是何人？,8324415.094956232,0.0
daxp-MengJunZi-ChunQiuPei-1.xml_4,在家中受不过继母拷打，,8345504.83512207,0.0
daeh-WangChunE-SanNiangJiaoZi.xml_6,将身儿来至在机房织绢，,8356955.621801169,0.1
daeh-NaRiFeng-YuanXiaoMi.xml_7,不如早死命归西。,8373253.289475638,0.1
daxp-ChenSanLiang-ChenSanLiangPaTang.xml_1,公正的老爷细听分明。,8375483.845042947,0.0
lsxp-DaHeYi-SiLangTanMu.xml_25,家住哪州并哪郡？,8381872.293711346,0.0
lseh-YiLunMing-WenZhaoGuan-2.xml_1,愁人心（呐）中似箭穿。,8398579.92395939,0.0
lseh-LaoZhangBu-WuPenJi.xml_5,抓一（呀）把沙土扬灰尘。,8398940.815285997,0.0
daeh-NuZiYou-TouJunBieYao.xml_3,也不枉我二人苦度时光。,8403777.755470773,0.0
daxp-ChunQiuTing-SuoLinNang.xml_33,救她饥渴胜琼瑶。,8407651.861628525,0.0
daxp-FeiShiWo-TaoHuaCun.xml_0,非是我嘱咐叮咛把话讲，,8416321.466025049,0.0
daxp-WoZhuYe-SiLangTanMu.xml_3,一心心要夺取宋室江山。,8434656.560992211,0.0
daeh-ZiNaRi-ErJinGong.xml_10,耳边厢又听得朝靴响亮，,8462086.905138794,0.1
lseh-WeiGuoJia-HongYangDong-1.xml_3,身不爽不由人瞌睡朦胧（呃）。,8466025.332836023,0.1
daxp-XiRiLiang-LongFengChengXiang.xml_3,安排巧计害刘王。,8472178.107394958,0.0
lsxp-ZouYingLong-DaYanSong.xml_13,在品级台（呀）前臣见君。,8483036.961620592,0.0
lseh-YiLunMing-WenZhaoGuan-1.xml_1,愁人心（哪）中似箭穿。,8503800.705299415,0.0
daeh-XiaoNuCai-SanNiangJiaoZi.xml_0,小奴才他一言问住我，,8512369.13057896,0.0
daxp-NiDeFu-FenHeWan.xml_1,全仗你打雁养娘亲，,8515539.95092584,0.0
lsxp-LiangGuoJiao-ShiJieTing-2.xml_3,赏罚中公（呃）平莫要自由。,8517587.346024271,0.1
daeh-LiYanFei-DaBaoGuo.xml_2,太师爷奏一本进贡年下，,8518294.801852088,0.0
daxp-TingTaYan-ZuoGong.xml_7,不知者不怪罪你的海量放宽。,8529995.65151833,0.0
lseh-WeiGuoJia-HongYangDong-2.xml_3,身不爽不由人瞌睡朦胧（呃）（哪）。,8539463.219594918,0.1
lsxp-DaHeYi-SiLangTanMu.xml_22,灯光之下看不真。,8542820.868098166,0.0
daxp-DangRiLi-SuoLinNang.xml_7,哪有这短花帘，旧花幔，参差流苏，残破不全。,8545074.311878717,0.0
daxp-DangRiLi-SuoLinNang.xml_13,怎奈我在轿中赤手空拳。,8570757.476155981,0.0
daeh-WuDuanQiao-BiYuZan.xml_3,落得孤身病恹恹。,8580627.023647277,0.2
daeh-CanQiQi-WuLongZuo.xml_2,千金休哪曾受磨房景况，,8588051.494437603,0.0
lseh-WeiGuoJia-HongYangDong-2.xml_0,为国家哪何曾半日闲空，,8625209.450183174,0.1
lsxp-ZiGuDao-HuangHeLou.xml_3,二将军保架过长江。,8629632.178462476,0.0
daxp-ChunQiuTing-SuoLinNang.xml_26,忙把梅香低声儿叫，,8639069.177361172,0.0
lsxp-ShenGongWu-LongFengChengXiang.xml_3,耳听笙歌闹喧哗。,8687070.523413094,0.0
sdxp-SuLongWei-WuJiaPo.xml_13,腰中取出银一锭，,8695783.650905764,0.0
daeh-WuDuanQiao-BiYuZan.xml_5,满腹冤屈向谁言。,8706860.637503095,0.0
daeh-LiYanFei-DaBaoGuo.xml_7,宣太师上金殿披红插花。,8710949.766153036,0.0
daxp-QiaoLouShang-HuangShanLei.xml_15,你爹爹到如今未转家门。,8711949.02712768,0.0
lsxp-TingTaYan-ZhuoFangCao-2.xml_6,这时候我只得暂且忍耐在心下，,8738644.287800355,0.0
daeh-ZiNaRi-ZhuangYuanMei-1.xml_3,乱军中多亏他救我回还。,8755130.125732327,0.0
lseh-YiLunMing-WenZhaoGuan-1.xml_36,对天发不宏誓愿，,8784760.640601901,0.0
lsxp-TingTaYan-ZhuoFangCao-1.xml_6,这时候我只得暂且忍耐在心下，,8785035.079852974,0.0
lseh-TanXiongDi-SangYuanJiZi.xml_1,丢下了年幼儿好不伤情。,8786747.799812872,0.0
daxp-XiRiLi-LongFengChengXiang.xml_3,安排虎计害刘王。,8801218.271172002,0.0
daxp-FeiShiWo-TaoHuaCun.xml_11,是不是有人拍巴掌。,8803063.365553433,0.0
daxp-DangRiLi-SuoLinNang.xml_0,当日里好风光忽觉转变，,8803072.70423687,0.1
daxp-XiRiLi-LongFengChengXiang.xml_5,纵有大事料无妨。,8816437.945717657,0.0
daxp-QiaoLouShang-HuangShanLei.xml_11,又思来又想去越不安宁。,8817441.825169237,0.0
lseh-YiLunMing-ZhuoFangCao-1.xml_14,悔不该把家属一（呀）旦撇下，,8820027.279400729,0.0
lseh-YiLunMing-WenZhaoGuan-2.xml_0,一轮明月照窗前，,8824848.377400909,0.0
daxp-FeiShiWo-TaoHuaCun.xml_10,不但要仔细听、还要仔细想，,8826381.502544945,0.0
lseh-ZenNengGou-BaDaChui.xml_2,前也思（喏）后又想无有计定，,8833203.934342269,0.0
lseh-YiLunMing-ZhuoFangSuDian.xml_0,一轮明月照窗下，,8835032.442472134,0.0
sdxp-SuLongWei-WuJiaPo.xml_2,王丞相是我的主婚人（哪）。,8859998.69243609,0.0
daxp-DangRiLi-SuoLinNang.xml_16,有金珠和珍宝光华灿烂，,8870193.002882311,0.0
daeh-ZuoRiGong-TaiZhenWaiChuan.xml_0,昨日宫中何等宠幸，,8877607.388042359,0.1
daxp-QiaoLouShang-HuangShanLei.xml_6,忙移步隔花荫留神听定，,8878333.228720002,0.0
lseh-JinZhongXiang-ShangTianTai.xml_1,寡人喜的是五谷丰登。,8883834.688429017,0.0
daeh-ZiNaRi-ErJinGong.xml_7,看一看不觉到八月中秋。,8889267.244780257,0.0
lsxp-QingGongYan-FaDongWu.xml_1,想起桃园结拜情。,8908703.271416178,0.0
daeh-LiYanFei-ErJinGong.xml_3,想必是徐杨将进了昭阳。,8919413.655617328,0.0
daeh-SunShangXiang-BieHuangGong.xml_7,阿斗儿行中途被子龙追还。,8922060.907946667,0.0
lseh-LaoZhangBu-WuPenJi.xml_4,我忙将树（呃）枝摆摇（哇）动，,8929119.48684344,0.0
daxp-ErTingDe-SuoLinNang.xml_3,莫不是强婚配鸦占鸾巢。,8940828.452791091,0.0
lseh-LaoZhangBu-WuPenJi.xml_6,我和你远无冤近无有仇恨，,8962332.79161528,0.0
lseh-XiRiLi-BaoLianDeng.xml_2,都只为孤（哇）竹君身染重病（哪），,8964248.409813177,0.4
daxp-LaoDieDie-DaYuShaJia-1.xml_0,老爹爹清晨起前去出前，,8997135.013476241,0.0
lsxp-JianMaSu-ZhanMaSu.xml_2,大胆不听我的话，,9009017.236028735,0.0
daxp-XiShiNv-XiShi.xml_5,对清溪时照影自整罗农。,9011217.623670388,0.1
daxp-FeiShiWo-TaoHuaCun.xml_2,今夜晚非比那西厢待月、你懂提防、莫轻狂，,9013066.366672026,0.1
lseh-YiLunMing-WenZhaoGuan-1.xml_26,要相逢陈非是梦（兀）里团圆。,9027895.047861958,0.0
daxp-FeiShiWo-TaoHuaCun.xml_17,听我的号令上战场。,9028947.098929321,0.0
sdxp-DangNianHan-SanJiZhang.xml_5,我的儿说话言不逊，,9032117.402889593,0.0
daxp-ChunQiuTing-SuoLinNang.xml_15,莫不是强婚配鸦占鸾巢？,9041621.40512708,0.0
daxp-QiaoLouShang-HuangShanLei.xml_5,猛听得窗儿外似有人行。,9045418.5017496,0.0
daxp-MengJunZi-ChunQiuPei-2.xml_0,蒙君子至诚心再三问话，,9048807.459612735,0.0
lseh-WeiGuoJia-HongYangDong-3.xml_0,为国家哪何曾半日闲空，,9053440.59292544,0.1
sdxp-SuLongWei-WuJiaPo.xml_39,妻儿老小与奴一般。,9054344.040372025,0.0
daxp-ErTingDe-SuoLinNang.xml_31,救她饥渴胜琼瑶。,9063323.129578965,0.0
daxp-DangRiLi-SuoLinNang.xml_14,急切里想起了锁麟囊一（呀）件，,9075240.399405222,0.0
daxp-MuQinBu-FengHuanChao.xml_5,活在世上也枉然。,9104729.581218196,0.0
lsxp-LiangGuoJiao-ShiJieTing-2.xml_1,各为其（呀）主统貔貅。,9140895.593364263,0.0
daxp-NiDeFu-FenHeWan.xml_2,把弓带和鱼镖与儿带定，,9157648.77803851,0.0
daxp-XiRiLi-LongFengChengXiang.xml_1,今朝仙女会襄王。,9159924.350077897,0.1
lsxp-ShenGongWu-LongFengChengXiang.xml_1,年老得配女娇娃。,9168991.744265657,0.0
daxp-LaoDieDie-SanJiZhang-1.xml_1,我立志不嫁那状元才郎。,9169225.33751272,0.1
daxp-ChunQiuTing-SuoLinNang.xml_31,积德才生玉树苗，,9191618.925516563,0.0
daxp-LaoDieDie-DaYuShaJia-2.xml_3,等候了爹爹回细问根由。,9197818.869262712,0.0
daxp-FeiShiWo-TaoHuaCun.xml_15,那就是来了我西厢带路的小红娘。,9202011.448866691,0.1
daeh-SunShangXiang-BieHuangGong.xml_6,回荆州未三载诓我回转，,9206153.617500294,0.0
daxp-ChenSanLiang-ChenSanLiangPaTang.xml_5,最可恨鸨儿叫我接客人。,9219800.20218159,0.0
daxp-LaoDieDie-SanJiZhang-1.xml_3,贫穷人得了志比富还强。,9219838.15719149,0.0
dldeh-ShouBiPo-ChunQiuPei.xml_6,你继母心毒狠将你打骂，,9231628.162149474,0.0
dldeh-ShouBiPo-ChunQiuPei.xml_4,想亲娘和老父心乱如麻。,9238279.871586116,0.0
daxp-LaoDieDie-YuZhouFeng.xml_4,老爹爹在朝中官高爵显，,9240560.953365643,0.1
lsxp-YiShiWu-YuCangJian.xml_7,我与奸贼不共戴天！,9246338.309711693,0.0
daeh-LiYanFei-ErJinGong.xml_1,想起了朝中事好不惨伤！,9251583.177082423,0.1
sdxp-DangNianHan-SanJiZhang.xml_20,爹爹为何你要退婚？,9256389.959974902,0.0
lseh-WeiGuoJia-HongYangDong-3.xml_3,身不爽不由人瞌睡朦胧。,9268190.016878868,0.1
sdxp-WoHeNi-SiLangTanMu.xml_17,公主叫我盟誓愿，,9280469.642747415,0.0
daxp-MengJunZi-ChunQiuPei-1.xml_3,我的父名姜绍贸易天涯。,9284991.079099394,0.0
daxp-ChunQiuTing-SuoLinNang.xml_25,安他半世凤凰巢。,9323970.11629473,0.0
daxp-ErTingDe-SuoLinNang.xml_23,安她半世凤凰剿。,9323970.11629473,0.0
lseh-WeiKaiYan-RangXuZhou.xml_2,二犬子（呃）皆年幼（哇）难当（呃）重任，,9356263.779556358,0.1
daxp-LaoDieDie-YuZhouFeng.xml_2,倘若是有道君皇恩浩荡，,9358960.033902602,0.0
lseh-YangYanZhao-PengBei.xml_4,我本当将此事对他来论，,9359732.565985367,0.0
lsxp-ZiGuDao-HuangHeLou.xml_0,自古道吉人有天相，,9366505.88539136,0.1
daxp-ErTingDe-SuoLinNang.xml_24,忙把梅香低声叫，,9373695.013714092,0.0
daxp-SuSanLi-NvQiJie.xml_7,来生变犬马我当报还！,9386477.242273793,0.0
daxp-ChunQiuTing-SuoLinNang.xml_23,他为饥寒我为娇。,9422768.300203286,0.0
sdeh-WenSanNiang-SanNiangJiaoZi.xml_6,又谁知平白的闪跌一跤。,9451217.563964464,0.0
lseh-YiLunMing-WenZhaoGuan-1.xml_2,实指（惹）望到吴国借兵回转，,9458408.194876872,0.0
daeh-ZiNaRi-ZhuangYuanMei-1.xml_4,这桩事闷得我柔肠百转，,9459911.481497929,0.0
daeh-WangChunE-SanNiangJiaoZi.xml_0,王春娥坐草堂自思自叹，,9493992.77806435,0.1
sdxp-DangNianHan-SanJiZhang.xml_3,小奴才真个不孝顺，,9498019.326718636,0.0
lseh-XinZhongYou-WenZhaoGuan.xml_20,对天发下宏誓愿，,9525032.357354634,0.0
lsxp-CiShiJian-HuaiHeYing-1.xml_4,左手拉住了李左车，,9533897.103772808,0.0
daeh-SunShangXiang-BieHuangGong.xml_2,遭不幸父王爷把驾来晏，,9534614.089983683,0.0
lseh-YiLunMing-ZhuoFangCao-1.xml_0,一轮明月照窗下，,9542492.07074231,0.0
daeh-LiYanFei-DaBaoGuo.xml_3,各国的众王侯朝贺中华。,9612632.876215363,0.1
daxp-MengTingDe-MuiGuiYingGuaShuai.xml_3,敌血飞溅石榴裙。,9622821.811758783,0.0
sdxp-WoHeNi-SiLangTanMu.xml_1,我和你好夫妻恩德不浅，,9640799.402432326,0.0
daxp-DuiLingHua-BiYuZan.xml_1,听她言不由人喜上眉尖。,9653374.916499177,0.0
daeh-ZaoBuXing-HeHouMaDian.xml_9,只骂得贼昏王扭转身驱、闭目合晴、羞羞惭惭一语不发，,9665993.805170173,0.1
daxp-WoZhuYe-SiLangTanMu.xml_2,众卿随忙挂点亲率官员，,9682472.822509253,0.0
lseh-XuMaoGong-QinQiongFaPei.xml_0,徐茂公阴阳多奥妙，,9686463.051173644,0.0
lsxp-YiShiWu-YuCangJian.xml_8,实指（喏）望到吴国借兵（呐）转，,9692660.464414198,0.0
daeh-ZiNaRi-ErJinGong.xml_9,想起了老王爷好不惨伤。,9713502.073929261,0.0
sdxp-DangNianHan-SanJiZhang.xml_7,要退、要退、偏要退！,9718304.528462319,0.0
daeh-NaRiFeng-YuanXiaoMi.xml_6,我今绝少人生趣，,9719361.714677678,0.0
daxp-XiRiLiang-LongFengChengXiang.xml_2,暗地堪笑我兄长，,9729169.49454067,0.0
daxp-ChunQiuTing-SuoLinNang.xml_17,问那厢因何故痛哭无聊。,9729773.250147829,0.1
lsxp-HenPingWang-WenZhaoGuan.xml_3,满门的家着血染红。,9732508.750564288,0.1
daeh-XiaoNuCai-SanNiangJiaoZi.xml_2,哭一声亡故夫在阴曹等我，,9732697.179739933,0.0
daeh-NaRiFeng-YuanXiaoMi.xml_0,那日风波平地起，,9734074.315166596,0.2
daxp-ChunQiuTing-SuoLinNang.xml_19,满腹骄矜顿雪潇，,9752129.625186631,0.0
daeh-ZiNaRi-ZhuangYuanMei-1.xml_11,但愿得杨六郎心如石坚，,9756532.69521765,0.0
lsxp-ZiCongQian-ZhuLianZhai.xml_3,为千岁懒观五凤楼。,9771747.924767327,0.0
daxp-ErDeFu-HongNiGuan.xml_0,儿的父为国家阵前命丧，,9779091.300969638,0.0
sdxp-SuLongWei-WuJiaPo.xml_4,咬定牙关他就不认承。,9793654.136491982,0.0
lseh-ZenNengGou-BaDaChui.xml_0,怎能够思一计番营来进，,9795516.669999296,0.0
daxp-DuiLingHua-BiYuZan.xml_0,对菱花暗地里芳心自转，,9799510.658076636,0.1
daxp-MengJunZi-ChunQiuPei-1.xml_0,蒙君子至殷勤再三问话，,9802269.063286401,0.0
lsxp-DaHeYi-SiLangTanMu.xml_14,失落番邦被贼擒。,9814878.633362234,0.0
lsxp-ZuoRiLi-YuanMenZhanZi.xml_5,老娘亲再讲情儿自刎头来。,9827281.305839254,0.1
lseh-YangYanZhao-PengBei.xml_0,杨延昭奉父命巡查大营，,9837034.682982042,0.0
daxp-LaoDieDie-DaYuShaJia-1.xml_3,等候了爹爹回细问根由。,9844894.30312502,0.0
daxp-MengJunZi-ChunQiuPei-2.xml_3,我爹爹名姜绍贸易天涯。,9868190.048284488,0.0
daxp-WoHeNi-SangYuanHui.xml_1,谁认你狼心狗肺的人！,9871300.648339968,0.0
lseh-YiLunMing-WenZhaoGuan-1.xml_15,今夜晚怎能够盼到明天。,9880489.460343119,0.0
daeh-SunShangXiang-BieHuangGong.xml_4,与周郎定巧计把皇叔来骗，,9891809.629932329,0.0
daeh-ZiNaRi-ZhuangYuanMei-1.xml_7,帝王家深宫院似水流年。,9893244.172255244,0.0
daxp-DangRiLi-SuoLinNang.xml_21,换衣食也够她生活几年。,9899395.702172583,0.0
sdxp-SuLongWei-WuJiaPo.xml_31,命人送到（那）西凉川。,9917166.567021672,0.1
lseh-YiLunMing-WenZhaoGuan-2.xml_2,实指望到吴国借兵回转，,9919125.864949103,0.0
lseh-XiRiLi-BaoLianDeng.xml_15,打死个秦官保父不能担承。,9939702.590047983,0.0
lsxp-ZheYiFeng-DingJunShan.xml_8,三军与（呀）爷归营号，,9963816.470815055,0.1
daxp-ChunQiuTing-SuoLinNang.xml_3,想必是新婚渡鹊桥，,9964751.621901141,0.0
daeh-ZiNaRi-ZhuangYuanMei-2.xml_1,行不安坐不宁情态缠绵。,9965016.802730395,0.0
daxp-WoDeNiang-XinAnYi.xml_2,这几日身不爽心中烦闷，,9969177.290684637,0.2
lseh-TanXiongDi-SangYuanJiZi.xml_2,眼望着孤坟台珠泪难忍，,9978084.145097144,0.0
daxp-DangRiLi-SuoLinNang.xml_9,她泪自弹、声续断、似杜鹃、啼别院、巴峡哀猿动人心弦，好不惨然。,9987652.976994304,0.1
lsxp-CiShiJian-HuaiHeYing-1.xml_0,此时间不可闹笑话，,9997407.956475925,0.0
lsxp-CiShiJian-HuaiHeYing-2.xml_1,胡言乱语怎瞒（呐）咱！,10026854.325917765,0.0
daxp-WoDeNiang-XinAnYi.xml_0,我的娘她忘了女生外姓，,10034096.66281273,0.0
lsxp-YiShiWu-YuCangJian.xml_5,信用无极狗奸谗。,10038099.142025847,0.0
lsxp-YiZhuangZhuang-QunYingHui.xml_1,请先生到江边即刻登舟。,10038995.78841383,0.0
lseh-YiLunMing-WenZhaoGuan-1.xml_11,我好比龙游在浅沙滩。,10065551.189676873,0.0
daxp-QiaoLouShang-HuangShanLei.xml_2,对孤灯思远道心神不定，,10068906.06353435,0.0
lseh-XuMaoGong-QinQiongFaPei.xml_4,是是是（呀）来我明白了，,10072552.350925706,0.0
daxp-QiaoLouShang-HuangShanLei.xml_0,谯楼上二更鼓声声送听，,10076142.73803852,0.0
lseh-ZenNengGou-BaDaChui.xml_3,倒不如上公安观看古今。,10088714.52346162,0.0
lsxp-YiShiWu-YuCangJian.xml_6,他害我满门（呐）真悲惨，,10104654.63513359,0.0
sdxp-WoHeNi-SiLangTanMu.xml_18,将身跪在地平川。,10113556.434896933,0.1
daeh-ZuoChunGui-XiShi.xml_2,奴这里心中痛玉颜清减，,10115885.27063984,0.0
daeh-ZiNaRi-ErJinGong.xml_6,徐小姐把守在宫门口，,10118418.076840304,0.0
lsxp-ZiCongQian-ZhuLianZhai.xml_5,望千岁恕学生礼貌不周。,10133226.357974982,0.0
lseh-YiLunMing-WenZhaoGuan-2.xml_15,今夜晚怎能够盼到明天。,10145290.133139482,0.0
daxp-XiShiNv-XiShi.xml_4,怕只怕损玉颜姣容自惜，,10145369.069054766,0.1
daxp-ErTingDe-SuoLinNang.xml_9,哪有个袖手旁观在壁上瞧。,10152963.527706802,0.0
daxp-DangRiLi-SuoLinNang.xml_10,于归日理应当喜形于面，,10159553.907709979,0.2
daxp-DangRiLi-SuoLinNang.xml_11,为什么悲切切哭得可怜。,10177740.647375641,0.0
sdxp-SuLongWei-WuJiaPo.xml_30,本利算来有多少，,10189608.823858567,0.0
daeh-WangChunE-SanNiangJiaoZi.xml_7,等候了薛倚儿转回家园。,10199993.063057693,0.0
lseh-XinZhongYou-WenZhaoGuan.xml_0,心中有事难合眼，,10204065.393857999,0.0
sdxp-SuLongWei-WuJiaPo.xml_29,府内金银堆如山。,10204181.569975996,0.0
lsxp-JiangShenEr-SanJiaDian.xml_5,因此上发配到登州。,10204807.069671405,0.0
lsxp-LiangGuoJiao-ShiJieTing-2.xml_5,靠山近水把管收。,10243427.99358625,0.0
lsxp-ZhangGongDao-ZhuangYuanPu.xml_2,为（呀）儿（啼）女我也曾朝山拜庙，,10246468.944243468,0.1
lseh-WeiKaiYan-RangXuZhou.xml_5,救生灵（呐）积阴（呐）功也免得我坐卧不宁。,10252840.006146403,0.0
daxp-LaoDieDie-SanJiZhang-1.xml_2,父休笑薛平贵是花郎模样，,10267544.071583116,0.0
daeh-WuDuanQiao-BiYuZan.xml_0,无端巧计将人陷，,10270309.799208254,0.0
sdxp-WoHeNi-SiLangTanMu.xml_19,我若探母不回转，,10283635.473152708,0.0
lsxp-HenPingWang-WenZhaoGuan.xml_1,父纳子（呃）妻礼难容，,10285359.288699912,0.0
daxp-QiaoLouShang-HuangShanLei.xml_7,原来是秋风起扫叶之声。,10286544.081576174,0.0
lseh-NiangZiBu-SouGuJiuGu.xml_13,哀求娘子（喏）舍亲（呐）生。,10300288.48959774,0.0
sdxp-WoHeNi-SiLangTanMu.xml_24,因何故终日里愁眉不展，,10302033.898260748,0.1
daxp-ChunQiuTing-SuoLinNang.xml_9,也有失意痛哭嚎啕，,10305129.566760749,0.0
daxp-LaoDieDie-SanJiZhang-2.xml_0,老爹爹请息怒容儿细讲，,10309308.582222402,0.0
daxp-LaoDieDie-SanJiZhang-2.xml_3,这样人得了志比父还强。,10318217.003270198,0.0
daeh-SunShangXiang-BieHuangGong.xml_5,又谁知弄假成真反配凤鸾。,10325911.681137787,0.0
sdxp-SuLongWei-WuJiaPo.xml_27,三人对面（就）说分明。,10338796.379155902,0.0
lsxp-HenPingWang-WenZhaoGuan.xml_2,我的（呀）父谏奏反把命（哪）送，,10362412.499512406,0.0
daeh-ZiNaRi-ErJinGong.xml_3,太师爷一心心想篡龙楼。,10366038.905517254,0.0
sdxp-SuLongWei-WuJiaPo.xml_10,管保大嫂就断与咱。,10397406.287480816,0.0
daeh-ZiNaRi-ErJinGong.xml_2,先王爷晏驾后太子年幼，,10415046.598195484,0.0
daeh-ZiNaRi-ZhuangYuanMei-2.xml_3,乱军中多亏他救我回还。,10415954.170864185,0.0
lsxp-DaHeYi-SiLangTanMu.xml_6,怎知今日回宋营。,10418740.70024386,0.1
lseh-XinZhongYou-WenZhaoGuan.xml_10,爹娘（呃）要相逢除非是梦（呃）里团圆。,10420922.52624033,0.0
lsxp-QingGongYan-FaDongWu.xml_0,庆功宴上把酒饮，,10435389.563892,0.0
daeh-NuZiYou-TouJunBieYao.xml_2,但愿得去投军功名有望，,10450548.685190855,0.0
lsxp-YiShiWu-YuCangJian.xml_4,恨平王无道纲常乱，,10456666.768175308,0.0
daxp-ChunQiuTing-SuoLinNang.xml_0,春秋亭外风雨暴，,10471523.105180476,0.0
lsxp-DaHeYi-SiLangTanMu.xml_8,问我一言答一声。,10483790.65620531,0.0
daeh-ZiNaRi-ZhuangYuanMei-2.xml_4,这桩事闷得我柔肠百转，,10493123.023439689,0.0
sdxp-WoHeNi-SiLangTanMu.xml_6,有一桩心腹事不敢明言。,10500598.547617014,0.0
lseh-YiLunMing-WenZhaoGuan-2.xml_11,我好比龙游在浅沙滩。,10501618.820119034,0.0
daxp-ChunQiuTing-SuoLinNang.xml_10,轿内的人儿弹别调，,10510542.608599165,0.0
daxp-MengJunZi-ChunQiuPei-2.xml_1,虽然是不相识我就不得不答。,10514558.326055547,0.0
daeh-LiYanFei-ErJinGong.xml_2,耳边厢又听得朝靴响亮，,10530235.027437175,0.1
lseh-YiLunMing-ZhuoFangCao-2.xml_1,陈宫心中乱如麻。,10533846.98559178,0.0
daeh-ZiNaRi-ZhuangYuanMei-1.xml_9,宋天子主婚姻此事成全。,10534341.378343072,0.0
daxp-ChenSanLiang-ChenSanLiangPaTang.xml_3,发奋自强日夜读诗文。,10551750.002381645,0.2
daxp-ChunQiuTing-SuoLinNang.xml_18,听薛良一语来相告，,10561605.092465738,0.0
lsxp-ZhangGongDao-ZhuangYuanPu.xml_4,怕将（呃）来老天爷无（哇）有果报，,10566341.593964962,0.0
lseh-YiLunMing-WenZhaoGuan-1.xml_16,心中有事难合眼，,10572383.35851841,0.0
daxp-LaoDieDie-DaYuShaJia-2.xml_0,老爹爹清晨起前去出首，,10576457.276333507,0.0
daeh-LiYanFei-ErJinGong.xml_4,有几句话儿我不好言讲，,10577511.271708436,0.0
daxp-MengTingDe-MuiGuiYingGuaShuai.xml_5,寸土怎能够属于他人。,10582084.09192405,0.0
sdxp-SuLongWei-WuJiaPo.xml_12,百般调戏也枉然。,10586254.052734047,0.0
sdxp-SuLongWei-WuJiaPo.xml_6,为军的要人我是不要钱。,10592878.951841008,0.0
sdxp-SuLongWei-WuJiaPo.xml_5,西凉川四十单八站，,10609437.206551006,0.0
daeh-WuDuanQiao-BiYuZan.xml_2,独处闺房愁无限，,10617975.129388215,0.0
sdxp-WoHeNi-SiLangTanMu.xml_7,萧天佐摆天门两国交战，,10624137.907563375,0.0
sdxp-DangNianHan-SanJiZhang.xml_14,在六国封相人上人。,10649131.065377953,0.0
daxp-ErTingDe-SuoLinNang.xml_16,听薛良一语来相告，,10660370.725162923,0.0
daeh-ZuoChunGui-XiShi.xml_3,夜不眠朝慵起又向谁言。,10670749.51060412,0.1
daeh-CanQiQi-WuLongZuo.xml_0,惨凄凄唤苍天天不应响，,10675771.652835954,0.0
daeh-NaRiFeng-YuanXiaoMi.xml_1,死里逃生甚惨凄。,10680110.545438189,0.0
daxp-DangRiLi-SuoLinNang.xml_15,囊虽小却能做续命泉源。,10684537.076900613,0.0
daxp-XiRiLi-LongFengChengXiang.xml_0,昔日里梁鸿配孟光，,10694977.655723635,0.1
daxp-ChunQiuTing-SuoLinNang.xml_1,何处悲声破寂寥。,10696313.591030184,0.0
daxp-XiRiLiang-LongFengChengXiang.xml_1,今朝仙女会襄王。,10702458.13191129,0.1
lsxp-LiangGuoJiao-ShiJieTing-1.xml_5,靠山近水把营收。,10704240.905569315,0.0
daxp-WoDeNiang-XinAnYi.xml_1,奴年交十九岁还守闺门。,10709761.58403393,0.0
lseh-XinZhongYou-WenZhaoGuan.xml_19,父母的冤仇化尘烟，,10714552.446383547,0.0
daeh-ZiNaRi-ZhuangYuanMei-1.xml_13,但愿得八主贤王从中周旋，早成姻眷，扫狼烟，叫那胡儿不敢进犯保叔王锦绣江山。,10721544.182877913,0.1
daxp-ErDeFu-HongNiGuan.xml_2,奴这里只把那结婚思量，,10725566.672772232,0.1
lsxp-WoBenShi-KongChengJi-1.xml_4,官封到武乡侯哇执掌帅印，,10731102.6838249,0.0
daeh-ZiNaRi-ZhuangYuanMei-1.xml_1,行不安坐不宁情态缠绵。,10754323.922748227,0.0
sdxp-WoHeNi-SiLangTanMu.xml_33,你也对苍天就表一番。,10755547.402325243,0.0
daeh-XiaoNuCai-SanNiangJiaoZi.xml_3,等候了你妻子同见阎罗。,10759085.661202561,0.0
daeh-WangChunE-SanNiangJiaoZi.xml_5,每日里在书房苦读圣贤。,10771754.514485726,0.1
lsxp-ZhangGongDao-ZhuangYuanPu.xml_0,张公道三十五六（哇）子有靠，,10774203.596980449,0.0
lseh-XiRiLi-BaoLianDeng.xml_13,二娇儿也难比那两个贤人。,10789527.218797049,0.1
daeh-ZiNaRi-ZhuangYuanMei-2.xml_13,但愿得八主贤王从中周旋早成美眷、扫狼烟叫那胡儿不敢进犯、保叔王锦锈江山。,10793513.645823672,0.1
daeh-ZaoBuXing-HeHouMaDian.xml_8,只骂得贼昏王装聋作哑，,10801069.394075803,0.0
daeh-ZuoChunGui-XiShi.xml_1,无限的闲愁恨尽上眉尖。,10806259.843583178,0.0
lseh-TuZeiZuo-SouGuJiuGu.xml_0,屠贼做事心太狠，,10819842.763501186,0.0
dldeh-ShouBiPo-ChunQiuPei.xml_1,受逼迫去捡柴泪如雨下，,10822853.053150525,0.0
lsxp-ZiCongQian-ZhuLianZhai.xml_4,山高路远少来问候，,10826234.580848254,0.0
daxp-ErDeFu-HongNiGuan.xml_6,奴本当把关印付他执掌，,10835411.349077191,0.0
sdxp-DangNianHan-SanJiZhang.xml_2,未央宫斩的是何人？,10842750.701585894,0.0
lseh-TanXiongDi-SangYuanJiZi.xml_3,见坟台不见人刀割我心。,10852238.634731421,0.0
daeh-ZiNaRi-ErJinGong.xml_11,想必是徐杨进了昭阳。,10868309.914300896,0.0
daeh-WangChunE-SanNiangJiaoZi.xml_4,薛倚儿他好比无弓之箭，,10875454.709573612,0.0
lseh-YiLunMing-WenZhaoGuan-1.xml_13,我好（哇）比波浪中失舵的舟船（哪）。,10890085.1012633,0.0
daeh-ZaoBuXing-HeHouMaDian.xml_0,遭不幸老王爷晏了御驾，,10892549.953661695,0.0
lseh-YiLunMing-WenZhaoGuan-1.xml_9,满腹的含冤我向谁言（哪）！,10898169.715047281,0.0
lseh-YiLunMing-WenZhaoGuan-2.xml_9,满腹的含冤我向谁言（喏）。,10898169.715047281,0.0
lseh-YiLunMing-ZhuoFangCao-1.xml_18,观此贼睡卧真（呐）潇洒，,10902796.57473067,0.0
daxp-XiShiNv-XiShi.xml_0,西施女生长在苎萝村里，,10910861.153186867,0.0
daeh-TanHongYan-HuoXiaoYu.xml_1,美满姻缘付东流。,10912290.306487989,0.0
daeh-ZiNaRi-ErJinGong.xml_13,我只得怀抱太子两泪汪汪口口声声哭的是先王！,10918421.661623985,0.0
daxp-DiTouLi-NvQiJie.xml_7,来生变犬马我当报还。,10921454.197530635,0.0
daxp-DuiLingHua-BiYuZan.xml_2,果然是成佳偶两心欢恋，,10939198.48259005,0.0
daxp-WoHeNi-SangYuanHui.xml_0,我和你有什么夫妻的情，,10944864.186752306,0.0
lseh-YiLunMing-WenZhaoGuan-1.xml_35,父母的冤仇化尘烟，,10957268.474768378,0.0
daxp-LaoDieDie-YuZhouFeng.xml_0,老爹爹发恩德将本修上，,10960006.22353525,0.0
daeh-ZuoChunGui-XiShi.xml_0,坐春闺只觉得光明似箭，,10971538.953333972,0.0
daxp-MengTingDe-MuiGuiYingGuaShuai.xml_7,我一剑能挡百万兵。,10989647.703191686,0.0
lsxp-ZiGuDao-HuangHeLou.xml_2,曾记得当年赴河梁，,11001422.934524925,0.0
sdxp-DangNianHan-SanJiZhang.xml_16,难道说文官他就不丧身？,11005779.685857896,0.1
daxp-ChunQiuTing-SuoLinNang.xml_11,必有隐情在心潮。,11021637.51834916,0.0
lseh-YiLunMing-WenZhaoGuan-2.xml_13,我好（呃）比波浪中失舵的舟船（喏）。,11023509.699481733,0.0
lsxp-DaHeYi-SiLangTanMu.xml_16,我是你四哥回宋营。,11028786.295266835,0.0
daeh-WangChunE-SanNiangJiaoZi.xml_3,老薛保好一似浪里舟船。,11060080.610209567,0.0
sdxp-WoHeNi-SiLangTanMu.xml_12,无有令箭怎过关。,11060133.612823969,0.0
sdxp-WoHeNi-SiLangTanMu.xml_22,讲什么夫妻情恩德不浅，,11084472.445412783,0.0
sdxp-WoHeNi-SiLangTanMu.xml_25,有什么心腹事你只管明言。,11099816.883263852,0.0
sdxp-DangNianHan-SanJiZhang.xml_21,不能、不能、是万不能！,11103955.692115776,0.0
lsxp-WoBenShi-KongChengJi-1.xml_9,我面前缺少个知呃音的人。,11108219.762233315,0.0
daxp-ErTingDe-SuoLinNang.xml_0,耳听得悲声惨心中如捣，,11116871.065985693,0.0
lseh-YiLunMing-ZhuoFangCao-1.xml_12,听谯楼打罢了二（喏）更鼓下，,11121504.58688715,0.1
lseh-XinZhongYou-WenZhaoGuan.xml_1,翻来复去睡不安。,11124622.88993445,0.0
daxp-WoZhuYe-SiLangTanMu.xml_5,阅兵书看何人前来何安。,11134648.177217048,0.0
sdxp-DangNianHan-SanJiZhang.xml_1,登台拜帅是韩信，,11147824.371096712,0.0
lsxp-DaHeYi-SiLangTanMu.xml_12,我母佘氏老太君。,11154591.959298933,0.0
daxp-ChunQiuTing-SuoLinNang.xml_24,分我一枝珊瑚宝，,11201444.366893558,0.0
daxp-ChunQiuTing-SuoLinNang.xml_22,我在不足他正少，,11201444.366893558,0.0
daeh-SunShangXiang-BieHuangGong.xml_0,孙尚香坐宫院自思自叹，,11212974.825731639,0.1
lsxp-CiShiJian-HuaiHeYing-1.xml_1,胡言乱语怎瞒（呐）咱。,11217325.333776113,0.0
lsxp-WoBenShi-KongChengJi-2.xml_4,官封到武乡侯（呃）执掌帅印，,11231221.544658858,0.0
lseh-YiLunMing-WenZhaoGuan-1.xml_34,寻短（哪）哎见爹娘（兀）！,11235042.487887211,0.0
lseh-ZiNaRi-HongYangDong.xml_8,为此事终（啊）日里忧成疾病，,11268778.349518424,0.2
lseh-XuMaoGong-QinQiongFaPei.xml_1,文韬武略智谋高。,11278641.028841104,0.0
daeh-ZaoBuXing-HeHouMaDian.xml_10,只骂得贼昏王无言对答。,11307425.03198047,0.0
lseh-YiLunMing-ZhuoFangCao-2.xml_3,悔不该随他人到吕家。,11311631.11018984,0.0
daxp-FeiShiWo-TaoHuaCun.xml_4,已然错请生波浪，,11316793.505751897,0.0
daxp-MengJunZi-ChunQiuPei-1.xml_2,家住在罗郡城魁星楼下，,11331912.22182841,0.0
daxp-DangRiLi-SuoLinNang.xml_17,红珊瑚碧翡翠样样倶全。,11343156.615680102,0.0
lsxp-ZhangGongDao-ZhuangYuanPu.xml_5,眼睁（呐）睁有何人去（呀）把纸烧。,11350871.81461564,0.0
lseh-YiLunMing-ZhuoFangCao-1.xml_17,汉室后来贼是个惹祸的根芽。,11351181.559872141,0.0
lsxp-DaHeYi-SiLangTanMu.xml_17,弟兄对坐叙寒温。,11360661.719919484,0.0
lsxp-LiangGuoJiao-ShiJieTing-2.xml_2,管带三（呐）军要宽厚，,11375072.359658318,0.0
daxp-ChunQiuTing-SuoLinNang.xml_12,耳听得悲声惨心中如捣，,11379954.43756015,0.0
lsxp-TingTaYan-ZhuoFangCao-2.xml_4,马行在来道内我难（呐）以回（呀）马，,11381454.564700505,0.0
lsxp-TingTaYan-ZhuoFangCao-1.xml_4,马行在来道内我难（呐）以回（呀）马，,11381454.564700505,0.0
daeh-ZiNaRi-ZhuangYuanMei-2.xml_7,帝王家深宫怨似水流年。,11385873.238078576,0.0
lseh-YiLunMing-WenZhaoGuan-1.xml_37,我不杀平王我的心怎甘（哪）。,11386398.168184916,0.0
daxp-ErTingDe-SuoLinNang.xml_27,自把珠玉夸富豪。,11430160.212440018,0.1
daeh-ZiNaRi-ZhuangYuanMei-1.xml_10,但愿得令公令婆别无异见，,11430977.381647212,0.0
lsxp-LiangGuoJiao-ShiJieTing-1.xml_4,此一番领兵去镇守，,11494717.246351898,0.0
daeh-TanHongYan-HuoXiaoYu.xml_3,啼花泣月在暗里（呀）添愁。,11498696.880630206,0.0
sdxp-WoHeNi-SiLangTanMu.xml_10,怎奈我身在番难以过关。,11503546.734097855,0.1
lseh-YiLunMing-WenZhaoGuan-1.xml_17,翻来覆去睡不（哇）安。,11512647.590958891,0.0
daeh-LiYanFei-ErJinGong.xml_5,我只得怀抱太子两泪汪汪口口声声哭的是先王。,11516637.871340305,0.0
lsxp-WoBenShi-KongChengJi-2.xml_1,凭阴阳如反掌保定乾坤。,11519788.4542576,0.0
lsxp-ZouYingLong-DaYanSong.xml_6,我劝顽童你休流泪，免悲声，邹老爷就是尔的报仇人。,11526826.72738834,0.0
sdxp-DangNianHan-SanJiZhang.xml_6,句句话儿伤父心。,11538443.585859431,0.0
lsxp-WoZhuYe-ZhuiHanXin.xml_9,我也曾约法定过三章。,11551085.753206253,0.0
daxp-TingTaYan-ZuoGong.xml_3,他思家乡想骨肉就不能团圆。,11558234.250533286,0.0
daeh-ZaoBuXing-HeHouMaDian.xml_5,贼好比曹阿瞒半点不差，,11564533.2334764,0.0
daeh-LiYanFei-ErJinGong.xml_0,李艳妃坐昭阳自思自想，,11568470.491147999,0.1
lsxp-WoBenShi-KongChengJi-1.xml_1,论阴阳如反掌保定乾坤。,11575119.230891947,0.0
daeh-XiaoNuCai-SanNiangJiaoZi.xml_5,叹一声不由人珠泪如梭。,11585997.038276348,0.0
daxp-QiaoLouShang-HuangShanLei.xml_4,到三更真个是月明人静，,11599965.317137014,0.0
lsxp-DaHeYi-SiLangTanMu.xml_11,我父令公官极品，,11612451.509992274,0.0
sdxp-WoHeNi-SiLangTanMu.xml_31,一夜之间你怎能回还。,11619058.495824117,0.0
daxp-ChenSanLiang-ChenSanLiangPaTang.xml_2,我本是被骗进的富春院，,11642251.723295843,0.0
daeh-ZiNaRi-ZhuangYuanMei-2.xml_10,但愿得令公令婆别无意见，,11650460.014488138,0.0
lsxp-DaHeYi-SiLangTanMu.xml_28,原来四哥回宋营。,11650871.939566217,0.0
daxp-DangRiLi-SuoLinNang.xml_8,轿中人必定有一腔幽怨，,11678623.384890804,0.0
sdeh-WenSanNiang-SanNiangJiaoZi.xml_1,问三娘发雷霆却是为何？,11681378.265646182,0.0
daeh-NuZiYou-TouJunBieYao.xml_0,奴自幼在闺阁娇生惯养，,11681524.700692955,0.1
lseh-YiLunMing-WenZhaoGuan-1.xml_27,鸡鸣犬吠五更（哪）天，,11684833.003459226,0.0
sdxp-WoHeNi-SiLangTanMu.xml_2,贤公主又何必过于谦言。,11685572.68635887,0.0
lseh-YiLunMing-WenZhaoGuan-2.xml_14,思来想去我的肝肠断，,11686083.713587377,0.0
sdxp-SuLongWei-WuJiaPo.xml_17,买绫罗与绸缎、打首饰和簪环，,11690509.401111506,0.0
sdxp-SuLongWei-WuJiaPo.xml_33,家人小厮有万千。,11690558.148470528,0.0
daeh-ZaoBuXing-HeHouMaDian.xml_12,搬一把金交椅娘且坐下，,11691892.395802738,0.0
daxp-ErTingDe-SuoLinNang.xml_20,我正不足她正少，,11698213.798987824,0.0
lseh-YiLunMing-ZhuoFangCao-1.xml_5,杀猪（喏）沽（哇）酒款待于他，,11705940.135304198,0.0
daeh-ZaoBuXing-HeHouMaDian.xml_7,贼好比那司马师搅乱中华。,11712501.424659228,0.1
sdxp-SuLongWei-WuJiaPo.xml_20,为何来在大道边。,11715913.78502401,0.0
daeh-SunShangXiang-BieHuangGong.xml_3,留下了孙仲谋执掌江南。,11747277.796158265,0.0
lseh-XinZhongYou-WenZhaoGuan.xml_11,鸡鸣犬吠五更（呃）天，,11748342.778012209,0.0
lsxp-ZheYiFeng-DingJunShan.xml_6,向前各各有赏犒，,11758628.785956318,0.0
sdxp-SuLongWei-WuJiaPo.xml_18,我与你露水的夫妻就过几年（呐）。,11762159.782737313,0.0
lseh-YangYanZhao-PengBei.xml_2,迈虎步我且把宝帐来进，,11763973.01849188,0.0
daeh-ZiNaRi-ErJinGong.xml_8,李艳妃坐昭阳自思自想，,11768141.164595807,0.1
lsxp-ZiGuDao-HuangHeLou.xml_4,今日主公把宴上，,11777583.129324885,0.1
lseh-YiLunMing-ZhuoFangSuDian.xml_11,自有那神灵儿天地鉴察。,11788291.996264782,0.2
lseh-NiangZiBu-SouGuJiuGu.xml_12,无奈何我只得双（呃）膝跪，,11795651.232637806,0.0
daeh-ZaoBuXing-HeHouMaDian.xml_11,两旁的文武臣珠泪如麻，,11796663.31093674,0.0
lsxp-TingTaYan-ZhuoFangCao-1.xml_3,却原（呐）来贼是个无（哇）义（呀）的冤家！,11813011.461706163,0.0
lsxp-TingTaYan-ZhuoFangCao-2.xml_3,却愿（呐）来贼是个无（哇）义（呀）的冤家！,11813011.461706163,0.0
daxp-QiaoLouShang-HuangShanLei.xml_13,果然是晓鸡唱天已黎明。,11817730.694058437,0.0
daxp-DiTouLi-NvQiJie.xml_4,哪一位去往南京转，,11819173.000366725,0.0
daxp-FeiShiWo-TaoHuaCun.xml_1,只怪你呆头呆脑慌慌张张。,11842136.195672177,0.0
lsxp-ZouYingLong-DaYanSong.xml_1,在朝房来了我这保国忠。,11847029.293140976,0.1
daxp-ErTingDe-SuoLinNang.xml_2,莫不是夫郎丑难谐女貌，,11864245.461102773,0.0
daxp-DangRiLi-SuoLinNang.xml_19,还有那赤金链，紫瑛簪，白玉环，双凤錾，八宝钗钏一个个宝孕光含。,11889472.666881263,0.1
daeh-LiYanFei-DaBaoGuo.xml_8,赐你的上方剑朝房问话，,11908374.628000926,0.1
lsxp-ZheYiFeng-DingJunShan.xml_4,头通（呃）鼓紧战袍，,11915977.013256589,0.0
lseh-YiLunMing-ZhuoFangSuDian.xml_2,悔不该心猿并意马，,11934423.05929091,0.0
lseh-ZiNaRi-HongYangDong.xml_1,三更时梦（呃）见（呐）了年迈爹尊（呐）。,11935883.17910555,0.0
daxp-WoZhuYe-SiLangTanMu.xml_4,叫番儿忙摆驾银安殿，,11955178.759125404,0.0
sdxp-SuLongWei-WuJiaPo.xml_43,落得个孝子的名儿在那天下传。,11956840.301164538,0.1
daeh-ZaoBuXing-HeHouMaDian.xml_3,反倒说为嫂我拦阻有差，,11969156.897895314,0.0
daxp-ErTingDe-SuoLinNang.xml_28,麟儿哪有神送到，,11977770.019657454,0.0
lseh-XinZhongYou-WenZhaoGuan.xml_21,我不杀平王我的心怎甘。,11978357.08946303,0.0
sdxp-DangNianHan-SanJiZhang.xml_10,都是安邦定国臣，,11981100.898498954,0.0
lsxp-DaHeYi-SiLangTanMu.xml_30,自己骨肉认不清。,11987036.093369344,0.1
lsxp-ZiGuDao-HuangHeLou.xml_5,四将军保架料也无妨。,12007064.408125198,0.0
sdxp-SuLongWei-WuJiaPo.xml_22,一马双跨到西凉。,12019678.8192361,0.0
lseh-YiLunMing-WenZhaoGuan-1.xml_23,你就该把我献与昭关。,12037059.883954154,0.0
daeh-WuDuanQiao-BiYuZan.xml_7,又怕丑名误流传。,12038128.861428874,0.0
daxp-ErTingDe-SuoLinNang.xml_21,她为饥寒我为骄。,12079703.138805818,0.0
lseh-TuZeiZuo-SouGuJiuGu.xml_2,眼见得忠良无救应，,12087760.406558482,0.0
lsxp-ShenGongWu-LongFengChengXiang.xml_0,深宫无（哇）处不飞花，,12102472.06925735,0.0
daxp-ErDeFu-HongNiGuan.xml_5,不想到狠心郎一味猖狂。,12124338.840715406,0.0
lsxp-ZiCongQian-ZhuLianZhai.xml_0,自从千岁离朝后，,12127115.440061938,0.2
daeh-LiYanFei-DaBaoGuo.xml_0,李艳妃设早朝龙书案下，,12147172.273060776,0.1
lsxp-ZuoRiLi-YuanMenZhanZi.xml_2,今日里斩宗保娘把儿怪，,12151723.413909646,0.1
lseh-YiLunMing-ZhuoFangCao-1.xml_22,虎在笼中我不打，,12152119.483833002,0.0
daeh-ZiNaRi-ZhuangYuanMei-2.xml_8,幸喜得珍珠衫称心如愿，,12164800.849693252,0.0
lsxp-DaHeYi-SiLangTanMu.xml_7,将身站在了阶前等，,12171935.747705404,0.1
sdxp-DangNianHan-SanJiZhang.xml_18,大孝之人也受贫。,12179940.496279053,0.0
daxp-ErTingDe-SuoLinNang.xml_17,满腹骄矜顿雪潇。,12192120.92132266,0.0
daxp-ErTingDe-SuoLinNang.xml_7,不该人前乱解嘲。,12192120.92132266,0.0
lseh-YiLunMing-WenZhaoGuan-1.xml_14,思来想去我的肝肠断，,12193171.080802448,0.0
sdxp-WoHeNi-SiLangTanMu.xml_32,适才叫咱盟誓愿，,12198643.211229756,0.0
sdxp-WoHeNi-SiLangTanMu.xml_13,公主赠我的金鈚箭，,12205815.789291745,0.0
daeh-ZiNaRi-ZhuangYuanMei-2.xml_5,不知道他与我是否一般。,12209686.469580991,0.0
sdxp-WoHeNi-SiLangTanMu.xml_26,你那里休得要巧言舌辨，,12214999.023025252,0.1
lseh-XinZhongYou-WenZhaoGuan.xml_18,寻短（呃）哎见爹娘（呃）。,12225371.40984005,0.0
lsxp-DaHeYi-SiLangTanMu.xml_24,你是番邦什么人？,12229127.162815563,0.0
daeh-ZiNaRi-ZhuangYuanMei-2.xml_9,宋天子主婚姻此事成全。,12240069.421569996,0.0
lsxp-WoZhuYe-ZhuiHanXin.xml_0,我主爷起义在芒砀，,12241360.673790984,0.0
lsxp-CiShiJian-HuaiHeYing-2.xml_0,此时间不可闹笑话，,12254481.662411911,0.0
lseh-XinZhongYou-WenZhaoGuan.xml_7,你就该把我献与昭关。,12287151.983326472,0.0
lsxp-LiangGuoJiao-ShiJieTing-2.xml_0,两国交锋龙虎斗，,12294049.805605577,0.0
daeh-TanHongYan-HuoXiaoYu.xml_4,枕边泪（呀）共（那）阶前雨，,12308986.34286566,0.1
lseh-YiLunMing-WenZhaoGuan-1.xml_33,我本当拔宝剑自寻短见，,12315097.05561151,0.1
sdxp-SuLongWei-WuJiaPo.xml_28,我父在朝为官宦，,12315463.220408086,0.1
lsxp-QingGongYan-FaDongWu.xml_3,又谁知中途两离分。,12318924.57579027,0.0
lsxp-ZheYiFeng-DingJunShan.xml_7,退后的项上吃一刀。,12352738.437928943,0.0
lsxp-DaHeYi-SiLangTanMu.xml_29,众将与爷忙掩（哪）门，,12353271.84849176,0.0
daxp-QiaoLouShang-HuangShanLei.xml_12,数更等交五鼓空房愈冷，,12358420.56690728,0.0
daxp-ErTingDe-SuoLinNang.xml_22,分我一枝珊瑚宝，,12414984.304960225,0.0
sdxp-DangNianHan-SanJiZhang.xml_13,商鞅不中苏季子，,12414984.304960225,0.0
lseh-YiLunMing-ZhuoFangCao-1.xml_11,自有那神灵（啊）天地鉴察。,12423466.112147478,0.2
lseh-NiangZiBu-SouGuJiuGu.xml_4,我与那公孙杵臼把计定，,12430586.700710345,0.1
daeh-ZiNaRi-ZhuangYuanMei-1.xml_5,不知道他与我是否一般。,12437898.799921468,0.0
lseh-YiLunMing-ZhuoFangCao-1.xml_1,陈宫心（呐）中乱如麻，,12448100.49843895,0.0
daxp-ErTingDe-SuoLinNang.xml_10,蠢才问话太潦草，,12448506.350730963,0.0
daxp-FeiShiWo-TaoHuaCun.xml_9,你必须眼观六路耳听八方。,12450768.17277878,0.0
sdxp-WoHeNi-SiLangTanMu.xml_23,咱与你隔南北千里姻缘。,12488448.067121113,0.0
lseh-XinZhongYou-WenZhaoGuan.xml_2,背地里只把东皋公怨，,12507113.279209323,0.0
sdxp-SuLongWei-WuJiaPo.xml_37,欺奴犹如欺了天。,12515074.159469865,0.0
daeh-LiYanFei-DaBaoGuo.xml_5,候幼主成了龙原业归家。,12521529.814720538,0.1
daxp-TingTaYan-ZuoGong.xml_1,十五载到今日才吐真言。,12524085.062229926,0.1
daxp-ErTingDe-SuoLinNang.xml_1,同遇人为什么这样嚎啕。,12530199.29663848,0.0
lsxp-DaHeYi-SiLangTanMu.xml_21,龙行虎步非凡等，,12543335.261265822,0.0
lseh-YiLunMing-ZhuoFangCao-2.xml_11,自有那神灵儿天地鉴察。,12544086.472664766,0.2
sdeh-WenSanNiang-SanNiangJiaoZi.xml_5,实指望教训他终身有靠，,12545852.932581937,0.1
lseh-XiRiLi-BaoLianDeng.xml_7,兄（呃）推弟来两不能够担承。,12548797.99257564,0.0
daeh-ZuoRiGong-TaiZhenWaiChuan.xml_2,思想起从前事心中悔恨，,12568607.442758426,0.0
daeh-ZiNaRi-ZhuangYuanMei-2.xml_11,但愿得杨六郎心如石坚。,12603614.332782418,0.0
lseh-XinZhongYou-WenZhaoGuan.xml_9,不能（呃）哎见。,12633614.084998013,0.0
lsxp-JiangShenEr-SanJiaDian.xml_1,尊一声过往的宾朋听从头：,12643023.451254021,0.0
daxp-FeiShiWo-TaoHuaCun.xml_7,桃花村口莫彷徨。,12678074.893750086,0.0
daeh-ZaoBuXing-HeHouMaDian.xml_4,贼好比王莽贼称孤道寡，,12704859.981086722,0.0
daxp-DangRiLi-SuoLinNang.xml_5,隔帘儿我也曾侧目偷观。,12715799.23466635,0.0
sdxp-SuLongWei-WuJiaPo.xml_9,衙里衙外我打点，,12764463.38377698,0.0
lseh-XuMaoGong-QinQiongFaPei.xml_2,既是为我前来到，,12779459.340541426,0.0
sdxp-SuLongWei-WuJiaPo.xml_14,将银放在地平川。,12797670.632640472,0.0
lsxp-WoBenShi-KongChengJi-2.xml_8,闲无（呃）事在敌楼（呃）我亮一亮琴（呢）音，,12828783.63537605,0.0
lsxp-WeiCengKai-QiYuanBao.xml_6,行至在中途把雨降，,12831210.964219525,0.0
daxp-ChunQiuTing-SuoLinNang.xml_14,莫不是夫郎丑难谐女貌？,12834269.62723296,0.0
daxp-WoDeNiang-XinAnYi.xml_3,却原来母亲到儿未知情。,12837125.336232131,0.0
daeh-TanHongYan-HuoXiaoYu.xml_2,薄幸冤家音信无有，,12848420.558513422,0.0
daxp-ChunQiuTing-SuoLinNang.xml_29,自把珠玉夸富豪，,12850719.957302483,0.1
lseh-WeiKaiYan-RangXuZhou.xml_3,老朽年迈我也不能够担承。,12883859.248818036,0.0
daeh-XiaoNuCai-SanNiangJiaoZi.xml_4,怒气不息在机房闷坐，,12901103.081850762,0.0
daxp-MengTingDe-MuiGuiYingGuaShuai.xml_1,唤起我破天门状志凌云。,12914570.822933482,0.0
daeh-TanHongYan-HuoXiaoYu.xml_5,隔着窗儿点滴不休。,12936177.239625115,0.0
sdxp-DangNianHan-SanJiZhang.xml_9,当年韩信与苏秦，,12956152.68131793,0.0
daxp-ErTingDe-SuoLinNang.xml_30,小小囊儿何足道，,12990565.289250657,0.0
lseh-XiRiLi-BaoLianDeng.xml_3,传口诏命次子即位为君，,13006613.122060446,0.0
lseh-NiangZiBu-SouGuJiuGu.xml_6,舍子搭救忠（呃）良的后，,13021872.650114117,0.0
lseh-NiangZiBu-SouGuJiuGu.xml_2,赵屠二家有仇恨，,13022391.793109963,0.0
daeh-ZiNaRi-ErJinGong.xml_5,竟把我孤儿寡母当做了马牛。,13027290.940118838,0.0
daxp-FeiShiWo-TaoHuaCun.xml_8,你不要高声不要嚷，,13033814.84363191,0.0
lseh-JinZhongXiang-ShangTianTai.xml_3,武仗着姚皇兄保定乾坤。,13036191.15750542,0.0
daxp-TingTaYan-ZuoGong.xml_5,尊一声驸马爷细听咱言。,13052414.746149596,0.0
lsxp-DaHeYi-SiLangTanMu.xml_10,火堪寨上有家门。,13077890.548918428,0.0
lsxp-DaHeYi-SiLangTanMu.xml_3,迈步且把宝帐（呀）进，,13094054.036880855,0.0
daxp-XiShiNv-XiShi.xml_2,只为着守清寒柴门近水，,13106999.696172427,0.0
daxp-TingTaYan-ZuoGong.xml_2,原来是杨家将把名姓改换，,13109310.010013005,0.0
daxp-MengJunZi-ChunQiuPei-2.xml_5,因此上到郊外来捡芦花（呀）。,13112784.390871407,0.0
lsxp-ZouYingLong-DaYanSong.xml_8,上面坐的是有道君，,13119562.931215188,0.0
daxp-ErTingDe-SuoLinNang.xml_5,问那厢因何故痛哭无聊？,13143096.5530388,0.1
lsxp-DaHeYi-SiLangTanMu.xml_9,家住后山磁州郡，,13143269.659434387,0.0
daxp-DiTouLi-NvQiJie.xml_5,与我那三郎把信传。,13146154.195117837,0.1
lsxp-DaHeYi-SiLangTanMu.xml_1,大喝一声（哪）如雷震，,13147347.003756184,0.0
lsxp-DaHeYi-SiLangTanMu.xml_2,杨家将令鬼神惊。,13158663.188475015,0.0
daxp-ChunQiuTing-SuoLinNang.xml_6,此时却又明白了，,13178598.396234613,0.0
lseh-NiangZiBu-SouGuJiuGu.xml_3,三百余口命赴幽冥。,13221511.788063949,0.0
daxp-DangRiLi-SuoLinNang.xml_6,虽然是古青庐以朴为俭，,13224879.11564411,0.0
daxp-SuSanLi-NvQiJie.xml_4,哪一位去往南京转，,13251574.476154577,0.0
daeh-ZaoBuXing-HeHouMaDian.xml_13,你叔王不让位再去骂他。,13254199.630134264,0.0
daeh-ZiNaRi-ErJinGong.xml_4,他那里父女情全然无有，,13261265.800331615,0.1
daxp-FeiShiWo-TaoHuaCun.xml_16,你把我当做诸葛亮，,13271171.681945205,0.0
lsxp-LiangGuoJiao-ShiJieTing-2.xml_4,此一番领（呃）兵去镇守，,13282758.164448932,0.0
lsxp-ZheYiFeng-DingJunShan.xml_0,这一封（呃）书信来得巧，,13291154.636021694,0.0
lseh-YiLunMing-ZhuoFangCao-1.xml_3,悔不该随他人到吕家，,13310018.728141759,0.0
daxp-DangRiLi-SuoLinNang.xml_4,那花轿必定是因陋就简，,13312264.042397745,0.1
lsxp-ZheYiFeng-DingJunShan.xml_2,站立在营门三军叫，,13314963.929130798,0.0
daxp-ChunQiuTing-SuoLinNang.xml_8,亦有饥寒悲怀抱，,13324872.382509757,0.0
daxp-TingTaYan-ZuoGong.xml_6,早晚间休怪我言语怠慢，,13351987.016673515,0.0
lsxp-TingTaYan-ZhuoFangCao-1.xml_0,听他言听得我心（呐）惊胆怕，,13387929.352234442,0.0
lsxp-TingTaYan-ZhuoFangCao-2.xml_0,听他言吓得我心（呐）惊胆怕，,13387929.352234442,0.0
lsxp-ZuoRiLi-YuanMenZhanZi.xml_0,昨日里斩八将头挂营外，,13394823.82689693,0.1
lsxp-WeiCengKai-QiYuanBao.xml_9,望求太爷与我作主张（啊）。,13407095.298241695,0.0
lsxp-DaHeYi-SiLangTanMu.xml_26,要见本帅为何情？,13418911.535688771,0.0
lseh-WeiGuoJia-HongYangDong-3.xml_1,我也曾平服了塞北西东。,13425271.258134143,0.0
daeh-WuDuanQiao-BiYuZan.xml_6,一心早想寻短见，,13426664.16060311,0.0
lsxp-LiangGuoJiao-ShiJieTing-1.xml_2,管待三（哪）军要宽厚，,13456878.94862454,0.0
daxp-MengJunZi-ChunQiuPei-2.xml_4,身有病还受那继母拷打，,13494314.980385628,0.3
lseh-YangYanZhao-PengBei.xml_1,在中途得一信甚是不明。,13498877.438957969,0.0
sdxp-WoHeNi-SiLangTanMu.xml_11,公主虽然不阻拦，,13526436.82982823,0.0
daxp-DangRiLi-SuoLinNang.xml_18,还有那夜明珠粒粒成串，,13544813.990990277,0.1
daxp-ErTingDe-SuoLinNang.xml_25,莫把姓名你信口哓。,13553563.403487248,0.0
lsxp-WoZhuYe-ZhuiHanXin.xml_8,一路上秋毫无犯军威壮，,13580413.058058962,0.0
lsxp-WoZhuYe-ZhuiHanXin.xml_11,反将我主贬汉王。,13582189.276229423,0.0
daxp-TingTaYan-ZuoGong.xml_4,我这里走向前再把礼见，,13597335.260768976,0.0
daxp-ChunQiuTing-SuoLinNang.xml_27,莫把姓名你信口晓，,13610114.348604236,0.0
lsxp-WeiCengKai-QiYuanBao.xml_7,借宿一宵起祸殃。,13659013.733583858,0.0
lsxp-JiangShenEr-SanJiaDian.xml_11,儿行千里母担忧。,13672495.665199997,0.0
lseh-YiLunMing-WenZhaoGuan-1.xml_18,背地里只把东皋公怨，,13687976.764110576,0.0
lsxp-JianMaSu-ZhanMaSu.xml_3,失去了街亭差不差。,13712097.318860695,0.0
lseh-XinZhongYou-WenZhaoGuan.xml_12,越思越想好伤惨，,13716704.146671044,0.0
lseh-YiLunMing-ZhuoFangCao-2.xml_9,年迈老丈命染黄沙。,13739480.457834514,0.1
sdxp-WoHeNi-SiLangTanMu.xml_5,非是我这几日愁眉不展，,13741695.187190313,0.1
daxp-MuQinBu-FengHuanChao.xml_3,女儿清白最为先。,13745321.256403938,0.0
lseh-NiangZiBu-SouGuJiuGu.xml_7,老天爷不绝我的后代根。,13746945.971265923,0.0
lsxp-CiShiJian-HuaiHeYing-1.xml_6,三人同把那鬼门关上踏，,13754298.830967812,0.1
lsxp-LiangGuoJiao-ShiJieTing-1.xml_0,两国交（哇）锋龙虎斗，,13758403.772012508,0.0
daeh-ZiNaRi-ZhuangYuanMei-2.xml_6,百姓们闺房乐如花美眷，,13771968.102466695,0.0
daxp-MuQinBu-FengHuanChao.xml_4,人生不知顾脸面，,13788952.42351523,0.0
daxp-MengTingDe-MuiGuiYingGuaShuai.xml_0,猛听得金鼓响画角声震，,13808486.527289197,0.0
sdxp-WoHeNi-SiLangTanMu.xml_15,宋营（哪）虽然路途远，,13814342.433897706,0.0
daxp-DiTouLi-NvQiJie.xml_3,过往的君子听我言。,13863400.000022994,0.0
lsxp-JianMaSu-ZhanMaSu.xml_1,不由老夫咬钢牙，,13886680.884731295,0.0
daxp-ErTingDe-SuoLinNang.xml_29,积德才生玉树苗。,13889195.899494845,0.0
daeh-ZaoBuXing-HeHouMaDian.xml_2,把一个皇太子逼死殿下，,13890300.25204793,0.0
daxp-ChunQiuTing-SuoLinNang.xml_32,小小囊儿何足道，,13895631.401546445,0.0
sdxp-WoHeNi-SiLangTanMu.xml_14,见母一面即刻还。,13934762.11938509,0.0
daxp-ChunQiuTing-SuoLinNang.xml_20,人情冷暖凭天造，,13947414.624910621,0.0
daxp-SuSanLi-NvQiJie.xml_3,过往的君子听我言。,13955036.911343103,0.0
lsxp-CiShiJian-HuaiHeYing-1.xml_5,右手再把栾布拉。,13966559.390951794,0.0
daeh-ZiNaRi-ZhuangYuanMei-1.xml_6,百姓们闺房乐如花美眷，,14016129.33558617,0.0
lsxp-CiShiJian-HuaiHeYing-1.xml_2,在长安是你夸大话，,14021490.536024543,0.0
lsxp-CiShiJian-HuaiHeYing-2.xml_4,左手拉住了李左车，,14039437.163127821,0.0
lseh-YiLunMing-WenZhaoGuan-1.xml_20,若是真心来救我，,14076901.775112806,0.0
lseh-XinZhongYou-WenZhaoGuan.xml_4,若是真心来救我，,14076901.775112806,0.0
lseh-YiLunMing-WenZhaoGuan-1.xml_25,不能（哪）哎见爹娘（兀）！,14082630.634018078,0.0
lsxp-YiShiWu-YuCangJian.xml_1,叹光明一去不回还（呐）；,14085137.014660308,0.0
sdxp-SuLongWei-WuJiaPo.xml_38,西凉的鞑子将你斩，,14089329.6555515,0.0
sdxp-SuLongWei-WuJiaPo.xml_35,打板子、上夹棍、丢南牢、坐监禁、管叫你思前容易退后难。,14102852.174954997,0.0
sdxp-SuLongWei-WuJiaPo.xml_8,为军哪怕到官前。,14110700.836013718,0.0
daeh-ZaoBuXing-HeHouMaDian.xml_1,贼昏王篡了位谋乱邦家。,14148603.579647636,0.0
lseh-YiLunMing-ZhuoFangSuDian.xml_1,陈宫心（呐）中乱如麻，,14175758.694370618,0.0
sdxp-SuLongWei-WuJiaPo.xml_24,提起了旁人我不晓，,14181766.819789661,0.0
lseh-XinZhongYou-WenZhaoGuan.xml_15,到如今夜宿在荒村院，,14189016.950915836,0.0
lseh-YiLunMing-WenZhaoGuan-1.xml_31,到如今夜宿在荒村院，,14189016.950915836,0.0
daeh-ZiNaRi-ZhuangYuanMei-2.xml_0,自那日与六郎阵前相见，,14203057.693703528,0.3
lseh-ZiNaRi-HongYangDong.xml_4,二次（喏）里命孟良番营来进，,14203064.168555662,0.0
daxp-SuSanLi-NvQiJie.xml_5,与我那三郎把信传。,14251435.658160998,0.1
daeh-NaRiFeng-YuanXiaoMi.xml_2,舅父前来出主意，,14254260.752875902,0.0
lsxp-WoBenShi-KongChengJi-1.xml_8,闲无哇事在敌楼哇我亮（呃）一亮琴哪音，,14265333.56829829,0.0
daeh-WangChunE-SanNiangJiaoZi.xml_2,春娥女好一此失群孤雁，,14281881.814476367,0.0
daxp-ChunQiuTing-SuoLinNang.xml_13,同遇人为什么这样嚎啕？,14299206.884296263,0.0
lseh-YiLunMing-WenZhaoGuan-1.xml_7,夜夜何曾得安眠。,14343320.940196285,0.0
lseh-YiLunMing-WenZhaoGuan-2.xml_7,夜夜何曾得安眠。,14343320.940196285,0.0
lsxp-CiShiJian-HuaiHeYing-2.xml_5,右手再把栾布拉，,14379229.422548717,0.0
lsxp-CiShiJian-HuaiHeYing-1.xml_7,（啊）生死二字（喏）且由他。,14389965.698661849,0.0
sdxp-DangNianHan-SanJiZhang.xml_12,登台拜帅天下闻。,14392778.452439865,0.0
daxp-ChunQiuTing-SuoLinNang.xml_30,麟儿那有神送到，,14406001.175880827,0.1
lseh-ZiNaRi-HongYangDong.xml_7,去了我左右膀难以飞行。,14411528.232151754,0.0
daeh-ZiNaRi-ErJinGong.xml_0,自那日与徐杨决裂以后，,14446765.738300798,0.3
lsxp-DaHeYi-SiLangTanMu.xml_5,弟兄们分别十五春，,14456456.562009102,0.0
sdxp-WoHeNi-SiLangTanMu.xml_9,我有心回宋营见母一面，,14458154.12135897,0.0
lsxp-ZuoRiLi-YuanMenZhanZi.xml_4,叫焦赞将宝剑悬挂帐外，,14460919.889287192,0.0
daxp-ChunQiuTing-SuoLinNang.xml_7,世上何尝尽富豪，,14468114.712212527,0.0
lsxp-YiZhuangZhuang-QunYingHui.xml_0,一桩桩一件件倶已办就，,14486422.056280527,0.0
daxp-DiTouLi-NvQiJie.xml_2,未曾开言我心好惨，,14603958.880651783,0.0
daeh-LiYanFei-DaBaoGuo.xml_6,写文约我且把玉玺打下，,14610404.070843285,0.0
lsxp-YiShiWu-YuCangJian.xml_2,日月轮流催晓（哇）箭，,14610967.499700617,0.1
daxp-LaoDieDie-DaYuShaJia-1.xml_2,将身儿坐至在草堂等候，,14630779.3270628,0.1
sdxp-WoHeNi-SiLangTanMu.xml_16,快马加鞭我一夜还。,14635156.012613976,0.0
lsxp-DaHeYi-SiLangTanMu.xml_15,六弟下位把兄认，,14635650.307523005,0.0
sdxp-WoHeNi-SiLangTanMu.xml_30,宋营离此路途远，,14661220.439655751,0.0
lsxp-CiShiJian-HuaiHeYing-2.xml_2,在长安是你夸大话，,14670379.25781545,0.0
lsxp-ZouYingLong-DaYanSong.xml_11,我本当金（哪）殿奏一本怎奈我官卑职小不能够参大臣。,14678515.543921793,0.0
lsxp-WoBenShi-KongChengJi-2.xml_2,先帝（呀）爷下南阳（呃）御驾三（呃）请，,14708949.449055584,0.0
daeh-ZiNaRi-ZhuangYuanMei-1.xml_8,幸喜得珍珠衫称心如愿，,14710122.613301285,0.0
lseh-XinZhongYou-WenZhaoGuan.xml_6,贪图富贵来害我，,14719085.076999344,0.0
daxp-TingTaYan-ZuoGong.xml_0,听他言吓得我浑身是汗，,14722608.72492104,0.1
daeh-ZiNaRi-ErJinGong.xml_12,有一句话儿不好言讲，,14764115.122180229,0.0
daxp-QiaoLouShang-HuangShanLei.xml_14,我不免唤琏儿到街前探问，,14789580.561339635,0.0
sdxp-DangNianHan-SanJiZhang.xml_19,非是女儿言不逊，,14791605.128842158,0.0
lsxp-WoBenShi-KongChengJi-2.xml_0,我本是卧龙岗散淡（呐）的人，,14809347.580685178,0.0
lsxp-WoBenShi-KongChengJi-2.xml_7,我诸葛怎比得前辈（呃）的先（呃）生。,14830305.551545877,0.0
sdeh-WenSanNiang-SanNiangJiaoZi.xml_3,老薛保你不必苦哀告，,14840289.214780757,0.0
daxp-MengTingDe-MuiGuiYingGuaShuai.xml_6,番王小丑何足论，,14847439.080292314,0.0
daxp-ChunQiuTing-SuoLinNang.xml_16,叫梅香你把那好言相告，,14852390.276403658,0.1
daxp-MengTingDe-MuiGuiYingGuaShuai.xml_4,有生之日责当尽，,14854231.837993462,0.1
lseh-WeiGuoJia-HongYangDong-2.xml_1,我也曾平服了塞北西东。,14862706.811760306,0.0
lsxp-WeiCengKai-QiYuanBao.xml_4,奉母命京城往，,14887504.918646999,0.0
lsxp-JianMaSu-ZhanMaSu.xml_0,见马谡（唩）跪帐下，,14900192.870733798,0.0
lsxp-DaHeYi-SiLangTanMu.xml_4,上面（哪）坐的同胞人。,14900707.448505685,0.0
daeh-ZiNaRi-ZhuangYuanMei-1.xml_0,自那日与六郎姻缘相见，,14958187.425650988,0.3
lsxp-JiangShenEr-SanJiaDian.xml_8,实难舍街坊四邻与我的好朋友，,14984970.287323928,0.0
lsxp-ZouYingLong-DaYanSong.xml_3,偶遇见小小的顽童放悲声，,15026838.048913088,0.0
lsxp-WoZhuYe-ZhuiHanXin.xml_7,一路上得遇陆贾、郦生与张良。,15033894.910789873,0.0
lseh-YiLunMing-WenZhaoGuan-1.xml_22,贪图富贵来害我，,15044294.847916137,0.0
lseh-YiLunMing-WenZhaoGuan-1.xml_3,谁知昭关有阻拦。,15049295.642945666,0.0
daxp-DangRiLi-SuoLinNang.xml_12,那时节奴妆奁不下百万，,15076597.117703967,0.1
daxp-FeiShiWo-TaoHuaCun.xml_12,响一声你就还一掌，,15096362.113850802,0.0
lsxp-ZouYingLong-DaYanSong.xml_12,罢、罢、罢，暂且忍却我的心头恨，,15105046.861731227,0.1
lseh-YiLunMing-ZhuoFangCao-1.xml_25,险些儿把事（喏）又（哇）作差。,15109293.445565354,0.0
lseh-YiLunMing-WenZhaoGuan-2.xml_3,谁知昭关有阻拦。,15124126.515374064,0.0
lsxp-DaHeYi-SiLangTanMu.xml_27,听罢言来才知情，,15128483.163717015,0.1
daxp-SuSanLi-NvQiJie.xml_1,将身来在大街前。,15140659.374803014,0.1
lseh-ZiNaRi-HongYangDong.xml_3,那乃是萧天佐以（呀）假成真；,15168727.5991158,0.1
lsxp-DaHeYi-SiLangTanMu.xml_31,走上前来忙松捆，,15172169.326582707,0.0
daxp-ErTingDe-SuoLinNang.xml_14,休要噪且站了，,15198686.79032156,0.0
lseh-YiLunMing-ZhuoFangCao-1.xml_21,贼好比猛虎未（呀）曾长牙，,15216781.043663599,0.0
lsxp-ZuoRiLi-YuanMenZhanZi.xml_1,老娘亲为什么不讲情来？,15266603.244582795,0.0
lseh-YiLunMing-WenZhaoGuan-1.xml_10,我好（哇）比哀哀长空雁，,15308610.729619367,0.0
lsxp-WoZhuYe-ZhuiHanXin.xml_1,拔剑斩蛇天下扬。,15322713.95519373,0.0
lseh-XiRiLi-BaoLianDeng.xml_14,打死了别家子父能作主，,15331015.250791594,0.0
sdxp-SuLongWei-WuJiaPo.xml_16,送与大嫂把家安。,15393732.38558778,0.0
sdxp-WoHeNi-SiLangTanMu.xml_3,杨廷辉有一日愁眉得展，,15397224.483076459,0.1
daxp-FeiShiWo-TaoHuaCun.xml_14,倘若是你响她也响，,15410732.203545263,0.0
daxp-DiTouLi-NvQiJie.xml_0,低头离了洪洞县，,15468603.294453634,0.0
sdxp-SuLongWei-WuJiaPo.xml_21,为军起下不良的意呀，,15503417.273433486,0.0
daxp-DangRiLi-SuoLinNang.xml_20,这囊儿虽非是千古罕见，,15518997.78239443,0.0
daxp-LaoDieDie-DaYuShaJia-2.xml_2,将身儿坐至在草堂等候，,15536152.12294654,0.1
daxp-ErTingDe-SuoLinNang.xml_4,叫梅香你把那好言相告，,15536516.961047634,0.1
lseh-XuMaoGong-QinQiongFaPei.xml_3,缘何不救我出笼牢。,15565835.734263789,0.0
sdxp-WoHeNi-SiLangTanMu.xml_4,誓不忘贤公主恩重如山。,15582266.296153441,0.1
lsxp-YiShiWu-YuCangJian.xml_0,一事无成两鬓斑，,15584194.152757032,0.0
sdxp-SuLongWei-WuJiaPo.xml_11,好一个贞节王宝钏，,15606602.496439548,0.0
lseh-YiLunMing-ZhuoFangSuDian.xml_3,悔不该随他人到吕家。,15641667.390898371,0.0
lseh-YiLunMing-WenZhaoGuan-1.xml_28,越思越想好伤惨，,15669903.965425473,0.0
lseh-YiLunMing-ZhuoFangCao-2.xml_5,杀猪沽酒款待与他。,15681947.995580556,0.0
sdxp-WoHeNi-SiLangTanMu.xml_29,怕你一去就不回还。,15690608.024742514,0.0
dldeh-ShouBiPo-ChunQiuPei.xml_7,全（呐）不顾你身有病气力不佳。,15719956.841182576,0.2
lsxp-DaHeYi-SiLangTanMu.xml_20,见一番汉帐中行。,15749564.060123712,0.0
lseh-YiLunMing-WenZhaoGuan-2.xml_12,我好（呃）比鱼儿吞了钩线，,15764127.749088999,0.0
lseh-YiLunMing-ZhuoFangCao-1.xml_23,我岂肯放虎归山又（哇）把人抓。,15785275.483874997,0.1
daeh-ZiNaRi-ZhuangYuanMei-1.xml_12,但愿得状元媒月老引线，,15795954.5181112,0.0
lseh-YangYanZhao-PengBei.xml_3,又只见老爹爹瞌睡沉沉。,15816796.335597944,0.0
lsxp-WoZhuYe-ZhuiHanXin.xml_4,先进咸阳为皇上，,15850178.975363733,0.0
lsxp-WeiCengKai-QiYuanBao.xml_3,姓刘名安字世昌。,15882611.027929647,0.0
sdxp-SuLongWei-WuJiaPo.xml_25,苏龙魏虎是内亲。,15896573.221390393,0.0
daxp-LaoDieDie-YuZhouFeng.xml_5,却为何贪富贵不顾羞惭。,15905067.368467452,0.0
daxp-ChenSanLiang-ChenSanLiangPaTang.xml_4,诗书易礼都学会，,15915583.110970153,0.0
lseh-NiangZiBu-SouGuJiuGu.xml_8,你今舍了亲生子，,15974361.072085597,0.0
sdxp-DangNianHan-SanJiZhang.xml_15,未央宫斩的是韩信，,16007898.130505133,0.0
lsxp-ZheYiFeng-DingJunShan.xml_3,大小儿郎听根苗，,16045748.283670267,0.0
lsxp-WeiCengKai-QiYuanBao.xml_1,尊一声太爷听端详。,16067793.369467743,0.0
lsxp-WoBenShi-KongChengJi-1.xml_0,我本是卧龙岗散淡哪的人，,16068197.109022055,0.0
daxp-ErTingDe-SuoLinNang.xml_11,难免怀疑在心梢。,16087965.388876528,0.0
lseh-YiLunMing-ZhuoFangCao-1.xml_20,贼好比蛟龙未生鳞甲，,16159765.13213498,0.0
lsxp-WoBenShi-KongChengJi-2.xml_6,周文王访姜尚周室大振，,16201129.609101664,0.0
sdxp-SuLongWei-WuJiaPo.xml_40,这锭银子奴不要，,16202304.09659759,0.0
sdxp-SuLongWei-WuJiaPo.xml_32,我进相府对父言，,16202304.09659759,0.0
daxp-ErTingDe-SuoLinNang.xml_19,谁能移动它半分毫。,16219618.707321502,0.0
lsxp-WoBenShi-KongChengJi-1.xml_2,先帝呀爷下南阳御呀驾三请，,16231611.83243593,0.0
lseh-YiLunMing-WenZhaoGuan-1.xml_12,我好（哇）比鱼儿吞了钩线，,16272210.594225215,0.0
daxp-FeiShiWo-TaoHuaCun.xml_5,怎能够粗心大意你再荒唐。,16280595.309498798,0.0
lsxp-WeiCengKai-QiYuanBao.xml_0,未曾开言泪汪汪，,16297003.386875838,0.0
lsxp-WoBenShi-KongChengJi-1.xml_3,算就了汉家的业鼎足哇三分。,16305305.26859163,0.0
lseh-YiLunMing-ZhuoFangCao-1.xml_19,安眠好似并底之蛙，,16405366.099098768,0.0
sdxp-SuLongWei-WuJiaPo.xml_15,这锭银、三两三，,16415845.908217385,0.0
daxp-QiaoLouShang-HuangShanLei.xml_10,我不免引寒机伴奴坐等，,16450192.099765375,0.0
lsxp-WoZhuYe-ZhuiHanXin.xml_15,扬尘舞蹈见大王。,16622898.814215519,0.0
lsxp-WeiCengKai-QiYuanBao.xml_5,贩卖绸缎转还乡。,16726741.08055105,0.0
daeh-SunShangXiang-BieHuangGong.xml_8,恨只恨我兄长把事错办，,16779783.30359432,0.0
lseh-XiRiLi-BaoLianDeng.xml_5,那伯夷尊父命也不能应承，,16790795.316825673,0.1
lseh-TuZeiZuo-SouGuJiuGu.xml_1,诬杀赵家一满门。,16794285.161102507,0.0
daxp-ChunQiuTing-SuoLinNang.xml_21,谁能移动他半分毫。,16814949.06966216,0.0
daeh-WuDuanQiao-BiYuZan.xml_4,今生若被郎轻贱，,16851534.485684857,0.0
lseh-XinZhongYou-WenZhaoGuan.xml_8,哭一声爹娘不能相见，,16866857.885876104,0.0
lsxp-HenPingWang-WenZhaoGuan.xml_0,恨平王无道乱楚宫（兀），,16867058.32843178,0.0
lsxp-DaHeYi-SiLangTanMu.xml_19,本帅帐中用目睁，,16894018.876789864,0.0
lseh-JinZhongXiang-ShangTianTai.xml_5,又听得殿角下大放悲声。,16919664.418704372,0.0
lsxp-WeiCengKai-QiYuanBao.xml_8,赵大夫妻图财害命害我一命亡，,16965936.472226083,0.0
sdxp-WoHeNi-SiLangTanMu.xml_27,你要见高堂母我不阻拦。,16970819.621688403,0.0
daxp-SuSanLi-NvQiJie.xml_0,苏三离了洪洞县，,17003079.465218827,0.0
sdxp-DangNianHan-SanJiZhang.xml_17,仙女配的是董永，,17003079.465218827,0.0
daxp-SuSanLi-NvQiJie.xml_2,未曾开言心内惨，,17011183.76224291,0.0
daxp-MuQinBu-FengHuanChao.xml_2,自古常言道得好，,17012000.378268424,0.1
daxp-MuQinBu-FengHuanChao.xml_0,母亲不必心太偏，,17052126.089993924,0.0
sdxp-SuLongWei-WuJiaPo.xml_34,将你带到官衙内，,17095506.599870194,0.0
lseh-XinZhongYou-WenZhaoGuan.xml_5,为何几日他不言，,17161341.882747665,0.1
lseh-WeiGuoJia-HongYangDong-1.xml_1,我也曾平服了塞北西东。,17218203.86472534,0.0
daeh-ZiNaRi-ZhuangYuanMei-2.xml_12,但愿得状元媒月老引线，,17222189.852974057,0.0
sdxp-SuLongWei-WuJiaPo.xml_36,军爷说话理不端，,17224296.744128905,0.0
lsxp-ZouYingLong-DaYanSong.xml_0,忽听得万岁宣应龙，,17253134.669945907,0.0
sdxp-SuLongWei-WuJiaPo.xml_42,买绫罗、做衣衫、买白纸、糊白幡、打首饰、做妆奁，,17338150.74603401,0.0
daeh-TanHongYan-HuoXiaoYu.xml_0,叹红颜薄命前生就，,17338670.593513854,0.0
lsxp-JiangShenEr-SanJiaDian.xml_7,舍不得衙役们众班头。,17355234.931914896,0.0
lseh-YiLunMing-ZhuoFangCao-2.xml_8,一家人倶丧在宝剑之下，,17375455.146642186,0.0
lseh-YiLunMing-WenZhaoGuan-1.xml_24,哭一声爹娘不能相见，,17378742.698158916,0.0
daxp-WoZhuYe-SiLangTanMu.xml_1,众文武扶哀家执掌军房。,17410158.29066063,0.0
lsxp-JiangShenEr-SanJiaDian.xml_13,娘想儿来泪双流。,17537713.444618724,0.0
lsxp-WoBenShi-KongChengJi-1.xml_7,俺诸（喏）葛怎比得前辈呀的先哪生。,17548946.8222102,0.0
daeh-ZiNaRi-ZhuangYuanMei-1.xml_2,在潼台被贼擒在命好险，,17563044.909856368,0.0
daeh-ZiNaRi-ZhuangYuanMei-1.xml_15,愿天下从此后国泰民安。,17619835.476836577,0.0
lsxp-TingTaYan-ZhuoFangCao-2.xml_1,背转身自埋怨我自（呃）已做差。,17651242.574771535,0.2
lsxp-TingTaYan-ZhuoFangCao-1.xml_1,背转身只埋怨我自（呃）己作差，,17651242.574771535,0.2
lseh-YiLunMing-ZhuoFangCao-1.xml_24,执宝剑将贼的（呀）头割下，,17728306.353755552,0.0
sdeh-WenSanNiang-SanNiangJiaoZi.xml_4,背转身来哭嚎啕。,17752973.475262012,0.1
daeh-ZiNaRi-ZhuangYuanMei-2.xml_2,在潼台被贼擒性命好险，,17777000.556481544,0.0
daxp-ErTingDe-SuoLinNang.xml_8,怜贫济困是正道，,17805415.04179643,0.0
daxp-MuQinBu-FengHuanChao.xml_1,女儿言来听根源。,17822394.54445774,0.0
lseh-YiLunMing-WenZhaoGuan-2.xml_10,我好（呃）比哀哀长空雁，,17827671.908687398,0.0
lseh-YiLunMing-WenZhaoGuan-1.xml_8,俺伍员好一似丧家犬，,17836749.59414742,0.0
daxp-DiTouLi-NvQiJie.xml_1,将身来在大街前。,17882098.478893023,0.1
lseh-XinZhongYou-WenZhaoGuan.xml_13,想当初在朝为官宦，,17941385.213368937,0.1
lseh-YiLunMing-WenZhaoGuan-1.xml_29,想当初在朝为官宦，,17941385.213368937,0.1
daeh-ZiNaRi-ZhuangYuanMei-2.xml_14,愿天下有情人都成姻眷，,17958694.816820636,0.0
daeh-NaRiFeng-YuanXiaoMi.xml_5,那厢流泪这厢啼。,17969978.51281052,0.1
lsxp-JiangShenEr-SanJiaDian.xml_9,舍不得老娘（呃）白了头。,18022810.590052426,0.0
daxp-LaoDieDie-SanJiZhang-2.xml_2,父道那薛平贵是那化郎模样，,18032457.452462975,0.1
lseh-WeiKaiYan-RangXuZhou.xml_4,望使君放开怀慨然（呐）应（呐）允，,18036893.34595495,0.0
daeh-NaRiFeng-YuanXiaoMi.xml_4,母女隔断三千里，,18046423.197979964,0.0
lsxp-DaHeYi-SiLangTanMu.xml_23,本帅开言把他问，,18055443.585700978,0.0
daxp-ErTingDe-SuoLinNang.xml_18,人情冷暖凭空造，,18088021.71155627,0.0
lseh-XiRiLi-BaoLianDeng.xml_11,留得美名万古存，,18114346.65517,0.0
lseh-YiLunMing-ZhuoFangCao-2.xml_2,悔不该心猿并意马，,18133842.416971933,0.0
daxp-ChunQiuTing-SuoLinNang.xml_2,在隔帘只见这一花轿，,18177461.05765229,0.0
sdxp-DangNianHan-SanJiZhang.xml_11,淮阴漂母救韩信，,18200407.05431332,0.0
lsxp-WeiCengKai-QiYuanBao.xml_2,家住在南阳太平庄，,18240913.42930836,0.0
lseh-YangYanZhao-PengBei.xml_5,又恐怕惊动了年迈之人。,18257455.957269654,0.0
daeh-ZiNaRi-ZhuangYuanMei-2.xml_15,愿邦家从此后国泰民安。,18325846.393564805,0.0
lseh-YiLunMing-WenZhaoGuan-1.xml_21,为何几日他不言。,18385315.796028413,0.1
daeh-ZaoBuXing-HeHouMaDian.xml_6,贼好比秦赵高指鹿为马，,18401768.113082808,0.0
lsxp-WoBenShi-KongChengJi-1.xml_6,周文王访姜尚周室大振，,18480316.910341438,0.0
lseh-XiRiLi-BaoLianDeng.xml_10,首阳山前冻饿死（喏）。,18602797.798785616,0.0
daxp-FeiShiWo-TaoHuaCun.xml_13,响两声你就凑近身旁。,18674499.877806664,0.1
lseh-YiLunMing-ZhuoFangCao-2.xml_6,又谁知此贼的疑心太大，,18697636.049780156,0.0
lsxp-ZouYingLong-DaYanSong.xml_4,我问顽童啼哭因何故，,18829125.97898319,0.0
lseh-YiLunMing-ZhuoFangSuDian.xml_6,又谁知此贼的疑心（呐）太（呀）大，,18843873.785990387,0.0
lsxp-JiangShenEr-SanJiaDian.xml_3,二不是歹人（呐）把城偷。,18908900.985545572,0.0
daxp-XiRiLi-LongFengChengXiang.xml_4,月老本是乔国丈，,18911211.254268587,0.0
lseh-YiLunMing-ZhuoFangSuDian.xml_9,年迈的老丈命（呐）染黄沙。,18945759.084343746,0.1
lseh-YiLunMing-ZhuoFangCao-2.xml_7,拔出剑将他的满门杀。,19029868.641538702,0.0
lsxp-WoZhuYe-ZhuiHanXin.xml_12,今日里萧何荐良将，,19167670.469053563,0.1
daxp-ErTingDe-SuoLinNang.xml_12,你不该人前逞骄傲，,19191100.309164554,0.0
lsxp-ZouYingLong-DaYanSong.xml_5,他言道严嵩老贼害他的举家一满门。,19242980.328877952,0.0
daxp-ChunQiuTing-SuoLinNang.xml_4,吉日良辰当欢笑，,19326322.94762711,0.1
daxp-ChenSanLiang-ChenSanLiangPaTang.xml_0,陈三两在大堂把话云，,19349067.139171857,0.0
lseh-ZiNaRi-HongYangDong.xml_6,老军报他二人在洪洋（呃）洞丧（呃）命，,19351224.592983313,0.0
lsxp-DaHeYi-SiLangTanMu.xml_13,十五年前沙滩会，,19434713.164015103,0.0
lseh-YiLunMing-ZhuoFangCao-1.xml_8,一家人倶丧在宝剑之（喏）下，,19473049.76960921,0.0
lsxp-WoBenShi-KongChengJi-2.xml_3,算就了汉家的业鼎足（呃）三分。,19484024.668294795,0.0
daxp-FeiShiWo-TaoHuaCun.xml_6,鼓打二更准时往，,19640459.780523505,0.0
daxp-ErTingDe-SuoLinNang.xml_6,梅香说话好颠倒，,19666190.766457126,0.0
lseh-XiRiLi-BaoLianDeng.xml_4,那叔齐分长幼不能担任，,19703392.959368937,0.1
sdxp-WoHeNi-SiLangTanMu.xml_8,我的娘押粮草来到北番。,19714669.285267487,0.0
sdxp-WoHeNi-SiLangTanMu.xml_28,有心赠你金鈚箭，,19758902.515644174,0.0
lsxp-JiangShenEr-SanJiaDian.xml_14,眼见得红日坠落在西山后，,19802931.75865823,0.1
lsxp-CiShiJian-HuaiHeYing-2.xml_3,为什么事到如今耍奸滑？,19823163.794935018,0.0
lsxp-CiShiJian-HuaiHeYing-1.xml_3,为什么事到如今耍奸滑。,19935545.83449243,0.0
daeh-ZiNaRi-ZhuangYuanMei-1.xml_14,愿天下有情人都成姻眷，,20025304.88414979,0.0
lsxp-ZhangGongDao-ZhuangYuanPu.xml_3,为儿（喏）女我也曾补路修桥。,20083570.889774468,0.0
lseh-XinZhongYou-WenZhaoGuan.xml_17,我本当拔宝剑自寻短见，,20139005.006121192,0.1
sdxp-SuLongWei-WuJiaPo.xml_19,是烈女就该在家院，,20198127.28032076,0.0
lseh-YiLunMing-ZhuoFangSuDian.xml_10,屈死的怨鬼魂休要怨（呐）咱，,20202842.410395354,0.0
lseh-YiLunMing-WenZhaoGuan-2.xml_6,一连几天我的眉不（呃）展，,20317008.662395082,0.0
lseh-YiLunMing-ZhuoFangCao-1.xml_15,悔不该弃县今抛却了乌（哇）纱，,20337065.0248821,0.0
sdxp-SuLongWei-WuJiaPo.xml_26,你我同把相府进，,20397843.83599089,0.0
lsxp-ZouYingLong-DaYanSong.xml_10,他本是我朝中上欺天子下压臣谋朝篡位卖国的奸贼他名叫严嵩，,20398265.987975553,0.1
lseh-YiLunMing-ZhuoFangCao-1.xml_6,又谁知此贼的疑心（呐）太（呀）大，,20535341.541836265,0.0
lseh-YiLunMing-WenZhaoGuan-1.xml_6,一连几天我的眉不（哇）展，,20585256.905651264,0.0
lseh-XiRiLi-BaoLianDeng.xml_9,那叔齐逃出了后宰门，,20627138.966845293,0.1
lseh-LaoZhangBu-WuPenJi.xml_1,我有言来你是（喏）听。,20729221.704826202,0.0
daxp-MengTingDe-MuiGuiYingGuaShuai.xml_2,想当年桃花马上威风凛凛，,20764419.27240373,0.0
lseh-XinZhongYou-WenZhaoGuan.xml_3,叫人难解巧机关。,20796538.10330818,0.0
lsxp-ZouYingLong-DaYanSong.xml_7,站立在殿角用目来观定，,20925855.850330707,0.0
lsxp-YiShiWu-YuCangJian.xml_9,行至在昭关有阻拦。,20963349.601685688,0.0
lseh-YiLunMing-WenZhaoGuan-2.xml_8,俺伍员好一似丧家犬，,20965836.96830011,0.0
sdxp-SuLongWei-WuJiaPo.xml_7,大嫂说话礼不端，,21057343.689290956,0.0
lseh-XiRiLi-BaoLianDeng.xml_12,为父的怎比得孤竹君，,21082615.08680634,0.0
lseh-YiLunMing-ZhuoFangCao-1.xml_9,年迈的老丈命（呐）染黄沙。,21174693.61953872,0.1
lseh-YiLunMing-ZhuoFangCao-2.xml_10,屈死的冤鬼魂休要怨咱，,21270780.490174983,0.0
daxp-ErTingDe-SuoLinNang.xml_13,不该词费又滔滔。,21271294.423425827,0.0
lseh-YiLunMing-WenZhaoGuan-1.xml_19,叫人难解巧机关，,21298169.38074519,0.0
lseh-XiRiLi-BaoLianDeng.xml_6,弟让兄来兄不能应（呐）允，,21332225.087637015,0.0
lsxp-ZheYiFeng-DingJunShan.xml_1,天助黄忠成功劳。,21516771.640059322,0.0
lseh-YiLunMing-ZhuoFangSuDian.xml_7,拔出剑将他的满门杀，,21613467.88352704,0.0
lseh-YiLunMing-ZhuoFangSuDian.xml_5,杀猪（喏）沽酒款待与他，,21921233.1991163,0.0
lseh-XiRiLi-BaoLianDeng.xml_8,那伯夷出午门无（哇）有踪（呃）影，,21945307.059174158,0.1
daxp-SuSanLi-NvQiJie.xml_6,言说苏三把命断，,21999314.947401512,0.0
lsxp-WoZhuYe-ZhuiHanXin.xml_3,两路分（呐）兵定咸阳。,22144895.209747188,0.0
lsxp-ZuoRiLi-YuanMenZhanZi.xml_3,哭啼啼坐宝帐所为何来。,22161794.966093887,0.0
lseh-YiLunMing-ZhuoFangCao-1.xml_7,拔出剑将他的满门杀，,22209826.07179669,0.0
daxp-ErTingDe-SuoLinNang.xml_26,这都是神话凭空造，,22236779.9121183,0.0
daxp-ChunQiuTing-SuoLinNang.xml_28,这都是神话凭空造，,22242396.80185569,0.0
lseh-YiLunMing-ZhuoFangSuDian.xml_4,吕伯奢可算得义气（呀）大，,22294688.733703002,0.0
lseh-NiangZiBu-SouGuJiuGu.xml_1,卑（呀）人言来你是（喏）听。,22467093.171381366,0.0
lseh-YiLunMing-ZhuoFangCao-1.xml_16,我只说贼是个宽宏量大，,22477222.93831287,0.0
daxp-DiTouLi-NvQiJie.xml_6,就说苏三把命断，,22562795.602371655,0.0
lsxp-JiangShenEr-SanJiaDian.xml_2,一不是响马与贼寇，,22721210.263913628,0.0
lseh-YiLunMing-WenZhaoGuan-1.xml_4,幸遇那东皋公行方便，,22749667.486492332,0.1
lseh-YiLunMing-ZhuoFangSuDian.xml_8,一家人倶丧在宝剑之（喏）下，,22810984.46423716,0.0
lsxp-JiangShenEr-SanJiaDian.xml_12,儿想娘亲难叩首，,22910772.017242447,0.0
lseh-LaoZhangBu-WuPenJi.xml_3,我本屈死一鬼魂。,23110963.339815825,0.0
lsxp-JiangShenEr-SanJiaDian.xml_6,舍不得太爷的恩情厚，,23124438.190578546,0.0
lsxp-JiangShenEr-SanJiaDian.xml_0,将身儿来至在大街口，,23272347.574285477,0.1
lsxp-TingTaYan-ZhuoFangCao-1.xml_5,这才是花随水水不（哇）能恋（呐）花。,23321167.80202941,0.0
lseh-YiLunMing-WenZhaoGuan-2.xml_4,幸遇那东皋公行方便，,24125902.118396815,0.1
lsxp-TingTaYan-ZhuoFangCao-1.xml_7,既同行共（呃）大事必须要劝解于他（呀呃）。,24382281.2640081,0.0
lsxp-TingTaYan-ZhuoFangCao-2.xml_7,既同行共（呃）大事必须要劝解于他（呀呃）。,24382281.2640081,0.0
lseh-NiangZiBu-SouGuJiuGu.xml_9,来年必定降麒麟。,24490619.993867237,0.0
lseh-XinZhongYou-WenZhaoGuan.xml_14,朝臣待漏五更寒。,24662769.615460835,0.1
lsxp-TingTaYan-ZhuoFangCao-2.xml_5,这才是花随水水不（哇）能恋（呐）花。,24770328.170062374,0.0
lseh-WeiKaiYan-RangXuZhou.xml_1,天卸重任我就要（哇）你担承。,24822338.549981277,0.1
lseh-YiLunMing-ZhuoFangCao-1.xml_13,越思越想把事来作差。,25074887.352771208,0.0
lseh-XuMaoGong-QinQiongFaPei.xml_5,其中必有这巧（哇）妙高。,25256320.581369456,0.0
daeh-XiaoNuCai-SanNiangJiaoZi.xml_1,闭口无言王春娥。,25487193.38555424,0.0
lsxp-WoZhuYe-ZhuiHanXin.xml_5,后进咸阳扶保在朝纲。,25491077.17654689,0.1
lsxp-WoZhuYe-ZhuiHanXin.xml_13,但愿得言听计从重整汉家邦、一同回故乡。,25660033.41205495,0.1
lseh-TuZeiZuo-SouGuJiuGu.xml_3,大事还要问程婴。,25761753.727387898,0.0
lseh-JinZhongXiang-ShangTianTai.xml_4,内侍臣忙摆驾九龙口进，,26399139.92531245,0.0
lseh-XiRiLi-BaoLianDeng.xml_1,伯夷叔齐二大贤人，,26809823.00735446,0.0
sdxp-SuLongWei-WuJiaPo.xml_41,与你娘做一个安家钱。,27030892.149590954,0.0
lseh-YiLunMing-WenZhaoGuan-1.xml_32,我冷冷清清向谁言（哪）。,27062614.40593729,0.0
lseh-YiLunMing-ZhuoFangCao-2.xml_4,吕伯奢可算得义气大，,27144199.64361808,0.0
lseh-LaoZhangBu-WuPenJi.xml_7,望求老丈把冤伸。,27261488.283571668,0.0
lseh-XinZhongYou-WenZhaoGuan.xml_16,我冷冷清清向谁言（呃）。,27303193.939371686,0.0
lsxp-WoZhuYe-ZhuiHanXin.xml_14,撩袍端带我把金殿上，,27493777.09747571,0.0
lseh-YiLunMing-WenZhaoGuan-1.xml_30,朝臣待漏（哇）五更寒，,27574792.736089032,0.1
lsxp-ZouYingLong-DaYanSong.xml_9,那一旁坐的就是严阁老，,28079051.203246538,0.1
lseh-NiangZiBu-SouGuJiuGu.xml_5,他舍命来你我舍亲生。,28243433.225911938,0.0
lsxp-TingTaYan-ZhuoFangCao-1.xml_2,我先前只望他宽宏量（呃）大，,28382459.5638993,0.0
lsxp-TingTaYan-ZhuoFangCao-2.xml_2,我先前只望他宽宏量（呃）大，,28382459.5638993,0.0
lsxp-WoZhuYe-ZhuiHanXin.xml_10,项羽不遵怀王约，,30370110.036377743,0.0
lseh-ZenNengGou-BaDaChui.xml_1,前后话对文龙细说衷情。,30643459.941769466,0.0
lsxp-JiangShenEr-SanJiaDian.xml_10,娘生儿连心肉，,30834864.409998298,0.0
lsxp-WoZhuYe-ZhuiHanXin.xml_2,怀王也曾把旨降，,31546467.606277306,0.0
lseh-NiangZiBu-SouGuJiuGu.xml_11,不舍娇儿难救孤身。,32564679.071235377,0.1
lseh-ZiNaRi-HongYangDong.xml_5,又谁知焦克明他私（呀）自后跟（呐），,32764869.39871501,0.1
lsxp-JiangShenEr-SanJiaDian.xml_4,杨林与我来争斗，,33524110.964517377,0.0
lsxp-ZouYingLong-DaYanSong.xml_2,那一日打从大街进，,33857764.439122014,0.2
daeh-SunShangXiang-BieHuangGong.xml_9,叹一声不由人珠泪涟涟。,37658757.244216606,0.0
lsxp-WoZhuYe-ZhuiHanXin.xml_6,也是我主洪福广，,38271973.02658296,0.0
