身不爽不由人瞌睡朦胧,0,身不爽不由人瞌睡朦胧（呃）。
lseh-WeiGuoJia-HongYangDong-1.xml_3,身不爽不由人瞌睡朦胧（呃）。,1398011.207805433,1.0
lseh-WeiGuoJia-HongYangDong-2.xml_3,身不爽不由人瞌睡朦胧（呃）（哪）。,1482367.3426765003,1.0
lseh-WeiGuoJia-HongYangDong-3.xml_3,身不爽不由人瞌睡朦胧。,1613195.1347983861,1.0
daxp-ErTingDe-SuoLinNang.xml_3,莫不是强婚配鸦占鸾巢。,4020053.654158436,0.2
daxp-ChunQiuTing-SuoLinNang.xml_15,莫不是强婚配鸦占鸾巢？,4121842.622605188,0.2
lsxp-WoBenShi-KongChengJi-2.xml_4,官封到武乡侯（呃）执掌帅印，,4523322.396130325,0.0
lsxp-WoBenShi-KongChengJi-1.xml_4,官封到武乡侯哇执掌帅印，,4562408.366373625,0.0
lsxp-DaHeYi-SiLangTanMu.xml_22,灯光之下看不真。,4828305.685724158,0.2
daxp-ChenSanLiang-ChenSanLiangPaTang.xml_3,发奋自强日夜读诗文。,4861641.711628975,0.0
daxp-LaoDieDie-YuZhouFeng.xml_1,明早朝上金殿面奏吾皇。,4956031.61238085,0.0
lseh-WeiGuoJia-HongYangDong-3.xml_0,为国家哪何曾半日闲空，,5148617.797890692,0.0
lsxp-YiShiWu-YuCangJian.xml_3,靠山绿（哇）水常在面前。,5237730.370344642,0.0
lsxp-DaHeYi-SiLangTanMu.xml_16,我是你四哥回宋营。,5290065.395876492,0.0
daxp-LaoDieDie-SanJiZhang-1.xml_1,我立志不嫁那状元才郎。,5314300.172255519,0.2
daxp-ErTingDe-SuoLinNang.xml_15,薛良与我去问一遭。,5349466.683327306,0.0
sdxp-SuLongWei-WuJiaPo.xml_2,王丞相是我的主婚人（哪）。,5485862.389644935,0.1
lseh-TanXiongDi-SangYuanJiZi.xml_1,丢下了年幼儿好不伤情。,5489034.629658103,0.2
daxp-FeiShiWo-TaoHuaCun.xml_4,已然错请生波浪，,5505722.136442466,0.0
daxp-QiaoLouShang-HuangShanLei.xml_3,不知他在荒山何处安身。,5521563.472130288,0.3
lseh-YiLunMing-WenZhaoGuan-2.xml_15,今夜晚怎能够盼到明天。,5544763.287807204,0.0
lsxp-WoBenShi-KongChengJi-2.xml_9,我面前却少个知（呃）音的人。,5611888.705087744,0.1
daxp-XiRiLiang-LongFengChengXiang.xml_3,安排巧计害刘王。,5615470.538056173,0.0
lseh-XinZhongYou-WenZhaoGuan.xml_10,爹娘（呃）要相逢除非是梦（呃）里团圆。,5618512.750382101,0.0
daxp-ErDeFu-HongNiGuan.xml_3,倒不如与伯党匹配鸾凰。,5670191.847295712,0.2
lseh-YiLunMing-WenZhaoGuan-1.xml_15,今夜晚怎能够盼到明天。,5697997.719890858,0.0
sdxp-WoHeNi-SiLangTanMu.xml_10,怎奈我身在番难以过关。,5755650.955145914,0.1
daxp-MengJunZi-ChunQiuPei-1.xml_1,虽然是男女别不得不答。,5887422.813892962,0.2
sdxp-SuLongWei-WuJiaPo.xml_39,妻儿老小与奴一般。,5930672.434646468,0.0
lseh-XiRiLi-BaoLianDeng.xml_0,昔日里有一个孤竹君，,5935579.136789612,0.0
lseh-WeiGuoJia-HongYangDong-1.xml_0,为国家那何曾半日闲空，,5954822.741099965,0.0
daeh-ZuoRiGong-TaiZhenWaiChuan.xml_3,但不知何日里再沐圣明。,6042954.898335818,0.2
daxp-TingTaYan-ZuoGong.xml_5,尊一声驸马爷细听咱言。,6110889.302396602,0.0
sdxp-DangNianHan-SanJiZhang.xml_4,仙女嫁的又是何人？,6124913.503756614,0.1
daxp-LaoDieDie-SanJiZhang-2.xml_3,这样人得了志比父还强。,6140656.562263817,0.1
daxp-XiRiLiang-LongFengChengXiang.xml_1,今朝仙女会襄王。,6173600.958921075,0.0
sdxp-DangNianHan-SanJiZhang.xml_20,爹爹为何你要退婚？,6175534.03665996,0.0
lsxp-WoBenShi-KongChengJi-1.xml_9,我面前缺少个知呃音的人。,6211311.840309242,0.1
daxp-WoZhuYe-SiLangTanMu.xml_3,一心心要夺取宋室江山。,6229578.1907524,0.0
daxp-NiDeFu-FenHeWan.xml_3,不等到日落及早回程。,6248030.41862747,0.2
lseh-YiLunMing-WenZhaoGuan-1.xml_36,对天发不宏誓愿，,6267532.701606877,0.2
daxp-MengJunZi-ChunQiuPei-1.xml_3,我的父名姜绍贸易天涯。,6276580.851206669,0.0
lseh-YangYanZhao-PengBei.xml_0,杨延昭奉父命巡查大营，,6328494.948418622,0.0
lseh-ZenNengGou-BaDaChui.xml_0,怎能够思一计番营来进，,6345329.445687071,0.0
lseh-LaoZhangBu-WuPenJi.xml_4,我忙将树（呃）枝摆摇（哇）动，,6425611.976488743,0.0
sdxp-SuLongWei-WuJiaPo.xml_4,咬定牙关他就不认承。,6448680.442980735,0.2
lseh-YiLunMing-WenZhaoGuan-1.xml_26,要相逢陈非是梦（兀）里团圆。,6500237.31657331,0.0
sdxp-DangNianHan-SanJiZhang.xml_15,未央宫斩的是韩信，,6555168.3258353565,0.0
lsxp-WoBenShi-KongChengJi-1.xml_5,东西战南北剿博古通呃今。,6572107.5281378,0.0
lseh-LaoZhangBu-WuPenJi.xml_6,我和你远无冤近无有仇恨，,6582459.424603214,0.0
lsxp-ShenGongWu-LongFengChengXiang.xml_2,朝欢暮乐无牵挂，,6640706.217992401,0.0
lsxp-WoBenShi-KongChengJi-2.xml_5,东西战南北剿博古（呃）通（哦）今。,6651453.643182606,0.0
daxp-LaoDieDie-DaYuShaJia-2.xml_1,倒叫我桂英儿挂在心头。,6681959.248635727,0.0
daxp-DuiLingHua-BiYuZan.xml_3,也算得人世间美满姻缘。,6697056.212326847,0.1
lsxp-ZhangGongDao-ZhuangYuanPu.xml_1,陈伯愚年半百无有后苗。,6713578.597706442,0.0
sdxp-SuLongWei-WuJiaPo.xml_24,提起了旁人我不晓，,6747630.477884979,0.3
lsxp-LiangGuoJiao-ShiJieTing-2.xml_3,赏罚中公（呃）平莫要自由。,6760290.369902089,0.1
daxp-XiShiNv-XiShi.xml_5,对清溪时照影自整罗农。,6760586.18945846,0.0
lseh-NiangZiBu-SouGuJiuGu.xml_10,千言万（哪）语她不肯，,6784483.951699805,0.2
lseh-YiLunMing-ZhuoFangCao-1.xml_0,一轮明月照窗下，,6793766.335254865,0.0
daxp-FeiShiWo-TaoHuaCun.xml_17,听我的号令上战场。,6812310.028885261,0.0
lseh-WeiGuoJia-HongYangDong-2.xml_0,为国家哪何曾半日闲空，,6838987.101584555,0.0
lseh-WeiKaiYan-RangXuZhou.xml_0,未开言不由人（呐）珠泪滚滚，,6861002.212452149,0.4
lsxp-QingGongYan-FaDongWu.xml_1,想起桃园结拜情。,6868375.415948743,0.0
daxp-DangRiLi-SuoLinNang.xml_16,有金珠和珍宝光华灿烂，,6873911.780456509,0.0
lseh-WeiGuoJia-HongYangDong-2.xml_2,官封到节度使（喏）皇王恩重，,6876332.228118026,0.0
daxp-FeiShiWo-TaoHuaCun.xml_0,非是我嘱咐叮咛把话讲，,6889017.535341879,0.0
lseh-TanXiongDi-SangYuanJiZi.xml_2,眼望着孤坟台珠泪难忍，,6937884.414702395,0.0
lsxp-YiShiWu-YuCangJian.xml_6,他害我满门（呐）真悲惨，,6938540.580888777,0.0
sdxp-WoHeNi-SiLangTanMu.xml_30,宋营离此路途远，,6940567.480554047,0.0
lseh-XinZhongYou-WenZhaoGuan.xml_20,对天发下宏誓愿，,6964889.707150857,0.0
daxp-ErTingDe-SuoLinNang.xml_0,耳听得悲声惨心中如捣，,6977073.782274032,0.0
lseh-WeiGuoJia-HongYangDong-3.xml_2,官封到节度史（喏）皇王恩重，,7028372.853431177,0.0
daxp-DangRiLi-SuoLinNang.xml_15,囊虽小却能做续命泉源。,7034035.915017924,0.0
lseh-YiLunMing-ZhuoFangCao-2.xml_0,一轮明月照窗下，,7057994.09246426,0.0
lsxp-DaHeYi-SiLangTanMu.xml_25,家住哪州并哪郡？,7060987.87532641,0.0
sdxp-WoHeNi-SiLangTanMu.xml_22,讲什么夫妻情恩德不浅，,7127847.174440915,0.2
sdxp-WoHeNi-SiLangTanMu.xml_25,有什么心腹事你只管明言。,7131639.128430859,0.0
daxp-ChunQiuTing-SuoLinNang.xml_12,耳听得悲声惨心中如捣，,7138779.915227836,0.0
lseh-YiLunMing-WenZhaoGuan-2.xml_0,一轮明月照窗前，,7170513.834641419,0.0
daxp-XiRiLi-LongFengChengXiang.xml_3,安排虎计害刘王。,7179223.156092154,0.0
sdxp-SuLongWei-WuJiaPo.xml_3,他三人与我有仇恨，,7224219.495771894,0.1
sdxp-SuLongWei-WuJiaPo.xml_5,西凉川四十单八站，,7238993.522176342,0.0
lsxp-LiangGuoJiao-ShiJieTing-1.xml_3,赏罚中公（呃）平莫要自由。,7248132.923588777,0.1
daxp-ChunQiuTing-SuoLinNang.xml_1,何处悲声破寂寥。,7255111.867047341,0.0
daxp-DangRiLi-SuoLinNang.xml_7,哪有这短花帘，旧花幔，参差流苏，残破不全。,7298185.499286862,0.2
daxp-ErDeFu-HongNiGuan.xml_1,撇下了奴一人好不悲凉。,7313997.264802986,0.3
lsxp-ZiGuDao-HuangHeLou.xml_3,二将军保架过长江。,7327410.221153805,0.0
daxp-MengJunZi-ChunQiuPei-2.xml_5,因此上到郊外来捡芦花（呀）。,7347662.90181933,0.0
daxp-LaoDieDie-SanJiZhang-2.xml_1,儿命苦怎配着状元才郎？,7354394.111953975,0.0
lseh-XiRiLi-BaoLianDeng.xml_2,都只为孤（哇）竹君身染重病（哪），,7363115.19294906,0.1
sdxp-SuLongWei-WuJiaPo.xml_30,本利算来有多少，,7364619.097034607,0.0
lsxp-QingGongYan-FaDongWu.xml_2,弟兄们创业多艰难，,7376393.544614456,0.0
lsxp-CiShiJian-HuaiHeYing-2.xml_7,生死二字（喏）且由他！,7380420.887396261,0.1
daxp-MuQinBu-FengHuanChao.xml_5,活在世上也枉然。,7392885.150622176,0.0
lsxp-WoBenShi-KongChengJi-2.xml_1,凭阴阳如反掌保定乾坤。,7393033.347454706,0.0
daxp-ErDeFu-HongNiGuan.xml_6,奴本当把关印付他执掌，,7421471.681826046,0.0
daxp-ChunQiuTing-SuoLinNang.xml_0,春秋亭外风雨暴，,7444437.096502011,0.0
lseh-YiLunMing-ZhuoFangSuDian.xml_11,自有那神灵儿天地鉴察。,7543220.304708031,0.0
daxp-WoZhuYe-SiLangTanMu.xml_5,阅兵书看何人前来何安。,7545783.062026439,0.1
daxp-WoDeNiang-XinAnYi.xml_1,奴年交十九岁还守闺门。,7560510.184679181,0.0
daxp-ChunQiuTing-SuoLinNang.xml_3,想必是新婚渡鹊桥，,7563721.2306735255,0.0
daxp-XiRiLi-LongFengChengXiang.xml_1,今朝仙女会襄王。,7576035.215034167,0.0
lseh-LaoZhangBu-WuPenJi.xml_0,老丈不（哇）必胆怕惊，,7598458.862935201,0.2
lseh-YiLunMing-WenZhaoGuan-1.xml_0,一轮明月照窗前，,7611299.292417341,0.0
sdxp-WoHeNi-SiLangTanMu.xml_32,适才叫咱盟誓愿，,7615646.471901465,0.0
lsxp-ZiCongQian-ZhuLianZhai.xml_1,满朝中文武臣泪双流。,7645931.549609755,0.0
daxp-QiaoLouShang-HuangShanLei.xml_1,父子们去采药未见回程。,7652435.322074051,0.0
daxp-DiTouLi-NvQiJie.xml_0,低头离了洪洞县，,7685553.740247735,0.0
lsxp-DaHeYi-SiLangTanMu.xml_28,原来四哥回宋营。,7691359.687893955,0.0
sdxp-SuLongWei-WuJiaPo.xml_1,苏龙魏虎为媒证，,7769351.509867636,0.0
lsxp-ZuoRiLi-YuanMenZhanZi.xml_5,老娘亲再讲情儿自刎头来。,7770761.829798791,0.0
daxp-LaoDieDie-DaYuShaJia-1.xml_1,到叫我桂英儿挂在心头；,7798637.053179401,0.0
lsxp-ZiGuDao-HuangHeLou.xml_1,主公不必加愁肠。,7833035.474558195,0.2
lseh-YiLunMing-ZhuoFangSuDian.xml_0,一轮明月照窗下，,7862284.16931394,0.0
daeh-NaRiFeng-YuanXiaoMi.xml_3,我与母亲两分离。,7917593.021976141,0.0
sdxp-SuLongWei-WuJiaPo.xml_28,我父在朝为官宦，,7922640.567001141,0.0
daxp-NiDeFu-FenHeWan.xml_1,全仗你打雁养娘亲，,7968442.303433626,0.0
lseh-JinZhongXiang-ShangTianTai.xml_0,金钟响玉磬应王登龙庭，,8019559.952319293,0.0
lsxp-JianMaSu-ZhanMaSu.xml_2,大胆不听我的话，,8041067.099823599,0.2
daxp-TingTaYan-ZuoGong.xml_3,他思家乡想骨肉就不能团圆。,8045088.402068038,0.2
daxp-LaoDieDie-SanJiZhang-1.xml_3,贫穷人得了志比富还强。,8098716.510944979,0.1
daxp-DangRiLi-SuoLinNang.xml_13,怎奈我在轿中赤手空拳。,8100638.025905996,0.0
lsxp-TingTaYan-ZhuoFangCao-2.xml_6,这时候我只得暂且忍耐在心下，,8106876.686160397,0.0
daxp-ChunQiuTing-SuoLinNang.xml_26,忙把梅香低声儿叫，,8142975.002236912,0.0
daeh-ZiNaRi-ZhuangYuanMei-2.xml_7,帝王家深宫怨似水流年。,8151646.519786269,0.0
sdxp-WoHeNi-SiLangTanMu.xml_20,黄沙盖脸尸骨不全。,8162161.690837806,0.2
lseh-WeiGuoJia-HongYangDong-1.xml_2,官封到节度使（喏）皇王恩重，,8173913.355358191,0.0
lsxp-TingTaYan-ZhuoFangCao-1.xml_6,这时候我只得暂且忍耐在心下，,8185426.622264514,0.0
sdxp-SuLongWei-WuJiaPo.xml_27,三人对面（就）说分明。,8206193.924646186,0.1
daxp-DuiLingHua-BiYuZan.xml_1,听她言不由人喜上眉尖。,8260319.562625122,0.4
daxp-QiaoLouShang-HuangShanLei.xml_6,忙移步隔花荫留神听定，,8271554.988058628,0.0
lseh-YiLunMing-WenZhaoGuan-1.xml_34,寻短（哪）哎见爹娘（兀）！,8272358.196527045,0.0
sdxp-DangNianHan-SanJiZhang.xml_10,都是安邦定国臣，,8276469.623223041,0.0
daxp-QiaoLouShang-HuangShanLei.xml_8,听画鼓报四更愈添凄冷，,8306710.930856822,0.0
sdxp-WoHeNi-SiLangTanMu.xml_26,你那里休得要巧言舌辨，,8314236.575780699,0.0
lseh-TanXiongDi-SangYuanJiZi.xml_0,叹兄兀弟遭不幸一旦丧命，,8320438.172832951,0.2
daxp-FeiShiWo-TaoHuaCun.xml_3,关系你患难鸳鸯永宿在池塘。,8354636.842538329,0.0
daeh-TanHongYan-HuoXiaoYu.xml_3,啼花泣月在暗里（呀）添愁。,8384607.372636174,0.0
daxp-ChenSanLiang-ChenSanLiangPaTang.xml_5,最可恨鸨儿叫我接客人。,8387925.044459482,0.1
daxp-QiaoLouShang-HuangShanLei.xml_9,看娇儿正酣睡恐被风侵。,8404760.842910636,0.1
daxp-WoHeNi-SangYuanHui.xml_0,我和你有什么夫妻的情，,8430929.50050369,0.0
daxp-ChenSanLiang-ChenSanLiangPaTang.xml_1,公正的老爷细听分明。,8511963.946403405,0.0
sdxp-SuLongWei-WuJiaPo.xml_6,为军的要人我是不要钱。,8525185.294376098,0.3
lseh-NiangZiBu-SouGuJiuGu.xml_3,三百余口命赴幽冥。,8527791.755663114,0.0
lseh-LaoZhangBu-WuPenJi.xml_2,休把我当作了妖魔论，,8567659.554192804,0.0
dldeh-ShouBiPo-ChunQiuPei.xml_6,你继母心毒狠将你打骂，,8588906.243046965,0.0
lsxp-LiangGuoJiao-ShiJieTing-1.xml_1,各为其主统貔貅，,8610326.072335856,0.0
lseh-YiLunMing-WenZhaoGuan-1.xml_1,愁人心（哪）中似箭穿。,8624098.509357983,0.1
daeh-CanQiQi-WuLongZuo.xml_3,担几肩头晕转体若筛糠。,8655808.558433352,0.0
daxp-QiaoLouShang-HuangShanLei.xml_15,你爹爹到如今未转家门。,8665626.1317383,0.0
lsxp-ZheYiFeng-DingJunShan.xml_5,三通鼓刀出鞘四通（呃）鼓把兵交。,8675455.58617323,0.0
lseh-YiLunMing-WenZhaoGuan-2.xml_5,他将我隐藏在后花园。,8678805.034663543,0.0
lsxp-JiangShenEr-SanJiaDian.xml_15,叫一声解差把店役。,8682631.067086216,0.0
lsxp-CiShiJian-HuaiHeYing-2.xml_6,三人同把那鬼门关上爬，,8685400.559471637,0.1
lseh-YiLunMing-WenZhaoGuan-2.xml_1,愁人心（呐）中似箭穿。,8692727.060605736,0.1
daxp-LaoDieDie-YuZhouFeng.xml_3,观此本免了儿一门祸殃。,8708665.278766774,0.0
daxp-ChunQiuTing-SuoLinNang.xml_25,安他半世凤凰巢。,8710292.872396553,0.0
daxp-ErTingDe-SuoLinNang.xml_23,安她半世凤凰剿。,8710292.872396553,0.0
lsxp-CiShiJian-HuaiHeYing-2.xml_1,胡言乱语怎瞒（呐）咱！,8788891.952276083,0.0
lsxp-DaHeYi-SiLangTanMu.xml_8,问我一言答一声。,8800523.067455797,0.0
daxp-ErTingDe-SuoLinNang.xml_24,忙把梅香低声叫，,8805298.809251428,0.0
lseh-YiLunMing-WenZhaoGuan-1.xml_37,我不杀平王我的心怎甘（哪）。,8828265.278756214,0.2
lsxp-ZheYiFeng-DingJunShan.xml_9,到明天午时三刻要成功劳。,8845605.985933475,0.0
daxp-QiaoLouShang-HuangShanLei.xml_5,猛听得窗儿外似有人行。,8861608.390133321,0.1
daxp-SuSanLi-NvQiJie.xml_7,来生变犬马我当报还！,8871817.308943484,0.0
lsxp-YiShiWu-YuCangJian.xml_5,信用无极狗奸谗。,8903073.340247517,0.0
lsxp-WoBenShi-KongChengJi-1.xml_1,论阴阳如反掌保定乾坤。,8927768.591131534,0.0
daxp-MengJunZi-ChunQiuPei-2.xml_1,虽然是不相识我就不得不答。,8929465.200110085,0.2
lsxp-ShenGongWu-LongFengChengXiang.xml_3,耳听笙歌闹喧哗。,8939253.136425108,0.0
daxp-MengJunZi-ChunQiuPei-2.xml_3,我爹爹名姜绍贸易天涯。,8957438.15313275,0.0
lseh-YiLunMing-WenZhaoGuan-1.xml_5,他将我隐藏在后花园。,8961770.385385761,0.0
sdxp-SuLongWei-WuJiaPo.xml_40,这锭银子奴不要，,8962359.445990289,0.2
sdxp-SuLongWei-WuJiaPo.xml_32,我进相府对父言，,8962359.445990289,0.0
daxp-MengJunZi-ChunQiuPei-1.xml_5,莫奈何到荒郊我就来捡芦花。,8999300.228491595,0.0
daxp-TingTaYan-ZuoGong.xml_7,不知者不怪罪你的海量放宽。,9059553.262144262,0.2
sdxp-DangNianHan-SanJiZhang.xml_16,难道说文官他就不丧身？,9060662.179070693,0.3
daxp-DangRiLi-SuoLinNang.xml_3,耳听得风声断，雨声喧，雷声乱，乐声阑珊，人声呐喊，都道说是大雨倾天。,9078933.338980302,0.1
daeh-ZuoRiGong-TaiZhenWaiChuan.xml_0,昨日宫中何等宠幸，,9094849.87584386,0.0
lseh-XinZhongYou-WenZhaoGuan.xml_0,心中有事难合眼，,9096841.014117718,0.0
sdeh-WenSanNiang-SanNiangJiaoZi.xml_6,又谁知平白的闪跌一跤。,9109978.86340059,0.0
daxp-WoDeNiang-XinAnYi.xml_3,却原来母亲到儿未知情。,9127465.850611018,0.0
lseh-XinZhongYou-WenZhaoGuan.xml_21,我不杀平王我的心怎甘。,9134143.835433492,0.2
daxp-SuSanLi-NvQiJie.xml_0,苏三离了洪洞县，,9150326.389519611,0.0
sdxp-DangNianHan-SanJiZhang.xml_17,仙女配的是董永，,9150326.389519611,0.0
sdxp-WoHeNi-SiLangTanMu.xml_2,贤公主又何必过于谦言。,9171621.243448416,0.0
daxp-ErTingDe-SuoLinNang.xml_18,人情冷暖凭空造，,9228916.39989602,0.1
daxp-WoDeNiang-XinAnYi.xml_2,这几日身不爽心中烦闷，,9243292.779478427,0.4
daxp-DangRiLi-SuoLinNang.xml_11,为什么悲切切哭得可怜。,9248947.231838198,0.0
lseh-ZiNaRi-HongYangDong.xml_0,自（喏）那日朝罢归身（呐）染重病，,9291368.548148042,0.1
lsxp-DaHeYi-SiLangTanMu.xml_10,火堪寨上有家门。,9334871.088905314,0.0
daxp-ErTingDe-SuoLinNang.xml_9,哪有个袖手旁观在壁上瞧。,9394166.163889896,0.0
lseh-TuZeiZuo-SouGuJiuGu.xml_0,屠贼做事心太狠，,9415125.593366852,0.0
lseh-XiRiLi-BaoLianDeng.xml_15,打死个秦官保父不能担承。,9421822.555307271,0.2
daxp-DangRiLi-SuoLinNang.xml_0,当日里好风光忽觉转变，,9450368.034954967,0.0
sdxp-SuLongWei-WuJiaPo.xml_36,军爷说话理不端，,9487012.645847348,0.2
daxp-ErTingDe-SuoLinNang.xml_5,问那厢因何故痛哭无聊？,9499071.283085324,0.0
daxp-MengTingDe-MuiGuiYingGuaShuai.xml_3,敌血飞溅石榴裙。,9502975.411532026,0.0
sdxp-DangNianHan-SanJiZhang.xml_19,非是女儿言不逊，,9541378.45412012,0.2
lsxp-JiangShenEr-SanJiaDian.xml_5,因此上发配到登州。,9541541.49349989,0.0
lsxp-CiShiJian-HuaiHeYing-1.xml_1,胡言乱语怎瞒（呐）咱。,9545462.572048342,0.0
daxp-XiShiNv-XiShi.xml_1,难得有开怀事常锁双眉。,9548527.324639779,0.0
daeh-ZiNaRi-ErJinGong.xml_7,看一看不觉到八月中秋。,9612405.724171963,0.2
daeh-NaRiFeng-YuanXiaoMi.xml_7,不如早死命归西。,9614361.269093737,0.2
sdxp-DangNianHan-SanJiZhang.xml_2,未央宫斩的是何人？,9616878.070548778,0.1
lsxp-ShenGongWu-LongFengChengXiang.xml_0,深宫无（哇）处不飞花，,9643638.284584045,0.2
lsxp-DaHeYi-SiLangTanMu.xml_4,上面（哪）坐的同胞人。,9711630.86980688,0.1
lsxp-DaHeYi-SiLangTanMu.xml_6,怎知今日回宋营。,9738584.831678778,0.0
sdxp-WoHeNi-SiLangTanMu.xml_15,宋营（哪）虽然路途远，,9744975.237150539,0.0
sdxp-SuLongWei-WuJiaPo.xml_9,衙里衙外我打点，,9763332.121800354,0.0
daxp-ChunQiuTing-SuoLinNang.xml_18,听薛良一语来相告，,9790479.861624015,0.0
daxp-QiaoLouShang-HuangShanLei.xml_7,原来是秋风起扫叶之声。,9791650.276264476,0.0
daeh-ZuoChunGui-XiShi.xml_2,奴这里心中痛玉颜清减，,9806746.587619973,0.0
lseh-LaoZhangBu-WuPenJi.xml_5,抓一（呀）把沙土扬灰尘。,9806776.09778353,0.0
daxp-ChunQiuTing-SuoLinNang.xml_33,救她饥渴胜琼瑶。,9812987.718537252,0.0
daxp-XiShiNv-XiShi.xml_3,每日里浣纱去又傍清溪。,9825611.478734987,0.0
lsxp-ZouYingLong-DaYanSong.xml_1,在朝房来了我这保国忠。,9843860.620237885,0.0
daxp-ErTingDe-SuoLinNang.xml_16,听薛良一语来相告，,9875891.761644198,0.0
daeh-XiaoNuCai-SanNiangJiaoZi.xml_5,叹一声不由人珠泪如梭。,9898981.19953689,0.4
lsxp-LiangGuoJiao-ShiJieTing-2.xml_1,各为其（呀）主统貔貅。,9899909.103084398,0.0
lseh-XinZhongYou-WenZhaoGuan.xml_18,寻短（呃）哎见爹娘（呃）。,9931449.27662082,0.0
lsxp-CiShiJian-HuaiHeYing-1.xml_6,三人同把那鬼门关上踏，,9937250.433896938,0.1
daxp-ErDeFu-HongNiGuan.xml_7,又恐怕众将官说短论长。,9942545.817244966,0.0
dldeh-ShouBiPo-ChunQiuPei.xml_3,奴好比花未开风吹雨打，,9952500.96623006,0.0
sdxp-SuLongWei-WuJiaPo.xml_13,腰中取出银一锭，,9958206.052941242,0.0
daxp-LaoDieDie-DaYuShaJia-1.xml_3,等候了爹爹回细问根由。,9974584.202091668,0.1
lseh-ZiNaRi-HongYangDong.xml_9,因此上臣的病重（呃）加十分、千岁爷呀！,10036257.95575827,0.0
daeh-ZiNaRi-ZhuangYuanMei-1.xml_7,帝王家深宫院似水流年。,10061442.757106617,0.0
lseh-YiLunMing-WenZhaoGuan-1.xml_25,不能（哪）哎见爹娘（兀）！,10061657.934045788,0.2
daxp-NiDeFu-FenHeWan.xml_2,把弓带和鱼镖与儿带定，,10106659.798951223,0.0
daeh-ZuoChunGui-XiShi.xml_3,夜不眠朝慵起又向谁言。,10108501.946239125,0.2
daeh-WuDuanQiao-BiYuZan.xml_7,又怕丑名误流传。,10123204.964650892,0.0
sdxp-WoHeNi-SiLangTanMu.xml_31,一夜之间你怎能回还。,10125056.860022262,0.0
lseh-YiLunMing-WenZhaoGuan-1.xml_16,心中有事难合眼，,10142796.640030649,0.0
daeh-NuZiYou-TouJunBieYao.xml_3,也不枉我二人苦度时光。,10149466.5001914,0.3
daxp-FeiShiWo-TaoHuaCun.xml_11,是不是有人拍巴掌。,10156716.49753087,0.3
daxp-ErTingDe-SuoLinNang.xml_29,积德才生玉树苗。,10164286.253001027,0.0
daxp-LaoDieDie-DaYuShaJia-2.xml_3,等候了爹爹回细问根由。,10185420.483102955,0.1
daeh-ZuoRiGong-TaiZhenWaiChuan.xml_1,有谁知一时错被逐宫廷。,10196920.328363517,0.0
daxp-ErDeFu-HongNiGuan.xml_4,清早起我和他一度商量，,10272612.862876479,0.0
daeh-ZaoBuXing-HeHouMaDian.xml_9,只骂得贼昏王扭转身驱、闭目合晴、羞羞惭惭一语不发，,10314080.613034755,0.3
daeh-CanQiQi-WuLongZuo.xml_2,千金休哪曾受磨房景况，,10314360.848608686,0.0
daeh-ZiNaRi-ErJinGong.xml_13,我只得怀抱太子两泪汪汪口口声声哭的是先王！,10326912.840445306,0.0
lsxp-YiZhuangZhuang-QunYingHui.xml_1,请先生到江边即刻登舟。,10333808.697857928,0.0
daxp-LaoDieDie-YuZhouFeng.xml_4,老爹爹在朝中官高爵显，,10352246.750326542,0.0
daeh-WuDuanQiao-BiYuZan.xml_3,落得孤身病恹恹。,10362801.347482637,0.1
sdxp-WoHeNi-SiLangTanMu.xml_12,无有令箭怎过关。,10372816.786425555,0.0
daxp-FeiShiWo-TaoHuaCun.xml_10,不但要仔细听、还要仔细想，,10373737.982372869,0.2
lseh-YiLunMing-ZhuoFangCao-2.xml_1,陈宫心中乱如麻。,10396043.342041384,0.0
lsxp-ZouYingLong-DaYanSong.xml_13,在品级台（呀）前臣见君。,10397004.3557306,0.0
daxp-SuSanLi-NvQiJie.xml_4,哪一位去往南京转，,10402610.573240148,0.0
daxp-ChunQiuTing-SuoLinNang.xml_24,分我一枝珊瑚宝，,10424722.508343536,0.0
daxp-ChunQiuTing-SuoLinNang.xml_22,我在不足他正少，,10424722.508343536,0.2
daxp-ErTingDe-SuoLinNang.xml_22,分我一枝珊瑚宝，,10427094.847913643,0.0
sdxp-DangNianHan-SanJiZhang.xml_13,商鞅不中苏季子，,10427094.847913643,0.2
daxp-XiRiLi-LongFengChengXiang.xml_5,纵有大事料无妨。,10447784.152541824,0.0
lsxp-DaHeYi-SiLangTanMu.xml_7,将身站在了阶前等，,10450981.184347473,0.1
sdxp-SuLongWei-WuJiaPo.xml_31,命人送到（那）西凉川。,10460358.942149948,0.1
lsxp-DaHeYi-SiLangTanMu.xml_14,失落番邦被贼擒。,10472503.877276946,0.0
daxp-ErTingDe-SuoLinNang.xml_17,满腹骄矜顿雪潇。,10497171.365198825,0.0
daxp-ErTingDe-SuoLinNang.xml_7,不该人前乱解嘲。,10497171.365198825,0.3
daxp-WoHeNi-SangYuanHui.xml_1,谁认你狼心狗肺的人！,10504784.25642896,0.1
sdxp-SuLongWei-WuJiaPo.xml_12,百般调戏也枉然。,10537285.559900377,0.0
daeh-LiYanFei-DaBaoGuo.xml_7,宣太师上金殿披红插花。,10585544.658598768,0.0
lseh-XinZhongYou-WenZhaoGuan.xml_9,不能（呃）哎见。,10595119.951812267,0.2
lseh-XuMaoGong-QinQiongFaPei.xml_1,文韬武略智谋高。,10605513.292234216,0.0
sdxp-WoHeNi-SiLangTanMu.xml_18,将身跪在地平川。,10624490.607604345,0.1
daeh-LiYanFei-DaBaoGuo.xml_1,文站东武列西朝贺哀家。,10685226.082122274,0.0
daxp-NiDeFu-FenHeWan.xml_0,你的父去投军无音信，,10728316.104000716,0.0
daxp-ErTingDe-SuoLinNang.xml_20,我正不足她正少，,10731216.04885677,0.2
daeh-ZiNaRi-ZhuangYuanMei-2.xml_8,幸喜得珍珠衫称心如愿，,10757258.565889822,0.0
lsxp-YiShiWu-YuCangJian.xml_7,我与奸贼不共戴天！,10760767.911025679,0.2
dldeh-ShouBiPo-ChunQiuPei.xml_4,想亲娘和老父心乱如麻。,10761983.36858062,0.0
lsxp-DaHeYi-SiLangTanMu.xml_24,你是番邦什么人？,10791322.459347472,0.1
daeh-CanQiQi-WuLongZuo.xml_1,叹红颜多薄命父母双亡。,10837836.884319501,0.0
daxp-MengTingDe-MuiGuiYingGuaShuai.xml_0,猛听得金鼓响画角声震，,10840915.582860447,0.0
sdxp-SuLongWei-WuJiaPo.xml_10,管保大嫂就断与咱。,10859195.750339393,0.0
daxp-XiRiLiang-LongFengChengXiang.xml_0,昔日梁鸿配孟光，,10883052.334406761,0.0
daxp-LaoDieDie-SanJiZhang-1.xml_2,父休笑薛平贵是花郎模样，,10902169.59744389,0.0
daxp-DangRiLi-SuoLinNang.xml_1,霎时间日色淡似坠西山。,10909287.530269636,0.0
lseh-YiLunMing-ZhuoFangSuDian.xml_2,悔不该心猿并意马，,10927197.922051396,0.2
daxp-FeiShiWo-TaoHuaCun.xml_7,桃花村口莫彷徨。,10974760.920421313,0.0
lseh-XiRiLi-BaoLianDeng.xml_7,兄（呃）推弟来两不能够担承。,10988998.775493918,0.2
lseh-YiLunMing-ZhuoFangCao-2.xml_11,自有那神灵儿天地鉴察。,11024806.509024078,0.0
daxp-XiShiNv-XiShi.xml_0,西施女生长在苎萝村里，,11036099.76817225,0.0
daeh-WangChunE-SanNiangJiaoZi.xml_4,薛倚儿他好比无弓之箭，,11048100.381455854,0.0
daeh-SunShangXiang-BieHuangGong.xml_1,想起了已往事心内痛酸。,11056977.05164095,0.0
lseh-YiLunMing-ZhuoFangCao-1.xml_11,自有那神灵（啊）天地鉴察。,11062783.501051337,0.0
daxp-MengJunZi-ChunQiuPei-2.xml_2,家住在罗郡城魁星楼下，,11065805.666995127,0.0
daeh-LiYanFei-DaBaoGuo.xml_2,太师爷奏一本进贡年下，,11091119.410637256,0.0
daxp-MengJunZi-ChunQiuPei-1.xml_4,在家中受不过继母拷打，,11096635.156819753,0.2
daeh-LiYanFei-DaBaoGuo.xml_3,各国的众王侯朝贺中华。,11140053.087151764,0.0
lsxp-ShenGongWu-LongFengChengXiang.xml_1,年老得配女娇娃。,11142748.049870215,0.0
daxp-WoZhuYe-SiLangTanMu.xml_0,我主爷金沙滩早把命丧，,11151110.864722373,0.0
lsxp-WoBenShi-KongChengJi-2.xml_2,先帝（呀）爷下南阳（呃）御驾三（呃）请，,11164212.471650718,0.0
daxp-ChunQiuTing-SuoLinNang.xml_31,积德才生玉树苗，,11200135.430879839,0.0
daeh-ZuoRiGong-TaiZhenWaiChuan.xml_2,思想起从前事心中悔恨，,11210372.785382858,0.0
lseh-ZenNengGou-BaDaChui.xml_2,前也思（喏）后又想无有计定，,11254842.830518411,0.0
daeh-WuDuanQiao-BiYuZan.xml_1,薄命自伤怨红颜。,11274751.536295414,0.0
lsxp-DaHeYi-SiLangTanMu.xml_21,龙行虎步非凡等，,11310122.647168338,0.0
lseh-ZiNaRi-HongYangDong.xml_2,我前番命孟良骸骨搬（呐）请，,11323664.299023783,0.0
daxp-QiaoLouShang-HuangShanLei.xml_13,果然是晓鸡唱天已黎明。,11331330.439739332,0.0
daeh-NuZiYou-TouJunBieYao.xml_1,为薛郎我父女断绝情长。,11342883.022718437,0.0
sdxp-SuLongWei-WuJiaPo.xml_8,为军哪怕到官前。,11346346.609148812,0.0
lsxp-CiShiJian-HuaiHeYing-1.xml_0,此时间不可闹笑话，,11436774.143855084,0.2
daxp-ErTingDe-SuoLinNang.xml_21,她为饥寒我为骄。,11441556.47027138,0.0
lseh-YiLunMing-ZhuoFangCao-1.xml_14,悔不该把家属一（呀）旦撇下，,11452720.204202631,0.2
lsxp-TingTaYan-ZhuoFangCao-2.xml_4,马行在来道内我难（呐）以回（呀）马，,11453061.41943324,0.0
lsxp-TingTaYan-ZhuoFangCao-1.xml_4,马行在来道内我难（呐）以回（呀）马，,11453061.41943324,0.0
lsxp-ZheYiFeng-DingJunShan.xml_7,退后的项上吃一刀。,11554643.001493338,0.0
daeh-TanHongYan-HuoXiaoYu.xml_5,隔着窗儿点滴不休。,11556027.432886668,0.2
lsxp-DaHeYi-SiLangTanMu.xml_2,杨家将令鬼神惊。,11603594.51976337,0.0
lseh-JinZhongXiang-ShangTianTai.xml_2,文凭着邓先生策划有准，,11610835.987151483,0.0
sdxp-WoHeNi-SiLangTanMu.xml_24,因何故终日里愁眉不展，,11622245.756805042,0.2
lsxp-HenPingWang-WenZhaoGuan.xml_3,满门的家着血染红。,11639975.560584534,0.0
sdxp-WoHeNi-SiLangTanMu.xml_17,公主叫我盟誓愿，,11651514.563211635,0.0
lseh-WeiKaiYan-RangXuZhou.xml_5,救生灵（呐）积阴（呐）功也免得我坐卧不宁。,11678537.823861111,0.2
sdxp-SuLongWei-WuJiaPo.xml_17,买绫罗与绸缎、打首饰和簪环，,11728560.128158405,0.0
lseh-YiLunMing-WenZhaoGuan-1.xml_9,满腹的含冤我向谁言（哪）！,11737213.61913062,0.0
lseh-YiLunMing-WenZhaoGuan-2.xml_9,满腹的含冤我向谁言（喏）。,11737213.61913062,0.0
lseh-ZenNengGou-BaDaChui.xml_3,倒不如上公安观看古今。,11741629.54767719,0.2
sdxp-WoHeNi-SiLangTanMu.xml_33,你也对苍天就表一番。,11746205.754517818,0.0
daeh-ZiNaRi-ZhuangYuanMei-1.xml_3,乱军中多亏他救我回还。,11756385.313696835,0.0
daeh-LiYanFei-DaBaoGuo.xml_9,压定了文武臣均要画押。,11778326.59065969,0.0
daxp-ChunQiuTing-SuoLinNang.xml_19,满腹骄矜顿雪潇，,11788968.960089669,0.0
daxp-DiTouLi-NvQiJie.xml_4,哪一位去往南京转，,11818232.550234064,0.0
lsxp-DaHeYi-SiLangTanMu.xml_17,弟兄对坐叙寒温。,11844801.616510775,0.0
daeh-ZiNaRi-ErJinGong.xml_1,独坐在寒宫院闷闷悠悠。,11870235.733849334,0.0
daxp-ErTingDe-SuoLinNang.xml_28,麟儿哪有神送到，,11871434.909945197,0.0
lsxp-ZiGuDao-HuangHeLou.xml_0,自古道吉人有天相，,11915743.682370353,0.1
daxp-ChunQiuTing-SuoLinNang.xml_11,必有隐情在心潮。,11923436.734925453,0.0
lseh-YiLunMing-ZhuoFangCao-1.xml_1,陈宫心（呐）中乱如麻，,11926512.45927449,0.0
lsxp-DaHeYi-SiLangTanMu.xml_11,我父令公官极品，,11954633.476521699,0.0
daeh-LiYanFei-ErJinGong.xml_5,我只得怀抱太子两泪汪汪口口声声哭的是先王。,12025482.330188043,0.0
daeh-ZiNaRi-ErJinGong.xml_6,徐小姐把守在宫门口，,12048397.24069051,0.0
daeh-WangChunE-SanNiangJiaoZi.xml_1,想起了我老爷好不惨然。,12059549.61700929,0.2
daeh-ZiNaRi-ZhuangYuanMei-1.xml_8,幸喜得珍珠衫称心如愿，,12099227.438915668,0.0
lsxp-TingTaYan-ZhuoFangCao-1.xml_3,却原（呐）来贼是个无（哇）义（呀）的冤家！,12146908.296176407,0.0
lsxp-TingTaYan-ZhuoFangCao-2.xml_3,却愿（呐）来贼是个无（哇）义（呀）的冤家！,12146908.296176407,0.0
daxp-WoDeNiang-XinAnYi.xml_0,我的娘她忘了女生外姓，,12182841.901495736,0.0
daeh-ZiNaRi-ErJinGong.xml_2,先王爷晏驾后太子年幼，,12189097.713380797,0.0
daeh-ZiNaRi-ErJinGong.xml_10,耳边厢又听得朝靴响亮，,12195173.621640068,0.0
lsxp-ZiCongQian-ZhuLianZhai.xml_2,为千岁懒把朝房走，,12209965.750907298,0.0
lseh-YiLunMing-ZhuoFangCao-1.xml_22,虎在笼中我不打，,12216634.917848624,0.2
sdxp-DangNianHan-SanJiZhang.xml_5,我的儿说话言不逊，,12232810.210441222,0.2
daeh-ZiNaRi-ZhuangYuanMei-2.xml_13,但愿得八主贤王从中周旋早成美眷、扫狼烟叫那胡儿不敢进犯、保叔王锦锈江山。,12241623.704131722,0.2
daeh-SunShangXiang-BieHuangGong.xml_2,遭不幸父王爷把驾来晏，,12245828.670088697,0.2
daxp-ChunQiuTing-SuoLinNang.xml_5,为何鲛珠化泪抛？,12263338.976515733,0.0
lsxp-ZiCongQian-ZhuLianZhai.xml_4,山高路远少来问候，,12276713.225957617,0.0
lsxp-HenPingWang-WenZhaoGuan.xml_2,我的（呀）父谏奏反把命（哪）送，,12280692.686474292,0.0
sdxp-DangNianHan-SanJiZhang.xml_7,要退、要退、偏要退！,12286329.190989912,0.0
lseh-JinZhongXiang-ShangTianTai.xml_1,寡人喜的是五谷丰登。,12302220.62911134,0.1
daxp-DangRiLi-SuoLinNang.xml_21,换衣食也够她生活几年。,12310738.249983244,0.0
daeh-TanHongYan-HuoXiaoYu.xml_1,美满姻缘付东流。,12318252.731121399,0.0
daxp-MengJunZi-ChunQiuPei-1.xml_2,家住在罗郡城魁星楼下，,12337297.994332492,0.0
daxp-MengTingDe-MuiGuiYingGuaShuai.xml_5,寸土怎能够属于他人。,12340879.485820683,0.1
daeh-NaRiFeng-YuanXiaoMi.xml_1,死里逃生甚惨凄。,12341074.027940512,0.0
daeh-ZiNaRi-ZhuangYuanMei-2.xml_11,但愿得杨六郎心如石坚。,12341710.607558783,0.0
sdxp-SuLongWei-WuJiaPo.xml_34,将你带到官衙内，,12364711.159113057,0.0
lsxp-ZhangGongDao-ZhuangYuanPu.xml_4,怕将（呃）来老天爷无（哇）有果报，,12371989.311177889,0.0
lsxp-DaHeYi-SiLangTanMu.xml_30,自己骨肉认不清。,12408069.071580775,0.2
lseh-TanXiongDi-SangYuanJiZi.xml_3,见坟台不见人刀割我心。,12409127.660641009,0.3
sdxp-WoHeNi-SiLangTanMu.xml_1,我和你好夫妻恩德不浅，,12422769.510115061,0.2
daxp-DiTouLi-NvQiJie.xml_7,来生变犬马我当报还。,12435683.066044241,0.0
daxp-QiaoLouShang-HuangShanLei.xml_4,到三更真个是月明人静，,12448938.77404761,0.1
sdxp-SuLongWei-WuJiaPo.xml_43,落得个孝子的名儿在那天下传。,12465982.568088211,0.0
lsxp-ZhangGongDao-ZhuangYuanPu.xml_2,为（呀）儿（啼）女我也曾朝山拜庙，,12467026.849116731,0.0
daxp-ChunQiuTing-SuoLinNang.xml_23,他为饥寒我为娇。,12479174.96354871,0.0
lseh-YiLunMing-ZhuoFangCao-1.xml_19,安眠好似并底之蛙，,12500878.194625549,0.0
lsxp-WoZhuYe-ZhuiHanXin.xml_0,我主爷起义在芒砀，,12502284.135391504,0.0
daxp-MengJunZi-ChunQiuPei-2.xml_0,蒙君子至诚心再三问话，,12508333.418390395,0.0
daeh-SunShangXiang-BieHuangGong.xml_6,回荆州未三载诓我回转，,12508731.433379503,0.0
daeh-ZiNaRi-ZhuangYuanMei-1.xml_13,但愿得八主贤王从中周旋，早成姻眷，扫狼烟，叫那胡儿不敢进犯保叔王锦绣江山。,12516591.745096074,0.2
daxp-MengTingDe-MuiGuiYingGuaShuai.xml_6,番王小丑何足论，,12526143.750827786,0.0
sdxp-SuLongWei-WuJiaPo.xml_18,我与你露水的夫妻就过几年（呐）。,12536263.377944902,0.0
daxp-ErTingDe-SuoLinNang.xml_31,救她饥渴胜琼瑶。,12541493.370376024,0.0
lsxp-YiShiWu-YuCangJian.xml_8,实指（喏）望到吴国借兵（呐）转，,12610806.056791395,0.0
lsxp-DaHeYi-SiLangTanMu.xml_26,要见本帅为何情？,12616253.521519922,0.0
daxp-ChunQiuTing-SuoLinNang.xml_17,问那厢因何故痛哭无聊。,12630464.171182182,0.0
daxp-XiShiNv-XiShi.xml_4,怕只怕损玉颜姣容自惜，,12633806.142007392,0.0
lseh-YiLunMing-WenZhaoGuan-2.xml_3,谁知昭关有阻拦。,12642329.499738708,0.0
lseh-YiLunMing-ZhuoFangCao-1.xml_18,观此贼睡卧真（呐）潇洒，,12650307.370363658,0.1
lseh-YiLunMing-ZhuoFangCao-1.xml_17,汉室后来贼是个惹祸的根芽。,12671809.92678574,0.0
sdxp-SuLongWei-WuJiaPo.xml_33,家人小厮有万千。,12709850.414856466,0.1
lseh-XinZhongYou-WenZhaoGuan.xml_1,翻来复去睡不安。,12711026.554007158,0.3
sdxp-SuLongWei-WuJiaPo.xml_29,府内金银堆如山。,12734705.71486005,0.0
daeh-ZiNaRi-ErJinGong.xml_9,想起了老王爷好不惨伤。,12745026.256475938,0.2
lseh-XinZhongYou-WenZhaoGuan.xml_12,越思越想好伤惨，,12745072.171948193,0.0
daxp-TingTaYan-ZuoGong.xml_0,听他言吓得我浑身是汗，,12757566.688533884,0.1
daxp-DangRiLi-SuoLinNang.xml_10,于归日理应当喜形于面，,12772298.383939018,0.0
daxp-DangRiLi-SuoLinNang.xml_2,在轿中只觉得天昏地暗。,12778688.20733275,0.0
lseh-YangYanZhao-PengBei.xml_2,迈虎步我且把宝帐来进，,12793707.567234593,0.0
sdxp-WoHeNi-SiLangTanMu.xml_13,公主赠我的金鈚箭，,12795274.90633375,0.0
lsxp-JiangShenEr-SanJiaDian.xml_13,娘想儿来泪双流。,12795537.97391924,0.0
daeh-ZiNaRi-ZhuangYuanMei-2.xml_1,行不安坐不宁情态缠绵。,12830070.27106794,0.2
sdxp-WoHeNi-SiLangTanMu.xml_16,快马加鞭我一夜还。,12830253.345880684,0.0
sdxp-SuLongWei-WuJiaPo.xml_35,打板子、上夹棍、丢南牢、坐监禁、管叫你思前容易退后难。,12834417.356207674,0.0
daxp-DangRiLi-SuoLinNang.xml_14,急切里想起了锁麟囊一（呀）件，,12851223.224437531,0.0
daeh-ZiNaRi-ErJinGong.xml_11,想必是徐杨进了昭阳。,12875355.907938646,0.0
sdxp-DangNianHan-SanJiZhang.xml_1,登台拜帅是韩信，,12883860.350744603,0.0
daxp-ErTingDe-SuoLinNang.xml_14,休要噪且站了，,12956023.436996602,0.0
dldeh-ShouBiPo-ChunQiuPei.xml_2,病恹恹身无力难以挣扎。,12963039.226750055,0.1
daeh-ZaoBuXing-HeHouMaDian.xml_0,遭不幸老王爷晏了御驾，,12966515.697672745,0.2
daeh-WuDuanQiao-BiYuZan.xml_5,满腹冤屈向谁言。,13030700.783026733,0.0
sdxp-SuLongWei-WuJiaPo.xml_37,欺奴犹如欺了天。,13051911.81939036,0.0
sdxp-DangNianHan-SanJiZhang.xml_12,登台拜帅天下闻。,13095973.023098897,0.0
lseh-YiLunMing-ZhuoFangCao-1.xml_15,悔不该弃县今抛却了乌（哇）纱，,13137138.726073606,0.2
lseh-YiLunMing-WenZhaoGuan-1.xml_28,越思越想好伤惨，,13145257.179224623,0.0
daxp-ErDeFu-HongNiGuan.xml_5,不想到狠心郎一味猖狂。,13158078.744155124,0.2
daxp-DangRiLi-SuoLinNang.xml_6,虽然是古青庐以朴为俭，,13161992.889642723,0.0
lseh-XiRiLi-BaoLianDeng.xml_13,二娇儿也难比那两个贤人。,13162931.884667747,0.1
sdxp-WoHeNi-SiLangTanMu.xml_14,见母一面即刻还。,13177524.919619327,0.0
sdxp-DangNianHan-SanJiZhang.xml_14,在六国封相人上人。,13188880.263776865,0.1
lsxp-HenPingWang-WenZhaoGuan.xml_1,父纳子（呃）妻礼难容，,13226720.602425145,0.0
daxp-FeiShiWo-TaoHuaCun.xml_8,你不要高声不要嚷，,13235250.156812448,0.2
lseh-YiLunMing-WenZhaoGuan-1.xml_3,谁知昭关有阻拦。,13260903.047376577,0.0
lsxp-DaHeYi-SiLangTanMu.xml_3,迈步且把宝帐（呀）进，,13268420.061799804,0.0
lseh-YiLunMing-WenZhaoGuan-2.xml_13,我好（呃）比波浪中失舵的舟船（喏）。,13276759.121514061,0.0
lseh-YangYanZhao-PengBei.xml_4,我本当将此事对他来论，,13290782.122041455,0.0
sdxp-WoHeNi-SiLangTanMu.xml_23,咱与你隔南北千里姻缘。,13297880.979251375,0.0
daeh-XiaoNuCai-SanNiangJiaoZi.xml_0,小奴才他一言问住我，,13310588.667833585,0.0
daxp-FeiShiWo-TaoHuaCun.xml_1,只怪你呆头呆脑慌慌张张。,13313867.526612995,0.0
daeh-ZuoChunGui-XiShi.xml_1,无限的闲愁恨尽上眉尖。,13321700.334442075,0.0
lsxp-QingGongYan-FaDongWu.xml_3,又谁知中途两离分。,13372536.29105861,0.0
sdxp-DangNianHan-SanJiZhang.xml_9,当年韩信与苏秦，,13376246.086990023,0.0
lsxp-JiangShenEr-SanJiaDian.xml_1,尊一声过往的宾朋听从头：,13404804.016271088,0.0
lsxp-WeiCengKai-QiYuanBao.xml_1,尊一声太爷听端详。,13449278.684927737,0.0
lseh-NiangZiBu-SouGuJiuGu.xml_13,哀求娘子（喏）舍亲（呐）生。,13449481.313592356,0.0
daeh-SunShangXiang-BieHuangGong.xml_7,阿斗儿行中途被子龙追还。,13466411.12130845,0.0
daxp-FeiShiWo-TaoHuaCun.xml_2,今夜晚非比那西厢待月、你懂提防、莫轻狂，,13470579.083751407,0.0
lsxp-YiShiWu-YuCangJian.xml_1,叹光明一去不回还（呐）；,13527078.033422098,0.2
lseh-YiLunMing-ZhuoFangSuDian.xml_1,陈宫心（呐）中乱如麻，,13527969.287889488,0.0
daxp-WoZhuYe-SiLangTanMu.xml_2,众卿随忙挂点亲率官员，,13529643.774194356,0.0
daeh-ZiNaRi-ErJinGong.xml_5,竟把我孤儿寡母当做了马牛。,13536861.616365915,0.0
lseh-YiLunMing-WenZhaoGuan-1.xml_13,我好（哇）比波浪中失舵的舟船（哪）。,13552795.14850057,0.0
lsxp-CiShiJian-HuaiHeYing-1.xml_7,（啊）生死二字（喏）且由他。,13569445.441391632,0.1
lseh-YiLunMing-WenZhaoGuan-1.xml_14,思来想去我的肝肠断，,13590728.347656231,0.0
daxp-LaoDieDie-YuZhouFeng.xml_5,却为何贪富贵不顾羞惭。,13614956.031245088,0.2
lsxp-WeiCengKai-QiYuanBao.xml_4,奉母命京城往，,13621587.487746181,0.0
lsxp-WeiCengKai-QiYuanBao.xml_7,借宿一宵起祸殃。,13656979.709254652,0.0
sdxp-DangNianHan-SanJiZhang.xml_6,句句话儿伤父心。,13668184.30369738,0.0
lseh-YiLunMing-WenZhaoGuan-1.xml_17,翻来覆去睡不（哇）安。,13684877.886105007,0.3
lseh-ZiNaRi-HongYangDong.xml_1,三更时梦（呃）见（呐）了年迈爹尊（呐）。,13694470.177549317,0.0
daeh-LiYanFei-ErJinGong.xml_1,想起了朝中事好不惨伤！,13726221.064482331,0.2
daeh-WuDuanQiao-BiYuZan.xml_2,独处闺房愁无限，,13743613.31120465,0.0
daxp-XiRiLiang-LongFengChengXiang.xml_2,暗地堪笑我兄长，,13751196.738304118,0.0
daxp-XiRiLi-LongFengChengXiang.xml_2,暗地堪笑奴兄长，,13786307.304221554,0.0
daeh-LiYanFei-ErJinGong.xml_3,想必是徐杨将进了昭阳。,13799536.264167283,0.0
daeh-ZiNaRi-ZhuangYuanMei-2.xml_6,百姓们闺房乐如花美眷，,13802676.052960742,0.0
sdxp-WoHeNi-SiLangTanMu.xml_7,萧天佐摆天门两国交战，,13837497.771817569,0.0
daeh-ZiNaRi-ZhuangYuanMei-2.xml_3,乱军中多亏他救我回还。,13865653.308025893,0.0
lsxp-LiangGuoJiao-ShiJieTing-2.xml_2,管带三（呐）军要宽厚，,13873224.6124421,0.0
daxp-XiRiLi-LongFengChengXiang.xml_0,昔日里梁鸿配孟光，,13873560.577221492,0.0
daxp-LaoDieDie-YuZhouFeng.xml_0,老爹爹发恩德将本修上，,13885765.279131725,0.0
daxp-DangRiLi-SuoLinNang.xml_19,还有那赤金链，紫瑛簪，白玉环，双凤錾，八宝钗钏一个个宝孕光含。,13894815.629526243,0.0
daeh-ZiNaRi-ZhuangYuanMei-1.xml_6,百姓们闺房乐如花美眷，,13949211.521637173,0.0
daxp-MengTingDe-MuiGuiYingGuaShuai.xml_4,有生之日责当尽，,13950184.846872848,0.0
daeh-NaRiFeng-YuanXiaoMi.xml_5,那厢流泪这厢啼。,13971234.52472935,0.0
lsxp-ZiGuDao-HuangHeLou.xml_2,曾记得当年赴河梁，,13997721.522230662,0.0
lsxp-DaHeYi-SiLangTanMu.xml_9,家住后山磁州郡，,13998916.52026285,0.0
lsxp-QingGongYan-FaDongWu.xml_0,庆功宴上把酒饮，,14038540.677891575,0.0
daxp-TingTaYan-ZuoGong.xml_1,十五载到今日才吐真言。,14100151.053276703,0.0
daxp-MengJunZi-ChunQiuPei-2.xml_4,身有病还受那继母拷打，,14106627.663006896,0.1
daxp-QiaoLouShang-HuangShanLei.xml_2,对孤灯思远道心神不定，,14172039.492376082,0.2
lseh-XuMaoGong-QinQiongFaPei.xml_0,徐茂公阴阳多奥妙，,14189081.25741028,0.0
lsxp-LiangGuoJiao-ShiJieTing-2.xml_4,此一番领（呃）兵去镇守，,14199317.035898536,0.0
daxp-ChunQiuTing-SuoLinNang.xml_10,轿内的人儿弹别调，,14225067.119618401,0.1
lsxp-ZhangGongDao-ZhuangYuanPu.xml_0,张公道三十五六（哇）子有靠，,14225398.420784943,0.0
daxp-ChunQiuTing-SuoLinNang.xml_30,麟儿那有神送到，,14233650.518937185,0.0
daeh-NaRiFeng-YuanXiaoMi.xml_0,那日风波平地起，,14279052.614353051,0.0
lsxp-ZiGuDao-HuangHeLou.xml_5,四将军保架料也无妨。,14286718.659856105,0.0
daxp-FeiShiWo-TaoHuaCun.xml_15,那就是来了我西厢带路的小红娘。,14318429.672232175,0.0
lseh-XinZhongYou-WenZhaoGuan.xml_19,父母的冤仇化尘烟，,14327553.255932022,0.0
lseh-YiLunMing-WenZhaoGuan-1.xml_27,鸡鸣犬吠五更（哪）天，,14340263.015395869,0.0
daxp-QiaoLouShang-HuangShanLei.xml_12,数更等交五鼓空房愈冷，,14340862.198487049,0.0
lseh-XinZhongYou-WenZhaoGuan.xml_11,鸡鸣犬吠五更（呃）天，,14415083.31588645,0.0
lsxp-ZhangGongDao-ZhuangYuanPu.xml_5,眼睁（呐）睁有何人去（呀）把纸烧。,14421094.418009965,0.1
lsxp-ZheYiFeng-DingJunShan.xml_6,向前各各有赏犒，,14421718.89908585,0.0
daeh-WangChunE-SanNiangJiaoZi.xml_3,老薛保好一似浪里舟船。,14433565.02881678,0.0
daeh-LiYanFei-DaBaoGuo.xml_8,赐你的上方剑朝房问话，,14450333.986897465,0.0
lsxp-ZouYingLong-DaYanSong.xml_6,我劝顽童你休流泪，免悲声，邹老爷就是尔的报仇人。,14474303.487266822,0.1
daeh-XiaoNuCai-SanNiangJiaoZi.xml_2,哭一声亡故夫在阴曹等我，,14481465.33448981,0.0
daeh-ZaoBuXing-HeHouMaDian.xml_11,两旁的文武臣珠泪如麻，,14496558.690378863,0.0
lsxp-WoBenShi-KongChengJi-1.xml_2,先帝呀爷下南阳御呀驾三请，,14523251.882779587,0.0
daeh-WangChunE-SanNiangJiaoZi.xml_7,等候了薛倚儿转回家园。,14546727.272010539,0.0
daxp-DiTouLi-NvQiJie.xml_5,与我那三郎把信传。,14555061.13715235,0.0
lsxp-CiShiJian-HuaiHeYing-1.xml_4,左手拉住了李左车，,14555727.054284366,0.0
sdxp-SuLongWei-WuJiaPo.xml_38,西凉的鞑子将你斩，,14602790.972216126,0.0
lsxp-ZheYiFeng-DingJunShan.xml_0,这一封（呃）书信来得巧，,14626298.55094774,0.0
daeh-ZiNaRi-ZhuangYuanMei-2.xml_4,这桩事闷得我柔肠百转，,14630059.992208654,0.0
daxp-ErTingDe-SuoLinNang.xml_30,小小囊儿何足道，,14650047.218255688,0.0
lseh-YiLunMing-WenZhaoGuan-1.xml_2,实指（惹）望到吴国借兵回转，,14680150.808328185,0.0
daxp-DangRiLi-SuoLinNang.xml_8,轿中人必定有一腔幽怨，,14689854.498838365,0.1
lseh-YiLunMing-WenZhaoGuan-1.xml_35,父母的冤仇化尘烟，,14711438.655244123,0.0
daxp-ErDeFu-HongNiGuan.xml_2,奴这里只把那结婚思量，,14714702.193423932,0.0
sdxp-WoHeNi-SiLangTanMu.xml_5,非是我这几日愁眉不展，,14721212.702128634,0.2
daeh-LiYanFei-ErJinGong.xml_2,耳边厢又听得朝靴响亮，,14780136.367838057,0.0
daxp-DuiLingHua-BiYuZan.xml_2,果然是成佳偶两心欢恋，,14790568.483973578,0.0
lsxp-ZheYiFeng-DingJunShan.xml_8,三军与（呀）爷归营号，,14806269.560301796,0.0
daxp-ChunQiuTing-SuoLinNang.xml_27,莫把姓名你信口晓，,14807798.598055538,0.0
lsxp-JianMaSu-ZhanMaSu.xml_1,不由老夫咬钢牙，,14848243.073841339,0.3
lsxp-DaHeYi-SiLangTanMu.xml_1,大喝一声（哪）如雷震，,14881435.734002886,0.0
daxp-DangRiLi-SuoLinNang.xml_9,她泪自弹、声续断、似杜鹃、啼别院、巴峡哀猿动人心弦，好不惨然。,14882550.651127357,0.3
daxp-MengJunZi-ChunQiuPei-1.xml_0,蒙君子至殷勤再三问话，,14884627.939857353,0.0
daeh-ZiNaRi-ZhuangYuanMei-1.xml_4,这桩事闷得我柔肠百转，,14930222.03344129,0.0
daeh-ZiNaRi-ZhuangYuanMei-1.xml_5,不知道他与我是否一般。,15021861.786205782,0.2
daxp-ChunQiuTing-SuoLinNang.xml_2,在隔帘只见这一花轿，,15032731.194610137,0.0
lseh-YiLunMing-ZhuoFangCao-2.xml_3,悔不该随他人到吕家。,15108678.793615548,0.3
lsxp-LiangGuoJiao-ShiJieTing-2.xml_0,两国交锋龙虎斗，,15119980.926314281,0.0
daxp-ChunQiuTing-SuoLinNang.xml_7,世上何尝尽富豪，,15141519.574837755,0.0
lseh-YiLunMing-WenZhaoGuan-1.xml_23,你就该把我献与昭关。,15157940.426448751,0.0
daxp-LaoDieDie-YuZhouFeng.xml_2,倘若是有道君皇恩浩荡，,15161983.759381495,0.0
daeh-ZaoBuXing-HeHouMaDian.xml_10,只骂得贼昏王无言对答。,15169320.92505141,0.0
lsxp-WoZhuYe-ZhuiHanXin.xml_1,拔剑斩蛇天下扬。,15169771.881900553,0.0
daxp-SuSanLi-NvQiJie.xml_3,过往的君子听我言。,15198358.313518014,0.0
lsxp-YiShiWu-YuCangJian.xml_0,一事无成两鬓斑，,15217242.584535128,0.0
lseh-XinZhongYou-WenZhaoGuan.xml_7,你就该把我献与昭关。,15220618.506912768,0.0
lseh-YiLunMing-WenZhaoGuan-1.xml_7,夜夜何曾得安眠。,15240984.551124321,0.0
lseh-YiLunMing-WenZhaoGuan-2.xml_7,夜夜何曾得安眠。,15240984.551124321,0.0
lseh-YiLunMing-WenZhaoGuan-1.xml_33,我本当拔宝剑自寻短见，,15256273.229738802,0.0
daxp-ErTingDe-SuoLinNang.xml_25,莫把姓名你信口哓。,15264888.254251668,0.0
daxp-ChenSanLiang-ChenSanLiangPaTang.xml_2,我本是被骗进的富春院，,15276192.77645732,0.0
daxp-ChunQiuTing-SuoLinNang.xml_8,亦有饥寒悲怀抱，,15284792.341882555,0.0
lsxp-ZiGuDao-HuangHeLou.xml_4,今日主公把宴上，,15301734.313457852,0.0
sdxp-WoHeNi-SiLangTanMu.xml_6,有一桩心腹事不敢明言。,15313432.621084657,0.2
lsxp-LiangGuoJiao-ShiJieTing-2.xml_5,靠山近水把管收。,15320178.182869775,0.0
lsxp-ZouYingLong-DaYanSong.xml_0,忽听得万岁宣应龙，,15332848.739456192,0.0
lsxp-CiShiJian-HuaiHeYing-2.xml_5,右手再把栾布拉，,15338993.52034695,0.0
lseh-YiLunMing-WenZhaoGuan-2.xml_14,思来想去我的肝肠断，,15382647.224792259,0.0
daxp-ChunQiuTing-SuoLinNang.xml_6,此时却又明白了，,15393949.832856089,0.0
lsxp-ZheYiFeng-DingJunShan.xml_2,站立在营门三军叫，,15398028.543191012,0.0
sdxp-DangNianHan-SanJiZhang.xml_18,大孝之人也受贫。,15441851.634185633,0.1
daeh-NuZiYou-TouJunBieYao.xml_2,但愿得去投军功名有望，,15449104.897210196,0.0
lsxp-DaHeYi-SiLangTanMu.xml_12,我母佘氏老太君。,15520195.739297584,0.0
lsxp-JianMaSu-ZhanMaSu.xml_0,见马谡（唩）跪帐下，,15562589.849404907,0.0
daeh-SunShangXiang-BieHuangGong.xml_3,留下了孙仲谋执掌江南。,15565635.024606274,0.0
lseh-NiangZiBu-SouGuJiuGu.xml_0,娘子不（哇）必太烈性，,15579999.659665527,0.2
lseh-ZiNaRi-HongYangDong.xml_7,去了我左右膀难以飞行。,15606189.875473145,0.0
daxp-LaoDieDie-DaYuShaJia-1.xml_0,老爹爹清晨起前去出前，,15701072.74509067,0.0
lsxp-WoZhuYe-ZhuiHanXin.xml_11,反将我主贬汉王。,15715909.279957673,0.0
sdxp-SuLongWei-WuJiaPo.xml_14,将银放在地平川。,15728644.345657535,0.0
daxp-QiaoLouShang-HuangShanLei.xml_0,谯楼上二更鼓声声送听，,15737844.391867517,0.0
sdeh-WenSanNiang-SanNiangJiaoZi.xml_1,问三娘发雷霆却是为何？,15779278.967297297,0.0
daxp-DuiLingHua-BiYuZan.xml_0,对菱花暗地里芳心自转，,15785359.408168394,0.0
lseh-YiLunMing-WenZhaoGuan-1.xml_11,我好比龙游在浅沙滩。,15797214.06277677,0.0
lsxp-JianMaSu-ZhanMaSu.xml_3,失去了街亭差不差。,15799768.80546326,0.2
daxp-ChunQiuTing-SuoLinNang.xml_32,小小囊儿何足道，,15805844.033784201,0.0
lsxp-ZouYingLong-DaYanSong.xml_8,上面坐的是有道君，,15809657.319642777,0.0
lsxp-WoZhuYe-ZhuiHanXin.xml_4,先进咸阳为皇上，,15861139.16017947,0.0
lseh-NiangZiBu-SouGuJiuGu.xml_7,老天爷不绝我的后代根。,15886087.51655167,0.2
lsxp-DaHeYi-SiLangTanMu.xml_27,听罢言来才知情，,15887800.68312401,0.0
daeh-XiaoNuCai-SanNiangJiaoZi.xml_3,等候了你妻子同见阎罗。,15892028.265098117,0.0
daeh-WangChunE-SanNiangJiaoZi.xml_2,春娥女好一此失群孤雁，,15898957.047843983,0.0
daxp-LaoDieDie-DaYuShaJia-2.xml_0,老爹爹清晨起前去出首，,15905804.136430338,0.0
sdxp-WoHeNi-SiLangTanMu.xml_29,怕你一去就不回还。,15916375.050155131,0.2
daxp-QiaoLouShang-HuangShanLei.xml_10,我不免引寒机伴奴坐等，,15921194.78581515,0.2
lsxp-YiShiWu-YuCangJian.xml_4,恨平王无道纲常乱，,15927812.240637707,0.0
daeh-ZaoBuXing-HeHouMaDian.xml_8,只骂得贼昏王装聋作哑，,15940082.98050474,0.0
daxp-TingTaYan-ZuoGong.xml_4,我这里走向前再把礼见，,15945979.685872035,0.0
daeh-WangChunE-SanNiangJiaoZi.xml_6,将身儿来至在机房织绢，,15947610.837921465,0.1
daxp-ChunQiuTing-SuoLinNang.xml_20,人情冷暖凭天造，,15959907.06185192,0.1
lseh-WeiKaiYan-RangXuZhou.xml_3,老朽年迈我也不能够担承。,15972880.019274643,0.2
daeh-ZiNaRi-ZhuangYuanMei-2.xml_5,不知道他与我是否一般。,15982698.149171274,0.2
daxp-SuSanLi-NvQiJie.xml_5,与我那三郎把信传。,16005897.264050988,0.0
daeh-TanHongYan-HuoXiaoYu.xml_2,薄幸冤家音信无有，,16011329.261870435,0.0
daxp-LaoDieDie-SanJiZhang-2.xml_0,老爹爹请息怒容儿细讲，,16012847.76737575,0.0
lseh-YiLunMing-ZhuoFangCao-1.xml_3,悔不该随他人到吕家，,16070874.708253164,0.3
daeh-ZaoBuXing-HeHouMaDian.xml_7,贼好比那司马师搅乱中华。,16155723.339898543,0.0
daeh-SunShangXiang-BieHuangGong.xml_5,又谁知弄假成真反配凤鸾。,16158673.919693762,0.0
sdxp-DangNianHan-SanJiZhang.xml_3,小奴才真个不孝顺，,16177010.567407822,0.2
daeh-ZiNaRi-ZhuangYuanMei-1.xml_9,宋天子主婚姻此事成全。,16217248.259700844,0.0
lsxp-ZheYiFeng-DingJunShan.xml_3,大小儿郎听根苗，,16222870.17058707,0.0
daxp-DangRiLi-SuoLinNang.xml_12,那时节奴妆奁不下百万，,16226518.259563403,0.2
daeh-ZaoBuXing-HeHouMaDian.xml_5,贼好比曹阿瞒半点不差，,16273944.105583105,0.2
lsxp-JiangShenEr-SanJiaDian.xml_11,儿行千里母担忧。,16312435.34516757,0.0
lseh-YiLunMing-WenZhaoGuan-2.xml_11,我好比龙游在浅沙滩。,16318962.454320287,0.0
daxp-FeiShiWo-TaoHuaCun.xml_16,你把我当做诸葛亮，,16400285.541240582,0.0
daeh-ZiNaRi-ZhuangYuanMei-2.xml_9,宋天子主婚姻此事成全。,16412998.757955298,0.0
sdxp-WoHeNi-SiLangTanMu.xml_19,我若探母不回转，,16416433.967207968,0.2
daxp-QiaoLouShang-HuangShanLei.xml_11,又思来又想去越不安宁。,16443967.010947948,0.2
lsxp-LiangGuoJiao-ShiJieTing-1.xml_5,靠山近水把营收。,16450672.713804757,0.0
daxp-ErDeFu-HongNiGuan.xml_0,儿的父为国家阵前命丧，,16468065.330150617,0.0
sdeh-WenSanNiang-SanNiangJiaoZi.xml_5,实指望教训他终身有靠，,16505969.019358605,0.1
daxp-DangRiLi-SuoLinNang.xml_17,红珊瑚碧翡翠样样倶全。,16538315.64435228,0.0
daeh-ZiNaRi-ZhuangYuanMei-1.xml_11,但愿得杨六郎心如石坚，,16589478.98162694,0.0
daeh-ZiNaRi-ZhuangYuanMei-1.xml_1,行不安坐不宁情态缠绵。,16649553.265555352,0.2
daeh-LiYanFei-DaBaoGuo.xml_4,将江山让太师权且代贺，,16681905.759301033,0.0
daeh-ZaoBuXing-HeHouMaDian.xml_12,搬一把金交椅娘且坐下，,16699534.10625,0.0
daeh-ZaoBuXing-HeHouMaDian.xml_1,贼昏王篡了位谋乱邦家。,16733504.253715225,0.0
lsxp-CiShiJian-HuaiHeYing-2.xml_0,此时间不可闹笑话，,16740426.876187861,0.2
sdxp-DangNianHan-SanJiZhang.xml_21,不能、不能、是万不能！,16744481.231746633,0.2
daeh-ZaoBuXing-HeHouMaDian.xml_3,反倒说为嫂我拦阻有差，,16779670.601010833,0.0
daxp-ChunQiuTing-SuoLinNang.xml_9,也有失意痛哭嚎啕，,16784243.55959312,0.0
sdeh-WenSanNiang-SanNiangJiaoZi.xml_4,背转身来哭嚎啕。,16787425.253562737,0.1
lseh-TuZeiZuo-SouGuJiuGu.xml_2,眼见得忠良无救应，,16836967.56831939,0.0
lsxp-ZiCongQian-ZhuLianZhai.xml_3,为千岁懒观五凤楼。,16852884.796571568,0.0
daeh-ZiNaRi-ZhuangYuanMei-1.xml_10,但愿得令公令婆别无异见，,16858886.200282633,0.0
daxp-FeiShiWo-TaoHuaCun.xml_14,倘若是你响她也响，,16871244.959089965,0.0
lsxp-WeiCengKai-QiYuanBao.xml_9,望求太爷与我作主张（啊）。,16873541.732659444,0.0
lsxp-YiZhuangZhuang-QunYingHui.xml_0,一桩桩一件件倶已办就，,16949842.745695036,0.0
daxp-ErTingDe-SuoLinNang.xml_27,自把珠玉夸富豪。,16958389.86900576,0.0
daxp-MuQinBu-FengHuanChao.xml_4,人生不知顾脸面，,16958836.282820728,0.3
sdxp-WoHeNi-SiLangTanMu.xml_27,你要见高堂母我不阻拦。,17006517.73817505,0.2
daxp-ErTingDe-SuoLinNang.xml_10,蠢才问话太潦草，,17048676.11298247,0.0
daxp-DangRiLi-SuoLinNang.xml_4,那花轿必定是因陋就简，,17155161.154854618,0.0
lsxp-ZouYingLong-DaYanSong.xml_11,我本当金（哪）殿奏一本怎奈我官卑职小不能够参大臣。,17194250.665643897,0.2
daxp-LaoDieDie-SanJiZhang-1.xml_0,老爹爹请息（呀）怒容儿细讲，,17200070.952978805,0.0
lseh-NiangZiBu-SouGuJiuGu.xml_12,无奈何我只得双（呃）膝跪，,17209841.513001353,0.0
daeh-SunShangXiang-BieHuangGong.xml_4,与周郎定巧计把皇叔来骗，,17244749.01898199,0.0
lsxp-LiangGuoJiao-ShiJieTing-1.xml_0,两国交（哇）锋龙虎斗，,17268640.43435984,0.0
daeh-ZiNaRi-ErJinGong.xml_3,太师爷一心心想篡龙楼。,17366156.72128749,0.0
daeh-LiYanFei-DaBaoGuo.xml_6,写文约我且把玉玺打下，,17371346.212727644,0.0
daeh-WangChunE-SanNiangJiaoZi.xml_5,每日里在书房苦读圣贤。,17423204.97689036,0.0
daeh-LiYanFei-ErJinGong.xml_0,李艳妃坐昭阳自思自想，,17434773.109894723,0.0
lsxp-ZheYiFeng-DingJunShan.xml_4,头通（呃）鼓紧战袍，,17512890.817124475,0.0
daxp-ChenSanLiang-ChenSanLiangPaTang.xml_4,诗书易礼都学会，,17517917.592440583,0.0
daeh-ZiNaRi-ZhuangYuanMei-1.xml_12,但愿得状元媒月老引线，,17587957.130843848,0.0
daeh-SunShangXiang-BieHuangGong.xml_0,孙尚香坐宫院自思自叹，,17621893.706745412,0.0
daeh-TanHongYan-HuoXiaoYu.xml_4,枕边泪（呀）共（那）阶前雨，,17714407.208271317,0.0
daeh-ZiNaRi-ZhuangYuanMei-2.xml_10,但愿得令公令婆别无意见，,17718961.24418089,0.0
lsxp-CiShiJian-HuaiHeYing-1.xml_2,在长安是你夸大话，,17724332.582950708,0.0
lsxp-ZiCongQian-ZhuLianZhai.xml_5,望千岁恕学生礼貌不周。,17746184.980191838,0.2
lseh-YiLunMing-WenZhaoGuan-2.xml_2,实指望到吴国借兵回转，,17774451.07701118,0.0
lsxp-WeiCengKai-QiYuanBao.xml_8,赵大夫妻图财害命害我一命亡，,17885251.120670564,0.0
lsxp-DaHeYi-SiLangTanMu.xml_29,众将与爷忙掩（哪）门，,17947996.615853664,0.0
lseh-YiLunMing-ZhuoFangSuDian.xml_3,悔不该随他人到吕家。,17964019.49201204,0.3
lsxp-ZuoRiLi-YuanMenZhanZi.xml_2,今日里斩宗保娘把儿怪，,18024487.062206406,0.0
lseh-YangYanZhao-PengBei.xml_1,在中途得一信甚是不明。,18061329.396877643,0.2
lseh-YiLunMing-ZhuoFangCao-1.xml_12,听谯楼打罢了二（喏）更鼓下，,18109455.738474313,0.0
daeh-NaRiFeng-YuanXiaoMi.xml_6,我今绝少人生趣，,18115993.85285649,0.1
daeh-WuDuanQiao-BiYuZan.xml_0,无端巧计将人陷，,18153074.000315,0.1
sdxp-WoHeNi-SiLangTanMu.xml_11,公主虽然不阻拦，,18156669.33207037,0.2
sdxp-SuLongWei-WuJiaPo.xml_25,苏龙魏虎是内亲。,18171926.439199876,0.0
lsxp-ZiCongQian-ZhuLianZhai.xml_0,自从千岁离朝后，,18221715.786095593,0.0
daeh-WuDuanQiao-BiYuZan.xml_6,一心早想寻短见，,18252754.82679224,0.0
lsxp-DaHeYi-SiLangTanMu.xml_5,弟兄们分别十五春，,18285803.26925484,0.0
lseh-WeiKaiYan-RangXuZhou.xml_2,二犬子（呃）皆年幼（哇）难当（呃）重任，,18296016.87716239,0.0
daxp-ErTingDe-SuoLinNang.xml_6,梅香说话好颠倒，,18373322.244323608,0.0
daxp-DiTouLi-NvQiJie.xml_3,过往的君子听我言。,18384302.28711866,0.0
lsxp-WeiCengKai-QiYuanBao.xml_3,姓刘名安字世昌。,18478419.832616728,0.0
daeh-WangChunE-SanNiangJiaoZi.xml_0,王春娥坐草堂自思自叹，,18479290.248952676,0.0
daxp-ErTingDe-SuoLinNang.xml_19,谁能移动它半分毫。,18495485.874481183,0.0
daxp-WoZhuYe-SiLangTanMu.xml_4,叫番儿忙摆驾银安殿，,18505732.473896515,0.0
daxp-ChunQiuTing-SuoLinNang.xml_4,吉日良辰当欢笑，,18522001.535541277,0.0
daeh-WuDuanQiao-BiYuZan.xml_4,今生若被郎轻贱，,18523475.811146885,0.0
lseh-XinZhongYou-WenZhaoGuan.xml_2,背地里只把东皋公怨，,18558172.0850485,0.0
daxp-MengTingDe-MuiGuiYingGuaShuai.xml_7,我一剑能挡百万兵。,18569025.626548517,0.0
lsxp-WeiCengKai-QiYuanBao.xml_2,家住在南阳太平庄，,18697191.628685787,0.0
daeh-CanQiQi-WuLongZuo.xml_0,惨凄凄唤苍天天不应响，,18798196.21343114,0.2
daeh-ZiNaRi-ErJinGong.xml_8,李艳妃坐昭阳自思自想，,18901652.88958972,0.0
sdxp-SuLongWei-WuJiaPo.xml_21,为军起下不良的意呀，,18922201.298911713,0.2
lsxp-WoBenShi-KongChengJi-2.xml_0,我本是卧龙岗散淡（呐）的人，,19067054.34310572,0.1
lsxp-DaHeYi-SiLangTanMu.xml_20,见一番汉帐中行。,19085043.341612816,0.0
lsxp-DaHeYi-SiLangTanMu.xml_31,走上前来忙松捆，,19148209.722032532,0.0
lseh-XuMaoGong-QinQiongFaPei.xml_4,是是是（呀）来我明白了，,19201312.961932108,0.0
lsxp-WeiCengKai-QiYuanBao.xml_6,行至在中途把雨降，,19208927.446439795,0.0
lseh-XinZhongYou-WenZhaoGuan.xml_15,到如今夜宿在荒村院，,19284243.890240323,0.0
lseh-YiLunMing-WenZhaoGuan-1.xml_31,到如今夜宿在荒村院，,19284243.890240323,0.0
daeh-ZaoBuXing-HeHouMaDian.xml_2,把一个皇太子逼死殿下，,19284957.215840098,0.0
daeh-ZuoChunGui-XiShi.xml_0,坐春闺只觉得光明似箭，,19300672.492841896,0.0
daeh-ZiNaRi-ZhuangYuanMei-2.xml_0,自那日与六郎阵前相见，,19314921.47750891,0.0
lseh-NiangZiBu-SouGuJiuGu.xml_6,舍子搭救忠（呃）良的后，,19323149.36923023,0.0
daxp-ChunQiuTing-SuoLinNang.xml_29,自把珠玉夸富豪，,19385177.862035085,0.0
lsxp-LiangGuoJiao-ShiJieTing-1.xml_4,此一番领兵去镇守，,19401807.63007794,0.0
lseh-XinZhongYou-WenZhaoGuan.xml_13,想当初在朝为官宦，,19431843.97934191,0.0
lseh-YiLunMing-WenZhaoGuan-1.xml_29,想当初在朝为官宦，,19431843.97934191,0.0
daxp-DangRiLi-SuoLinNang.xml_18,还有那夜明珠粒粒成串，,19451805.941659432,0.0
lsxp-WoZhuYe-ZhuiHanXin.xml_8,一路上秋毫无犯军威壮，,19457330.405435435,0.0
lsxp-LiangGuoJiao-ShiJieTing-1.xml_2,管待三（哪）军要宽厚，,19466862.7013039,0.0
lsxp-CiShiJian-HuaiHeYing-2.xml_2,在长安是你夸大话，,19512902.623317156,0.0
daxp-WoZhuYe-SiLangTanMu.xml_1,众文武扶哀家执掌军房。,19520705.15504965,0.0
sdxp-SuLongWei-WuJiaPo.xml_20,为何来在大道边。,19593978.42962818,0.0
lseh-JinZhongXiang-ShangTianTai.xml_3,武仗着姚皇兄保定乾坤。,19751911.3889697,0.0
lsxp-ZouYingLong-DaYanSong.xml_3,偶遇见小小的顽童放悲声，,19770655.037636083,0.0
daxp-TingTaYan-ZuoGong.xml_6,早晚间休怪我言语怠慢，,19814880.288291354,0.0
lseh-ZiNaRi-HongYangDong.xml_8,为此事终（啊）日里忧成疾病，,19816992.239431698,0.0
sdxp-SuLongWei-WuJiaPo.xml_22,一马双跨到西凉。,19831754.02544505,0.0
lseh-WeiGuoJia-HongYangDong-2.xml_1,我也曾平服了塞北西东。,19839373.913759522,0.0
sdxp-WoHeNi-SiLangTanMu.xml_4,誓不忘贤公主恩重如山。,19869405.093091674,0.2
lseh-YiLunMing-WenZhaoGuan-1.xml_18,背地里只把东皋公怨，,19871609.530735288,0.0
lseh-WeiGuoJia-HongYangDong-3.xml_1,我也曾平服了塞北西东。,19881005.3341756,0.0
lsxp-TingTaYan-ZhuoFangCao-1.xml_0,听他言听得我心（呐）惊胆怕，,19892531.724328253,0.0
lsxp-TingTaYan-ZhuoFangCao-2.xml_0,听他言吓得我心（呐）惊胆怕，,19892531.724328253,0.0
lseh-YiLunMing-ZhuoFangCao-1.xml_23,我岂肯放虎归山又（哇）把人抓。,19896601.677113794,0.1
daxp-ErTingDe-SuoLinNang.xml_2,莫不是夫郎丑难谐女貌，,19905875.43689689,0.2
sdxp-SuLongWei-WuJiaPo.xml_11,好一个贞节王宝钏，,19955531.098559313,0.0
lseh-XuMaoGong-QinQiongFaPei.xml_2,既是为我前来到，,19962190.79852347,0.0
daeh-NuZiYou-TouJunBieYao.xml_0,奴自幼在闺阁娇生惯养，,19979268.720258825,0.0
daxp-DiTouLi-NvQiJie.xml_1,将身来在大街前。,19988886.87449206,0.1
dldeh-ShouBiPo-ChunQiuPei.xml_1,受逼迫去捡柴泪如雨下，,20047832.082053605,0.0
daxp-ErTingDe-SuoLinNang.xml_1,同遇人为什么这样嚎啕。,20071775.27869046,0.1
daxp-MuQinBu-FengHuanChao.xml_0,母亲不必心太偏，,20071921.2527395,0.2
lsxp-CiShiJian-HuaiHeYing-2.xml_4,左手拉住了李左车，,20088482.587148413,0.0
daeh-NaRiFeng-YuanXiaoMi.xml_2,舅父前来出主意，,20120838.172651175,0.0
daxp-DiTouLi-NvQiJie.xml_2,未曾开言我心好惨，,20140255.493367277,0.0
lsxp-ZuoRiLi-YuanMenZhanZi.xml_0,昨日里斩八将头挂营外，,20143769.330191895,0.0
lsxp-DaHeYi-SiLangTanMu.xml_15,六弟下位把兄认，,20207264.991555326,0.0
lsxp-ZuoRiLi-YuanMenZhanZi.xml_1,老娘亲为什么不讲情来？,20321443.410783373,0.2
daeh-LiYanFei-DaBaoGuo.xml_5,候幼主成了龙原业归家。,20401229.28149733,0.0
lseh-YiLunMing-ZhuoFangCao-1.xml_21,贼好比猛虎未（呀）曾长牙，,20406586.67519774,0.0
lsxp-WoZhuYe-ZhuiHanXin.xml_9,我也曾约法定过三章。,20420557.247172173,0.0
lsxp-WoBenShi-KongChengJi-1.xml_0,我本是卧龙岗散淡哪的人，,20430714.98890136,0.1
sdxp-SuLongWei-WuJiaPo.xml_15,这锭银、三两三，,20431106.46088198,0.0
daxp-ChunQiuTing-SuoLinNang.xml_21,谁能移动他半分毫。,20489385.876925994,0.0
daxp-FeiShiWo-TaoHuaCun.xml_12,响一声你就还一掌，,20517396.84274573,0.0
lseh-XinZhongYou-WenZhaoGuan.xml_16,我冷冷清清向谁言（呃）。,20551979.90247952,0.0
lseh-YiLunMing-WenZhaoGuan-1.xml_32,我冷冷清清向谁言（哪）。,20560171.01821683,0.0
lseh-XinZhongYou-WenZhaoGuan.xml_6,贪图富贵来害我，,20587765.2075137,0.0
daxp-LaoDieDie-DaYuShaJia-1.xml_2,将身儿坐至在草堂等候，,20614605.355601165,0.1
lseh-XiRiLi-BaoLianDeng.xml_11,留得美名万古存，,20643833.723391652,0.0
lseh-YiLunMing-WenZhaoGuan-1.xml_20,若是真心来救我，,20660436.305669885,0.0
lseh-XinZhongYou-WenZhaoGuan.xml_4,若是真心来救我，,20660436.305669885,0.0
lsxp-YiShiWu-YuCangJian.xml_2,日月轮流催晓（哇）箭，,20661561.85768677,0.0
lsxp-WoBenShi-KongChengJi-2.xml_8,闲无（呃）事在敌楼（呃）我亮一亮琴（呢）音，,20666976.82628853,0.0
daxp-ChunQiuTing-SuoLinNang.xml_14,莫不是夫郎丑难谐女貌？,20721289.412284702,0.2
lseh-YiLunMing-ZhuoFangCao-1.xml_5,杀猪（喏）沽（哇）酒款待于他，,20773334.693006698,0.0
lseh-ZiNaRi-HongYangDong.xml_3,那乃是萧天佐以（呀）假成真；,20826926.30312586,0.0
lseh-YiLunMing-WenZhaoGuan-1.xml_24,哭一声爹娘不能相见，,20843829.277354795,0.2
lseh-XuMaoGong-QinQiongFaPei.xml_3,缘何不救我出笼牢。,20854384.150748238,0.2
daxp-DangRiLi-SuoLinNang.xml_5,隔帘儿我也曾侧目偷观。,20860269.119721424,0.0
daxp-ErTingDe-SuoLinNang.xml_11,难免怀疑在心梢。,20871646.555873364,0.0
lsxp-ZouYingLong-DaYanSong.xml_12,罢、罢、罢，暂且忍却我的心头恨，,20883673.73009503,0.0
daxp-LaoDieDie-DaYuShaJia-2.xml_2,将身儿坐至在草堂等候，,20917536.243508454,0.1
daxp-MengTingDe-MuiGuiYingGuaShuai.xml_1,唤起我破天门状志凌云。,20930234.89263857,0.0
daxp-XiShiNv-XiShi.xml_2,只为着守清寒柴门近水，,20968702.133120168,0.0
lseh-XiRiLi-BaoLianDeng.xml_3,传口诏命次子即位为君，,20972641.969480168,0.0
lseh-LaoZhangBu-WuPenJi.xml_1,我有言来你是（喏）听。,20992481.28126762,0.0
daxp-DangRiLi-SuoLinNang.xml_20,这囊儿虽非是千古罕见，,21014839.10902885,0.0
lseh-WeiGuoJia-HongYangDong-1.xml_1,我也曾平服了塞北西东。,21117800.453891244,0.0
daeh-ZiNaRi-ErJinGong.xml_4,他那里父女情全然无有，,21171747.12629245,0.0
lsxp-HenPingWang-WenZhaoGuan.xml_0,恨平王无道乱楚宫（兀），,21175269.77723049,0.0
lseh-YiLunMing-WenZhaoGuan-1.xml_22,贪图富贵来害我，,21180325.964828726,0.0
daxp-ErTingDe-SuoLinNang.xml_8,怜贫济困是正道，,21183882.572167143,0.0
daeh-LiYanFei-ErJinGong.xml_4,有几句话儿我不好言讲，,21222874.521827176,0.2
lsxp-WoBenShi-KongChengJi-2.xml_6,周文王访姜尚周室大振，,21330621.0868435,0.0
sdeh-WenSanNiang-SanNiangJiaoZi.xml_3,老薛保你不必苦哀告，,21343064.59412825,0.2
lsxp-DaHeYi-SiLangTanMu.xml_19,本帅帐中用目睁，,21385591.520230215,0.0
lsxp-WeiCengKai-QiYuanBao.xml_5,贩卖绸缎转还乡。,21405304.331601482,0.0
sdxp-SuLongWei-WuJiaPo.xml_26,你我同把相府进，,21424124.511798117,0.0
lsxp-WeiCengKai-QiYuanBao.xml_0,未曾开言泪汪汪，,21446117.406712107,0.0
daxp-FeiShiWo-TaoHuaCun.xml_9,你必须眼观六路耳听八方。,21451408.693181276,0.0
sdxp-WoHeNi-SiLangTanMu.xml_9,我有心回宋营见母一面，,21635338.768115256,0.0
daxp-SuSanLi-NvQiJie.xml_1,将身来在大街前。,21734991.991075873,0.1
daxp-MuQinBu-FengHuanChao.xml_3,女儿清白最为先。,21755107.66304563,0.0
daxp-SuSanLi-NvQiJie.xml_2,未曾开言心内惨，,21787934.383934,0.0
lseh-YiLunMing-ZhuoFangCao-2.xml_9,年迈老丈命染黄沙。,21946205.74616508,0.0
daeh-XiaoNuCai-SanNiangJiaoZi.xml_4,怒气不息在机房闷坐，,22110729.649690893,0.2
daeh-ZiNaRi-ZhuangYuanMei-2.xml_12,但愿得状元媒月老引线，,22151201.963026647,0.0
daxp-LaoDieDie-SanJiZhang-2.xml_2,父道那薛平贵是那化郎模样，,22154646.87145264,0.0
lsxp-CiShiJian-HuaiHeYing-1.xml_5,右手再把栾布拉。,22161017.12893523,0.0
lsxp-ZuoRiLi-YuanMenZhanZi.xml_4,叫焦赞将宝剑悬挂帐外，,22211302.29964047,0.0
lseh-YiLunMing-ZhuoFangCao-2.xml_2,悔不该心猿并意马，,22248835.40660952,0.2
lsxp-WoZhuYe-ZhuiHanXin.xml_12,今日里萧何荐良将，,22274882.411470555,0.0
lseh-XiRiLi-BaoLianDeng.xml_14,打死了别家子父能作主，,22331434.511815477,0.0
daeh-LiYanFei-DaBaoGuo.xml_0,李艳妃设早朝龙书案下，,22338567.77224226,0.0
lsxp-CiShiJian-HuaiHeYing-1.xml_3,为什么事到如今耍奸滑。,22415411.73061246,0.0
lseh-XiRiLi-BaoLianDeng.xml_9,那叔齐逃出了后宰门，,22459570.829133738,0.0
lsxp-ZouYingLong-DaYanSong.xml_5,他言道严嵩老贼害他的举家一满门。,22514229.19579599,0.0
lseh-YiLunMing-ZhuoFangCao-2.xml_8,一家人倶丧在宝剑之下，,22762476.1826648,0.1
lsxp-WoBenShi-KongChengJi-2.xml_7,我诸葛怎比得前辈（呃）的先（呃）生。,22769205.686819464,0.0
lsxp-JiangShenEr-SanJiaDian.xml_3,二不是歹人（呐）把城偷。,22775975.49346086,0.3
daeh-ZaoBuXing-HeHouMaDian.xml_4,贼好比王莽贼称孤道寡，,22793020.691137403,0.0
lsxp-WoZhuYe-ZhuiHanXin.xml_15,扬尘舞蹈见大王。,22871612.63672385,0.0
sdxp-SuLongWei-WuJiaPo.xml_16,送与大嫂把家安。,22896054.388458222,0.0
lseh-WeiKaiYan-RangXuZhou.xml_4,望使君放开怀慨然（呐）应（呐）允，,22918448.856040683,0.0
lseh-NiangZiBu-SouGuJiuGu.xml_2,赵屠二家有仇恨，,23002159.38500998,0.0
daxp-TingTaYan-ZuoGong.xml_2,原来是杨家将把名姓改换，,23016475.87698063,0.0
lseh-YangYanZhao-PengBei.xml_5,又恐怕惊动了年迈之人。,23038527.020654317,0.1
lsxp-JiangShenEr-SanJiaDian.xml_8,实难舍街坊四邻与我的好朋友，,23083818.39079273,0.0
sdxp-SuLongWei-WuJiaPo.xml_7,大嫂说话礼不端，,23103619.50931516,0.2
sdxp-WoHeNi-SiLangTanMu.xml_3,杨廷辉有一日愁眉得展，,23196150.318809852,0.0
daeh-ZiNaRi-ErJinGong.xml_12,有一句话儿不好言讲，,23204426.63271012,0.2
daxp-ChunQiuTing-SuoLinNang.xml_13,同遇人为什么这样嚎啕？,23207959.702320404,0.1
lsxp-JiangShenEr-SanJiaDian.xml_7,舍不得衙役们众班头。,23249867.374053024,0.2
lseh-NiangZiBu-SouGuJiuGu.xml_8,你今舍了亲生子，,23539460.965050098,0.0
lseh-TuZeiZuo-SouGuJiuGu.xml_1,诬杀赵家一满门。,23570065.620306637,0.0
lseh-XinZhongYou-WenZhaoGuan.xml_8,哭一声爹娘不能相见，,23605395.90613896,0.2
daeh-ZiNaRi-ErJinGong.xml_0,自那日与徐杨决裂以后，,23614169.57583951,0.0
daeh-TanHongYan-HuoXiaoYu.xml_0,叹红颜薄命前生就，,23635444.111305878,0.0
sdxp-WoHeNi-SiLangTanMu.xml_8,我的娘押粮草来到北番。,23662364.32984061,0.0
sdxp-WoHeNi-SiLangTanMu.xml_28,有心赠你金鈚箭，,23770772.592277348,0.0
daxp-MengTingDe-MuiGuiYingGuaShuai.xml_2,想当年桃花马上威风凛凛，,23781023.922406103,0.0
lseh-YiLunMing-ZhuoFangCao-1.xml_24,执宝剑将贼的（呀）头割下，,23809353.54939438,0.0
daeh-ZiNaRi-ZhuangYuanMei-2.xml_2,在潼台被贼擒性命好险，,23812706.657895625,0.0
lseh-XiRiLi-BaoLianDeng.xml_5,那伯夷尊父命也不能应承，,23883458.07891885,0.2
lseh-XinZhongYou-WenZhaoGuan.xml_5,为何几日他不言，,24038141.36518419,0.2
lseh-NiangZiBu-SouGuJiuGu.xml_4,我与那公孙杵臼把计定，,24153995.85500919,0.0
daxp-FeiShiWo-TaoHuaCun.xml_6,鼓打二更准时往，,24197416.92605021,0.0
lsxp-JiangShenEr-SanJiaDian.xml_9,舍不得老娘（呃）白了头。,24213299.54516762,0.2
daxp-QiaoLouShang-HuangShanLei.xml_14,我不免唤琏儿到街前探问，,24326532.246670976,0.2
daxp-MuQinBu-FengHuanChao.xml_2,自古常言道得好，,24343943.67346357,0.0
lseh-YiLunMing-WenZhaoGuan-2.xml_12,我好（呃）比鱼儿吞了钩线，,24381261.22233699,0.0
lseh-JinZhongXiang-ShangTianTai.xml_5,又听得殿角下大放悲声。,24477302.785992824,0.0
lseh-YiLunMing-ZhuoFangCao-2.xml_5,杀猪沽酒款待与他。,24572715.810421266,0.0
lsxp-CiShiJian-HuaiHeYing-2.xml_3,为什么事到如今耍奸滑？,24625512.232858893,0.0
lseh-YiLunMing-WenZhaoGuan-1.xml_12,我好（哇）比鱼儿吞了钩线，,24663358.581149507,0.0
lsxp-WoBenShi-KongChengJi-1.xml_8,闲无哇事在敌楼哇我亮（呃）一亮琴哪音，,24673234.093489025,0.0
lsxp-JiangShenEr-SanJiaDian.xml_14,眼见得红日坠落在西山后，,24753809.876944114,0.0
daeh-ZaoBuXing-HeHouMaDian.xml_13,你叔王不让位再去骂他。,24808706.627501458,0.2
lsxp-DaHeYi-SiLangTanMu.xml_23,本帅开言把他问，,24872259.024541304,0.0
daxp-XiRiLi-LongFengChengXiang.xml_4,月老本是乔国丈，,24878875.334934074,0.0
daeh-SunShangXiang-BieHuangGong.xml_8,恨只恨我兄长把事错办，,24889739.416506123,0.0
lsxp-ZheYiFeng-DingJunShan.xml_1,天助黄忠成功劳。,24928429.32741536,0.0
sdxp-DangNianHan-SanJiZhang.xml_11,淮阴漂母救韩信，,24948475.97894602,0.0
lsxp-WoZhuYe-ZhuiHanXin.xml_7,一路上得遇陆贾、郦生与张良。,24962630.42205454,0.0
dldeh-ShouBiPo-ChunQiuPei.xml_7,全（呐）不顾你身有病气力不佳。,24966077.273184165,0.3
lsxp-WoBenShi-KongChengJi-1.xml_6,周文王访姜尚周室大振，,25037561.521997035,0.0
daxp-ErTingDe-SuoLinNang.xml_12,你不该人前逞骄傲，,25070485.598483644,0.3
sdxp-SuLongWei-WuJiaPo.xml_19,是烈女就该在家院，,25095343.388983123,0.0
daeh-NaRiFeng-YuanXiaoMi.xml_4,母女隔断三千里，,25221226.160675157,0.0
lseh-XiRiLi-BaoLianDeng.xml_10,首阳山前冻饿死（喏）。,25293371.197104864,0.0
daeh-ZiNaRi-ZhuangYuanMei-1.xml_0,自那日与六郎姻缘相见，,25477690.46903361,0.0
lseh-YiLunMing-ZhuoFangCao-1.xml_20,贼好比蛟龙未生鳞甲，,25612020.90366369,0.0
daxp-ChunQiuTing-SuoLinNang.xml_28,这都是神话凭空造，,25666764.846485298,0.0
lsxp-DaHeYi-SiLangTanMu.xml_13,十五年前沙滩会，,25778755.75977369,0.0
lsxp-ZouYingLong-DaYanSong.xml_4,我问顽童啼哭因何故，,25799056.48007937,0.0
lsxp-WoZhuYe-ZhuiHanXin.xml_3,两路分（呐）兵定咸阳。,25822347.09138498,0.0
daxp-ErTingDe-SuoLinNang.xml_26,这都是神话凭空造，,25826698.577352837,0.0
lsxp-WoBenShi-KongChengJi-1.xml_7,俺诸（喏）葛怎比得前辈呀的先哪生。,25882024.843455337,0.0
daeh-ZiNaRi-ZhuangYuanMei-1.xml_2,在潼台被贼擒在命好险，,25927560.61888985,0.0
lseh-YiLunMing-ZhuoFangCao-1.xml_25,险些儿把事（喏）又（哇）作差。,26226634.652728874,0.0
lseh-YiLunMing-WenZhaoGuan-1.xml_21,为何几日他不言。,26274810.968912013,0.2
lsxp-WoBenShi-KongChengJi-1.xml_3,算就了汉家的业鼎足哇三分。,26448530.985014405,0.0
daxp-FeiShiWo-TaoHuaCun.xml_5,怎能够粗心大意你再荒唐。,26461926.731713433,0.0
daxp-ChunQiuTing-SuoLinNang.xml_16,叫梅香你把那好言相告，,26491440.372116268,0.0
lseh-XinZhongYou-WenZhaoGuan.xml_17,我本当拔宝剑自寻短见，,26720388.63529415,0.0
lseh-XinZhongYou-WenZhaoGuan.xml_3,叫人难解巧机关。,26920685.599551354,0.1
daxp-ErTingDe-SuoLinNang.xml_4,叫梅香你把那好言相告，,26992675.571204215,0.0
lseh-YangYanZhao-PengBei.xml_3,又只见老爹爹瞌睡沉沉。,27024876.56444892,0.2
lseh-ZiNaRi-HongYangDong.xml_4,二次（喏）里命孟良番营来进，,27184306.893411987,0.0
lseh-YiLunMing-WenZhaoGuan-1.xml_10,我好（哇）比哀哀长空雁，,27538536.278607197,0.0
lseh-YiLunMing-ZhuoFangSuDian.xml_5,杀猪（喏）沽酒款待与他，,27602975.642709382,0.0
daxp-FeiShiWo-TaoHuaCun.xml_13,响两声你就凑近身旁。,27711554.615733597,0.1
lsxp-ZouYingLong-DaYanSong.xml_10,他本是我朝中上欺天子下压臣谋朝篡位卖国的奸贼他名叫严嵩，,27730018.75606512,0.0
daxp-MuQinBu-FengHuanChao.xml_1,女儿言来听根源。,27774147.28655126,0.0
lsxp-TingTaYan-ZhuoFangCao-1.xml_5,这才是花随水水不（哇）能恋（呐）花。,27799068.23416174,0.2
lsxp-TingTaYan-ZhuoFangCao-2.xml_5,这才是花随水水不（哇）能恋（呐）花。,27803410.89464784,0.2
daeh-XiaoNuCai-SanNiangJiaoZi.xml_1,闭口无言王春娥。,27869311.729796577,0.0
lseh-YiLunMing-ZhuoFangCao-2.xml_7,拔出剑将他的满门杀。,27969379.99330439,0.0
sdxp-SuLongWei-WuJiaPo.xml_41,与你娘做一个安家钱。,27977544.216919713,0.0
lseh-YiLunMing-WenZhaoGuan-1.xml_19,叫人难解巧机关，,28070264.861443177,0.1
sdxp-SuLongWei-WuJiaPo.xml_42,买绫罗、做衣衫、买白纸、糊白幡、打首饰、做妆奁，,28090223.437835842,0.0
lseh-YiLunMing-WenZhaoGuan-1.xml_8,俺伍员好一似丧家犬，,28205789.586637206,0.0
daeh-ZiNaRi-ZhuangYuanMei-2.xml_15,愿邦家从此后国泰民安。,28404618.258227225,0.0
daeh-ZiNaRi-ZhuangYuanMei-1.xml_15,愿天下从此后国泰民安。,28546784.489039898,0.0
daeh-ZiNaRi-ZhuangYuanMei-2.xml_14,愿天下有情人都成姻眷，,28634631.46214304,0.1
lseh-YiLunMing-ZhuoFangCao-1.xml_9,年迈的老丈命（呐）染黄沙。,28994911.97218741,0.0
lseh-YiLunMing-ZhuoFangCao-2.xml_6,又谁知此贼的疑心太大，,29043245.649027206,0.0
lseh-YiLunMing-ZhuoFangSuDian.xml_9,年迈的老丈命（呐）染黄沙。,29111830.556289215,0.0
lseh-YiLunMing-ZhuoFangSuDian.xml_10,屈死的怨鬼魂休要怨（呐）咱，,29228524.14896758,0.0
lseh-XinZhongYou-WenZhaoGuan.xml_14,朝臣待漏五更寒。,29588102.62699875,0.0
lsxp-TingTaYan-ZhuoFangCao-2.xml_1,背转身自埋怨我自（呃）已做差。,29665493.050577566,0.1
lsxp-TingTaYan-ZhuoFangCao-1.xml_1,背转身只埋怨我自（呃）己作差，,29665493.050577566,0.1
lseh-YiLunMing-WenZhaoGuan-2.xml_10,我好（呃）比哀哀长空雁，,29850810.345669433,0.0
lseh-YiLunMing-ZhuoFangCao-1.xml_8,一家人倶丧在宝剑之（喏）下，,30225542.599631324,0.1
lseh-YiLunMing-WenZhaoGuan-2.xml_8,俺伍员好一似丧家犬，,30239244.309293516,0.0
lsxp-ZuoRiLi-YuanMenZhanZi.xml_3,哭啼啼坐宝帐所为何来。,30264048.63752563,0.0
daxp-SuSanLi-NvQiJie.xml_6,言说苏三把命断，,30288549.179499235,0.0
lseh-YiLunMing-ZhuoFangCao-1.xml_6,又谁知此贼的疑心（呐）太（呀）大，,30298614.65820305,0.0
lseh-YiLunMing-ZhuoFangCao-2.xml_10,屈死的冤鬼魂休要怨咱，,30362035.42703179,0.0
lsxp-JiangShenEr-SanJiaDian.xml_6,舍不得太爷的恩情厚，,30520951.91509645,0.2
lseh-WeiKaiYan-RangXuZhou.xml_1,天卸重任我就要（哇）你担承。,30543260.739038255,0.0
daeh-ZaoBuXing-HeHouMaDian.xml_6,贼好比秦赵高指鹿为马，,30599334.98333334,0.0
lseh-YiLunMing-ZhuoFangCao-1.xml_16,我只说贼是个宽宏量大，,30692883.367189087,0.0
lseh-YiLunMing-WenZhaoGuan-1.xml_30,朝臣待漏（哇）五更寒，,30710841.405963164,0.0
lsxp-YiShiWu-YuCangJian.xml_9,行至在昭关有阻拦。,30743606.138180207,0.0
lseh-YiLunMing-ZhuoFangSuDian.xml_7,拔出剑将他的满门杀，,30848425.27748867,0.0
lsxp-ZouYingLong-DaYanSong.xml_7,站立在殿角用目来观定，,30900136.019705016,0.0
lsxp-JiangShenEr-SanJiaDian.xml_0,将身儿来至在大街口，,31006358.10690354,0.1
daxp-ErTingDe-SuoLinNang.xml_13,不该词费又滔滔。,31058830.414143365,0.2
lseh-YiLunMing-ZhuoFangSuDian.xml_8,一家人倶丧在宝剑之（喏）下，,31066856.449756894,0.1
lseh-ZiNaRi-HongYangDong.xml_6,老军报他二人在洪洋（呃）洞丧（呃）命，,31129594.129549526,0.1
lseh-NiangZiBu-SouGuJiuGu.xml_9,来年必定降麒麟。,31244205.525341034,0.0
lseh-YiLunMing-ZhuoFangCao-1.xml_7,拔出剑将他的满门杀，,31329731.704791438,0.0
lseh-YiLunMing-ZhuoFangSuDian.xml_6,又谁知此贼的疑心（呐）太（呀）大，,31684894.259569958,0.0
lsxp-WoBenShi-KongChengJi-2.xml_3,算就了汉家的业鼎足（呃）三分。,31752707.401956443,0.0
daxp-ChenSanLiang-ChenSanLiangPaTang.xml_0,陈三两在大堂把话云，,32043116.67584797,0.0
daeh-ZiNaRi-ZhuangYuanMei-1.xml_14,愿天下有情人都成姻眷，,32179344.754641145,0.1
lseh-XiRiLi-BaoLianDeng.xml_8,那伯夷出午门无（哇）有踪（呃）影，,32196226.365053557,0.0
lseh-NiangZiBu-SouGuJiuGu.xml_1,卑（呀）人言来你是（喏）听。,32270872.562095087,0.1
lsxp-JiangShenEr-SanJiaDian.xml_2,一不是响马与贼寇，,32726559.99972589,0.2
lseh-XuMaoGong-QinQiongFaPei.xml_5,其中必有这巧（哇）妙高。,32833924.29346347,0.0
lseh-XiRiLi-BaoLianDeng.xml_1,伯夷叔齐二大贤人，,32934125.773687914,0.1
lseh-YiLunMing-ZhuoFangSuDian.xml_4,吕伯奢可算得义气（呀）大，,33095082.459008053,0.0
lseh-LaoZhangBu-WuPenJi.xml_3,我本屈死一鬼魂。,33142986.814769994,0.0
lsxp-JiangShenEr-SanJiaDian.xml_12,儿想娘亲难叩首，,33589896.98651564,0.0
lseh-XiRiLi-BaoLianDeng.xml_6,弟让兄来兄不能应（呐）允，,33906345.97149985,0.2
daxp-DiTouLi-NvQiJie.xml_6,就说苏三把命断，,34117245.36992758,0.0
lseh-XiRiLi-BaoLianDeng.xml_4,那叔齐分长幼不能担任，,34317907.82801787,0.2
lseh-JinZhongXiang-ShangTianTai.xml_4,内侍臣忙摆驾九龙口进，,34327670.30335213,0.0
lseh-NiangZiBu-SouGuJiuGu.xml_5,他舍命来你我舍亲生。,34647495.306249954,0.0
lseh-YiLunMing-WenZhaoGuan-1.xml_4,幸遇那东皋公行方便，,34647664.11055061,0.0
lsxp-WoZhuYe-ZhuiHanXin.xml_14,撩袍端带我把金殿上，,34914234.64647173,0.0
lsxp-WoZhuYe-ZhuiHanXin.xml_13,但愿得言听计从重整汉家邦、一同回故乡。,34988727.84482866,0.0
lsxp-TingTaYan-ZhuoFangCao-1.xml_7,既同行共（呃）大事必须要劝解于他（呀呃）。,35248993.524099946,0.0
lsxp-TingTaYan-ZhuoFangCao-2.xml_7,既同行共（呃）大事必须要劝解于他（呀呃）。,35248993.524099946,0.0
lseh-TuZeiZuo-SouGuJiuGu.xml_3,大事还要问程婴。,35722201.291873194,0.0
lseh-YiLunMing-WenZhaoGuan-2.xml_4,幸遇那东皋公行方便，,35781667.46742314,0.0
lsxp-WoZhuYe-ZhuiHanXin.xml_5,后进咸阳扶保在朝纲。,36048172.66013985,0.0
lseh-XiRiLi-BaoLianDeng.xml_12,为父的怎比得孤竹君，,36391953.54659784,0.0
lsxp-ZouYingLong-DaYanSong.xml_9,那一旁坐的就是严阁老，,36449600.44428508,0.0
lseh-LaoZhangBu-WuPenJi.xml_7,望求老丈把冤伸。,37009201.41433086,0.0
lseh-YiLunMing-ZhuoFangCao-2.xml_4,吕伯奢可算得义气大，,37184904.32114349,0.0
lseh-ZiNaRi-HongYangDong.xml_5,又谁知焦克明他私（呀）自后跟（呐），,38606108.52507056,0.0
lsxp-ZhangGongDao-ZhuangYuanPu.xml_3,为儿（喏）女我也曾补路修桥。,38627715.14087833,0.0
lseh-YiLunMing-ZhuoFangCao-1.xml_13,越思越想把事来作差。,39053606.38713433,0.0
lseh-YiLunMing-WenZhaoGuan-1.xml_6,一连几天我的眉不（哇）展，,39345307.29336025,0.2
lseh-ZenNengGou-BaDaChui.xml_1,前后话对文龙细说衷情。,39474523.940729976,0.0
lsxp-JiangShenEr-SanJiaDian.xml_4,杨林与我来争斗，,40406224.41290082,0.0
lseh-YiLunMing-WenZhaoGuan-2.xml_6,一连几天我的眉不（呃）展，,40632158.65580174,0.2
lsxp-JiangShenEr-SanJiaDian.xml_10,娘生儿连心肉，,43679863.45913238,0.0
lseh-NiangZiBu-SouGuJiuGu.xml_11,不舍娇儿难救孤身。,43772581.02605479,0.3
lsxp-WoZhuYe-ZhuiHanXin.xml_10,项羽不遵怀王约，,43982225.74367109,0.2
daeh-SunShangXiang-BieHuangGong.xml_9,叹一声不由人珠泪涟涟。,44241172.71810841,0.4
lsxp-TingTaYan-ZhuoFangCao-1.xml_2,我先前只望他宽宏量（呃）大，,45084027.85152115,0.0
lsxp-TingTaYan-ZhuoFangCao-2.xml_2,我先前只望他宽宏量（呃）大，,45084027.85152115,0.0
lsxp-ZouYingLong-DaYanSong.xml_2,那一日打从大街进，,48577418.6086129,0.0
lsxp-WoZhuYe-ZhuiHanXin.xml_2,怀王也曾把旨降，,48675794.61475761,0.0
lsxp-WoZhuYe-ZhuiHanXin.xml_6,也是我主洪福广，,52412908.2336739,0.0
