谁知昭关有阻拦,0,谁知昭关有阻拦。
lseh-YiLunMing-WenZhaoGuan-1.xml_3,谁知昭关有阻拦。,1917735.95851795,1.0
lseh-YiLunMing-WenZhaoGuan-2.xml_3,谁知昭关有阻拦。,1992965.0143145816,1.0
lseh-YiLunMing-WenZhaoGuan-1.xml_7,夜夜何曾得安眠。,2955343.117741437,0.0
lseh-YiLunMing-WenZhaoGuan-2.xml_7,夜夜何曾得安眠。,2955343.117741437,0.0
daeh-NaRiFeng-YuanXiaoMi.xml_5,那厢流泪这厢啼。,3389986.8353523244,0.0
daeh-WuDuanQiao-BiYuZan.xml_5,满腹冤屈向谁言。,3883220.36223161,0.14285714285714285
lseh-TanXiongDi-SangYuanJiZi.xml_3,见坟台不见人刀割我心。,4006404.338370717,0.0
sdxp-WoHeNi-SiLangTanMu.xml_14,见母一面即刻还。,4111800.916458879,0.0
lsxp-DaHeYi-SiLangTanMu.xml_26,要见本帅为何情？,4125449.1892416114,0.0
sdxp-SuLongWei-WuJiaPo.xml_11,好一个贞节王宝钏，,4228222.839727334,0.0
sdxp-WoHeNi-SiLangTanMu.xml_29,怕你一去就不回还。,4292233.786605202,0.0
lseh-LaoZhangBu-WuPenJi.xml_5,抓一（呀）把沙土扬灰尘。,4628574.569301576,0.0
lseh-XiRiLi-BaoLianDeng.xml_13,二娇儿也难比那两个贤人。,4659048.197208534,0.0
daeh-ZuoChunGui-XiShi.xml_1,无限的闲愁恨尽上眉尖。,4720668.480672889,0.0
daxp-QiaoLouShang-HuangShanLei.xml_12,数更等交五鼓空房愈冷，,4800269.082197245,0.0
lsxp-DaHeYi-SiLangTanMu.xml_4,上面（哪）坐的同胞人。,5000960.047740348,0.0
lseh-YiLunMing-WenZhaoGuan-2.xml_1,愁人心（呐）中似箭穿。,5116792.204536788,0.0
daxp-ChunQiuTing-SuoLinNang.xml_17,问那厢因何故痛哭无聊。,5117216.544364155,0.0
lseh-YiLunMing-WenZhaoGuan-1.xml_1,愁人心（哪）中似箭穿。,5241942.951982092,0.0
sdxp-WoHeNi-SiLangTanMu.xml_2,贤公主又何必过于谦言。,5262268.85266026,0.0
daeh-CanQiQi-WuLongZuo.xml_1,叹红颜多薄命父母双亡。,5278300.895879516,0.0
daxp-ErTingDe-SuoLinNang.xml_5,问那厢因何故痛哭无聊？,5311584.446078901,0.0
daeh-NuZiYou-TouJunBieYao.xml_3,也不枉我二人苦度时光。,5313492.966039816,0.0
lsxp-WeiCengKai-QiYuanBao.xml_8,赵大夫妻图财害命害我一命亡，,5338421.590879747,0.0
daeh-XiaoNuCai-SanNiangJiaoZi.xml_5,叹一声不由人珠泪如梭。,5379021.775182279,0.0
daxp-MengTingDe-MuiGuiYingGuaShuai.xml_4,有生之日责当尽，,5438828.327819429,0.14285714285714285
daeh-LiYanFei-DaBaoGuo.xml_1,文站东武列西朝贺哀家。,5443969.734091384,0.0
sdxp-WoHeNi-SiLangTanMu.xml_31,一夜之间你怎能回还。,5483235.3792914655,0.0
lsxp-JianMaSu-ZhanMaSu.xml_3,失去了街亭差不差。,5494274.659440664,0.0
daeh-ZiNaRi-ZhuangYuanMei-2.xml_2,在潼台被贼擒性命好险，,5601969.595925718,0.0
lsxp-QingGongYan-FaDongWu.xml_3,又谁知中途两离分。,5602510.04079059,0.2857142857142857
lseh-YiLunMing-WenZhaoGuan-1.xml_34,寻短（哪）哎见爹娘（兀）！,5694652.328465926,0.0
daeh-ZuoChunGui-XiShi.xml_3,夜不眠朝慵起又向谁言。,5711196.884457055,0.14285714285714285
lsxp-DaHeYi-SiLangTanMu.xml_17,弟兄对坐叙寒温。,5763554.876778327,0.0
lseh-XuMaoGong-QinQiongFaPei.xml_3,缘何不救我出笼牢。,5771293.949649559,0.0
daeh-WangChunE-SanNiangJiaoZi.xml_7,等候了薛倚儿转回家园。,5786190.147203592,0.0
daeh-CanQiQi-WuLongZuo.xml_3,担几肩头晕转体若筛糠。,5812181.827864638,0.0
daeh-ZiNaRi-ZhuangYuanMei-1.xml_7,帝王家深宫院似水流年。,5814403.405351214,0.0
lsxp-ZouYingLong-DaYanSong.xml_12,罢、罢、罢，暂且忍却我的心头恨，,5816986.325403558,0.0
daeh-ZaoBuXing-HeHouMaDian.xml_1,贼昏王篡了位谋乱邦家。,5866862.30330015,0.0
daxp-SuSanLi-NvQiJie.xml_2,未曾开言心内惨，,5871036.661394687,0.0
daxp-WoZhuYe-SiLangTanMu.xml_5,阅兵书看何人前来何安。,5872772.971338422,0.0
lseh-YiLunMing-ZhuoFangCao-1.xml_1,陈宫心（呐）中乱如麻，,5924172.989023767,0.0
daxp-FeiShiWo-TaoHuaCun.xml_9,你必须眼观六路耳听八方。,5974193.877355547,0.0
daxp-DangRiLi-SuoLinNang.xml_17,红珊瑚碧翡翠样样倶全。,5978914.138252921,0.0
lseh-YiLunMing-WenZhaoGuan-1.xml_35,父母的冤仇化尘烟，,6001697.981337556,0.0
lseh-XuMaoGong-QinQiongFaPei.xml_1,文韬武略智谋高。,6021464.844367618,0.0
lsxp-DaHeYi-SiLangTanMu.xml_30,自己骨肉认不清。,6047455.750971373,0.0
daeh-WuDuanQiao-BiYuZan.xml_1,薄命自伤怨红颜。,6086993.516669818,0.0
daeh-ZiNaRi-ErJinGong.xml_7,看一看不觉到八月中秋。,6118097.871244729,0.0
lsxp-ZiCongQian-ZhuLianZhai.xml_4,山高路远少来问候，,6184688.5053178165,0.0
daeh-ZiNaRi-ZhuangYuanMei-1.xml_2,在潼台被贼擒在命好险，,6185933.135627964,0.0
daeh-ZiNaRi-ErJinGong.xml_11,想必是徐杨进了昭阳。,6193840.443723454,0.14285714285714285
daeh-NuZiYou-TouJunBieYao.xml_1,为薛郎我父女断绝情长。,6221803.113873545,0.0
sdxp-SuLongWei-WuJiaPo.xml_17,买绫罗与绸缎、打首饰和簪环，,6224265.057786108,0.0
daxp-ErTingDe-SuoLinNang.xml_26,这都是神话凭空造，,6226258.392991375,0.0
lseh-XinZhongYou-WenZhaoGuan.xml_5,为何几日他不言，,6240699.915456327,0.0
lseh-XinZhongYou-WenZhaoGuan.xml_19,父母的冤仇化尘烟，,6250014.664188792,0.0
daxp-ChunQiuTing-SuoLinNang.xml_28,这都是神话凭空造，,6306966.720215882,0.0
lsxp-DaHeYi-SiLangTanMu.xml_14,失落番邦被贼擒。,6342591.108419741,0.0
lsxp-YiShiWu-YuCangJian.xml_2,日月轮流催晓（哇）箭，,6348244.123659748,0.0
sdxp-SuLongWei-WuJiaPo.xml_27,三人对面（就）说分明。,6354235.633629865,0.0
daxp-LaoDieDie-YuZhouFeng.xml_5,却为何贪富贵不顾羞惭。,6356721.908771017,0.0
dldeh-ShouBiPo-ChunQiuPei.xml_4,想亲娘和老父心乱如麻。,6377754.439141782,0.0
daeh-WangChunE-SanNiangJiaoZi.xml_1,想起了我老爷好不惨然。,6388053.912415049,0.0
lsxp-ZiCongQian-ZhuLianZhai.xml_2,为千岁懒把朝房走，,6396412.7227794975,0.0
lsxp-LiangGuoJiao-ShiJieTing-2.xml_5,靠山近水把管收。,6437397.573566869,0.0
lseh-YiLunMing-WenZhaoGuan-1.xml_21,为何几日他不言。,6455639.4699802855,0.0
daxp-WoDeNiang-XinAnYi.xml_3,却原来母亲到儿未知情。,6486830.318166361,0.14285714285714285
lseh-YiLunMing-ZhuoFangCao-2.xml_1,陈宫心中乱如麻。,6513386.682241591,0.0
lseh-YiLunMing-ZhuoFangCao-1.xml_23,我岂肯放虎归山又（哇）把人抓。,6524189.253578583,0.0
lseh-WeiKaiYan-RangXuZhou.xml_2,二犬子（呃）皆年幼（哇）难当（呃）重任，,6552245.529663397,0.0
daxp-QiaoLouShang-HuangShanLei.xml_15,你爹爹到如今未转家门。,6582758.7076347945,0.0
lsxp-CiShiJian-HuaiHeYing-2.xml_4,左手拉住了李左车，,6590677.620492768,0.0
dldeh-ShouBiPo-ChunQiuPei.xml_2,病恹恹身无力难以挣扎。,6624428.701344252,0.0
sdxp-WoHeNi-SiLangTanMu.xml_20,黄沙盖脸尸骨不全。,6664227.640408772,0.0
lseh-XiRiLi-BaoLianDeng.xml_5,那伯夷尊父命也不能应承，,6722647.036179607,0.0
daeh-ZiNaRi-ZhuangYuanMei-2.xml_7,帝王家深宫怨似水流年。,6743676.521422323,0.0
lseh-YiLunMing-WenZhaoGuan-1.xml_36,对天发不宏誓愿，,6768954.543238869,0.0
daxp-LaoDieDie-SanJiZhang-2.xml_3,这样人得了志比父还强。,6792329.514807778,0.0
lseh-XinZhongYou-WenZhaoGuan.xml_20,对天发下宏誓愿，,6796105.02812464,0.0
daxp-LaoDieDie-YuZhouFeng.xml_0,老爹爹发恩德将本修上，,6829230.933216144,0.0
lseh-XinZhongYou-WenZhaoGuan.xml_18,寻短（呃）哎见爹娘（呃）。,6836100.524970388,0.0
lsxp-WeiCengKai-QiYuanBao.xml_0,未曾开言泪汪汪，,6839713.654553722,0.0
lseh-ZenNengGou-BaDaChui.xml_3,倒不如上公安观看古今。,6869049.720756265,0.0
lsxp-WoZhuYe-ZhuiHanXin.xml_0,我主爷起义在芒砀，,6887696.3683949215,0.0
daxp-DangRiLi-SuoLinNang.xml_21,换衣食也够她生活几年。,6902576.615133552,0.0
sdxp-SuLongWei-WuJiaPo.xml_21,为军起下不良的意呀，,6914292.470883217,0.0
daxp-DiTouLi-NvQiJie.xml_1,将身来在大街前。,6918759.240875374,0.0
lseh-JinZhongXiang-ShangTianTai.xml_5,又听得殿角下大放悲声。,6933944.62395568,0.0
lsxp-ZheYiFeng-DingJunShan.xml_7,退后的项上吃一刀。,6962548.347589508,0.0
sdxp-WoHeNi-SiLangTanMu.xml_3,杨廷辉有一日愁眉得展，,6971081.357134541,0.14285714285714285
sdxp-WoHeNi-SiLangTanMu.xml_27,你要见高堂母我不阻拦。,6987351.762492498,0.2857142857142857
daxp-ChunQiuTing-SuoLinNang.xml_8,亦有饥寒悲怀抱，,7025982.220114794,0.14285714285714285
lseh-NiangZiBu-SouGuJiuGu.xml_7,老天爷不绝我的后代根。,7028077.444331779,0.0
daeh-SunShangXiang-BieHuangGong.xml_1,想起了已往事心内痛酸。,7031880.420702235,0.0
sdxp-SuLongWei-WuJiaPo.xml_22,一马双跨到西凉。,7032780.554288504,0.0
daxp-DangRiLi-SuoLinNang.xml_19,还有那赤金链，紫瑛簪，白玉环，双凤錾，八宝钗钏一个个宝孕光含。,7094813.278987717,0.14285714285714285
sdxp-SuLongWei-WuJiaPo.xml_6,为军的要人我是不要钱。,7098144.133369638,0.0
lsxp-ZiCongQian-ZhuLianZhai.xml_0,自从千岁离朝后，,7099157.529998602,0.0
lseh-YiLunMing-ZhuoFangSuDian.xml_1,陈宫心（呐）中乱如麻，,7112708.3896678975,0.0
daxp-MengTingDe-MuiGuiYingGuaShuai.xml_2,想当年桃花马上威风凛凛，,7121004.346421285,0.0
sdxp-DangNianHan-SanJiZhang.xml_14,在六国封相人上人。,7121386.215204149,0.0
daxp-LaoDieDie-DaYuShaJia-1.xml_3,等候了爹爹回细问根由。,7160193.468846588,0.0
sdxp-SuLongWei-WuJiaPo.xml_8,为军哪怕到官前。,7188312.244443155,0.0
daxp-NiDeFu-FenHeWan.xml_1,全仗你打雁养娘亲，,7194145.057251004,0.0
lsxp-ZheYiFeng-DingJunShan.xml_3,大小儿郎听根苗，,7199597.154659377,0.0
lsxp-LiangGuoJiao-ShiJieTing-1.xml_5,靠山近水把营收。,7199880.212501585,0.0
sdxp-SuLongWei-WuJiaPo.xml_7,大嫂说话礼不端，,7237543.259909603,0.0
daxp-LaoDieDie-DaYuShaJia-2.xml_2,将身儿坐至在草堂等候，,7250397.706586072,0.0
daxp-DiTouLi-NvQiJie.xml_2,未曾开言我心好惨，,7257763.814149803,0.0
daxp-DangRiLi-SuoLinNang.xml_8,轿中人必定有一腔幽怨，,7280610.500319585,0.14285714285714285
lsxp-DaHeYi-SiLangTanMu.xml_6,怎知今日回宋营。,7282324.853676554,0.14285714285714285
lseh-NiangZiBu-SouGuJiuGu.xml_0,娘子不（哇）必太烈性，,7312994.847250519,0.0
daeh-NaRiFeng-YuanXiaoMi.xml_7,不如早死命归西。,7331065.063644824,0.0
lseh-YiLunMing-WenZhaoGuan-1.xml_28,越思越想好伤惨，,7343826.086629609,0.0
sdxp-DangNianHan-SanJiZhang.xml_18,大孝之人也受贫。,7344016.461632806,0.0
lsxp-QingGongYan-FaDongWu.xml_0,庆功宴上把酒饮，,7347342.6486803675,0.0
daxp-LaoDieDie-YuZhouFeng.xml_4,老爹爹在朝中官高爵显，,7348298.713587643,0.0
lsxp-JianMaSu-ZhanMaSu.xml_1,不由老夫咬钢牙，,7382888.8740850985,0.0
daeh-ZiNaRi-ErJinGong.xml_1,独坐在寒宫院闷闷悠悠。,7389961.648683311,0.0
daxp-XiRiLi-LongFengChengXiang.xml_5,纵有大事料无妨。,7454197.526508957,0.14285714285714285
daeh-SunShangXiang-BieHuangGong.xml_3,留下了孙仲谋执掌江南。,7513562.682868867,0.0
lsxp-ZiGuDao-HuangHeLou.xml_1,主公不必加愁肠。,7526292.257559293,0.0
lsxp-YiZhuangZhuang-QunYingHui.xml_1,请先生到江边即刻登舟。,7530728.869331562,0.0
lseh-XinZhongYou-WenZhaoGuan.xml_12,越思越想好伤惨，,7556423.96745426,0.0
daxp-LaoDieDie-DaYuShaJia-2.xml_1,倒叫我桂英儿挂在心头。,7567669.683521215,0.0
daxp-XiShiNv-XiShi.xml_5,对清溪时照影自整罗农。,7607521.945413299,0.0
daxp-MengTingDe-MuiGuiYingGuaShuai.xml_7,我一剑能挡百万兵。,7636741.583736356,0.0
daxp-LaoDieDie-DaYuShaJia-2.xml_3,等候了爹爹回细问根由。,7666026.639154154,0.0
daeh-NaRiFeng-YuanXiaoMi.xml_0,那日风波平地起，,7678668.310949551,0.0
lseh-XinZhongYou-WenZhaoGuan.xml_9,不能（呃）哎见。,7732629.588327257,0.0
daxp-ErTingDe-SuoLinNang.xml_31,救她饥渴胜琼瑶。,7740862.778089879,0.0
lsxp-ZiGuDao-HuangHeLou.xml_5,四将军保架料也无妨。,7742718.462982353,0.0
lseh-YiLunMing-WenZhaoGuan-1.xml_37,我不杀平王我的心怎甘（哪）。,7755546.692689604,0.0
daxp-XiRiLiang-LongFengChengXiang.xml_2,暗地堪笑我兄长，,7775648.793595757,0.0
daxp-DuiLingHua-BiYuZan.xml_3,也算得人世间美满姻缘。,7792492.044077708,0.0
daxp-MuQinBu-FengHuanChao.xml_2,自古常言道得好，,7792772.847753156,0.0
daeh-SunShangXiang-BieHuangGong.xml_9,叹一声不由人珠泪涟涟。,7815689.063119175,0.0
lsxp-ZiCongQian-ZhuLianZhai.xml_5,望千岁恕学生礼貌不周。,7844476.5856803255,0.0
daxp-MengJunZi-ChunQiuPei-2.xml_3,我爹爹名姜绍贸易天涯。,7877471.241902156,0.0
daxp-ErTingDe-SuoLinNang.xml_30,小小囊儿何足道，,7897384.700082717,0.0
daxp-MengJunZi-ChunQiuPei-1.xml_5,莫奈何到荒郊我就来捡芦花。,7911704.972733523,0.0
daeh-ZiNaRi-ErJinGong.xml_10,耳边厢又听得朝靴响亮，,7921494.72155384,0.0
lsxp-LiangGuoJiao-ShiJieTing-1.xml_3,赏罚中公（呃）平莫要自由。,7944002.921399348,0.0
daxp-LaoDieDie-DaYuShaJia-1.xml_0,老爹爹清晨起前去出前，,7944688.869274193,0.0
daxp-LaoDieDie-DaYuShaJia-2.xml_0,老爹爹清晨起前去出首，,7956126.117476097,0.0
sdxp-WoHeNi-SiLangTanMu.xml_6,有一桩心腹事不敢明言。,7962127.488045032,0.14285714285714285
lseh-XinZhongYou-WenZhaoGuan.xml_21,我不杀平王我的心怎甘。,7967163.994305288,0.0
lsxp-YiZhuangZhuang-QunYingHui.xml_0,一桩桩一件件倶已办就，,7971077.127927449,0.0
sdxp-DangNianHan-SanJiZhang.xml_7,要退、要退、偏要退！,7973705.019079797,0.0
daxp-LaoDieDie-DaYuShaJia-1.xml_1,到叫我桂英儿挂在心头；,8005914.567217017,0.0
lsxp-LiangGuoJiao-ShiJieTing-1.xml_1,各为其主统貔貅，,8032903.72651901,0.0
lsxp-DaHeYi-SiLangTanMu.xml_23,本帅开言把他问，,8042271.71777931,0.0
lseh-XuMaoGong-QinQiongFaPei.xml_0,徐茂公阴阳多奥妙，,8072601.421406975,0.0
daxp-ErTingDe-SuoLinNang.xml_13,不该词费又滔滔。,8078802.0586822005,0.0
sdxp-SuLongWei-WuJiaPo.xml_12,百般调戏也枉然。,8098317.355427887,0.0
lsxp-QingGongYan-FaDongWu.xml_2,弟兄们创业多艰难，,8119540.364716357,0.0
daxp-DangRiLi-SuoLinNang.xml_10,于归日理应当喜形于面，,8131720.89068036,0.0
lsxp-ZiCongQian-ZhuLianZhai.xml_1,满朝中文武臣泪双流。,8134855.937703166,0.0
daxp-ChunQiuTing-SuoLinNang.xml_33,救她饥渴胜琼瑶。,8138100.425526724,0.0
lseh-WeiKaiYan-RangXuZhou.xml_5,救生灵（呐）积阴（呐）功也免得我坐卧不宁。,8143126.713107255,0.0
lsxp-YiShiWu-YuCangJian.xml_5,信用无极狗奸谗。,8158965.610223198,0.0
daxp-ErDeFu-HongNiGuan.xml_5,不想到狠心郎一味猖狂。,8165412.997204134,0.0
lseh-NiangZiBu-SouGuJiuGu.xml_8,你今舍了亲生子，,8191117.858970473,0.0
daxp-ChenSanLiang-ChenSanLiangPaTang.xml_5,最可恨鸨儿叫我接客人。,8208753.21561009,0.0
lseh-YiLunMing-ZhuoFangCao-1.xml_14,悔不该把家属一（呀）旦撇下，,8231893.875669619,0.0
sdxp-SuLongWei-WuJiaPo.xml_41,与你娘做一个安家钱。,8242957.5873776665,0.0
daxp-ChunQiuTing-SuoLinNang.xml_10,轿内的人儿弹别调，,8244308.101149885,0.0
daxp-QiaoLouShang-HuangShanLei.xml_5,猛听得窗儿外似有人行。,8250607.546281723,0.14285714285714285
daxp-WoZhuYe-SiLangTanMu.xml_2,众卿随忙挂点亲率官员，,8252742.401944115,0.0
lsxp-YiShiWu-YuCangJian.xml_8,实指（喏）望到吴国借兵（呐）转，,8256174.118770743,0.0
lsxp-CiShiJian-HuaiHeYing-2.xml_1,胡言乱语怎瞒（呐）咱！,8265913.275796992,0.0
daeh-TanHongYan-HuoXiaoYu.xml_5,隔着窗儿点滴不休。,8267232.3266995335,0.0
daxp-FeiShiWo-TaoHuaCun.xml_5,怎能够粗心大意你再荒唐。,8268850.459708987,0.0
daxp-QiaoLouShang-HuangShanLei.xml_9,看娇儿正酣睡恐被风侵。,8313238.537800359,0.0
sdxp-SuLongWei-WuJiaPo.xml_20,为何来在大道边。,8317143.567639839,0.0
daxp-LaoDieDie-SanJiZhang-1.xml_3,贫穷人得了志比富还强。,8318833.230899606,0.0
lsxp-ZuoRiLi-YuanMenZhanZi.xml_4,叫焦赞将宝剑悬挂帐外，,8320567.660711303,0.0
daxp-TingTaYan-ZuoGong.xml_7,不知者不怪罪你的海量放宽。,8344853.150686308,0.14285714285714285
daxp-XiRiLi-LongFengChengXiang.xml_2,暗地堪笑奴兄长，,8349625.852311199,0.0
sdeh-WenSanNiang-SanNiangJiaoZi.xml_4,背转身来哭嚎啕。,8358631.290507285,0.0
daeh-ZiNaRi-ZhuangYuanMei-1.xml_5,不知道他与我是否一般。,8371557.935751043,0.14285714285714285
lseh-YiLunMing-ZhuoFangCao-1.xml_17,汉室后来贼是个惹祸的根芽。,8371617.72855388,0.0
daeh-ZiNaRi-ErJinGong.xml_5,竟把我孤儿寡母当做了马牛。,8393743.037661735,0.0
lsxp-ZuoRiLi-YuanMenZhanZi.xml_1,老娘亲为什么不讲情来？,8398714.41371508,0.0
lseh-YiLunMing-ZhuoFangCao-1.xml_7,拔出剑将他的满门杀，,8413195.849363014,0.0
lseh-ZiNaRi-HongYangDong.xml_3,那乃是萧天佐以（呀）假成真；,8415503.187195199,0.0
daxp-ChunQiuTing-SuoLinNang.xml_29,自把珠玉夸富豪，,8425347.69777326,0.0
lseh-WeiGuoJia-HongYangDong-1.xml_0,为国家那何曾半日闲空，,8454845.769925436,0.0
lsxp-LiangGuoJiao-ShiJieTing-1.xml_0,两国交（哇）锋龙虎斗，,8484307.223342447,0.0
daxp-LaoDieDie-DaYuShaJia-1.xml_2,将身儿坐至在草堂等候，,8492317.161574718,0.0
sdxp-DangNianHan-SanJiZhang.xml_2,未央宫斩的是何人？,8527981.139105543,0.0
lsxp-YiShiWu-YuCangJian.xml_4,恨平王无道纲常乱，,8534688.006914936,0.0
lsxp-ZiGuDao-HuangHeLou.xml_3,二将军保架过长江。,8570672.045350933,0.0
daxp-DangRiLi-SuoLinNang.xml_15,囊虽小却能做续命泉源。,8624345.3103816,0.0
daeh-ZiNaRi-ZhuangYuanMei-2.xml_5,不知道他与我是否一般。,8625722.470992733,0.14285714285714285
daxp-FeiShiWo-TaoHuaCun.xml_12,响一声你就还一掌，,8647189.50317845,0.0
lsxp-YiShiWu-YuCangJian.xml_1,叹光明一去不回还（呐）；,8649023.789007226,0.0
daxp-ErTingDe-SuoLinNang.xml_6,梅香说话好颠倒，,8654069.524531718,0.0
lsxp-ShenGongWu-LongFengChengXiang.xml_3,耳听笙歌闹喧哗。,8673508.627185509,0.0
sdxp-WoHeNi-SiLangTanMu.xml_19,我若探母不回转，,8682425.771760099,0.0
lsxp-DaHeYi-SiLangTanMu.xml_20,见一番汉帐中行。,8685605.671496537,0.0
lseh-NiangZiBu-SouGuJiuGu.xml_12,无奈何我只得双（呃）膝跪，,8705464.128592514,0.0
lsxp-HenPingWang-WenZhaoGuan.xml_2,我的（呀）父谏奏反把命（哪）送，,8719670.221082492,0.0
daxp-LaoDieDie-SanJiZhang-1.xml_0,老爹爹请息（呀）怒容儿细讲，,8730245.017993513,0.0
lsxp-LiangGuoJiao-ShiJieTing-2.xml_1,各为其（呀）主统貔貅。,8736416.964558238,0.0
daxp-WoHeNi-SangYuanHui.xml_1,谁认你狼心狗肺的人！,8741528.265183678,0.14285714285714285
lseh-YiLunMing-WenZhaoGuan-2.xml_4,幸遇那东皋公行方便，,8755873.26089104,0.0
sdxp-SuLongWei-WuJiaPo.xml_42,买绫罗、做衣衫、买白纸、糊白幡、打首饰、做妆奁，,8757197.712946733,0.0
daxp-SuSanLi-NvQiJie.xml_1,将身来在大街前。,8800977.323880868,0.0
daeh-ZuoRiGong-TaiZhenWaiChuan.xml_3,但不知何日里再沐圣明。,8803262.557606569,0.14285714285714285
lsxp-DaHeYi-SiLangTanMu.xml_24,你是番邦什么人？,8807874.102607047,0.0
daxp-WoZhuYe-SiLangTanMu.xml_4,叫番儿忙摆驾银安殿，,8817325.16413002,0.0
daxp-MuQinBu-FengHuanChao.xml_3,女儿清白最为先。,8821556.4068071,0.0
daeh-NuZiYou-TouJunBieYao.xml_0,奴自幼在闺阁娇生惯养，,8822847.87712971,0.0
daxp-ErTingDe-SuoLinNang.xml_1,同遇人为什么这样嚎啕。,8849160.064438028,0.0
sdxp-WoHeNi-SiLangTanMu.xml_9,我有心回宋营见母一面，,8854682.915065566,0.14285714285714285
lsxp-JianMaSu-ZhanMaSu.xml_0,见马谡（唩）跪帐下，,8882881.498271111,0.0
daeh-WuDuanQiao-BiYuZan.xml_3,落得孤身病恹恹。,8888658.170714436,0.0
daeh-ZiNaRi-ZhuangYuanMei-1.xml_1,行不安坐不宁情态缠绵。,8898375.95825107,0.0
lseh-YiLunMing-ZhuoFangCao-2.xml_7,拔出剑将他的满门杀。,8926197.071184402,0.0
lseh-YiLunMing-ZhuoFangSuDian.xml_7,拔出剑将他的满门杀，,8939205.609686187,0.0
daxp-ChunQiuTing-SuoLinNang.xml_2,在隔帘只见这一花轿，,8961940.01448035,0.0
lsxp-YiShiWu-YuCangJian.xml_7,我与奸贼不共戴天！,8967138.21345549,0.0
sdxp-DangNianHan-SanJiZhang.xml_11,淮阴漂母救韩信，,8973619.126225028,0.0
daeh-ZaoBuXing-HeHouMaDian.xml_7,贼好比那司马师搅乱中华。,8973953.27934279,0.0
daxp-DiTouLi-NvQiJie.xml_4,哪一位去往南京转，,8996599.109033842,0.0
lsxp-DaHeYi-SiLangTanMu.xml_5,弟兄们分别十五春，,9006141.767959334,0.0
lsxp-LiangGuoJiao-ShiJieTing-1.xml_4,此一番领兵去镇守，,9019643.969820667,0.0
daeh-NaRiFeng-YuanXiaoMi.xml_6,我今绝少人生趣，,9060828.05620073,0.0
lseh-XinZhongYou-WenZhaoGuan.xml_7,你就该把我献与昭关。,9131630.863693276,0.2857142857142857
daeh-NuZiYou-TouJunBieYao.xml_2,但愿得去投军功名有望，,9141376.168519303,0.14285714285714285
lseh-XinZhongYou-WenZhaoGuan.xml_13,想当初在朝为官宦，,9144587.497669872,0.0
lseh-YiLunMing-WenZhaoGuan-1.xml_29,想当初在朝为官宦，,9144587.497669872,0.0
daeh-LiYanFei-DaBaoGuo.xml_2,太师爷奏一本进贡年下，,9149154.00461094,0.0
daeh-ZiNaRi-ZhuangYuanMei-1.xml_3,乱军中多亏他救我回还。,9162054.638886038,0.0
daxp-ErTingDe-SuoLinNang.xml_12,你不该人前逞骄傲，,9173717.113597965,0.0
lseh-WeiGuoJia-HongYangDong-2.xml_0,为国家哪何曾半日闲空，,9214680.746002574,0.0
lseh-YangYanZhao-PengBei.xml_2,迈虎步我且把宝帐来进，,9231324.471424244,0.0
lsxp-ZheYiFeng-DingJunShan.xml_8,三军与（呀）爷归营号，,9240363.90280308,0.0
lseh-YiLunMing-WenZhaoGuan-1.xml_23,你就该把我献与昭关。,9249893.170105688,0.2857142857142857
sdxp-WoHeNi-SiLangTanMu.xml_12,无有令箭怎过关。,9270032.853223613,0.2857142857142857
lseh-TuZeiZuo-SouGuJiuGu.xml_2,眼见得忠良无救应，,9277371.698087398,0.0
lseh-NiangZiBu-SouGuJiuGu.xml_2,赵屠二家有仇恨，,9294542.228057068,0.14285714285714285
daxp-DangRiLi-SuoLinNang.xml_1,霎时间日色淡似坠西山。,9301658.198178794,0.0
daxp-NiDeFu-FenHeWan.xml_3,不等到日落及早回程。,9326160.755382432,0.0
daxp-MuQinBu-FengHuanChao.xml_1,女儿言来听根源。,9330637.29989238,0.0
daeh-LiYanFei-ErJinGong.xml_3,想必是徐杨将进了昭阳。,9357468.686126871,0.14285714285714285
daxp-MengJunZi-ChunQiuPei-1.xml_0,蒙君子至殷勤再三问话，,9369867.827091191,0.0
lsxp-JiangShenEr-SanJiaDian.xml_11,儿行千里母担忧。,9380629.608708745,0.0
daeh-ZuoRiGong-TaiZhenWaiChuan.xml_1,有谁知一时错被逐宫廷。,9432785.31434691,0.42857142857142855
sdxp-WoHeNi-SiLangTanMu.xml_11,公主虽然不阻拦，,9449361.76293598,0.2857142857142857
lsxp-CiShiJian-HuaiHeYing-1.xml_4,左手拉住了李左车，,9471106.24383572,0.0
daeh-WuDuanQiao-BiYuZan.xml_7,又怕丑名误流传。,9474644.092246365,0.0
lsxp-ZiGuDao-HuangHeLou.xml_0,自古道吉人有天相，,9492003.230369352,0.14285714285714285
daxp-ErTingDe-SuoLinNang.xml_27,自把珠玉夸富豪。,9497144.34673075,0.0
daxp-QiaoLouShang-HuangShanLei.xml_11,又思来又想去越不安宁。,9499511.250939107,0.0
lsxp-ZheYiFeng-DingJunShan.xml_0,这一封（呃）书信来得巧，,9501608.180484734,0.0
daxp-MengTingDe-MuiGuiYingGuaShuai.xml_1,唤起我破天门状志凌云。,9505197.134380296,0.0
daxp-QiaoLouShang-HuangShanLei.xml_0,谯楼上二更鼓声声送听，,9515765.388469568,0.0
lsxp-TingTaYan-ZhuoFangCao-2.xml_4,马行在来道内我难（呐）以回（呀）马，,9548251.474725522,0.0
lsxp-TingTaYan-ZhuoFangCao-1.xml_4,马行在来道内我难（呐）以回（呀）马，,9548251.474725522,0.0
lsxp-DaHeYi-SiLangTanMu.xml_2,杨家将令鬼神惊。,9562221.81995029,0.0
daxp-ErTingDe-SuoLinNang.xml_10,蠢才问话太潦草，,9564172.869393578,0.0
daxp-ErTingDe-SuoLinNang.xml_24,忙把梅香低声叫，,9567006.331248458,0.0
lsxp-DaHeYi-SiLangTanMu.xml_3,迈步且把宝帐（呀）进，,9568187.132282764,0.0
daeh-WuDuanQiao-BiYuZan.xml_0,无端巧计将人陷，,9573273.487123411,0.0
lseh-YangYanZhao-PengBei.xml_0,杨延昭奉父命巡查大营，,9593388.27609168,0.14285714285714285
daxp-DuiLingHua-BiYuZan.xml_0,对菱花暗地里芳心自转，,9620950.068986133,0.0
daxp-MengJunZi-ChunQiuPei-1.xml_3,我的父名姜绍贸易天涯。,9693888.361355836,0.0
lsxp-JiangShenEr-SanJiaDian.xml_9,舍不得老娘（呃）白了头。,9696011.898886392,0.0
daxp-DangRiLi-SuoLinNang.xml_2,在轿中只觉得天昏地暗。,9720079.852146314,0.0
daeh-ZiNaRi-ZhuangYuanMei-2.xml_11,但愿得杨六郎心如石坚。,9741155.068489097,0.0
lsxp-DaHeYi-SiLangTanMu.xml_19,本帅帐中用目睁，,9758998.347527368,0.0
daeh-LiYanFei-DaBaoGuo.xml_9,压定了文武臣均要画押。,9766291.457402656,0.0
lsxp-DaHeYi-SiLangTanMu.xml_8,问我一言答一声。,9781615.748997469,0.0
lseh-XiRiLi-BaoLianDeng.xml_9,那叔齐逃出了后宰门，,9814689.934798636,0.0
lsxp-TingTaYan-ZhuoFangCao-2.xml_5,这才是花随水水不（哇）能恋（呐）花。,9815548.263259629,0.0
lsxp-YiShiWu-YuCangJian.xml_9,行至在昭关有阻拦。,9819163.729880972,0.7142857142857143
daxp-FeiShiWo-TaoHuaCun.xml_8,你不要高声不要嚷，,9822582.69153101,0.0
daxp-QiaoLouShang-HuangShanLei.xml_7,原来是秋风起扫叶之声。,9826510.356706368,0.0
lsxp-ZhangGongDao-ZhuangYuanPu.xml_1,陈伯愚年半百无有后苗。,9828237.192034729,0.14285714285714285
lsxp-ZouYingLong-DaYanSong.xml_11,我本当金（哪）殿奏一本怎奈我官卑职小不能够参大臣。,9830369.584905105,0.0
lseh-YiLunMing-ZhuoFangCao-1.xml_15,悔不该弃县今抛却了乌（哇）纱，,9836004.054611327,0.0
lsxp-DaHeYi-SiLangTanMu.xml_29,众将与爷忙掩（哪）门，,9852702.424196023,0.0
daeh-ZiNaRi-ZhuangYuanMei-1.xml_9,宋天子主婚姻此事成全。,9870372.129870478,0.0
lsxp-JiangShenEr-SanJiaDian.xml_7,舍不得衙役们众班头。,9889599.952107318,0.0
lseh-YiLunMing-WenZhaoGuan-1.xml_16,心中有事难合眼，,9932513.535028556,0.14285714285714285
lsxp-ZiGuDao-HuangHeLou.xml_2,曾记得当年赴河梁，,9942619.739140507,0.0
lseh-YiLunMing-ZhuoFangSuDian.xml_5,杀猪（喏）沽酒款待与他，,9948920.470960135,0.0
daxp-ChunQiuTing-SuoLinNang.xml_26,忙把梅香低声儿叫，,9949341.560282981,0.0
daxp-ChunQiuTing-SuoLinNang.xml_32,小小囊儿何足道，,9951279.16014049,0.0
daxp-DiTouLi-NvQiJie.xml_6,就说苏三把命断，,9952593.28004551,0.0
lseh-TuZeiZuo-SouGuJiuGu.xml_0,屠贼做事心太狠，,9954640.333897635,0.0
lsxp-TingTaYan-ZhuoFangCao-1.xml_5,这才是花随水水不（哇）能恋（呐）花。,9974049.760399682,0.0
daeh-XiaoNuCai-SanNiangJiaoZi.xml_0,小奴才他一言问住我，,9980587.06090124,0.0
sdxp-SuLongWei-WuJiaPo.xml_19,是烈女就该在家院，,10002935.14409859,0.0
lsxp-DaHeYi-SiLangTanMu.xml_28,原来四哥回宋营。,10007043.222299464,0.0
daeh-ZiNaRi-ZhuangYuanMei-2.xml_1,行不安坐不宁情态缠绵。,10007922.242592053,0.0
daxp-SuSanLi-NvQiJie.xml_6,言说苏三把命断，,10009979.552603504,0.0
lsxp-JianMaSu-ZhanMaSu.xml_2,大胆不听我的话，,10015842.59473848,0.0
lsxp-WoZhuYe-ZhuiHanXin.xml_9,我也曾约法定过三章。,10040614.461247917,0.0
lsxp-LiangGuoJiao-ShiJieTing-1.xml_2,管待三（哪）军要宽厚，,10041723.375062292,0.0
daeh-XiaoNuCai-SanNiangJiaoZi.xml_1,闭口无言王春娥。,10046764.61681864,0.0
lsxp-ZouYingLong-DaYanSong.xml_6,我劝顽童你休流泪，免悲声，邹老爷就是尔的报仇人。,10051757.954068745,0.0
lseh-XinZhongYou-WenZhaoGuan.xml_0,心中有事难合眼，,10081746.027622245,0.14285714285714285
daeh-SunShangXiang-BieHuangGong.xml_7,阿斗儿行中途被子龙追还。,10101461.406177303,0.0
lsxp-ZheYiFeng-DingJunShan.xml_4,头通（呃）鼓紧战袍，,10120833.80586812,0.0
daxp-XiShiNv-XiShi.xml_1,难得有开怀事常锁双眉。,10128737.347725457,0.14285714285714285
daxp-ChunQiuTing-SuoLinNang.xml_16,叫梅香你把那好言相告，,10146079.541098792,0.0
daxp-TingTaYan-ZuoGong.xml_3,他思家乡想骨肉就不能团圆。,10158486.99271286,0.0
daxp-FeiShiWo-TaoHuaCun.xml_1,只怪你呆头呆脑慌慌张张。,10170300.142694276,0.0
daxp-ChunQiuTing-SuoLinNang.xml_13,同遇人为什么这样嚎啕？,10171305.310780603,0.0
daeh-ZuoChunGui-XiShi.xml_0,坐春闺只觉得光明似箭，,10172127.5731353,0.0
daxp-MuQinBu-FengHuanChao.xml_5,活在世上也枉然。,10176805.300005497,0.0
lsxp-WeiCengKai-QiYuanBao.xml_9,望求太爷与我作主张（啊）。,10190753.545589972,0.0
daeh-SunShangXiang-BieHuangGong.xml_6,回荆州未三载诓我回转，,10204023.184395274,0.0
daxp-QiaoLouShang-HuangShanLei.xml_14,我不免唤琏儿到街前探问，,10214922.056448255,0.0
sdxp-WoHeNi-SiLangTanMu.xml_7,萧天佐摆天门两国交战，,10219962.794330621,0.0
daxp-DangRiLi-SuoLinNang.xml_11,为什么悲切切哭得可怜。,10268276.207537562,0.0
lseh-XuMaoGong-QinQiongFaPei.xml_4,是是是（呀）来我明白了，,10280458.522176169,0.0
daeh-ZiNaRi-ZhuangYuanMei-2.xml_9,宋天子主婚姻此事成全。,10283399.39495541,0.0
daxp-QiaoLouShang-HuangShanLei.xml_2,对孤灯思远道心神不定，,10310220.434046026,0.0
daeh-ZiNaRi-ZhuangYuanMei-1.xml_11,但愿得杨六郎心如石坚，,10320172.977155859,0.0
lsxp-DaHeYi-SiLangTanMu.xml_15,六弟下位把兄认，,10324060.553041954,0.0
daxp-MuQinBu-FengHuanChao.xml_0,母亲不必心太偏，,10340632.019665439,0.0
daxp-ChenSanLiang-ChenSanLiangPaTang.xml_2,我本是被骗进的富春院，,10344697.736133259,0.0
daeh-ZaoBuXing-HeHouMaDian.xml_9,只骂得贼昏王扭转身驱、闭目合晴、羞羞惭惭一语不发，,10356093.811193934,0.0
lsxp-ZiCongQian-ZhuLianZhai.xml_3,为千岁懒观五凤楼。,10368697.691579718,0.0
lsxp-WeiCengKai-QiYuanBao.xml_7,借宿一宵起祸殃。,10379474.01296937,0.0
daxp-ErTingDe-SuoLinNang.xml_29,积德才生玉树苗。,10394032.359946271,0.0
lseh-NiangZiBu-SouGuJiuGu.xml_13,哀求娘子（喏）舍亲（呐）生。,10404457.3198337,0.0
lsxp-WeiCengKai-QiYuanBao.xml_3,姓刘名安字世昌。,10408460.465673666,0.0
daxp-ErTingDe-SuoLinNang.xml_4,叫梅香你把那好言相告，,10411787.185919879,0.0
daeh-WangChunE-SanNiangJiaoZi.xml_0,王春娥坐草堂自思自叹，,10416903.762622282,0.0
lsxp-ZhangGongDao-ZhuangYuanPu.xml_0,张公道三十五六（哇）子有靠，,10437589.416890359,0.14285714285714285
daxp-FeiShiWo-TaoHuaCun.xml_11,是不是有人拍巴掌。,10490437.898983933,0.14285714285714285
sdxp-DangNianHan-SanJiZhang.xml_21,不能、不能、是万不能！,10503776.748271523,0.0
lsxp-TingTaYan-ZhuoFangCao-2.xml_1,背转身自埋怨我自（呃）已做差。,10511036.821269691,0.0
lsxp-TingTaYan-ZhuoFangCao-1.xml_1,背转身只埋怨我自（呃）己作差，,10511036.821269691,0.0
daxp-QiaoLouShang-HuangShanLei.xml_4,到三更真个是月明人静，,10524788.212484589,0.0
sdxp-WoHeNi-SiLangTanMu.xml_4,誓不忘贤公主恩重如山。,10531713.674906408,0.0
daeh-LiYanFei-ErJinGong.xml_2,耳边厢又听得朝靴响亮，,10553563.97272056,0.0
lsxp-WoBenShi-KongChengJi-2.xml_8,闲无（呃）事在敌楼（呃）我亮一亮琴（呢）音，,10565867.939593697,0.0
daeh-LiYanFei-DaBaoGuo.xml_4,将江山让太师权且代贺，,10605842.504095439,0.0
sdeh-WenSanNiang-SanNiangJiaoZi.xml_6,又谁知平白的闪跌一跤。,10618392.445605502,0.2857142857142857
lsxp-QingGongYan-FaDongWu.xml_1,想起桃园结拜情。,10619613.340598684,0.0
daxp-FeiShiWo-TaoHuaCun.xml_15,那就是来了我西厢带路的小红娘。,10625415.792102927,0.0
daeh-ZiNaRi-ErJinGong.xml_3,太师爷一心心想篡龙楼。,10629121.475475932,0.0
lsxp-WeiCengKai-QiYuanBao.xml_6,行至在中途把雨降，,10634321.360902525,0.0
daxp-TingTaYan-ZuoGong.xml_6,早晚间休怪我言语怠慢，,10646247.221179761,0.0
daxp-DangRiLi-SuoLinNang.xml_18,还有那夜明珠粒粒成串，,10650810.615189923,0.14285714285714285
daxp-LaoDieDie-SanJiZhang-1.xml_2,父休笑薛平贵是花郎模样，,10687347.695080578,0.0
sdxp-WoHeNi-SiLangTanMu.xml_18,将身跪在地平川。,10700176.307705631,0.0
lsxp-ZouYingLong-DaYanSong.xml_8,上面坐的是有道君，,10716977.138454309,0.14285714285714285
lsxp-ShenGongWu-LongFengChengXiang.xml_1,年老得配女娇娃。,10725101.570154928,0.0
sdxp-WoHeNi-SiLangTanMu.xml_33,你也对苍天就表一番。,10729522.249256987,0.0
daxp-DangRiLi-SuoLinNang.xml_3,耳听得风声断，雨声喧，雷声乱，乐声阑珊，人声呐喊，都道说是大雨倾天。,10737866.702518135,0.0
lsxp-DaHeYi-SiLangTanMu.xml_31,走上前来忙松捆，,10738691.951000622,0.0
daeh-CanQiQi-WuLongZuo.xml_0,惨凄凄唤苍天天不应响，,10767671.067123022,0.0
daxp-MengJunZi-ChunQiuPei-2.xml_5,因此上到郊外来捡芦花（呀）。,10797407.391004102,0.0
daxp-DangRiLi-SuoLinNang.xml_13,怎奈我在轿中赤手空拳。,10800775.006306712,0.0
daxp-ErTingDe-SuoLinNang.xml_17,满腹骄矜顿雪潇。,10802694.713716153,0.0
daxp-ErTingDe-SuoLinNang.xml_7,不该人前乱解嘲。,10802694.713716153,0.0
lseh-YiLunMing-WenZhaoGuan-1.xml_10,我好（哇）比哀哀长空雁，,10820224.921521863,0.0
daxp-ErTingDe-SuoLinNang.xml_11,难免怀疑在心梢。,10828981.7110166,0.0
dldeh-ShouBiPo-ChunQiuPei.xml_1,受逼迫去捡柴泪如雨下，,10846730.679552354,0.0
lseh-YiLunMing-WenZhaoGuan-1.xml_4,幸遇那东皋公行方便，,10864459.381984103,0.0
daxp-DangRiLi-SuoLinNang.xml_20,这囊儿虽非是千古罕见，,10904860.568701476,0.0
lseh-LaoZhangBu-WuPenJi.xml_0,老丈不（哇）必胆怕惊，,10906634.67254398,0.0
daxp-ChunQiuTing-SuoLinNang.xml_25,安他半世凤凰巢。,10924506.70483261,0.0
daxp-ErTingDe-SuoLinNang.xml_23,安她半世凤凰剿。,10924506.70483261,0.0
daxp-ErDeFu-HongNiGuan.xml_7,又恐怕众将官说短论长。,10933106.090464298,0.0
sdxp-DangNianHan-SanJiZhang.xml_10,都是安邦定国臣，,10934618.775651399,0.0
daxp-DangRiLi-SuoLinNang.xml_7,哪有这短花帘，旧花幔，参差流苏，残破不全。,10940881.830407888,0.14285714285714285
daeh-ZaoBuXing-HeHouMaDian.xml_13,你叔王不让位再去骂他。,10956004.611023245,0.0
lseh-TuZeiZuo-SouGuJiuGu.xml_3,大事还要问程婴。,10973490.52917447,0.0
lsxp-LiangGuoJiao-ShiJieTing-2.xml_0,两国交锋龙虎斗，,10974747.872862086,0.0
daxp-NiDeFu-FenHeWan.xml_2,把弓带和鱼镖与儿带定，,10988398.837585067,0.0
lseh-XinZhongYou-WenZhaoGuan.xml_15,到如今夜宿在荒村院，,10992917.8361006,0.0
lseh-YiLunMing-WenZhaoGuan-1.xml_31,到如今夜宿在荒村院，,10992917.8361006,0.0
lseh-XinZhongYou-WenZhaoGuan.xml_1,翻来复去睡不安。,11008451.319475772,0.0
lseh-YiLunMing-WenZhaoGuan-1.xml_11,我好比龙游在浅沙滩。,11020589.89644953,0.0
daeh-WangChunE-SanNiangJiaoZi.xml_6,将身儿来至在机房织绢，,11064887.10934625,0.0
daeh-NaRiFeng-YuanXiaoMi.xml_2,舅父前来出主意，,11070508.467199106,0.0
sdxp-DangNianHan-SanJiZhang.xml_20,爹爹为何你要退婚？,11095843.173640389,0.0
daxp-DuiLingHua-BiYuZan.xml_2,果然是成佳偶两心欢恋，,11115652.382116087,0.0
daxp-FeiShiWo-TaoHuaCun.xml_17,听我的号令上战场。,11117141.475123636,0.0
daxp-ChunQiuTing-SuoLinNang.xml_3,想必是新婚渡鹊桥，,11140780.053306911,0.0
lseh-YiLunMing-WenZhaoGuan-1.xml_6,一连几天我的眉不（哇）展，,11170674.29975017,0.0
lsxp-ZhangGongDao-ZhuangYuanPu.xml_5,眼睁（呐）睁有何人去（呀）把纸烧。,11173912.591469428,0.14285714285714285
daxp-LaoDieDie-SanJiZhang-2.xml_0,老爹爹请息怒容儿细讲，,11187273.834366089,0.0
daxp-MengJunZi-ChunQiuPei-1.xml_4,在家中受不过继母拷打，,11200597.820440989,0.0
lsxp-WoZhuYe-ZhuiHanXin.xml_15,扬尘舞蹈见大王。,11208239.293723479,0.0
lsxp-CiShiJian-HuaiHeYing-1.xml_0,此时间不可闹笑话，,11284095.57054395,0.0
lsxp-WoBenShi-KongChengJi-2.xml_7,我诸葛怎比得前辈（呃）的先（呃）生。,11294978.866312232,0.0
lsxp-ZuoRiLi-YuanMenZhanZi.xml_0,昨日里斩八将头挂营外，,11307053.844944691,0.0
lseh-YiLunMing-ZhuoFangSuDian.xml_6,又谁知此贼的疑心（呐）太（呀）大，,11313427.175895682,0.2857142857142857
daxp-LaoDieDie-SanJiZhang-2.xml_1,儿命苦怎配着状元才郎？,11323311.490325393,0.0
daeh-ZiNaRi-ZhuangYuanMei-2.xml_3,乱军中多亏他救我回还。,11323910.129975278,0.0
lseh-YiLunMing-WenZhaoGuan-2.xml_10,我好（呃）比哀哀长空雁，,11332648.608935393,0.0
lseh-YiLunMing-WenZhaoGuan-2.xml_11,我好比龙游在浅沙滩。,11350187.361882586,0.0
lsxp-DaHeYi-SiLangTanMu.xml_1,大喝一声（哪）如雷震，,11393265.173707766,0.0
lsxp-CiShiJian-HuaiHeYing-2.xml_6,三人同把那鬼门关上爬，,11404604.854585215,0.14285714285714285
dldeh-ShouBiPo-ChunQiuPei.xml_3,奴好比花未开风吹雨打，,11439787.532538055,0.0
lsxp-DaHeYi-SiLangTanMu.xml_7,将身站在了阶前等，,11449051.424497603,0.0
sdxp-WoHeNi-SiLangTanMu.xml_1,我和你好夫妻恩德不浅，,11454168.412546193,0.0
lseh-YiLunMing-WenZhaoGuan-1.xml_24,哭一声爹娘不能相见，,11463968.87978667,0.0
daxp-ErDeFu-HongNiGuan.xml_0,儿的父为国家阵前命丧，,11486560.916401325,0.0
lsxp-HenPingWang-WenZhaoGuan.xml_3,满门的家着血染红。,11497880.399238357,0.0
lsxp-WoZhuYe-ZhuiHanXin.xml_3,两路分（呐）兵定咸阳。,11523631.856298024,0.0
daeh-ZiNaRi-ZhuangYuanMei-1.xml_4,这桩事闷得我柔肠百转，,11551338.089211259,0.0
daeh-XiaoNuCai-SanNiangJiaoZi.xml_3,等候了你妻子同见阎罗。,11563048.558421418,0.0
lseh-YiLunMing-WenZhaoGuan-1.xml_17,翻来覆去睡不（哇）安。,11567549.451554185,0.0
lseh-XinZhongYou-WenZhaoGuan.xml_2,背地里只把东皋公怨，,11580637.931791129,0.0
lsxp-JiangShenEr-SanJiaDian.xml_15,叫一声解差把店役。,11584051.381585708,0.0
lseh-ZiNaRi-HongYangDong.xml_7,去了我左右膀难以飞行。,11592273.796271805,0.0
lseh-WeiGuoJia-HongYangDong-3.xml_0,为国家哪何曾半日闲空，,11598587.964058068,0.0
lseh-YiLunMing-WenZhaoGuan-1.xml_25,不能（哪）哎见爹娘（兀）！,11627790.63955436,0.0
daeh-WangChunE-SanNiangJiaoZi.xml_3,老薛保好一似浪里舟船。,11652330.774629854,0.0
daxp-FeiShiWo-TaoHuaCun.xml_3,关系你患难鸳鸯永宿在池塘。,11653783.866456222,0.14285714285714285
lseh-JinZhongXiang-ShangTianTai.xml_4,内侍臣忙摆驾九龙口进，,11657228.772176463,0.0
lsxp-ZouYingLong-DaYanSong.xml_4,我问顽童啼哭因何故，,11659881.70800928,0.0
daxp-ChunQiuTing-SuoLinNang.xml_19,满腹骄矜顿雪潇，,11670851.129010256,0.0
lsxp-TingTaYan-ZhuoFangCao-1.xml_7,既同行共（呃）大事必须要劝解于他（呀呃）。,11699274.469250446,0.0
lsxp-TingTaYan-ZhuoFangCao-2.xml_7,既同行共（呃）大事必须要劝解于他（呀呃）。,11699274.469250446,0.0
lsxp-YiShiWu-YuCangJian.xml_0,一事无成两鬓斑，,11703508.103348885,0.0
lsxp-ZuoRiLi-YuanMenZhanZi.xml_5,老娘亲再讲情儿自刎头来。,11707386.216508212,0.0
lsxp-JiangShenEr-SanJiaDian.xml_13,娘想儿来泪双流。,11728469.481351912,0.0
lsxp-WoBenShi-KongChengJi-2.xml_3,算就了汉家的业鼎足（呃）三分。,11730395.297295235,0.0
sdxp-SuLongWei-WuJiaPo.xml_35,打板子、上夹棍、丢南牢、坐监禁、管叫你思前容易退后难。,11739292.973405687,0.0
lseh-YiLunMing-ZhuoFangCao-2.xml_5,杀猪沽酒款待与他。,11753392.600529008,0.0
daxp-DiTouLi-NvQiJie.xml_7,来生变犬马我当报还。,11758529.222267568,0.0
lseh-YiLunMing-WenZhaoGuan-1.xml_20,若是真心来救我，,11766791.97440098,0.0
lseh-XinZhongYou-WenZhaoGuan.xml_4,若是真心来救我，,11766791.97440098,0.0
daxp-FeiShiWo-TaoHuaCun.xml_16,你把我当做诸葛亮，,11784972.158082325,0.0
lsxp-TingTaYan-ZhuoFangCao-1.xml_6,这时候我只得暂且忍耐在心下，,11790390.40779147,0.0
daxp-QiaoLouShang-HuangShanLei.xml_1,父子们去采药未见回程。,11791356.924908614,0.0
daxp-ChunQiuTing-SuoLinNang.xml_23,他为饥寒我为娇。,11813172.147431182,0.0
daxp-LaoDieDie-YuZhouFeng.xml_3,观此本免了儿一门祸殃。,11819749.382638667,0.0
lsxp-CiShiJian-HuaiHeYing-2.xml_7,生死二字（喏）且由他！,11820381.23252292,0.0
daxp-ErTingDe-SuoLinNang.xml_21,她为饥寒我为骄。,11835362.849330585,0.0
lsxp-JiangShenEr-SanJiaDian.xml_5,因此上发配到登州。,11868239.340394469,0.0
lseh-XuMaoGong-QinQiongFaPei.xml_2,既是为我前来到，,11876230.220005779,0.0
sdxp-DangNianHan-SanJiZhang.xml_6,句句话儿伤父心。,11882694.013498927,0.0
daeh-LiYanFei-DaBaoGuo.xml_0,李艳妃设早朝龙书案下，,11887642.622362774,0.0
daxp-TingTaYan-ZuoGong.xml_2,原来是杨家将把名姓改换，,11898707.976069085,0.0
daeh-ZaoBuXing-HeHouMaDian.xml_11,两旁的文武臣珠泪如麻，,11954427.9298256,0.0
lsxp-CiShiJian-HuaiHeYing-2.xml_0,此时间不可闹笑话，,11958728.606360566,0.0
lsxp-WoBenShi-KongChengJi-1.xml_7,俺诸（喏）葛怎比得前辈呀的先哪生。,11965439.10532913,0.0
lseh-XiRiLi-BaoLianDeng.xml_11,留得美名万古存，,11983901.559486184,0.0
daeh-WuDuanQiao-BiYuZan.xml_2,独处闺房愁无限，,11984982.174765157,0.0
daeh-TanHongYan-HuoXiaoYu.xml_1,美满姻缘付东流。,11986000.624763757,0.0
lsxp-ZouYingLong-DaYanSong.xml_10,他本是我朝中上欺天子下压臣谋朝篡位卖国的奸贼他名叫严嵩，,11987545.626285035,0.0
daxp-ChunQiuTing-SuoLinNang.xml_7,世上何尝尽富豪，,11989655.905234601,0.0
lseh-WeiGuoJia-HongYangDong-1.xml_2,官封到节度使（喏）皇王恩重，,12008878.210441008,0.0
daxp-QiaoLouShang-HuangShanLei.xml_3,不知他在荒山何处安身。,12023747.30738532,0.14285714285714285
lseh-YangYanZhao-PengBei.xml_5,又恐怕惊动了年迈之人。,12040035.255887723,0.0
lsxp-CiShiJian-HuaiHeYing-1.xml_6,三人同把那鬼门关上踏，,12047435.541233974,0.14285714285714285
lsxp-JiangShenEr-SanJiaDian.xml_8,实难舍街坊四邻与我的好朋友，,12049835.29057026,0.0
lsxp-WoBenShi-KongChengJi-1.xml_3,算就了汉家的业鼎足哇三分。,12092260.58998295,0.0
daxp-FeiShiWo-TaoHuaCun.xml_14,倘若是你响她也响，,12108626.266086202,0.0
lseh-YiLunMing-WenZhaoGuan-1.xml_33,我本当拔宝剑自寻短见，,12113355.043907447,0.0
sdxp-SuLongWei-WuJiaPo.xml_39,妻儿老小与奴一般。,12140220.85483047,0.0
lsxp-WoBenShi-KongChengJi-1.xml_8,闲无哇事在敌楼哇我亮（呃）一亮琴哪音，,12150938.775892803,0.0
daxp-ErDeFu-HongNiGuan.xml_3,倒不如与伯党匹配鸾凰。,12153250.023208799,0.0
daeh-ZaoBuXing-HeHouMaDian.xml_5,贼好比曹阿瞒半点不差，,12162178.99154546,0.0
lsxp-CiShiJian-HuaiHeYing-2.xml_2,在长安是你夸大话，,12163149.705690356,0.0
lseh-YiLunMing-WenZhaoGuan-2.xml_6,一连几天我的眉不（呃）展，,12192482.089961834,0.0
lsxp-TingTaYan-ZhuoFangCao-2.xml_6,这时候我只得暂且忍耐在心下，,12201961.455091603,0.0
daeh-ZiNaRi-ErJinGong.xml_6,徐小姐把守在宫门口，,12249734.937018305,0.0
lseh-WeiGuoJia-HongYangDong-3.xml_3,身不爽不由人瞌睡朦胧。,12256156.467216793,0.0
daeh-ZiNaRi-ZhuangYuanMei-2.xml_4,这桩事闷得我柔肠百转，,12257745.075168088,0.0
daxp-ErTingDe-SuoLinNang.xml_25,莫把姓名你信口哓。,12259729.336295092,0.0
lseh-YiLunMing-ZhuoFangCao-1.xml_9,年迈的老丈命（呐）染黄沙。,12272151.082781196,0.0
lseh-TanXiongDi-SangYuanJiZi.xml_0,叹兄兀弟遭不幸一旦丧命，,12274521.9581882,0.0
lsxp-DaHeYi-SiLangTanMu.xml_16,我是你四哥回宋营。,12292269.252714086,0.0
daxp-DangRiLi-SuoLinNang.xml_9,她泪自弹、声续断、似杜鹃、啼别院、巴峡哀猿动人心弦，好不惨然。,12302073.574164327,0.0
lseh-NiangZiBu-SouGuJiuGu.xml_9,来年必定降麒麟。,12306299.090617562,0.0
daeh-SunShangXiang-BieHuangGong.xml_5,又谁知弄假成真反配凤鸾。,12312916.134816937,0.2857142857142857
lseh-YiLunMing-ZhuoFangCao-1.xml_5,杀猪（喏）沽（哇）酒款待于他，,12324986.842765106,0.0
lsxp-WoBenShi-KongChengJi-2.xml_9,我面前却少个知（呃）音的人。,12334953.739912724,0.14285714285714285
daxp-ChunQiuTing-SuoLinNang.xml_4,吉日良辰当欢笑，,12343302.546392476,0.0
lseh-YiLunMing-WenZhaoGuan-1.xml_14,思来想去我的肝肠断，,12356417.173917772,0.0
daxp-FeiShiWo-TaoHuaCun.xml_13,响两声你就凑近身旁。,12361894.475633873,0.0
daxp-ChunQiuTing-SuoLinNang.xml_31,积德才生玉树苗，,12374341.846085621,0.0
daeh-SunShangXiang-BieHuangGong.xml_2,遭不幸父王爷把驾来晏，,12377523.810799327,0.0
lseh-XiRiLi-BaoLianDeng.xml_15,打死个秦官保父不能担承。,12388605.29494015,0.0
daeh-ZaoBuXing-HeHouMaDian.xml_3,反倒说为嫂我拦阻有差，,12406840.523109894,0.42857142857142855
daxp-ErTingDe-SuoLinNang.xml_9,哪有个袖手旁观在壁上瞧。,12410254.26734899,0.14285714285714285
lseh-ZiNaRi-HongYangDong.xml_5,又谁知焦克明他私（呀）自后跟（呐），,12423100.465515608,0.2857142857142857
daxp-FeiShiWo-TaoHuaCun.xml_6,鼓打二更准时往，,12434996.885987751,0.0
lsxp-HenPingWang-WenZhaoGuan.xml_0,恨平王无道乱楚宫（兀），,12435543.748394817,0.0
lsxp-LiangGuoJiao-ShiJieTing-2.xml_2,管带三（呐）军要宽厚，,12455878.20353795,0.0
daxp-ChenSanLiang-ChenSanLiangPaTang.xml_0,陈三两在大堂把话云，,12455936.482734405,0.0
lsxp-JiangShenEr-SanJiaDian.xml_6,舍不得太爷的恩情厚，,12457783.515771423,0.0
daxp-ChunQiuTing-SuoLinNang.xml_14,莫不是夫郎丑难谐女貌？,12458984.83347522,0.0
daxp-ErTingDe-SuoLinNang.xml_2,莫不是夫郎丑难谐女貌，,12459852.728853872,0.0
lsxp-DaHeYi-SiLangTanMu.xml_27,听罢言来才知情，,12481654.918313092,0.14285714285714285
sdxp-SuLongWei-WuJiaPo.xml_18,我与你露水的夫妻就过几年（呐）。,12506156.807244582,0.0
sdxp-WoHeNi-SiLangTanMu.xml_16,快马加鞭我一夜还。,12508924.626331327,0.0
daxp-WoZhuYe-SiLangTanMu.xml_3,一心心要夺取宋室江山。,12511019.666698247,0.0
sdxp-SuLongWei-WuJiaPo.xml_30,本利算来有多少，,12550430.287999865,0.14285714285714285
daeh-ZiNaRi-ZhuangYuanMei-2.xml_13,但愿得八主贤王从中周旋早成美眷、扫狼烟叫那胡儿不敢进犯、保叔王锦锈江山。,12557880.850473257,0.0
daxp-SuSanLi-NvQiJie.xml_3,过往的君子听我言。,12580874.430425797,0.0
lseh-XinZhongYou-WenZhaoGuan.xml_6,贪图富贵来害我，,12583038.49498185,0.0
daeh-ZiNaRi-ZhuangYuanMei-1.xml_13,但愿得八主贤王从中周旋，早成姻眷，扫狼烟，叫那胡儿不敢进犯保叔王锦绣江山。,12598651.292881176,0.0
daxp-DangRiLi-SuoLinNang.xml_14,急切里想起了锁麟囊一（呀）件，,12605701.021501318,0.0
daeh-LiYanFei-DaBaoGuo.xml_7,宣太师上金殿披红插花。,12607019.372049848,0.0
lsxp-WoZhuYe-ZhuiHanXin.xml_13,但愿得言听计从重整汉家邦、一同回故乡。,12622074.864581687,0.0
daeh-ZiNaRi-ZhuangYuanMei-2.xml_15,愿邦家从此后国泰民安。,12644811.102517337,0.0
sdxp-SuLongWei-WuJiaPo.xml_33,家人小厮有万千。,12664357.185600191,0.14285714285714285
sdxp-WoHeNi-SiLangTanMu.xml_13,公主赠我的金鈚箭，,12697651.446112318,0.0
daeh-XiaoNuCai-SanNiangJiaoZi.xml_4,怒气不息在机房闷坐，,12726088.328144418,0.0
lsxp-CiShiJian-HuaiHeYing-1.xml_2,在长安是你夸大话，,12734277.611499555,0.0
lsxp-ZhangGongDao-ZhuangYuanPu.xml_2,为（呀）儿（啼）女我也曾朝山拜庙，,12758633.021125311,0.0
daeh-ZiNaRi-ErJinGong.xml_0,自那日与徐杨决裂以后，,12787099.65812466,0.0
lsxp-LiangGuoJiao-ShiJieTing-2.xml_3,赏罚中公（呃）平莫要自由。,12792996.760552475,0.0
lseh-JinZhongXiang-ShangTianTai.xml_2,文凭着邓先生策划有准，,12829474.253935983,0.14285714285714285
lseh-WeiGuoJia-HongYangDong-2.xml_3,身不爽不由人瞌睡朦胧（呃）（哪）。,12831802.484284945,0.0
lseh-YiLunMing-WenZhaoGuan-2.xml_14,思来想去我的肝肠断，,12834760.154692654,0.0
lseh-YiLunMing-WenZhaoGuan-1.xml_18,背地里只把东皋公怨，,12836451.496369692,0.0
daxp-ErTingDe-SuoLinNang.xml_22,分我一枝珊瑚宝，,12840601.490014832,0.0
sdxp-DangNianHan-SanJiZhang.xml_13,商鞅不中苏季子，,12840601.490014832,0.0
lsxp-ZheYiFeng-DingJunShan.xml_6,向前各各有赏犒，,12841891.481562242,0.14285714285714285
lseh-YiLunMing-WenZhaoGuan-1.xml_22,贪图富贵来害我，,12881624.237902617,0.0
daxp-MengJunZi-ChunQiuPei-2.xml_2,家住在罗郡城魁星楼下，,12887391.532573156,0.0
daeh-WuDuanQiao-BiYuZan.xml_6,一心早想寻短见，,12895015.61217437,0.0
daxp-SuSanLi-NvQiJie.xml_7,来生变犬马我当报还！,12918167.112414,0.0
lsxp-WeiCengKai-QiYuanBao.xml_5,贩卖绸缎转还乡。,12950076.405974422,0.0
daxp-ChunQiuTing-SuoLinNang.xml_5,为何鲛珠化泪抛？,12980040.754174145,0.0
daxp-SuSanLi-NvQiJie.xml_5,与我那三郎把信传。,13017935.961415382,0.0
daxp-ChunQiuTing-SuoLinNang.xml_0,春秋亭外风雨暴，,13023038.539973365,0.0
lseh-YiLunMing-WenZhaoGuan-2.xml_13,我好（呃）比波浪中失舵的舟船（喏）。,13037233.92044729,0.0
lseh-WeiKaiYan-RangXuZhou.xml_0,未开言不由人（呐）珠泪滚滚，,13040230.160900969,0.0
lseh-YiLunMing-ZhuoFangSuDian.xml_4,吕伯奢可算得义气（呀）大，,13082785.213165337,0.0
daeh-ZuoChunGui-XiShi.xml_2,奴这里心中痛玉颜清减，,13090855.876214562,0.0
daeh-SunShangXiang-BieHuangGong.xml_0,孙尚香坐宫院自思自叹，,13093737.915357165,0.0
lsxp-LiangGuoJiao-ShiJieTing-2.xml_4,此一番领（呃）兵去镇守，,13099373.93496705,0.0
daeh-LiYanFei-DaBaoGuo.xml_5,候幼主成了龙原业归家。,13128518.452029057,0.0
lseh-YiLunMing-ZhuoFangSuDian.xml_2,悔不该心猿并意马，,13151824.190527976,0.0
lseh-YiLunMing-ZhuoFangCao-2.xml_6,又谁知此贼的疑心太大，,13177580.563071195,0.2857142857142857
daxp-LaoDieDie-YuZhouFeng.xml_2,倘若是有道君皇恩浩荡，,13185684.162700696,0.14285714285714285
daeh-LiYanFei-DaBaoGuo.xml_8,赐你的上方剑朝房问话，,13189022.750105519,0.0
sdxp-SuLongWei-WuJiaPo.xml_29,府内金银堆如山。,13210928.315858733,0.0
lsxp-TingTaYan-ZhuoFangCao-1.xml_3,却原（呐）来贼是个无（哇）义（呀）的冤家！,13214344.940218829,0.0
lsxp-TingTaYan-ZhuoFangCao-2.xml_3,却愿（呐）来贼是个无（哇）义（呀）的冤家！,13214344.940218829,0.0
lseh-YiLunMing-ZhuoFangCao-1.xml_21,贼好比猛虎未（呀）曾长牙，,13218186.404892484,0.0
lseh-XinZhongYou-WenZhaoGuan.xml_10,爹娘（呃）要相逢除非是梦（呃）里团圆。,13218633.139161637,0.0
daxp-ChunQiuTing-SuoLinNang.xml_1,何处悲声破寂寥。,13224127.374235356,0.0
lsxp-ZheYiFeng-DingJunShan.xml_5,三通鼓刀出鞘四通（呃）鼓把兵交。,13292846.400007214,0.0
lseh-XiRiLi-BaoLianDeng.xml_0,昔日里有一个孤竹君，,13297522.584028048,0.14285714285714285
lseh-NiangZiBu-SouGuJiuGu.xml_10,千言万（哪）语她不肯，,13301346.835451838,0.0
lsxp-ZouYingLong-DaYanSong.xml_13,在品级台（呀）前臣见君。,13319143.944371713,0.0
daeh-TanHongYan-HuoXiaoYu.xml_4,枕边泪（呀）共（那）阶前雨，,13322029.608901007,0.0
daeh-NaRiFeng-YuanXiaoMi.xml_3,我与母亲两分离。,13391390.737955533,0.0
lseh-YangYanZhao-PengBei.xml_3,又只见老爹爹瞌睡沉沉。,13408727.806376727,0.0
lseh-YiLunMing-ZhuoFangCao-2.xml_3,悔不该随他人到吕家。,13425331.225011615,0.0
lsxp-DaHeYi-SiLangTanMu.xml_22,灯光之下看不真。,13443885.086140314,0.0
sdxp-SuLongWei-WuJiaPo.xml_2,王丞相是我的主婚人（哪）。,13446801.927691678,0.0
lseh-XinZhongYou-WenZhaoGuan.xml_8,哭一声爹娘不能相见，,13446835.506290704,0.0
daeh-LiYanFei-ErJinGong.xml_0,李艳妃坐昭阳自思自想，,13450384.727534516,0.14285714285714285
lseh-YiLunMing-ZhuoFangCao-2.xml_9,年迈老丈命染黄沙。,13473373.236865018,0.0
lsxp-ZhangGongDao-ZhuangYuanPu.xml_3,为儿（喏）女我也曾补路修桥。,13489530.132220276,0.0
daxp-ChunQiuTing-SuoLinNang.xml_27,莫把姓名你信口晓，,13492580.856125494,0.0
lseh-YiLunMing-WenZhaoGuan-1.xml_13,我好（哇）比波浪中失舵的舟船（哪）。,13509337.818302387,0.0
daxp-ChunQiuTing-SuoLinNang.xml_9,也有失意痛哭嚎啕，,13528845.763008619,0.14285714285714285
lseh-XiRiLi-BaoLianDeng.xml_6,弟让兄来兄不能应（呐）允，,13533505.524175849,0.0
lsxp-WoZhuYe-ZhuiHanXin.xml_8,一路上秋毫无犯军威壮，,13598028.604532458,0.0
lseh-LaoZhangBu-WuPenJi.xml_7,望求老丈把冤伸。,13617619.957098018,0.0
daeh-CanQiQi-WuLongZuo.xml_2,千金休哪曾受磨房景况，,13629467.683755556,0.0
lseh-YiLunMing-WenZhaoGuan-1.xml_5,他将我隐藏在后花园。,13641152.693992805,0.0
sdxp-SuLongWei-WuJiaPo.xml_5,西凉川四十单八站，,13657630.993667224,0.0
daeh-TanHongYan-HuoXiaoYu.xml_2,薄幸冤家音信无有，,13658373.065884149,0.14285714285714285
lseh-WeiGuoJia-HongYangDong-2.xml_2,官封到节度使（喏）皇王恩重，,13710992.538531756,0.0
lseh-LaoZhangBu-WuPenJi.xml_2,休把我当作了妖魔论，,13734768.663935406,0.0
lseh-YiLunMing-WenZhaoGuan-1.xml_27,鸡鸣犬吠五更（哪）天，,13736450.922679102,0.0
lseh-XinZhongYou-WenZhaoGuan.xml_11,鸡鸣犬吠五更（呃）天，,13760289.337676706,0.0
lseh-XinZhongYou-WenZhaoGuan.xml_3,叫人难解巧机关。,13762283.334584152,0.14285714285714285
lseh-WeiGuoJia-HongYangDong-3.xml_2,官封到节度史（喏）皇王恩重，,13764571.017830618,0.0
daeh-ZiNaRi-ErJinGong.xml_9,想起了老王爷好不惨伤。,13771671.008063164,0.0
sdxp-SuLongWei-WuJiaPo.xml_31,命人送到（那）西凉川。,13833722.6528772,0.0
daeh-SunShangXiang-BieHuangGong.xml_4,与周郎定巧计把皇叔来骗，,13859024.509087324,0.0
lsxp-HenPingWang-WenZhaoGuan.xml_1,父纳子（呃）妻礼难容，,13879145.910033485,0.0
lseh-YiLunMing-WenZhaoGuan-2.xml_0,一轮明月照窗前，,13907723.313766135,0.0
lseh-YiLunMing-ZhuoFangSuDian.xml_9,年迈的老丈命（呐）染黄沙。,13925714.62842783,0.0
daeh-ZiNaRi-ErJinGong.xml_13,我只得怀抱太子两泪汪汪口口声声哭的是先王！,13959795.667526428,0.0
lsxp-ShenGongWu-LongFengChengXiang.xml_2,朝欢暮乐无牵挂，,14018064.458151672,0.0
lseh-TuZeiZuo-SouGuJiuGu.xml_1,诬杀赵家一满门。,14052461.141016157,0.0
lseh-YiLunMing-ZhuoFangCao-1.xml_12,听谯楼打罢了二（喏）更鼓下，,14071045.112124262,0.0
daeh-LiYanFei-ErJinGong.xml_1,想起了朝中事好不惨伤！,14120922.220373431,0.0
dldeh-ShouBiPo-ChunQiuPei.xml_6,你继母心毒狠将你打骂，,14146446.222238349,0.0
lsxp-DaHeYi-SiLangTanMu.xml_9,家住后山磁州郡，,14148173.788859148,0.0
lseh-YiLunMing-ZhuoFangCao-1.xml_11,自有那神灵（啊）天地鉴察。,14160795.330652818,0.14285714285714285
lseh-XiRiLi-BaoLianDeng.xml_14,打死了别家子父能作主，,14174087.904732173,0.0
lsxp-YiShiWu-YuCangJian.xml_6,他害我满门（呐）真悲惨，,14220334.586257307,0.0
sdxp-SuLongWei-WuJiaPo.xml_43,落得个孝子的名儿在那天下传。,14233834.528566647,0.0
lsxp-DaHeYi-SiLangTanMu.xml_25,家住哪州并哪郡？,14267283.014846731,0.0
lsxp-ShenGongWu-LongFengChengXiang.xml_0,深宫无（哇）处不飞花，,14296154.98714701,0.0
lseh-JinZhongXiang-ShangTianTai.xml_3,武仗着姚皇兄保定乾坤。,14302832.025679179,0.0
lsxp-YiShiWu-YuCangJian.xml_3,靠山绿（哇）水常在面前。,14303927.902620785,0.0
lseh-TanXiongDi-SangYuanJiZi.xml_2,眼望着孤坟台珠泪难忍，,14314411.439940672,0.0
daxp-WoDeNiang-XinAnYi.xml_2,这几日身不爽心中烦闷，,14322948.753059955,0.0
lsxp-WoBenShi-KongChengJi-1.xml_9,我面前缺少个知呃音的人。,14343656.533388572,0.14285714285714285
lseh-YiLunMing-WenZhaoGuan-1.xml_19,叫人难解巧机关，,14361859.300773498,0.14285714285714285
lsxp-WoBenShi-KongChengJi-2.xml_5,东西战南北剿博古（呃）通（哦）今。,14386886.244065478,0.0
lseh-YiLunMing-WenZhaoGuan-1.xml_0,一轮明月照窗前，,14389262.30683631,0.0
daeh-LiYanFei-DaBaoGuo.xml_6,写文约我且把玉玺打下，,14420537.521591991,0.0
daeh-ZuoRiGong-TaiZhenWaiChuan.xml_0,昨日宫中何等宠幸，,14432267.445010478,0.0
daxp-XiShiNv-XiShi.xml_4,怕只怕损玉颜姣容自惜，,14463798.606764594,0.0
lseh-YiLunMing-ZhuoFangCao-1.xml_22,虎在笼中我不打，,14464643.050785758,0.0
lseh-YiLunMing-WenZhaoGuan-1.xml_9,满腹的含冤我向谁言（哪）！,14472898.422294937,0.14285714285714285
lseh-YiLunMing-WenZhaoGuan-2.xml_9,满腹的含冤我向谁言（喏）。,14472898.422294937,0.14285714285714285
daxp-WoDeNiang-XinAnYi.xml_0,我的娘她忘了女生外姓，,14479075.209567858,0.0
lseh-WeiGuoJia-HongYangDong-1.xml_3,身不爽不由人瞌睡朦胧（呃）。,14491522.776122458,0.0
sdxp-SuLongWei-WuJiaPo.xml_4,咬定牙关他就不认承。,14498022.687783502,0.14285714285714285
lseh-YiLunMing-WenZhaoGuan-2.xml_5,他将我隐藏在后花园。,14498546.83310391,0.0
lseh-ZenNengGou-BaDaChui.xml_0,怎能够思一计番营来进，,14503453.347260507,0.0
lseh-ZiNaRi-HongYangDong.xml_2,我前番命孟良骸骨搬（呐）请，,14529771.601075971,0.0
lseh-YangYanZhao-PengBei.xml_1,在中途得一信甚是不明。,14537919.811026718,0.0
daxp-WoZhuYe-SiLangTanMu.xml_0,我主爷金沙滩早把命丧，,14546790.546628274,0.0
lseh-YiLunMing-ZhuoFangCao-1.xml_18,观此贼睡卧真（呐）潇洒，,14551201.69125662,0.0
lseh-ZiNaRi-HongYangDong.xml_9,因此上臣的病重（呃）加十分、千岁爷呀！,14557314.149773574,0.0
sdxp-DangNianHan-SanJiZhang.xml_4,仙女嫁的又是何人？,14561982.296509942,0.0
daxp-XiRiLi-LongFengChengXiang.xml_4,月老本是乔国丈，,14680813.228160812,0.0
sdxp-WoHeNi-SiLangTanMu.xml_28,有心赠你金鈚箭，,14682363.500467032,0.14285714285714285
sdxp-SuLongWei-WuJiaPo.xml_3,他三人与我有仇恨，,14703371.507708972,0.14285714285714285
daxp-ErTingDe-SuoLinNang.xml_0,耳听得悲声惨心中如捣，,14714886.380636344,0.0
lseh-YiLunMing-ZhuoFangCao-2.xml_0,一轮明月照窗下，,14734780.819400143,0.0
sdxp-DangNianHan-SanJiZhang.xml_12,登台拜帅天下闻。,14787455.594110405,0.0
lseh-YiLunMing-ZhuoFangCao-2.xml_11,自有那神灵儿天地鉴察。,14788790.70244547,0.14285714285714285
lseh-YiLunMing-ZhuoFangSuDian.xml_0,一轮明月照窗下，,14791459.051151356,0.0
sdeh-WenSanNiang-SanNiangJiaoZi.xml_3,老薛保你不必苦哀告，,14796672.170051094,0.0
daxp-ChunQiuTing-SuoLinNang.xml_11,必有隐情在心潮。,14827467.533282265,0.14285714285714285
lseh-LaoZhangBu-WuPenJi.xml_6,我和你远无冤近无有仇恨，,14843260.029675834,0.14285714285714285
daeh-ZiNaRi-ErJinGong.xml_12,有一句话儿不好言讲，,14880502.764691098,0.14285714285714285
daeh-ZiNaRi-ZhuangYuanMei-1.xml_15,愿天下从此后国泰民安。,14887014.457642354,0.0
daxp-QiaoLouShang-HuangShanLei.xml_13,果然是晓鸡唱天已黎明。,14902049.973623823,0.0
lsxp-JiangShenEr-SanJiaDian.xml_3,二不是歹人（呐）把城偷。,14953581.194664357,0.0
daxp-FeiShiWo-TaoHuaCun.xml_7,桃花村口莫彷徨。,14965582.701428339,0.0
daxp-MengTingDe-MuiGuiYingGuaShuai.xml_3,敌血飞溅石榴裙。,14972923.719630944,0.0
sdxp-SuLongWei-WuJiaPo.xml_10,管保大嫂就断与咱。,15001329.463877976,0.0
lseh-YiLunMing-WenZhaoGuan-1.xml_2,实指（惹）望到吴国借兵回转，,15021476.222974213,0.0
lsxp-ZiGuDao-HuangHeLou.xml_4,今日主公把宴上，,15060976.917280497,0.0
daxp-ChunQiuTing-SuoLinNang.xml_12,耳听得悲声惨心中如捣，,15085558.528092118,0.0
lsxp-ZouYingLong-DaYanSong.xml_0,忽听得万岁宣应龙，,15089047.924000721,0.0
lseh-NiangZiBu-SouGuJiuGu.xml_3,三百余口命赴幽冥。,15092249.49564996,0.0
daeh-WangChunE-SanNiangJiaoZi.xml_2,春娥女好一此失群孤雁，,15099090.62943966,0.0
lseh-YiLunMing-WenZhaoGuan-1.xml_26,要相逢陈非是梦（兀）里团圆。,15108734.258774448,0.0
daeh-LiYanFei-DaBaoGuo.xml_3,各国的众王侯朝贺中华。,15130651.7347599,0.0
sdxp-SuLongWei-WuJiaPo.xml_37,欺奴犹如欺了天。,15164981.768516077,0.0
daxp-FeiShiWo-TaoHuaCun.xml_4,已然错请生波浪，,15165250.628117573,0.0
dldeh-ShouBiPo-ChunQiuPei.xml_7,全（呐）不顾你身有病气力不佳。,15165435.544216229,0.14285714285714285
daeh-LiYanFei-ErJinGong.xml_5,我只得怀抱太子两泪汪汪口口声声哭的是先王。,15173406.496044802,0.0
lseh-YangYanZhao-PengBei.xml_4,我本当将此事对他来论，,15209269.692664184,0.0
daxp-MengTingDe-MuiGuiYingGuaShuai.xml_6,番王小丑何足论，,15209627.341999663,0.0
daeh-TanHongYan-HuoXiaoYu.xml_0,叹红颜薄命前生就，,15232448.77767079,0.0
lseh-LaoZhangBu-WuPenJi.xml_4,我忙将树（呃）枝摆摇（哇）动，,15277354.595171519,0.0
lseh-YiLunMing-ZhuoFangCao-1.xml_20,贼好比蛟龙未生鳞甲，,15279409.307370948,0.0
lseh-XiRiLi-BaoLianDeng.xml_12,为父的怎比得孤竹君，,15281313.429005817,0.0
daeh-ZiNaRi-ErJinGong.xml_8,李艳妃坐昭阳自思自想，,15290170.890396778,0.14285714285714285
daxp-DangRiLi-SuoLinNang.xml_5,隔帘儿我也曾侧目偷观。,15298779.171335455,0.0
lsxp-JiangShenEr-SanJiaDian.xml_0,将身儿来至在大街口，,15361821.598623678,0.0
daxp-QiaoLouShang-HuangShanLei.xml_6,忙移步隔花荫留神听定，,15374600.556439372,0.0
daxp-ErDeFu-HongNiGuan.xml_4,清早起我和他一度商量，,15387452.972556515,0.0
lseh-YiLunMing-ZhuoFangCao-1.xml_6,又谁知此贼的疑心（呐）太（呀）大，,15394552.454610664,0.2857142857142857
lseh-ZiNaRi-HongYangDong.xml_8,为此事终（啊）日里忧成疾病，,15413730.939984018,0.0
daxp-DangRiLi-SuoLinNang.xml_0,当日里好风光忽觉转变，,15428126.231753467,0.0
daeh-WangChunE-SanNiangJiaoZi.xml_5,每日里在书房苦读圣贤。,15431621.369522719,0.0
daeh-ZaoBuXing-HeHouMaDian.xml_4,贼好比王莽贼称孤道寡，,15473557.94331443,0.0
lseh-XuMaoGong-QinQiongFaPei.xml_5,其中必有这巧（哇）妙高。,15593180.45931353,0.14285714285714285
lseh-YiLunMing-ZhuoFangCao-1.xml_25,险些儿把事（喏）又（哇）作差。,15593931.590714574,0.0
lseh-JinZhongXiang-ShangTianTai.xml_1,寡人喜的是五谷丰登。,15640447.047736136,0.0
daeh-SunShangXiang-BieHuangGong.xml_8,恨只恨我兄长把事错办，,15662965.540153783,0.0
daxp-QiaoLouShang-HuangShanLei.xml_8,听画鼓报四更愈添凄冷，,15664390.628684442,0.0
daxp-DiTouLi-NvQiJie.xml_5,与我那三郎把信传。,15668843.21768684,0.0
lseh-YiLunMing-WenZhaoGuan-2.xml_2,实指望到吴国借兵回转，,15679073.922719069,0.0
sdxp-WoHeNi-SiLangTanMu.xml_22,讲什么夫妻情恩德不浅，,15685086.030037817,0.0
lsxp-WoBenShi-KongChengJi-1.xml_5,东西战南北剿博古通呃今。,15691485.907931484,0.0
sdxp-DangNianHan-SanJiZhang.xml_5,我的儿说话言不逊，,15748410.70225479,0.0
sdxp-SuLongWei-WuJiaPo.xml_16,送与大嫂把家安。,15751387.631133273,0.0
daxp-XiShiNv-XiShi.xml_3,每日里浣纱去又傍清溪。,15834158.162737336,0.0
lsxp-CiShiJian-HuaiHeYing-1.xml_1,胡言乱语怎瞒（呐）咱。,15834475.313308774,0.0
lsxp-ZheYiFeng-DingJunShan.xml_9,到明天午时三刻要成功劳。,15853875.859174553,0.0
sdxp-SuLongWei-WuJiaPo.xml_15,这锭银、三两三，,15869521.5563327,0.0
daxp-MengTingDe-MuiGuiYingGuaShuai.xml_5,寸土怎能够属于他人。,15870462.666057218,0.0
lseh-XiRiLi-BaoLianDeng.xml_3,传口诏命次子即位为君，,15945803.466979848,0.0
lseh-YiLunMing-ZhuoFangSuDian.xml_11,自有那神灵儿天地鉴察。,15968532.017544838,0.14285714285714285
daeh-ZiNaRi-ZhuangYuanMei-2.xml_0,自那日与六郎阵前相见，,15969224.650174983,0.0
lseh-ZiNaRi-HongYangDong.xml_4,二次（喏）里命孟良番营来进，,16016931.655188616,0.0
sdxp-WoHeNi-SiLangTanMu.xml_23,咱与你隔南北千里姻缘。,16125559.912890084,0.0
lsxp-DaHeYi-SiLangTanMu.xml_11,我父令公官极品，,16138551.978134597,0.0
sdxp-DangNianHan-SanJiZhang.xml_16,难道说文官他就不丧身？,16232258.647415772,0.0
daxp-XiShiNv-XiShi.xml_0,西施女生长在苎萝村里，,16234651.605128624,0.0
daxp-DangRiLi-SuoLinNang.xml_4,那花轿必定是因陋就简，,16298257.58551608,0.0
daxp-XiRiLiang-LongFengChengXiang.xml_0,昔日梁鸿配孟光，,16298750.732863843,0.0
lseh-YiLunMing-ZhuoFangCao-2.xml_8,一家人倶丧在宝剑之下，,16308932.602878893,0.0
lsxp-CiShiJian-HuaiHeYing-1.xml_5,右手再把栾布拉。,16312299.98723542,0.0
daeh-WangChunE-SanNiangJiaoZi.xml_4,薛倚儿他好比无弓之箭，,16360709.299750302,0.0
daxp-ErTingDe-SuoLinNang.xml_14,休要噪且站了，,16378591.703435525,0.0
lseh-ZiNaRi-HongYangDong.xml_0,自（喏）那日朝罢归身（呐）染重病，,16394618.018085262,0.0
lseh-XiRiLi-BaoLianDeng.xml_1,伯夷叔齐二大贤人，,16396385.455572778,0.0
daeh-ZuoRiGong-TaiZhenWaiChuan.xml_2,思想起从前事心中悔恨，,16458553.05283499,0.0
sdxp-WoHeNi-SiLangTanMu.xml_32,适才叫咱盟誓愿，,16484682.653742181,0.0
lsxp-DaHeYi-SiLangTanMu.xml_10,火堪寨上有家门。,16502546.318633476,0.14285714285714285
daxp-NiDeFu-FenHeWan.xml_0,你的父去投军无音信，,16517480.220358701,0.0
daxp-DangRiLi-SuoLinNang.xml_16,有金珠和珍宝光华灿烂，,16582900.886060001,0.14285714285714285
lsxp-ZouYingLong-DaYanSong.xml_1,在朝房来了我这保国忠。,16661724.957890283,0.0
daeh-ZiNaRi-ZhuangYuanMei-2.xml_14,愿天下有情人都成姻眷，,16705133.669158828,0.14285714285714285
lseh-XiRiLi-BaoLianDeng.xml_10,首阳山前冻饿死（喏）。,16717304.326513212,0.0
daxp-ChunQiuTing-SuoLinNang.xml_18,听薛良一语来相告，,16748718.626407677,0.0
lsxp-WeiCengKai-QiYuanBao.xml_4,奉母命京城往，,16826339.900131285,0.0
lsxp-WoZhuYe-ZhuiHanXin.xml_11,反将我主贬汉王。,16844384.997396987,0.0
daxp-DangRiLi-SuoLinNang.xml_12,那时节奴妆奁不下百万，,16867320.75974952,0.0
lsxp-WoZhuYe-ZhuiHanXin.xml_1,拔剑斩蛇天下扬。,16926244.943896774,0.0
lseh-ZenNengGou-BaDaChui.xml_2,前也思（喏）后又想无有计定，,16948730.04517204,0.14285714285714285
daxp-XiShiNv-XiShi.xml_2,只为着守清寒柴门近水，,16968957.605299983,0.0
lseh-YiLunMing-ZhuoFangCao-1.xml_3,悔不该随他人到吕家，,16980807.54106689,0.0
sdxp-WoHeNi-SiLangTanMu.xml_17,公主叫我盟誓愿，,17048458.192648754,0.0
daxp-ErTingDe-SuoLinNang.xml_16,听薛良一语来相告，,17048533.524258226,0.0
lsxp-JiangShenEr-SanJiaDian.xml_10,娘生儿连心肉，,17072714.705644265,0.0
lsxp-JiangShenEr-SanJiaDian.xml_1,尊一声过往的宾朋听从头：,17106407.572742064,0.0
lseh-YiLunMing-ZhuoFangCao-2.xml_4,吕伯奢可算得义气大，,17115990.69740887,0.0
lsxp-WoBenShi-KongChengJi-2.xml_4,官封到武乡侯（呃）执掌帅印，,17132288.454121448,0.0
sdxp-SuLongWei-WuJiaPo.xml_14,将银放在地平川。,17140842.944329906,0.0
lseh-JinZhongXiang-ShangTianTai.xml_0,金钟响玉磬应王登龙庭，,17154183.676701933,0.0
daxp-ErTingDe-SuoLinNang.xml_19,谁能移动它半分毫。,17254434.249152586,0.14285714285714285
lsxp-DaHeYi-SiLangTanMu.xml_12,我母佘氏老太君。,17278456.090699714,0.0
sdxp-SuLongWei-WuJiaPo.xml_28,我父在朝为官宦，,17297590.602517843,0.0
daeh-ZiNaRi-ErJinGong.xml_2,先王爷晏驾后太子年幼，,17321649.396067813,0.0
lsxp-WoZhuYe-ZhuiHanXin.xml_7,一路上得遇陆贾、郦生与张良。,17351872.944049016,0.0
lseh-ZiNaRi-HongYangDong.xml_6,老军报他二人在洪洋（呃）洞丧（呃）命，,17353083.799540546,0.0
lseh-XiRiLi-BaoLianDeng.xml_8,那伯夷出午门无（哇）有踪（呃）影，,17461713.740487333,0.14285714285714285
daxp-XiRiLi-LongFengChengXiang.xml_0,昔日里梁鸿配孟光，,17464822.225219086,0.0
lseh-YiLunMing-ZhuoFangSuDian.xml_3,悔不该随他人到吕家。,17481037.365052238,0.0
lsxp-WoBenShi-KongChengJi-2.xml_6,周文王访姜尚周室大振，,17507387.69681015,0.0
sdxp-WoHeNi-SiLangTanMu.xml_8,我的娘押粮草来到北番。,17551125.06758585,0.0
lseh-WeiKaiYan-RangXuZhou.xml_3,老朽年迈我也不能够担承。,17588557.483737692,0.0
lseh-LaoZhangBu-WuPenJi.xml_3,我本屈死一鬼魂。,17692937.710678805,0.0
sdxp-WoHeNi-SiLangTanMu.xml_25,有什么心腹事你只管明言。,17703766.747612093,0.14285714285714285
lsxp-WoZhuYe-ZhuiHanXin.xml_14,撩袍端带我把金殿上，,17718745.997868843,0.0
daxp-MengJunZi-ChunQiuPei-2.xml_0,蒙君子至诚心再三问话，,17794717.113222588,0.0
lsxp-DaHeYi-SiLangTanMu.xml_13,十五年前沙滩会，,17801771.856145106,0.0
daxp-ErTingDe-SuoLinNang.xml_20,我正不足她正少，,17823589.82814559,0.0
daeh-ZaoBuXing-HeHouMaDian.xml_10,只骂得贼昏王无言对答。,17845955.74098644,0.0
daxp-MengTingDe-MuiGuiYingGuaShuai.xml_0,猛听得金鼓响画角声震，,17878848.931313645,0.0
lseh-XiRiLi-BaoLianDeng.xml_7,兄（呃）推弟来两不能够担承。,17957490.641726453,0.0
daxp-LaoDieDie-YuZhouFeng.xml_1,明早朝上金殿面奏吾皇。,17968867.78248384,0.0
daeh-LiYanFei-ErJinGong.xml_4,有几句话儿我不好言讲，,18025869.311175827,0.14285714285714285
daeh-ZiNaRi-ZhuangYuanMei-1.xml_0,自那日与六郎姻缘相见，,18090847.676743712,0.0
lseh-YiLunMing-WenZhaoGuan-2.xml_12,我好（呃）比鱼儿吞了钩线，,18110532.222904377,0.0
lsxp-ZhangGongDao-ZhuangYuanPu.xml_4,怕将（呃）来老天爷无（哇）有果报，,18123993.954868086,0.14285714285714285
lsxp-TingTaYan-ZhuoFangCao-1.xml_0,听他言听得我心（呐）惊胆怕，,18124421.90120417,0.0
lsxp-TingTaYan-ZhuoFangCao-2.xml_0,听他言吓得我心（呐）惊胆怕，,18124421.90120417,0.0
lsxp-DaHeYi-SiLangTanMu.xml_21,龙行虎步非凡等，,18211003.943288248,0.0
lsxp-WoZhuYe-ZhuiHanXin.xml_4,先进咸阳为皇上，,18272528.511854056,0.0
lsxp-ZheYiFeng-DingJunShan.xml_2,站立在营门三军叫，,18283616.845435057,0.0
lsxp-JiangShenEr-SanJiaDian.xml_12,儿想娘亲难叩首，,18323360.235193808,0.0
daxp-FeiShiWo-TaoHuaCun.xml_10,不但要仔细听、还要仔细想，,18392378.7996518,0.0
daxp-DangRiLi-SuoLinNang.xml_6,虽然是古青庐以朴为俭，,18439096.909044575,0.0
lseh-XiRiLi-BaoLianDeng.xml_2,都只为孤（哇）竹君身染重病（哪），,18459297.262824338,0.0
daeh-ZaoBuXing-HeHouMaDian.xml_8,只骂得贼昏王装聋作哑，,18475320.32785585,0.0
daeh-ZiNaRi-ZhuangYuanMei-2.xml_8,幸喜得珍珠衫称心如愿，,18517856.472184166,0.0
daxp-FeiShiWo-TaoHuaCun.xml_0,非是我嘱咐叮咛把话讲，,18524291.435346216,0.0
lseh-YiLunMing-WenZhaoGuan-1.xml_12,我好（哇）比鱼儿吞了钩线，,18547960.43957632,0.0
daeh-ZiNaRi-ZhuangYuanMei-2.xml_10,但愿得令公令婆别无意见，,18555141.11009513,0.0
sdxp-SuLongWei-WuJiaPo.xml_13,腰中取出银一锭，,18597475.456156675,0.0
sdxp-WoHeNi-SiLangTanMu.xml_24,因何故终日里愁眉不展，,18598600.024358746,0.0
daeh-ZiNaRi-ZhuangYuanMei-1.xml_14,愿天下有情人都成姻眷，,18599763.495681807,0.14285714285714285
daxp-ErDeFu-HongNiGuan.xml_2,奴这里只把那结婚思量，,18694529.623929933,0.0
daxp-ChunQiuTing-SuoLinNang.xml_24,分我一枝珊瑚宝，,18700839.52032994,0.0
daxp-ChunQiuTing-SuoLinNang.xml_22,我在不足他正少，,18700839.52032994,0.0
lseh-XiRiLi-BaoLianDeng.xml_4,那叔齐分长幼不能担任，,18705564.635427624,0.0
lseh-YiLunMing-ZhuoFangCao-1.xml_0,一轮明月照窗下，,18707058.151284292,0.0
daxp-TingTaYan-ZuoGong.xml_1,十五载到今日才吐真言。,18728800.12559889,0.0
daeh-ZaoBuXing-HeHouMaDian.xml_0,遭不幸老王爷晏了御驾，,18771938.45615102,0.0
daeh-NaRiFeng-YuanXiaoMi.xml_1,死里逃生甚惨凄。,18819587.533861533,0.0
sdxp-SuLongWei-WuJiaPo.xml_1,苏龙魏虎为媒证，,18850082.540353123,0.0
daxp-TingTaYan-ZuoGong.xml_0,听他言吓得我浑身是汗，,18853029.329977356,0.0
daxp-ErTingDe-SuoLinNang.xml_18,人情冷暖凭空造，,18905013.58205014,0.0
daxp-MengJunZi-ChunQiuPei-1.xml_1,虽然是男女别不得不答。,18950531.54140617,0.0
lseh-YiLunMing-WenZhaoGuan-1.xml_8,俺伍员好一似丧家犬，,18980467.76018342,0.0
daeh-ZaoBuXing-HeHouMaDian.xml_6,贼好比秦赵高指鹿为马，,19054405.978040315,0.0
daxp-XiRiLiang-LongFengChengXiang.xml_3,安排巧计害刘王。,19078225.304555092,0.0
lseh-YiLunMing-ZhuoFangCao-1.xml_19,安眠好似并底之蛙，,19106769.030071985,0.0
sdxp-SuLongWei-WuJiaPo.xml_25,苏龙魏虎是内亲。,19144024.571873438,0.0
lsxp-WoBenShi-KongChengJi-1.xml_4,官封到武乡侯哇执掌帅印，,19170843.036162265,0.0
daxp-ErDeFu-HongNiGuan.xml_1,撇下了奴一人好不悲凉。,19178202.77458629,0.0
lsxp-ZouYingLong-DaYanSong.xml_5,他言道严嵩老贼害他的举家一满门。,19237540.34500268,0.0
sdeh-WenSanNiang-SanNiangJiaoZi.xml_1,问三娘发雷霆却是为何？,19344311.73394913,0.0
lsxp-JiangShenEr-SanJiaDian.xml_14,眼见得红日坠落在西山后，,19435040.727864973,0.0
lsxp-CiShiJian-HuaiHeYing-1.xml_3,为什么事到如今耍奸滑。,19471273.670981683,0.0
lseh-YiLunMing-ZhuoFangCao-1.xml_13,越思越想把事来作差。,19477341.509993397,0.0
lseh-YiLunMing-WenZhaoGuan-2.xml_15,今夜晚怎能够盼到明天。,19477354.03175182,0.0
lseh-ZiNaRi-HongYangDong.xml_1,三更时梦（呃）见（呐）了年迈爹尊（呐）。,19491197.261456832,0.0
lseh-YiLunMing-WenZhaoGuan-1.xml_15,今夜晚怎能够盼到明天。,19679216.46182723,0.0
daxp-FeiShiWo-TaoHuaCun.xml_2,今夜晚非比那西厢待月、你懂提防、莫轻狂，,19854043.41747688,0.0
sdxp-WoHeNi-SiLangTanMu.xml_26,你那里休得要巧言舌辨，,19892141.61817351,0.0
daxp-SuSanLi-NvQiJie.xml_4,哪一位去往南京转，,19914637.524854295,0.0
lseh-TanXiongDi-SangYuanJiZi.xml_1,丢下了年幼儿好不伤情。,19934144.38499611,0.0
daxp-ChenSanLiang-ChenSanLiangPaTang.xml_4,诗书易礼都学会，,19976433.06999306,0.0
daeh-TanHongYan-HuoXiaoYu.xml_3,啼花泣月在暗里（呀）添愁。,19976554.83923037,0.0
lseh-YiLunMing-WenZhaoGuan-2.xml_8,俺伍员好一似丧家犬，,19999436.397969596,0.0
sdxp-DangNianHan-SanJiZhang.xml_9,当年韩信与苏秦，,20012745.80171442,0.0
lsxp-WoZhuYe-ZhuiHanXin.xml_10,项羽不遵怀王约，,20025882.047109216,0.0
lsxp-WoZhuYe-ZhuiHanXin.xml_12,今日里萧何荐良将，,20049783.784161504,0.0
daxp-ChunQiuTing-SuoLinNang.xml_21,谁能移动他半分毫。,20123312.605652038,0.14285714285714285
sdxp-WoHeNi-SiLangTanMu.xml_30,宋营离此路途远，,20124759.563290574,0.0
lseh-WeiGuoJia-HongYangDong-3.xml_1,我也曾平服了塞北西东。,20157369.591723196,0.0
sdxp-DangNianHan-SanJiZhang.xml_3,小奴才真个不孝顺，,20216345.364656217,0.0
sdxp-SuLongWei-WuJiaPo.xml_34,将你带到官衙内，,20240789.14969657,0.0
lsxp-WeiCengKai-QiYuanBao.xml_1,尊一声太爷听端详。,20252426.16488352,0.0
lseh-YiLunMing-ZhuoFangCao-1.xml_8,一家人倶丧在宝剑之（喏）下，,20310284.139088888,0.0
lsxp-WoBenShi-KongChengJi-2.xml_2,先帝（呀）爷下南阳（呃）御驾三（呃）请，,20315479.048119407,0.0
lseh-NiangZiBu-SouGuJiuGu.xml_4,我与那公孙杵臼把计定，,20323881.917394955,0.0
lseh-WeiGuoJia-HongYangDong-1.xml_1,我也曾平服了塞北西东。,20344272.856238358,0.0
daxp-ErTingDe-SuoLinNang.xml_28,麟儿哪有神送到，,20368599.865697693,0.14285714285714285
sdxp-SuLongWei-WuJiaPo.xml_24,提起了旁人我不晓，,20379790.786748085,0.0
daxp-LaoDieDie-SanJiZhang-2.xml_2,父道那薛平贵是那化郎模样，,20389187.34662905,0.0
daxp-MengJunZi-ChunQiuPei-2.xml_1,虽然是不相识我就不得不答。,20420504.48636223,0.0
lsxp-CiShiJian-HuaiHeYing-2.xml_3,为什么事到如今耍奸滑？,20485620.605541,0.0
sdxp-WoHeNi-SiLangTanMu.xml_10,怎奈我身在番难以过关。,20526904.551774528,0.14285714285714285
lseh-YiLunMing-ZhuoFangSuDian.xml_8,一家人倶丧在宝剑之（喏）下，,20533625.52172329,0.0
lsxp-ZuoRiLi-YuanMenZhanZi.xml_2,今日里斩宗保娘把儿怪，,20571249.40423128,0.0
sdeh-WenSanNiang-SanNiangJiaoZi.xml_5,实指望教训他终身有靠，,20629099.049764164,0.14285714285714285
sdxp-SuLongWei-WuJiaPo.xml_40,这锭银子奴不要，,20679742.143764403,0.0
sdxp-SuLongWei-WuJiaPo.xml_32,我进相府对父言，,20679742.143764403,0.0
daxp-XiRiLi-LongFengChengXiang.xml_3,安排虎计害刘王。,20768682.495291855,0.0
sdxp-SuLongWei-WuJiaPo.xml_36,军爷说话理不端，,20839874.351439368,0.0
daxp-TingTaYan-ZuoGong.xml_4,我这里走向前再把礼见，,20954195.05183751,0.0
daxp-DiTouLi-NvQiJie.xml_3,过往的君子听我言。,21005818.731749523,0.0
daxp-WoZhuYe-SiLangTanMu.xml_1,众文武扶哀家执掌军房。,21014666.822888996,0.0
lsxp-WoBenShi-KongChengJi-1.xml_6,周文王访姜尚周室大振，,21167678.109189782,0.0
lseh-NiangZiBu-SouGuJiuGu.xml_11,不舍娇儿难救孤身。,21199850.715501804,0.0
lseh-YiLunMing-WenZhaoGuan-1.xml_30,朝臣待漏（哇）五更寒，,21289488.430117767,0.0
sdxp-DangNianHan-SanJiZhang.xml_15,未央宫斩的是韩信，,21343418.172779664,0.0
daxp-ChunQiuTing-SuoLinNang.xml_20,人情冷暖凭天造，,21460998.385926295,0.0
daeh-ZaoBuXing-HeHouMaDian.xml_12,搬一把金交椅娘且坐下，,21490641.091418155,0.0
sdxp-DangNianHan-SanJiZhang.xml_1,登台拜帅是韩信，,21495476.3043602,0.0
daxp-ErTingDe-SuoLinNang.xml_3,莫不是强婚配鸦占鸾巢。,21500294.88556315,0.0
daeh-WuDuanQiao-BiYuZan.xml_4,今生若被郎轻贱，,21521058.484626174,0.0
lsxp-JiangShenEr-SanJiaDian.xml_4,杨林与我来争斗，,21522586.201074395,0.0
daeh-XiaoNuCai-SanNiangJiaoZi.xml_2,哭一声亡故夫在阴曹等我，,21551351.111412458,0.0
daxp-MengJunZi-ChunQiuPei-1.xml_2,家住在罗郡城魁星楼下，,21575102.54600655,0.0
daxp-WoDeNiang-XinAnYi.xml_1,奴年交十九岁还守闺门。,21649585.89265012,0.0
lsxp-ZouYingLong-DaYanSong.xml_3,偶遇见小小的顽童放悲声，,21684238.40315068,0.0
lsxp-WoZhuYe-ZhuiHanXin.xml_2,怀王也曾把旨降，,21723364.48991903,0.0
daxp-ErTingDe-SuoLinNang.xml_15,薛良与我去问一遭。,21762408.383278757,0.0
lsxp-ZheYiFeng-DingJunShan.xml_1,天助黄忠成功劳。,21820320.293894317,0.0
daxp-MengJunZi-ChunQiuPei-2.xml_4,身有病还受那继母拷打，,21880992.50217381,0.14285714285714285
lseh-XinZhongYou-WenZhaoGuan.xml_14,朝臣待漏五更寒。,21943992.12081549,0.0
lsxp-TingTaYan-ZhuoFangCao-1.xml_2,我先前只望他宽宏量（呃）大，,22010899.90160447,0.0
lsxp-TingTaYan-ZhuoFangCao-2.xml_2,我先前只望他宽宏量（呃）大，,22010899.90160447,0.0
daxp-DuiLingHua-BiYuZan.xml_1,听她言不由人喜上眉尖。,22068305.536724873,0.0
daxp-ChunQiuTing-SuoLinNang.xml_15,莫不是强婚配鸦占鸾巢？,22168200.245982263,0.0
daeh-ZiNaRi-ZhuangYuanMei-2.xml_6,百姓们闺房乐如花美眷，,22271734.78834083,0.0
daxp-TingTaYan-ZuoGong.xml_5,尊一声驸马爷细听咱言。,22314961.33529261,0.0
sdxp-SuLongWei-WuJiaPo.xml_9,衙里衙外我打点，,22594678.279321715,0.0
daeh-NaRiFeng-YuanXiaoMi.xml_4,母女隔断三千里，,22648234.460949782,0.0
lsxp-WeiCengKai-QiYuanBao.xml_2,家住在南阳太平庄，,22655710.06996131,0.0
daxp-LaoDieDie-SanJiZhang-1.xml_1,我立志不嫁那状元才郎。,22711009.033739753,0.0
daxp-ChunQiuTing-SuoLinNang.xml_6,此时却又明白了，,22783135.975903697,0.0
lsxp-ZouYingLong-DaYanSong.xml_2,那一日打从大街进，,22854456.91352122,0.0
sdxp-WoHeNi-SiLangTanMu.xml_5,非是我这几日愁眉不展，,22864226.788588937,0.0
lsxp-ZuoRiLi-YuanMenZhanZi.xml_3,哭啼啼坐宝帐所为何来。,22878223.24946223,0.0
lseh-YiLunMing-ZhuoFangCao-1.xml_16,我只说贼是个宽宏量大，,22881125.89294831,0.0
lseh-WeiGuoJia-HongYangDong-2.xml_1,我也曾平服了塞北西东。,22881802.976125307,0.0
daxp-XiRiLi-LongFengChengXiang.xml_1,今朝仙女会襄王。,22928986.973070905,0.0
lseh-ZenNengGou-BaDaChui.xml_1,前后话对文龙细说衷情。,22941592.327245165,0.0
daxp-SuSanLi-NvQiJie.xml_0,苏三离了洪洞县，,23010190.65336293,0.0
sdxp-DangNianHan-SanJiZhang.xml_17,仙女配的是董永，,23010190.65336293,0.0
lsxp-WoBenShi-KongChengJi-1.xml_2,先帝呀爷下南阳御呀驾三请，,23016116.748364367,0.0
daxp-ChunQiuTing-SuoLinNang.xml_30,麟儿那有神送到，,23037779.45255172,0.14285714285714285
lsxp-CiShiJian-HuaiHeYing-2.xml_5,右手再把栾布拉，,23204180.29833416,0.0
lseh-YiLunMing-ZhuoFangSuDian.xml_10,屈死的怨鬼魂休要怨（呐）咱，,23204854.41866828,0.0
lsxp-WoBenShi-KongChengJi-2.xml_0,我本是卧龙岗散淡（呐）的人，,23220455.742112823,0.0
lsxp-ZouYingLong-DaYanSong.xml_7,站立在殿角用目来观定，,23364987.05781216,0.0
sdxp-SuLongWei-WuJiaPo.xml_38,西凉的鞑子将你斩，,23389869.002963588,0.0
daeh-ZiNaRi-ZhuangYuanMei-1.xml_6,百姓们闺房乐如花美眷，,23564944.8389771,0.0
lseh-YiLunMing-ZhuoFangCao-2.xml_10,屈死的冤鬼魂休要怨咱，,23593314.019394144,0.0
lsxp-CiShiJian-HuaiHeYing-1.xml_7,（啊）生死二字（喏）且由他。,24077116.62953165,0.0
daxp-DiTouLi-NvQiJie.xml_0,低头离了洪洞县，,24213810.542080022,0.0
lseh-LaoZhangBu-WuPenJi.xml_1,我有言来你是（喏）听。,24252599.72690168,0.14285714285714285
lsxp-WoBenShi-KongChengJi-1.xml_1,论阴阳如反掌保定乾坤。,24443247.889007047,0.0
lsxp-WoBenShi-KongChengJi-2.xml_1,凭阴阳如反掌保定乾坤。,24514951.971690204,0.0
lseh-YiLunMing-ZhuoFangCao-2.xml_2,悔不该心猿并意马，,24530988.422110066,0.0
daxp-ChenSanLiang-ChenSanLiangPaTang.xml_1,公正的老爷细听分明。,24658539.63457785,0.0
daeh-ZiNaRi-ZhuangYuanMei-1.xml_10,但愿得令公令婆别无异见，,24664439.146830242,0.0
lsxp-WoZhuYe-ZhuiHanXin.xml_6,也是我主洪福广，,24707250.638913594,0.0
lseh-YiLunMing-ZhuoFangCao-1.xml_24,执宝剑将贼的（呀）头割下，,24968278.134191446,0.0
sdxp-SuLongWei-WuJiaPo.xml_26,你我同把相府进，,25512622.77126282,0.0
daeh-ZiNaRi-ZhuangYuanMei-1.xml_8,幸喜得珍珠衫称心如愿，,25526980.552995123,0.0
daeh-ZiNaRi-ZhuangYuanMei-2.xml_12,但愿得状元媒月老引线，,25679913.59161698,0.0
sdxp-WoHeNi-SiLangTanMu.xml_15,宋营（哪）虽然路途远，,25726674.0045305,0.0
daeh-ZiNaRi-ZhuangYuanMei-1.xml_12,但愿得状元媒月老引线，,25883204.52926412,0.0
daxp-ChenSanLiang-ChenSanLiangPaTang.xml_3,发奋自强日夜读诗文。,25910413.491441257,0.0
daeh-ZiNaRi-ErJinGong.xml_4,他那里父女情全然无有，,25988522.708681267,0.14285714285714285
lsxp-WoBenShi-KongChengJi-1.xml_0,我本是卧龙岗散淡哪的人，,26216436.566120815,0.0
lsxp-WoZhuYe-ZhuiHanXin.xml_5,后进咸阳扶保在朝纲。,26541588.214015055,0.0
daxp-ErDeFu-HongNiGuan.xml_6,奴本当把关印付他执掌，,26746053.182411574,0.14285714285714285
daxp-WoHeNi-SangYuanHui.xml_0,我和你有什么夫妻的情，,26818825.383196507,0.14285714285714285
lseh-XinZhongYou-WenZhaoGuan.xml_17,我本当拔宝剑自寻短见，,26897833.663292255,0.0
lseh-WeiKaiYan-RangXuZhou.xml_4,望使君放开怀慨然（呐）应（呐）允，,26977936.453931008,0.0
sdxp-DangNianHan-SanJiZhang.xml_19,非是女儿言不逊，,27030484.74172717,0.0
daxp-XiRiLiang-LongFengChengXiang.xml_1,今朝仙女会襄王。,27305794.62520768,0.0
daxp-MuQinBu-FengHuanChao.xml_4,人生不知顾脸面，,27964007.73540506,0.14285714285714285
lseh-NiangZiBu-SouGuJiuGu.xml_6,舍子搭救忠（呃）良的后，,28180143.118318982,0.0
lseh-NiangZiBu-SouGuJiuGu.xml_5,他舍命来你我舍亲生。,28223490.615917426,0.0
lsxp-JiangShenEr-SanJiaDian.xml_2,一不是响马与贼寇，,28254601.298641574,0.0
lseh-WeiKaiYan-RangXuZhou.xml_1,天卸重任我就要（哇）你担承。,28722541.400560603,0.0
daxp-ErTingDe-SuoLinNang.xml_8,怜贫济困是正道，,28785209.785505656,0.0
daeh-ZaoBuXing-HeHouMaDian.xml_2,把一个皇太子逼死殿下，,29188671.858308125,0.0
lseh-XinZhongYou-WenZhaoGuan.xml_16,我冷冷清清向谁言（呃）。,29746099.902938712,0.14285714285714285
lseh-YiLunMing-WenZhaoGuan-1.xml_32,我冷冷清清向谁言（哪）。,30044892.486843333,0.14285714285714285
lseh-NiangZiBu-SouGuJiuGu.xml_1,卑（呀）人言来你是（喏）听。,30249002.33438824,0.0
lsxp-ZouYingLong-DaYanSong.xml_9,那一旁坐的就是严阁老，,31036784.92878129,0.0
daxp-QiaoLouShang-HuangShanLei.xml_10,我不免引寒机伴奴坐等，,33427159.297604807,0.0
