诸葛亮怎比得前辈的先生,22,俺诸（喏）葛怎比得前辈呀的先哪生。
daxp-XiRiLi-LongFengChengXiang.xml_4,月老本是乔国丈，,4876412.831997613,0.0
daxp-LaoDieDie-SanJiZhang-1.xml_0,老爹爹请息（呀）怒容儿细讲，,5388083.451158129,0.0
daeh-ZaoBuXing-HeHouMaDian.xml_13,你叔王不让位再去骂他。,5564594.9564062245,0.0
daeh-XiaoNuCai-SanNiangJiaoZi.xml_4,怒气不息在机房闷坐，,6052543.980114779,0.0
daeh-TanHongYan-HuoXiaoYu.xml_0,叹红颜薄命前生就，,6197008.231032232,0.18181818181818182
daeh-WangChunE-SanNiangJiaoZi.xml_0,王春娥坐草堂自思自叹，,6219578.669012882,0.0
lseh-YiLunMing-ZhuoFangCao-2.xml_6,又谁知此贼的疑心太大，,6320928.7113653235,0.09090909090909091
lseh-YiLunMing-ZhuoFangCao-2.xml_8,一家人倶丧在宝剑之下，,6365523.120381992,0.0
lseh-YiLunMing-ZhuoFangCao-2.xml_4,吕伯奢可算得义气大，,6372186.986869422,0.09090909090909091
daeh-ZiNaRi-ZhuangYuanMei-2.xml_14,愿天下有情人都成姻眷，,6433256.593302819,0.0
daeh-LiYanFei-DaBaoGuo.xml_0,李艳妃设早朝龙书案下，,6530529.548872176,0.0
sdeh-WenSanNiang-SanNiangJiaoZi.xml_3,老薛保你不必苦哀告，,6716427.757293007,0.0
daeh-WuDuanQiao-BiYuZan.xml_0,无端巧计将人陷，,6736680.534107419,0.0
daeh-CanQiQi-WuLongZuo.xml_0,惨凄凄唤苍天天不应响，,7136223.333664404,0.0
daeh-NuZiYou-TouJunBieYao.xml_0,奴自幼在闺阁娇生惯养，,7260833.536797926,0.09090909090909091
lseh-YiLunMing-ZhuoFangSuDian.xml_8,一家人倶丧在宝剑之（喏）下，,7264253.092135509,0.0
daeh-ZiNaRi-ZhuangYuanMei-1.xml_14,愿天下有情人都成姻眷，,7277514.622072646,0.0
daxp-DuiLingHua-BiYuZan.xml_0,对菱花暗地里芳心自转，,7283964.004359566,0.0
daxp-ChunQiuTing-SuoLinNang.xml_14,莫不是夫郎丑难谐女貌？,7319747.789755013,0.0
daxp-ErTingDe-SuoLinNang.xml_2,莫不是夫郎丑难谐女貌，,7375999.356945625,0.0
dldeh-ShouBiPo-ChunQiuPei.xml_1,受逼迫去捡柴泪如雨下，,7412211.356338659,0.0
daxp-LaoDieDie-SanJiZhang-2.xml_0,老爹爹请息怒容儿细讲，,7493916.260206637,0.0
lsxp-WoBenShi-KongChengJi-1.xml_7,俺诸（喏）葛怎比得前辈呀的先哪生。,7520962.29142109,0.9090909090909091
lsxp-JiangShenEr-SanJiaDian.xml_3,二不是歹人（呐）把城偷。,7550232.385227006,0.0
daeh-ZiNaRi-ErJinGong.xml_0,自那日与徐杨决裂以后，,7555512.971111002,0.0
lseh-XiRiLi-BaoLianDeng.xml_12,为父的怎比得孤竹君，,7574249.859910909,0.36363636363636365
daxp-ErDeFu-HongNiGuan.xml_0,儿的父为国家阵前命丧，,7617357.922113053,0.18181818181818182
lsxp-JiangShenEr-SanJiaDian.xml_9,舍不得老娘（呃）白了头。,7618674.927361347,0.09090909090909091
lsxp-TingTaYan-ZhuoFangCao-2.xml_1,背转身自埋怨我自（呃）已做差。,7637974.413171791,0.0
lsxp-TingTaYan-ZhuoFangCao-1.xml_1,背转身只埋怨我自（呃）己作差，,7637974.413171791,0.0
lseh-ZenNengGou-BaDaChui.xml_1,前后话对文龙细说衷情。,7976006.958195566,0.09090909090909091
daeh-ZiNaRi-ZhuangYuanMei-1.xml_15,愿天下从此后国泰民安。,7980948.897215102,0.0
lsxp-ZuoRiLi-YuanMenZhanZi.xml_0,昨日里斩八将头挂营外，,8009346.2945406595,0.0
daeh-SunShangXiang-BieHuangGong.xml_0,孙尚香坐宫院自思自叹，,8020407.846844255,0.0
daxp-WoZhuYe-SiLangTanMu.xml_2,众卿随忙挂点亲率官员，,8039548.520511981,0.0
daeh-ZiNaRi-ZhuangYuanMei-1.xml_9,宋天子主婚姻此事成全。,8089120.603005898,0.0
daeh-ZuoChunGui-XiShi.xml_0,坐春闺只觉得光明似箭，,8100398.618741878,0.09090909090909091
daxp-LaoDieDie-DaYuShaJia-1.xml_2,将身儿坐至在草堂等候，,8126669.617368355,0.0
lsxp-CiShiJian-HuaiHeYing-2.xml_2,在长安是你夸大话，,8138251.329037902,0.0
lseh-XuMaoGong-QinQiongFaPei.xml_4,是是是（呀）来我明白了，,8149161.88134097,0.0
daeh-TanHongYan-HuoXiaoYu.xml_4,枕边泪（呀）共（那）阶前雨，,8183607.216878599,0.09090909090909091
daxp-LaoDieDie-DaYuShaJia-2.xml_2,将身儿坐至在草堂等候，,8197749.5935892835,0.0
lseh-YiLunMing-WenZhaoGuan-1.xml_6,一连几天我的眉不（哇）展，,8204153.420124071,0.09090909090909091
lseh-YiLunMing-WenZhaoGuan-2.xml_6,一连几天我的眉不（呃）展，,8261713.390083727,0.09090909090909091
lseh-YiLunMing-ZhuoFangCao-2.xml_10,屈死的冤鬼魂休要怨咱，,8271552.139626496,0.09090909090909091
lsxp-WoZhuYe-ZhuiHanXin.xml_13,但愿得言听计从重整汉家邦、一同回故乡。,8276825.020727927,0.09090909090909091
daeh-XiaoNuCai-SanNiangJiaoZi.xml_1,闭口无言王春娥。,8296513.786648722,0.0
daxp-LaoDieDie-YuZhouFeng.xml_2,倘若是有道君皇恩浩荡，,8305096.86110006,0.0
sdxp-WoHeNi-SiLangTanMu.xml_8,我的娘押粮草来到北番。,8353174.131836825,0.09090909090909091
lsxp-ZiCongQian-ZhuLianZhai.xml_3,为千岁懒观五凤楼。,8447476.402417185,0.0
daeh-NaRiFeng-YuanXiaoMi.xml_6,我今绝少人生趣，,8460365.637533601,0.09090909090909091
lseh-XuMaoGong-QinQiongFaPei.xml_2,既是为我前来到，,8500893.635126116,0.09090909090909091
lseh-YiLunMing-ZhuoFangCao-1.xml_21,贼好比猛虎未（呀）曾长牙，,8538590.266072355,0.09090909090909091
lseh-NiangZiBu-SouGuJiuGu.xml_7,老天爷不绝我的后代根。,8560224.083987722,0.09090909090909091
lseh-YiLunMing-ZhuoFangCao-1.xml_8,一家人倶丧在宝剑之（喏）下，,8566362.590115717,0.0
lsxp-WoBenShi-KongChengJi-2.xml_7,我诸葛怎比得前辈（呃）的先（呃）生。,8571126.312370943,0.9090909090909091
lseh-LaoZhangBu-WuPenJi.xml_3,我本屈死一鬼魂。,8572884.137965985,0.0
lseh-XinZhongYou-WenZhaoGuan.xml_3,叫人难解巧机关。,8631190.298989128,0.0
lseh-YiLunMing-ZhuoFangSuDian.xml_10,屈死的怨鬼魂休要怨（呐）咱，,8655654.870523697,0.09090909090909091
daeh-NaRiFeng-YuanXiaoMi.xml_2,舅父前来出主意，,8661002.54766393,0.09090909090909091
daeh-LiYanFei-ErJinGong.xml_1,想起了朝中事好不惨伤！,8671434.654266175,0.0
daxp-ChunQiuTing-SuoLinNang.xml_16,叫梅香你把那好言相告，,8677746.452022964,0.0
lsxp-JiangShenEr-SanJiaDian.xml_7,舍不得衙役们众班头。,8737043.439988654,0.09090909090909091
daeh-WuDuanQiao-BiYuZan.xml_6,一心早想寻短见，,8768847.986441474,0.0
lseh-TuZeiZuo-SouGuJiuGu.xml_1,诬杀赵家一满门。,8769555.913141489,0.0
lseh-YiLunMing-WenZhaoGuan-2.xml_12,我好（呃）比鱼儿吞了钩线，,8772827.557777256,0.09090909090909091
daeh-TanHongYan-HuoXiaoYu.xml_2,薄幸冤家音信无有，,8777561.581390107,0.0
daxp-QiaoLouShang-HuangShanLei.xml_11,又思来又想去越不安宁。,8794435.278775832,0.0
daxp-QiaoLouShang-HuangShanLei.xml_0,谯楼上二更鼓声声送听，,8820297.119351124,0.0
daxp-LaoDieDie-DaYuShaJia-1.xml_0,老爹爹清晨起前去出前，,8838690.75969015,0.09090909090909091
daxp-DuiLingHua-BiYuZan.xml_2,果然是成佳偶两心欢恋，,8914865.116915883,0.0
daxp-ErTingDe-SuoLinNang.xml_4,叫梅香你把那好言相告，,8921349.34937858,0.0
daeh-ZiNaRi-ZhuangYuanMei-2.xml_15,愿邦家从此后国泰民安。,8923550.709521845,0.0
daxp-ChenSanLiang-ChenSanLiangPaTang.xml_2,我本是被骗进的富春院，,8933300.629463201,0.09090909090909091
daeh-NuZiYou-TouJunBieYao.xml_2,但愿得去投军功名有望，,8934003.052903647,0.09090909090909091
daxp-MuQinBu-FengHuanChao.xml_3,女儿清白最为先。,8942118.16877266,0.09090909090909091
daxp-WoZhuYe-SiLangTanMu.xml_4,叫番儿忙摆驾银安殿，,8964057.971813546,0.0
lseh-XiRiLi-BaoLianDeng.xml_6,弟让兄来兄不能应（呐）允，,9044455.862505512,0.0
sdxp-WoHeNi-SiLangTanMu.xml_28,有心赠你金鈚箭，,9075388.841035247,0.0
lseh-YiLunMing-WenZhaoGuan-1.xml_12,我好（哇）比鱼儿吞了钩线，,9080455.558889104,0.09090909090909091
daeh-WuDuanQiao-BiYuZan.xml_2,独处闺房愁无限，,9084540.178690897,0.0
daeh-CanQiQi-WuLongZuo.xml_1,叹红颜多薄命父母双亡。,9125805.603520785,0.0
sdxp-SuLongWei-WuJiaPo.xml_42,买绫罗、做衣衫、买白纸、糊白幡、打首饰、做妆奁，,9161410.771342618,0.0
lseh-ZiNaRi-HongYangDong.xml_6,老军报他二人在洪洋（呃）洞丧（呃）命，,9197784.32097803,0.0
daeh-LiYanFei-DaBaoGuo.xml_6,写文约我且把玉玺打下，,9204653.26901332,0.0
daxp-DangRiLi-SuoLinNang.xml_9,她泪自弹、声续断、似杜鹃、啼别院、巴峡哀猿动人心弦，好不惨然。,9231226.420054436,0.0
lseh-YiLunMing-WenZhaoGuan-1.xml_19,叫人难解巧机关，,9262623.956894698,0.0
lsxp-WoBenShi-KongChengJi-2.xml_8,闲无（呃）事在敌楼（呃）我亮一亮琴（呢）音，,9269054.808692856,0.09090909090909091
daxp-TingTaYan-ZuoGong.xml_6,早晚间休怪我言语怠慢，,9287430.94710632,0.0
lseh-YiLunMing-WenZhaoGuan-1.xml_13,我好（哇）比波浪中失舵的舟船（哪）。,9312943.082111599,0.18181818181818182
lseh-ZiNaRi-HongYangDong.xml_4,二次（喏）里命孟良番营来进，,9314506.04754151,0.0
lseh-YiLunMing-ZhuoFangSuDian.xml_9,年迈的老丈命（呐）染黄沙。,9343705.72368935,0.09090909090909091
daeh-NuZiYou-TouJunBieYao.xml_1,为薛郎我父女断绝情长。,9348394.565148538,0.0
daxp-LaoDieDie-DaYuShaJia-2.xml_0,老爹爹清晨起前去出首，,9366517.782146689,0.09090909090909091
daeh-LiYanFei-ErJinGong.xml_4,有几句话儿我不好言讲，,9369304.955865854,0.0
lsxp-CiShiJian-HuaiHeYing-1.xml_2,在长安是你夸大话，,9377242.437328953,0.0
daxp-ChunQiuTing-SuoLinNang.xml_13,同遇人为什么这样嚎啕？,9378349.111481264,0.0
lseh-YiLunMing-ZhuoFangSuDian.xml_4,吕伯奢可算得义气（呀）大，,9428309.577557582,0.09090909090909091
daeh-ZiNaRi-ErJinGong.xml_8,李艳妃坐昭阳自思自想，,9436823.728660969,0.0
daeh-WangChunE-SanNiangJiaoZi.xml_6,将身儿来至在机房织绢，,9462997.17012733,0.0
daxp-ErTingDe-SuoLinNang.xml_6,梅香说话好颠倒，,9477704.258911518,0.0
lseh-XiRiLi-BaoLianDeng.xml_11,留得美名万古存，,9478964.07711254,0.09090909090909091
daeh-ZiNaRi-ZhuangYuanMei-1.xml_3,乱军中多亏他救我回还。,9526118.73431645,0.0
daeh-NaRiFeng-YuanXiaoMi.xml_0,那日风波平地起，,9529086.306877898,0.0
daeh-SunShangXiang-BieHuangGong.xml_8,恨只恨我兄长把事错办，,9529683.488250693,0.0
daeh-ZaoBuXing-HeHouMaDian.xml_12,搬一把金交椅娘且坐下，,9585373.64164702,0.0
lsxp-ZouYingLong-DaYanSong.xml_4,我问顽童啼哭因何故，,9601471.297645004,0.0
lseh-YiLunMing-ZhuoFangCao-2.xml_9,年迈老丈命染黄沙。,9601611.429426601,0.0
lseh-YiLunMing-WenZhaoGuan-2.xml_13,我好（呃）比波浪中失舵的舟船（喏）。,9618395.558603177,0.18181818181818182
daxp-MuQinBu-FengHuanChao.xml_1,女儿言来听根源。,9636307.032759009,0.0
lseh-YiLunMing-WenZhaoGuan-1.xml_2,实指（惹）望到吴国借兵回转，,9637079.737311475,0.0
daeh-SunShangXiang-BieHuangGong.xml_4,与周郎定巧计把皇叔来骗，,9650845.112447329,0.0
lseh-YiLunMing-WenZhaoGuan-1.xml_4,幸遇那东皋公行方便，,9656953.145357842,0.0
lseh-ZiNaRi-HongYangDong.xml_7,去了我左右膀难以飞行。,9663214.491158076,0.0
lseh-ZiNaRi-HongYangDong.xml_5,又谁知焦克明他私（呀）自后跟（呐），,9666086.63949046,0.0
daxp-QiaoLouShang-HuangShanLei.xml_14,我不免唤琏儿到街前探问，,9667633.71932793,0.09090909090909091
lseh-YiLunMing-ZhuoFangSuDian.xml_6,又谁知此贼的疑心（呐）太（呀）大，,9679187.81824208,0.09090909090909091
lseh-YiLunMing-ZhuoFangCao-1.xml_3,悔不该随他人到吕家，,9687498.918668905,0.0
daeh-ZiNaRi-ErJinGong.xml_12,有一句话儿不好言讲，,9694744.2100429,0.0
daeh-SunShangXiang-BieHuangGong.xml_1,想起了已往事心内痛酸。,9709146.967486063,0.0
daxp-FeiShiWo-TaoHuaCun.xml_14,倘若是你响她也响，,9730614.928545995,0.0
lseh-XiRiLi-BaoLianDeng.xml_5,那伯夷尊父命也不能应承，,9752835.98493596,0.0
lsxp-JiangShenEr-SanJiaDian.xml_6,舍不得太爷的恩情厚，,9788091.52810786,0.18181818181818182
daxp-ErTingDe-SuoLinNang.xml_1,同遇人为什么这样嚎啕。,9801289.1965173,0.0
daxp-DangRiLi-SuoLinNang.xml_5,隔帘儿我也曾侧目偷观。,9809985.578191645,0.0
lseh-YiLunMing-WenZhaoGuan-2.xml_2,实指望到吴国借兵回转，,9814726.61556894,0.0
daxp-DangRiLi-SuoLinNang.xml_18,还有那夜明珠粒粒成串，,9818384.425430568,0.0
lsxp-WoZhuYe-ZhuiHanXin.xml_10,项羽不遵怀王约，,9827895.877008323,0.0
daeh-ZiNaRi-ErJinGong.xml_10,耳边厢又听得朝靴响亮，,9837665.108996416,0.18181818181818182
daxp-SuSanLi-NvQiJie.xml_1,将身来在大街前。,9846871.086683914,0.09090909090909091
daxp-XiRiLiang-LongFengChengXiang.xml_2,暗地堪笑我兄长，,9866170.929204509,0.0
lseh-NiangZiBu-SouGuJiuGu.xml_8,你今舍了亲生子，,9884804.878068307,0.09090909090909091
sdxp-SuLongWei-WuJiaPo.xml_15,这锭银、三两三，,9886191.419811817,0.0
lseh-YiLunMing-WenZhaoGuan-1.xml_8,俺伍员好一似丧家犬，,9894323.650009483,0.0
daxp-DangRiLi-SuoLinNang.xml_8,轿中人必定有一腔幽怨，,9895316.392414179,0.0
lseh-ZiNaRi-HongYangDong.xml_8,为此事终（啊）日里忧成疾病，,9901116.731672881,0.0
daxp-FeiShiWo-TaoHuaCun.xml_8,你不要高声不要嚷，,9904136.09879424,0.0
sdxp-DangNianHan-SanJiZhang.xml_21,不能、不能、是万不能！,9921179.95060402,0.0
daxp-MengTingDe-MuiGuiYingGuaShuai.xml_1,唤起我破天门状志凌云。,9935630.534430727,0.0
daxp-LaoDieDie-YuZhouFeng.xml_0,老爹爹发恩德将本修上，,9950857.508144002,0.0
lsxp-ZheYiFeng-DingJunShan.xml_1,天助黄忠成功劳。,9956334.57518209,0.0
lseh-YiLunMing-ZhuoFangCao-1.xml_25,险些儿把事（喏）又（哇）作差。,9960759.66152562,0.0
daeh-WangChunE-SanNiangJiaoZi.xml_1,想起了我老爷好不惨然。,9964008.711351573,0.0
lseh-YiLunMing-WenZhaoGuan-2.xml_4,幸遇那东皋公行方便，,10004238.160268625,0.0
daxp-ErDeFu-HongNiGuan.xml_5,不想到狠心郎一味猖狂。,10007134.645538958,0.0
sdxp-SuLongWei-WuJiaPo.xml_21,为军起下不良的意呀，,10038345.125131512,0.09090909090909091
daeh-ZiNaRi-ErJinGong.xml_3,太师爷一心心想篡龙楼。,10040155.998152407,0.0
daxp-MengJunZi-ChunQiuPei-1.xml_0,蒙君子至殷勤再三问话，,10073462.97282224,0.0
lseh-YiLunMing-ZhuoFangSuDian.xml_7,拔出剑将他的满门杀，,10075313.250939801,0.09090909090909091
lsxp-HenPingWang-WenZhaoGuan.xml_0,恨平王无道乱楚宫（兀），,10078391.001218146,0.0
lseh-JinZhongXiang-ShangTianTai.xml_3,武仗着姚皇兄保定乾坤。,10078959.1329002,0.0
lseh-XiRiLi-BaoLianDeng.xml_4,那叔齐分长幼不能担任，,10080558.671501793,0.0
daeh-ZiNaRi-ZhuangYuanMei-2.xml_0,自那日与六郎阵前相见，,10106261.018179609,0.09090909090909091
lsxp-ZuoRiLi-YuanMenZhanZi.xml_1,老娘亲为什么不讲情来？,10108273.377585609,0.0
daxp-XiRiLi-LongFengChengXiang.xml_2,暗地堪笑奴兄长，,10126354.790063513,0.0
daeh-ZiNaRi-ZhuangYuanMei-1.xml_4,这桩事闷得我柔肠百转，,10158336.237175468,0.09090909090909091
lseh-YangYanZhao-PengBei.xml_5,又恐怕惊动了年迈之人。,10170294.114884086,0.0
lsxp-JiangShenEr-SanJiaDian.xml_0,将身儿来至在大街口，,10185707.82555754,0.0
lsxp-ZouYingLong-DaYanSong.xml_12,罢、罢、罢，暂且忍却我的心头恨，,10218321.24751236,0.09090909090909091
lsxp-YiZhuangZhuang-QunYingHui.xml_0,一桩桩一件件倶已办就，,10233278.22080162,0.0
daeh-WuDuanQiao-BiYuZan.xml_1,薄命自伤怨红颜。,10241288.059650637,0.0
sdxp-SuLongWei-WuJiaPo.xml_16,送与大嫂把家安。,10265479.339718856,0.0
lseh-YiLunMing-ZhuoFangSuDian.xml_3,悔不该随他人到吕家。,10271101.923780283,0.0
lseh-NiangZiBu-SouGuJiuGu.xml_9,来年必定降麒麟。,10301795.618234709,0.0
lsxp-WoBenShi-KongChengJi-1.xml_8,闲无哇事在敌楼哇我亮（呃）一亮琴哪音，,10306756.73169626,0.09090909090909091
lseh-XinZhongYou-WenZhaoGuan.xml_14,朝臣待漏五更寒。,10307150.387188125,0.0
lsxp-WoZhuYe-ZhuiHanXin.xml_7,一路上得遇陆贾、郦生与张良。,10316671.804309342,0.18181818181818182
lsxp-ZhangGongDao-ZhuangYuanPu.xml_5,眼睁（呐）睁有何人去（呀）把纸烧。,10342606.20491897,0.0
lsxp-ZouYingLong-DaYanSong.xml_11,我本当金（哪）殿奏一本怎奈我官卑职小不能够参大臣。,10353167.920817798,0.09090909090909091
lsxp-WoZhuYe-ZhuiHanXin.xml_15,扬尘舞蹈见大王。,10383665.843630938,0.0
lseh-XinZhongYou-WenZhaoGuan.xml_6,贪图富贵来害我，,10384168.568358514,0.0
lsxp-ZouYingLong-DaYanSong.xml_10,他本是我朝中上欺天子下压臣谋朝篡位卖国的奸贼他名叫严嵩，,10390405.499613898,0.09090909090909091
lseh-XiRiLi-BaoLianDeng.xml_8,那伯夷出午门无（哇）有踪（呃）影，,10396024.601168325,0.0
lsxp-WoBenShi-KongChengJi-2.xml_3,算就了汉家的业鼎足（呃）三分。,10447509.13307221,0.09090909090909091
lseh-XiRiLi-BaoLianDeng.xml_10,首阳山前冻饿死（喏）。,10481957.787224172,0.09090909090909091
lseh-YiLunMing-WenZhaoGuan-1.xml_11,我好比龙游在浅沙滩。,10483081.027238555,0.09090909090909091
daeh-ZaoBuXing-HeHouMaDian.xml_4,贼好比王莽贼称孤道寡，,10495177.0205543,0.09090909090909091
daxp-ChenSanLiang-ChenSanLiangPaTang.xml_0,陈三两在大堂把话云，,10504332.339062309,0.0
lsxp-DaHeYi-SiLangTanMu.xml_13,十五年前沙滩会，,10507421.52573758,0.09090909090909091
lseh-JinZhongXiang-ShangTianTai.xml_5,又听得殿角下大放悲声。,10508701.10805306,0.09090909090909091
daeh-LiYanFei-DaBaoGuo.xml_8,赐你的上方剑朝房问话，,10514173.805218758,0.09090909090909091
daeh-ZiNaRi-ErJinGong.xml_1,独坐在寒宫院闷闷悠悠。,10566324.67365729,0.0
daeh-ZiNaRi-ZhuangYuanMei-2.xml_3,乱军中多亏他救我回还。,10572884.27190408,0.0
lsxp-ZiCongQian-ZhuLianZhai.xml_5,望千岁恕学生礼貌不周。,10586495.442646412,0.09090909090909091
lseh-YiLunMing-WenZhaoGuan-2.xml_11,我好比龙游在浅沙滩。,10592015.57693127,0.09090909090909091
lseh-YiLunMing-ZhuoFangCao-1.xml_20,贼好比蛟龙未生鳞甲，,10616337.404265173,0.18181818181818182
daeh-ZiNaRi-ZhuangYuanMei-1.xml_11,但愿得杨六郎心如石坚，,10618654.431768322,0.09090909090909091
daeh-LiYanFei-ErJinGong.xml_0,李艳妃坐昭阳自思自想，,10626362.696458725,0.0
daeh-LiYanFei-ErJinGong.xml_2,耳边厢又听得朝靴响亮，,10638209.170376787,0.18181818181818182
lseh-YiLunMing-WenZhaoGuan-1.xml_22,贪图富贵来害我，,10655050.024558542,0.0
daeh-ZiNaRi-ZhuangYuanMei-2.xml_4,这桩事闷得我柔肠百转，,10659306.857605863,0.09090909090909091
lsxp-ZouYingLong-DaYanSong.xml_6,我劝顽童你休流泪，免悲声，邹老爷就是尔的报仇人。,10677047.69445035,0.09090909090909091
lseh-NiangZiBu-SouGuJiuGu.xml_2,赵屠二家有仇恨，,10679858.222309763,0.0
daeh-ZaoBuXing-HeHouMaDian.xml_6,贼好比秦赵高指鹿为马，,10697011.852031555,0.09090909090909091
lseh-YiLunMing-WenZhaoGuan-2.xml_8,俺伍员好一似丧家犬，,10714792.627750602,0.0
lseh-YiLunMing-ZhuoFangCao-1.xml_7,拔出剑将他的满门杀，,10758633.780349292,0.09090909090909091
lsxp-ZouYingLong-DaYanSong.xml_3,偶遇见小小的顽童放悲声，,10783277.669789406,0.09090909090909091
daeh-ZaoBuXing-HeHouMaDian.xml_5,贼好比曹阿瞒半点不差，,10788285.527303211,0.09090909090909091
daxp-FeiShiWo-TaoHuaCun.xml_1,只怪你呆头呆脑慌慌张张。,10792289.543702394,0.0
daxp-DiTouLi-NvQiJie.xml_7,来生变犬马我当报还。,10796431.017599467,0.09090909090909091
daeh-WangChunE-SanNiangJiaoZi.xml_2,春娥女好一此失群孤雁，,10804298.166999254,0.0
lsxp-DaHeYi-SiLangTanMu.xml_31,走上前来忙松捆，,10834222.496937124,0.09090909090909091
lseh-YiLunMing-ZhuoFangCao-1.xml_5,杀猪（喏）沽（哇）酒款待于他，,10842881.310544947,0.0
lsxp-WoZhuYe-ZhuiHanXin.xml_11,反将我主贬汉王。,10857673.704902083,0.0
sdxp-SuLongWei-WuJiaPo.xml_20,为何来在大道边。,10859127.093230939,0.0
lsxp-WeiCengKai-QiYuanBao.xml_6,行至在中途把雨降，,10861302.106927734,0.0
lseh-XiRiLi-BaoLianDeng.xml_13,二娇儿也难比那两个贤人。,10877327.723244641,0.09090909090909091
daxp-ChenSanLiang-ChenSanLiangPaTang.xml_4,诗书易礼都学会，,10877799.379360212,0.0
sdxp-SuLongWei-WuJiaPo.xml_35,打板子、上夹棍、丢南牢、坐监禁、管叫你思前容易退后难。,10897200.635771494,0.09090909090909091
sdeh-WenSanNiang-SanNiangJiaoZi.xml_4,背转身来哭嚎啕。,10901388.86719118,0.0
daeh-ZiNaRi-ZhuangYuanMei-1.xml_0,自那日与六郎姻缘相见，,10908179.233342461,0.0
lseh-LaoZhangBu-WuPenJi.xml_7,望求老丈把冤伸。,10926214.697267273,0.0
lsxp-ShenGongWu-LongFengChengXiang.xml_1,年老得配女娇娃。,10927324.530614987,0.09090909090909091
daxp-MengTingDe-MuiGuiYingGuaShuai.xml_7,我一剑能挡百万兵。,10939135.02656591,0.0
lsxp-JiangShenEr-SanJiaDian.xml_8,实难舍街坊四邻与我的好朋友，,10966928.233150575,0.09090909090909091
lsxp-JiangShenEr-SanJiaDian.xml_14,眼见得红日坠落在西山后，,10980454.480661571,0.09090909090909091
lseh-WeiKaiYan-RangXuZhou.xml_2,二犬子（呃）皆年幼（哇）难当（呃）重任，,10986089.490853764,0.0
sdxp-DangNianHan-SanJiZhang.xml_12,登台拜帅天下闻。,10987457.495286377,0.0
daeh-NaRiFeng-YuanXiaoMi.xml_4,母女隔断三千里，,10992431.743607074,0.0
daxp-FeiShiWo-TaoHuaCun.xml_16,你把我当做诸葛亮，,11000884.027118366,0.2727272727272727
lsxp-DaHeYi-SiLangTanMu.xml_15,六弟下位把兄认，,11005960.867525985,0.0
lseh-YangYanZhao-PengBei.xml_3,又只见老爹爹瞌睡沉沉。,11035120.23847858,0.0
daxp-ChunQiuTing-SuoLinNang.xml_27,莫把姓名你信口晓，,11061462.080271095,0.0
daxp-DiTouLi-NvQiJie.xml_5,与我那三郎把信传。,11106766.74579879,0.0
daxp-DiTouLi-NvQiJie.xml_1,将身来在大街前。,11112288.078885153,0.09090909090909091
lsxp-YiShiWu-YuCangJian.xml_9,行至在昭关有阻拦。,11130611.550184548,0.0
sdxp-WoHeNi-SiLangTanMu.xml_6,有一桩心腹事不敢明言。,11144750.442214528,0.0
daxp-TingTaYan-ZuoGong.xml_2,原来是杨家将把名姓改换，,11156745.641016932,0.0
daeh-ZaoBuXing-HeHouMaDian.xml_10,只骂得贼昏王无言对答。,11162767.430455744,0.09090909090909091
lsxp-ZiCongQian-ZhuLianZhai.xml_0,自从千岁离朝后，,11163708.506613057,0.0
daeh-SunShangXiang-BieHuangGong.xml_2,遭不幸父王爷把驾来晏，,11196404.695118437,0.0
daxp-DangRiLi-SuoLinNang.xml_20,这囊儿虽非是千古罕见，,11197326.254586453,0.0
daeh-ZaoBuXing-HeHouMaDian.xml_3,反倒说为嫂我拦阻有差，,11199054.552642878,0.0
daeh-ZiNaRi-ZhuangYuanMei-2.xml_2,在潼台被贼擒性命好险，,11204618.632450018,0.0
daxp-MuQinBu-FengHuanChao.xml_0,母亲不必心太偏，,11212048.719336784,0.0
daeh-SunShangXiang-BieHuangGong.xml_6,回荆州未三载诓我回转，,11230416.644847812,0.0
daeh-ZaoBuXing-HeHouMaDian.xml_1,贼昏王篡了位谋乱邦家。,11267488.308754614,0.0
daxp-SuSanLi-NvQiJie.xml_5,与我那三郎把信传。,11318428.76599126,0.0
lseh-YiLunMing-ZhuoFangCao-2.xml_7,拔出剑将他的满门杀。,11320013.395988522,0.09090909090909091
daxp-DiTouLi-NvQiJie.xml_4,哪一位去往南京转，,11338398.647616701,0.0
daxp-DangRiLi-SuoLinNang.xml_17,红珊瑚碧翡翠样样倶全。,11353780.90853925,0.0
lseh-YiLunMing-ZhuoFangCao-1.xml_13,越思越想把事来作差。,11358415.37834411,0.0
sdxp-SuLongWei-WuJiaPo.xml_22,一马双跨到西凉。,11360802.575067436,0.0
lsxp-LiangGuoJiao-ShiJieTing-1.xml_4,此一番领兵去镇守，,11362943.979038857,0.0
lsxp-ZhangGongDao-ZhuangYuanPu.xml_0,张公道三十五六（哇）子有靠，,11379562.445103956,0.0
daxp-ErTingDe-SuoLinNang.xml_11,难免怀疑在心梢。,11383127.959716383,0.0
lsxp-DaHeYi-SiLangTanMu.xml_19,本帅帐中用目睁，,11385130.930143356,0.0
lsxp-WoZhuYe-ZhuiHanXin.xml_3,两路分（呐）兵定咸阳。,11391734.651435228,0.0
daxp-XiRiLi-LongFengChengXiang.xml_5,纵有大事料无妨。,11394364.675852867,0.0
daxp-ErTingDe-SuoLinNang.xml_25,莫把姓名你信口哓。,11402703.756544791,0.0
lsxp-WoZhuYe-ZhuiHanXin.xml_14,撩袍端带我把金殿上，,11421242.651720032,0.0
lseh-XinZhongYou-WenZhaoGuan.xml_15,到如今夜宿在荒村院，,11423303.473657846,0.0
lseh-YiLunMing-WenZhaoGuan-1.xml_31,到如今夜宿在荒村院，,11423303.473657846,0.0
lseh-XiRiLi-BaoLianDeng.xml_1,伯夷叔齐二大贤人，,11427107.842880022,0.0
sdxp-SuLongWei-WuJiaPo.xml_11,好一个贞节王宝钏，,11439229.802543715,0.0
lseh-YiLunMing-ZhuoFangCao-1.xml_9,年迈的老丈命（呐）染黄沙。,11454613.1844485,0.09090909090909091
lsxp-ZheYiFeng-DingJunShan.xml_4,头通（呃）鼓紧战袍，,11475542.291304797,0.0
lsxp-WoZhuYe-ZhuiHanXin.xml_6,也是我主洪福广，,11484999.183257958,0.0
lseh-NiangZiBu-SouGuJiuGu.xml_0,娘子不（哇）必太烈性，,11493977.449069517,0.0
daxp-DangRiLi-SuoLinNang.xml_12,那时节奴妆奁不下百万，,11499838.99185913,0.0
lsxp-ZheYiFeng-DingJunShan.xml_8,三军与（呀）爷归营号，,11500466.47832707,0.0
lsxp-ZheYiFeng-DingJunShan.xml_6,向前各各有赏犒，,11511622.069307677,0.09090909090909091
daeh-WangChunE-SanNiangJiaoZi.xml_5,每日里在书房苦读圣贤。,11541439.100316908,0.0
lsxp-JiangShenEr-SanJiaDian.xml_10,娘生儿连心肉，,11555791.975713775,0.09090909090909091
daxp-LaoDieDie-YuZhouFeng.xml_4,老爹爹在朝中官高爵显，,11568878.60428627,0.0
daeh-ZaoBuXing-HeHouMaDian.xml_7,贼好比那司马师搅乱中华。,11582067.883146945,0.09090909090909091
lsxp-YiShiWu-YuCangJian.xml_1,叹光明一去不回还（呐）；,11587560.979955668,0.0
daeh-LiYanFei-DaBaoGuo.xml_5,候幼主成了龙原业归家。,11605927.348896466,0.0
daeh-ZiNaRi-ZhuangYuanMei-2.xml_9,宋天子主婚姻此事成全。,11611801.046782868,0.0
daeh-XiaoNuCai-SanNiangJiaoZi.xml_0,小奴才他一言问住我，,11615302.279005587,0.0
daeh-ZiNaRi-ErJinGong.xml_13,我只得怀抱太子两泪汪汪口口声声哭的是先王！,11632029.29702476,0.2727272727272727
lsxp-WeiCengKai-QiYuanBao.xml_8,赵大夫妻图财害命害我一命亡，,11655420.653494826,0.0
daxp-ErTingDe-SuoLinNang.xml_12,你不该人前逞骄傲，,11664534.593440127,0.09090909090909091
daeh-ZiNaRi-ZhuangYuanMei-1.xml_1,行不安坐不宁情态缠绵。,11680699.652980737,0.0
dldeh-ShouBiPo-ChunQiuPei.xml_2,病恹恹身无力难以挣扎。,11701689.678740345,0.0
daxp-FeiShiWo-TaoHuaCun.xml_9,你必须眼观六路耳听八方。,11706478.347133037,0.0
lseh-NiangZiBu-SouGuJiuGu.xml_12,无奈何我只得双（呃）膝跪，,11713294.63042787,0.09090909090909091
lsxp-ZhangGongDao-ZhuangYuanPu.xml_3,为儿（喏）女我也曾补路修桥。,11730487.046190191,0.0
daxp-SuSanLi-NvQiJie.xml_3,过往的君子听我言。,11731301.686634395,0.09090909090909091
daxp-DiTouLi-NvQiJie.xml_3,过往的君子听我言。,11756137.606562871,0.09090909090909091
dldeh-ShouBiPo-ChunQiuPei.xml_3,奴好比花未开风吹雨打，,11776151.52964454,0.09090909090909091
lsxp-WoZhuYe-ZhuiHanXin.xml_2,怀王也曾把旨降，,11778369.4749579,0.0
lsxp-ZiGuDao-HuangHeLou.xml_1,主公不必加愁肠。,11795441.955250489,0.0
daxp-XiShiNv-XiShi.xml_2,只为着守清寒柴门近水，,11817720.914056337,0.0
sdxp-WoHeNi-SiLangTanMu.xml_13,公主赠我的金鈚箭，,11827840.039226945,0.09090909090909091
daxp-ChunQiuTing-SuoLinNang.xml_7,世上何尝尽富豪，,11828314.716663975,0.0
lsxp-LiangGuoJiao-ShiJieTing-1.xml_5,靠山近水把营收。,11847864.999147942,0.0
daeh-ZiNaRi-ZhuangYuanMei-1.xml_2,在潼台被贼擒在命好险，,11854820.513519093,0.0
daxp-ChunQiuTing-SuoLinNang.xml_29,自把珠玉夸富豪，,11856068.975301381,0.0
daeh-ZaoBuXing-HeHouMaDian.xml_8,只骂得贼昏王装聋作哑，,11866259.44894295,0.09090909090909091
daeh-ZaoBuXing-HeHouMaDian.xml_2,把一个皇太子逼死殿下，,11871993.302619778,0.0
lsxp-ZiCongQian-ZhuLianZhai.xml_1,满朝中文武臣泪双流。,11881250.461369986,0.0
daxp-ErDeFu-HongNiGuan.xml_2,奴这里只把那结婚思量，,11898050.425608983,0.0
lsxp-WoZhuYe-ZhuiHanXin.xml_5,后进咸阳扶保在朝纲。,11908349.32094764,0.0
daeh-WangChunE-SanNiangJiaoZi.xml_4,薛倚儿他好比无弓之箭，,11937891.50876084,0.09090909090909091
daeh-LiYanFei-ErJinGong.xml_5,我只得怀抱太子两泪汪汪口口声声哭的是先王。,11940125.203063698,0.2727272727272727
lseh-YiLunMing-WenZhaoGuan-2.xml_14,思来想去我的肝肠断，,12004987.611361532,0.09090909090909091
lseh-NiangZiBu-SouGuJiuGu.xml_13,哀求娘子（喏）舍亲（呐）生。,12015494.235053651,0.09090909090909091
lsxp-ZiCongQian-ZhuLianZhai.xml_4,山高路远少来问候，,12020280.003958791,0.0
daeh-ZuoRiGong-TaiZhenWaiChuan.xml_2,思想起从前事心中悔恨，,12025851.691887297,0.09090909090909091
daxp-FeiShiWo-TaoHuaCun.xml_5,怎能够粗心大意你再荒唐。,12026973.520261629,0.09090909090909091
daxp-ErDeFu-HongNiGuan.xml_7,又恐怕众将官说短论长。,12030504.078133818,0.0
daxp-FeiShiWo-TaoHuaCun.xml_6,鼓打二更准时往，,12054702.722126937,0.0
lseh-TuZeiZuo-SouGuJiuGu.xml_2,眼见得忠良无救应，,12062554.934325105,0.09090909090909091
lseh-YiLunMing-WenZhaoGuan-1.xml_18,背地里只把东皋公怨，,12067708.273791019,0.0
lsxp-WoZhuYe-ZhuiHanXin.xml_1,拔剑斩蛇天下扬。,12070293.261995459,0.0
lsxp-DaHeYi-SiLangTanMu.xml_20,见一番汉帐中行。,12074746.100777062,0.0
lseh-YiLunMing-WenZhaoGuan-1.xml_35,父母的冤仇化尘烟，,12085110.787934048,0.09090909090909091
lsxp-ZiGuDao-HuangHeLou.xml_3,二将军保架过长江。,12088945.731861265,0.0
lseh-XuMaoGong-QinQiongFaPei.xml_5,其中必有这巧（哇）妙高。,12090893.602123436,0.0
daxp-XiRiLi-LongFengChengXiang.xml_0,昔日里梁鸿配孟光，,12103414.446116826,0.0
daxp-FeiShiWo-TaoHuaCun.xml_2,今夜晚非比那西厢待月、你懂提防、莫轻狂，,12115016.494796766,0.09090909090909091
lsxp-JiangShenEr-SanJiaDian.xml_12,儿想娘亲难叩首，,12123638.07875454,0.0
lsxp-DaHeYi-SiLangTanMu.xml_3,迈步且把宝帐（呀）进，,12127724.861241486,0.0
daxp-DiTouLi-NvQiJie.xml_2,未曾开言我心好惨，,12133497.061895367,0.0
lseh-XinZhongYou-WenZhaoGuan.xml_7,你就该把我献与昭关。,12147067.350383474,0.0
lseh-YiLunMing-WenZhaoGuan-2.xml_10,我好（呃）比哀哀长空雁，,12147463.967127208,0.09090909090909091
daeh-ZiNaRi-ZhuangYuanMei-2.xml_12,但愿得状元媒月老引线，,12191404.82285968,0.09090909090909091
lseh-YiLunMing-WenZhaoGuan-1.xml_30,朝臣待漏（哇）五更寒，,12201686.087067643,0.0
lsxp-WoBenShi-KongChengJi-1.xml_3,算就了汉家的业鼎足哇三分。,12204482.360024994,0.09090909090909091
lsxp-LiangGuoJiao-ShiJieTing-2.xml_5,靠山近水把管收。,12208546.052430376,0.0
lseh-NiangZiBu-SouGuJiuGu.xml_11,不舍娇儿难救孤身。,12212338.261256319,0.0
lseh-YiLunMing-WenZhaoGuan-1.xml_23,你就该把我献与昭关。,12239041.58853895,0.0
lseh-YiLunMing-WenZhaoGuan-1.xml_20,若是真心来救我，,12252112.390745474,0.0
lseh-XinZhongYou-WenZhaoGuan.xml_4,若是真心来救我，,12252112.390745474,0.0
daeh-WuDuanQiao-BiYuZan.xml_5,满腹冤屈向谁言。,12263639.272282898,0.0
daxp-WoDeNiang-XinAnYi.xml_0,我的娘她忘了女生外姓，,12268289.544147998,0.18181818181818182
sdxp-SuLongWei-WuJiaPo.xml_12,百般调戏也枉然。,12288203.520577785,0.0
lsxp-DaHeYi-SiLangTanMu.xml_23,本帅开言把他问，,12294606.10546083,0.0
sdxp-SuLongWei-WuJiaPo.xml_37,欺奴犹如欺了天。,12314817.711792601,0.0
daxp-NiDeFu-FenHeWan.xml_1,全仗你打雁养娘亲，,12326856.208274025,0.0
lsxp-JiangShenEr-SanJiaDian.xml_4,杨林与我来争斗，,12328401.026062252,0.0
lseh-XiRiLi-BaoLianDeng.xml_3,传口诏命次子即位为君，,12339155.539267186,0.0
daxp-XiShiNv-XiShi.xml_4,怕只怕损玉颜姣容自惜，,12341272.760117278,0.0
lsxp-YiShiWu-YuCangJian.xml_4,恨平王无道纲常乱，,12343269.27974781,0.0
lsxp-JiangShenEr-SanJiaDian.xml_1,尊一声过往的宾朋听从头：,12350992.030915149,0.09090909090909091
daeh-LiYanFei-DaBaoGuo.xml_2,太师爷奏一本进贡年下，,12354777.87429308,0.0
sdxp-WoHeNi-SiLangTanMu.xml_33,你也对苍天就表一番。,12358131.85132254,0.0
daxp-QiaoLouShang-HuangShanLei.xml_2,对孤灯思远道心神不定，,12366428.534408627,0.0
daeh-ZiNaRi-ErJinGong.xml_5,竟把我孤儿寡母当做了马牛。,12394356.658379683,0.0
daeh-ZaoBuXing-HeHouMaDian.xml_11,两旁的文武臣珠泪如麻，,12398475.540235113,0.09090909090909091
lsxp-ZouYingLong-DaYanSong.xml_8,上面坐的是有道君，,12404334.42322533,0.09090909090909091
lsxp-ZouYingLong-DaYanSong.xml_5,他言道严嵩老贼害他的举家一满门。,12415504.65497642,0.09090909090909091
lsxp-TingTaYan-ZhuoFangCao-1.xml_7,既同行共（呃）大事必须要劝解于他（呀呃）。,12420841.694855984,0.0
lsxp-TingTaYan-ZhuoFangCao-2.xml_7,既同行共（呃）大事必须要劝解于他（呀呃）。,12420841.694855984,0.0
lsxp-JiangShenEr-SanJiaDian.xml_2,一不是响马与贼寇，,12429913.598440543,0.0
lsxp-ZouYingLong-DaYanSong.xml_7,站立在殿角用目来观定，,12430918.97152327,0.0
lsxp-ZouYingLong-DaYanSong.xml_1,在朝房来了我这保国忠。,12432695.66669316,0.0
lseh-YiLunMing-WenZhaoGuan-1.xml_10,我好（哇）比哀哀长空雁，,12451169.29514722,0.09090909090909091
daxp-MengTingDe-MuiGuiYingGuaShuai.xml_2,想当年桃花马上威风凛凛，,12466269.039464153,0.0
lsxp-YiShiWu-YuCangJian.xml_2,日月轮流催晓（哇）箭，,12466985.280950723,0.0
lseh-YangYanZhao-PengBei.xml_2,迈虎步我且把宝帐来进，,12467501.962129865,0.0
sdxp-WoHeNi-SiLangTanMu.xml_11,公主虽然不阻拦，,12472014.698742367,0.0
daeh-WangChunE-SanNiangJiaoZi.xml_7,等候了薛倚儿转回家园。,12478145.575869985,0.0
sdxp-WoHeNi-SiLangTanMu.xml_27,你要见高堂母我不阻拦。,12481515.924358953,0.0
daeh-XiaoNuCai-SanNiangJiaoZi.xml_3,等候了你妻子同见阎罗。,12488919.566952253,0.0
lsxp-ZiGuDao-HuangHeLou.xml_5,四将军保架料也无妨。,12509833.002774278,0.0
lseh-XiRiLi-BaoLianDeng.xml_9,那叔齐逃出了后宰门，,12533637.295995489,0.0
lseh-XiRiLi-BaoLianDeng.xml_14,打死了别家子父能作主，,12533944.688283417,0.0
lsxp-WoZhuYe-ZhuiHanXin.xml_12,今日里萧何荐良将，,12549532.266671112,0.0
lsxp-YiShiWu-YuCangJian.xml_7,我与奸贼不共戴天！,12573485.802067777,0.0
sdxp-DangNianHan-SanJiZhang.xml_6,句句话儿伤父心。,12580837.265403438,0.0
lseh-YiLunMing-WenZhaoGuan-1.xml_5,他将我隐藏在后花园。,12604815.903006947,0.0
sdxp-WoHeNi-SiLangTanMu.xml_19,我若探母不回转，,12609336.74317304,0.0
lseh-YiLunMing-ZhuoFangCao-1.xml_12,听谯楼打罢了二（喏）更鼓下，,12616009.95001459,0.0
sdxp-SuLongWei-WuJiaPo.xml_33,家人小厮有万千。,12620046.936629811,0.0
lsxp-DaHeYi-SiLangTanMu.xml_21,龙行虎步非凡等，,12628590.2914007,0.0
lseh-YiLunMing-WenZhaoGuan-1.xml_9,满腹的含冤我向谁言（哪）！,12635218.125009824,0.09090909090909091
lseh-YiLunMing-WenZhaoGuan-2.xml_9,满腹的含冤我向谁言（喏）。,12635218.125009824,0.09090909090909091
daeh-ZuoChunGui-XiShi.xml_1,无限的闲愁恨尽上眉尖。,12638356.842801044,0.09090909090909091
lseh-XinZhongYou-WenZhaoGuan.xml_19,父母的冤仇化尘烟，,12654291.835321374,0.09090909090909091
daxp-FeiShiWo-TaoHuaCun.xml_13,响两声你就凑近身旁。,12693394.01858107,0.0
lseh-XinZhongYou-WenZhaoGuan.xml_2,背地里只把东皋公怨，,12700310.535834152,0.0
daeh-LiYanFei-DaBaoGuo.xml_9,压定了文武臣均要画押。,12704099.170798082,0.0
lseh-YiLunMing-WenZhaoGuan-1.xml_21,为何几日他不言。,12712129.625612142,0.0
lseh-XinZhongYou-WenZhaoGuan.xml_13,想当初在朝为官宦，,12740168.1209708,0.0
lseh-YiLunMing-WenZhaoGuan-1.xml_29,想当初在朝为官宦，,12740168.1209708,0.0
daxp-DangRiLi-SuoLinNang.xml_3,耳听得风声断，雨声喧，雷声乱，乐声阑珊，人声呐喊，都道说是大雨倾天。,12740698.295528326,0.09090909090909091
sdxp-SuLongWei-WuJiaPo.xml_18,我与你露水的夫妻就过几年（呐）。,12760651.259035194,0.09090909090909091
lsxp-JianMaSu-ZhanMaSu.xml_1,不由老夫咬钢牙，,12766496.024413338,0.0
lseh-YiLunMing-ZhuoFangSuDian.xml_5,杀猪（喏）沽酒款待与他，,12795464.366797687,0.0
lsxp-WeiCengKai-QiYuanBao.xml_0,未曾开言泪汪汪，,12796280.349046117,0.0
daeh-SunShangXiang-BieHuangGong.xml_7,阿斗儿行中途被子龙追还。,12799203.681360034,0.0
daxp-DangRiLi-SuoLinNang.xml_1,霎时间日色淡似坠西山。,12814052.679120969,0.0
daeh-WangChunE-SanNiangJiaoZi.xml_3,老薛保好一似浪里舟船。,12820673.282046417,0.0
sdxp-SuLongWei-WuJiaPo.xml_17,买绫罗与绸缎、打首饰和簪环，,12836003.002464559,0.0
lsxp-LiangGuoJiao-ShiJieTing-1.xml_0,两国交（哇）锋龙虎斗，,12837848.405618805,0.0
sdxp-DangNianHan-SanJiZhang.xml_5,我的儿说话言不逊，,12838214.65963235,0.09090909090909091
sdxp-SuLongWei-WuJiaPo.xml_14,将银放在地平川。,12841305.538952677,0.0
daeh-CanQiQi-WuLongZuo.xml_2,千金休哪曾受磨房景况，,12845225.15011825,0.0
daxp-ChunQiuTing-SuoLinNang.xml_4,吉日良辰当欢笑，,12849257.48735335,0.0
sdxp-WoHeNi-SiLangTanMu.xml_4,誓不忘贤公主恩重如山。,12864393.142286148,0.0
daeh-ZiNaRi-ZhuangYuanMei-2.xml_10,但愿得令公令婆别无意见，,12901069.075530987,0.09090909090909091
daxp-WoHeNi-SangYuanHui.xml_1,谁认你狼心狗肺的人！,12938209.647518393,0.09090909090909091
daeh-ZiNaRi-ZhuangYuanMei-1.xml_13,但愿得八主贤王从中周旋，早成姻眷，扫狼烟，叫那胡儿不敢进犯保叔王锦绣江山。,12964126.757739374,0.09090909090909091
daeh-ZuoRiGong-TaiZhenWaiChuan.xml_1,有谁知一时错被逐宫廷。,12964440.608444083,0.0
daxp-WoZhuYe-SiLangTanMu.xml_1,众文武扶哀家执掌军房。,12985538.869569458,0.0
lsxp-CiShiJian-HuaiHeYing-1.xml_5,右手再把栾布拉。,13003333.286268907,0.0
daxp-NiDeFu-FenHeWan.xml_3,不等到日落及早回程。,13020665.515627429,0.0
daeh-ZiNaRi-ZhuangYuanMei-2.xml_13,但愿得八主贤王从中周旋早成美眷、扫狼烟叫那胡儿不敢进犯、保叔王锦锈江山。,13034219.693393162,0.09090909090909091
lsxp-JianMaSu-ZhanMaSu.xml_3,失去了街亭差不差。,13041850.440097788,0.0
daxp-LaoDieDie-DaYuShaJia-1.xml_3,等候了爹爹回细问根由。,13101083.778046172,0.0
daeh-SunShangXiang-BieHuangGong.xml_5,又谁知弄假成真反配凤鸾。,13103719.153386066,0.0
daxp-QiaoLouShang-HuangShanLei.xml_9,看娇儿正酣睡恐被风侵。,13128403.248196848,0.0
lseh-TuZeiZuo-SouGuJiuGu.xml_3,大事还要问程婴。,13129932.74525233,0.0
daxp-FeiShiWo-TaoHuaCun.xml_15,那就是来了我西厢带路的小红娘。,13149294.656259306,0.09090909090909091
daxp-FeiShiWo-TaoHuaCun.xml_17,听我的号令上战场。,13153007.826045524,0.09090909090909091
lsxp-DaHeYi-SiLangTanMu.xml_29,众将与爷忙掩（哪）门，,13165011.106417265,0.0
lsxp-WeiCengKai-QiYuanBao.xml_5,贩卖绸缎转还乡。,13187075.504400665,0.0
daxp-MengJunZi-ChunQiuPei-2.xml_2,家住在罗郡城魁星楼下，,13208701.526071256,0.0
daeh-ZuoChunGui-XiShi.xml_2,奴这里心中痛玉颜清减，,13220241.45773072,0.0
lseh-XuMaoGong-QinQiongFaPei.xml_3,缘何不救我出笼牢。,13223834.259264776,0.0
daeh-WuDuanQiao-BiYuZan.xml_4,今生若被郎轻贱，,13227506.152311975,0.09090909090909091
lsxp-ZouYingLong-DaYanSong.xml_2,那一日打从大街进，,13227862.301709108,0.0
lsxp-WeiCengKai-QiYuanBao.xml_4,奉母命京城往，,13231735.695034811,0.0
sdeh-WenSanNiang-SanNiangJiaoZi.xml_5,实指望教训他终身有靠，,13232356.78536398,0.0
lsxp-LiangGuoJiao-ShiJieTing-1.xml_1,各为其主统貔貅，,13233804.796515176,0.0
daxp-ChunQiuTing-SuoLinNang.xml_2,在隔帘只见这一花轿，,13241767.618233418,0.0
lsxp-CiShiJian-HuaiHeYing-1.xml_6,三人同把那鬼门关上踏，,13247043.274055025,0.0
daxp-LaoDieDie-YuZhouFeng.xml_5,却为何贪富贵不顾羞惭。,13251234.727834357,0.0
sdeh-WenSanNiang-SanNiangJiaoZi.xml_6,又谁知平白的闪跌一跤。,13261046.861027766,0.09090909090909091
lsxp-TingTaYan-ZhuoFangCao-2.xml_4,马行在来道内我难（呐）以回（呀）马，,13281572.303705692,0.0
lsxp-TingTaYan-ZhuoFangCao-1.xml_4,马行在来道内我难（呐）以回（呀）马，,13281572.303705692,0.0
lseh-YiLunMing-ZhuoFangCao-2.xml_3,悔不该随他人到吕家。,13296841.072281172,0.0
daxp-QiaoLouShang-HuangShanLei.xml_4,到三更真个是月明人静，,13308694.954317544,0.0
lsxp-DaHeYi-SiLangTanMu.xml_12,我母佘氏老太君。,13349961.693318548,0.0
daxp-ChunQiuTing-SuoLinNang.xml_5,为何鲛珠化泪抛？,13354944.942725956,0.0
daxp-DangRiLi-SuoLinNang.xml_0,当日里好风光忽觉转变，,13370197.52396311,0.0
daeh-ZiNaRi-ZhuangYuanMei-1.xml_5,不知道他与我是否一般。,13378757.81225653,0.0
lsxp-DaHeYi-SiLangTanMu.xml_1,大喝一声（哪）如雷震，,13382627.25114092,0.0
daxp-DangRiLi-SuoLinNang.xml_4,那花轿必定是因陋就简，,13388522.338574104,0.0
daxp-NiDeFu-FenHeWan.xml_2,把弓带和鱼镖与儿带定，,13407233.443457289,0.0
lsxp-YiShiWu-YuCangJian.xml_0,一事无成两鬓斑，,13427766.311881244,0.0
lsxp-LiangGuoJiao-ShiJieTing-1.xml_2,管待三（哪）军要宽厚，,13429129.310099045,0.0
lseh-YiLunMing-WenZhaoGuan-1.xml_7,夜夜何曾得安眠。,13442808.715245692,0.09090909090909091
lseh-YiLunMing-WenZhaoGuan-2.xml_7,夜夜何曾得安眠。,13442808.715245692,0.09090909090909091
lsxp-QingGongYan-FaDongWu.xml_3,又谁知中途两离分。,13446595.382875277,0.0
daeh-ZuoRiGong-TaiZhenWaiChuan.xml_0,昨日宫中何等宠幸，,13458101.510119244,0.0
daeh-ZiNaRi-ErJinGong.xml_4,他那里父女情全然无有，,13458438.67981278,0.0
daxp-ErTingDe-SuoLinNang.xml_27,自把珠玉夸富豪。,13497699.26273371,0.0
lsxp-QingGongYan-FaDongWu.xml_2,弟兄们创业多艰难，,13508057.721103314,0.0
lsxp-ZuoRiLi-YuanMenZhanZi.xml_5,老娘亲再讲情儿自刎头来。,13510347.28434217,0.0
lsxp-LiangGuoJiao-ShiJieTing-2.xml_4,此一番领（呃）兵去镇守，,13510510.42188369,0.0
lseh-YiLunMing-ZhuoFangCao-1.xml_6,又谁知此贼的疑心（呐）太（呀）大，,13523293.59593019,0.09090909090909091
daeh-ZiNaRi-ZhuangYuanMei-2.xml_11,但愿得杨六郎心如石坚。,13543983.53843151,0.09090909090909091
sdxp-SuLongWei-WuJiaPo.xml_29,府内金银堆如山。,13592973.27035986,0.0
sdxp-WoHeNi-SiLangTanMu.xml_24,因何故终日里愁眉不展，,13593381.352403125,0.0
daeh-LiYanFei-DaBaoGuo.xml_4,将江山让太师权且代贺，,13597705.167350434,0.0
lseh-YiLunMing-ZhuoFangCao-1.xml_23,我岂肯放虎归山又（哇）把人抓。,13604500.534653952,0.0
lseh-YiLunMing-ZhuoFangCao-1.xml_18,观此贼睡卧真（呐）潇洒，,13634483.155380132,0.0
daxp-LaoDieDie-SanJiZhang-1.xml_3,贫穷人得了志比富还强。,13655566.465806948,0.18181818181818182
lseh-XuMaoGong-QinQiongFaPei.xml_0,徐茂公阴阳多奥妙，,13660927.916526575,0.0
daxp-MuQinBu-FengHuanChao.xml_5,活在世上也枉然。,13667807.706766685,0.0
daeh-ZiNaRi-ErJinGong.xml_9,想起了老王爷好不惨伤。,13673974.976702383,0.0
lsxp-DaHeYi-SiLangTanMu.xml_7,将身站在了阶前等，,13680640.192819372,0.09090909090909091
lsxp-CiShiJian-HuaiHeYing-2.xml_1,胡言乱语怎瞒（呐）咱！,13682557.514792452,0.09090909090909091
daxp-ErTingDe-SuoLinNang.xml_19,谁能移动它半分毫。,13694900.280213645,0.0
lsxp-JiangShenEr-SanJiaDian.xml_13,娘想儿来泪双流。,13710090.289863907,0.0
daeh-LiYanFei-DaBaoGuo.xml_3,各国的众王侯朝贺中华。,13723285.287357911,0.09090909090909091
daxp-FeiShiWo-TaoHuaCun.xml_12,响一声你就还一掌，,13732856.51214403,0.0
sdxp-SuLongWei-WuJiaPo.xml_6,为军的要人我是不要钱。,13741831.65240864,0.09090909090909091
daxp-DangRiLi-SuoLinNang.xml_19,还有那赤金链，紫瑛簪，白玉环，双凤錾，八宝钗钏一个个宝孕光含。,13759123.14504593,0.0
lseh-YiLunMing-ZhuoFangCao-1.xml_16,我只说贼是个宽宏量大，,13781324.308886714,0.0
lsxp-WeiCengKai-QiYuanBao.xml_3,姓刘名安字世昌。,13800541.945222156,0.0
lseh-WeiGuoJia-HongYangDong-2.xml_0,为国家哪何曾半日闲空，,13802194.202711917,0.0
daxp-LaoDieDie-SanJiZhang-2.xml_2,父道那薛平贵是那化郎模样，,13810733.827670777,0.0
sdxp-SuLongWei-WuJiaPo.xml_5,西凉川四十单八站，,13813158.953969501,0.0
daxp-ErTingDe-SuoLinNang.xml_13,不该词费又滔滔。,13826680.625464946,0.0
sdxp-WoHeNi-SiLangTanMu.xml_18,将身跪在地平川。,13836532.25488551,0.0
daxp-SuSanLi-NvQiJie.xml_7,来生变犬马我当报还！,13842380.195407365,0.09090909090909091
sdxp-SuLongWei-WuJiaPo.xml_41,与你娘做一个安家钱。,13844469.341302281,0.0
daeh-ZiNaRi-ZhuangYuanMei-1.xml_7,帝王家深宫院似水流年。,13845493.492764551,0.0
daxp-SuSanLi-NvQiJie.xml_2,未曾开言心内惨，,13852683.275207119,0.0
lseh-YiLunMing-WenZhaoGuan-2.xml_5,他将我隐藏在后花园。,13856747.223351572,0.0
daxp-ErTingDe-SuoLinNang.xml_10,蠢才问话太潦草，,13866461.526064701,0.0
sdxp-WoHeNi-SiLangTanMu.xml_1,我和你好夫妻恩德不浅，,13874283.498985827,0.0
lsxp-CiShiJian-HuaiHeYing-2.xml_3,为什么事到如今耍奸滑？,13885032.532832265,0.0
lsxp-ShenGongWu-LongFengChengXiang.xml_3,耳听笙歌闹喧哗。,13901196.249958675,0.0
daeh-ZaoBuXing-HeHouMaDian.xml_0,遭不幸老王爷晏了御驾，,13913190.73480784,0.0
daeh-ZiNaRi-ZhuangYuanMei-2.xml_5,不知道他与我是否一般。,13964110.824693235,0.0
lseh-XinZhongYou-WenZhaoGuan.xml_5,为何几日他不言，,14012683.351359043,0.0
sdxp-WoHeNi-SiLangTanMu.xml_29,怕你一去就不回还。,14020199.241358504,0.0
lseh-XinZhongYou-WenZhaoGuan.xml_12,越思越想好伤惨，,14056064.74346719,0.0
lseh-XinZhongYou-WenZhaoGuan.xml_11,鸡鸣犬吠五更（呃）天，,14062955.323040606,0.0
sdxp-SuLongWei-WuJiaPo.xml_8,为军哪怕到官前。,14082000.671151442,0.09090909090909091
sdxp-SuLongWei-WuJiaPo.xml_31,命人送到（那）西凉川。,14138932.884882836,0.0
daxp-DangRiLi-SuoLinNang.xml_10,于归日理应当喜形于面，,14140350.06051692,0.0
sdxp-DangNianHan-SanJiZhang.xml_7,要退、要退、偏要退！,14145087.31779395,0.0
daxp-DangRiLi-SuoLinNang.xml_2,在轿中只觉得天昏地暗。,14148110.004668476,0.09090909090909091
daeh-ZiNaRi-ErJinGong.xml_7,看一看不觉到八月中秋。,14176288.089589953,0.0
daxp-FeiShiWo-TaoHuaCun.xml_11,是不是有人拍巴掌。,14190597.37685295,0.0
daeh-XiaoNuCai-SanNiangJiaoZi.xml_2,哭一声亡故夫在阴曹等我，,14195055.814775744,0.0
lsxp-ZheYiFeng-DingJunShan.xml_2,站立在营门三军叫，,14216254.02509522,0.0
sdxp-WoHeNi-SiLangTanMu.xml_23,咱与你隔南北千里姻缘。,14226706.324561613,0.0
lseh-YiLunMing-WenZhaoGuan-1.xml_14,思来想去我的肝肠断，,14233620.266821915,0.09090909090909091
dldeh-ShouBiPo-ChunQiuPei.xml_7,全（呐）不顾你身有病气力不佳。,14245775.107159462,0.0
sdxp-WoHeNi-SiLangTanMu.xml_3,杨廷辉有一日愁眉得展，,14248987.356434217,0.09090909090909091
lsxp-CiShiJian-HuaiHeYing-1.xml_3,为什么事到如今耍奸滑。,14252735.318733541,0.0
lseh-XuMaoGong-QinQiongFaPei.xml_1,文韬武略智谋高。,14275009.13639038,0.0
daxp-QiaoLouShang-HuangShanLei.xml_7,原来是秋风起扫叶之声。,14290340.122263117,0.0
sdxp-SuLongWei-WuJiaPo.xml_19,是烈女就该在家院，,14292285.988160018,0.0
daxp-ErTingDe-SuoLinNang.xml_26,这都是神话凭空造，,14298582.369780138,0.0
daxp-SuSanLi-NvQiJie.xml_6,言说苏三把命断，,14300235.537657328,0.0
daxp-DangRiLi-SuoLinNang.xml_6,虽然是古青庐以朴为俭，,14302522.340729713,0.0
lseh-YangYanZhao-PengBei.xml_1,在中途得一信甚是不明。,14307304.660636935,0.09090909090909091
sdxp-SuLongWei-WuJiaPo.xml_10,管保大嫂就断与咱。,14317868.743677592,0.0
lsxp-ShenGongWu-LongFengChengXiang.xml_0,深宫无（哇）处不飞花，,14337278.606292048,0.0
lsxp-ZuoRiLi-YuanMenZhanZi.xml_2,今日里斩宗保娘把儿怪，,14358008.08615171,0.0
sdxp-WoHeNi-SiLangTanMu.xml_7,萧天佐摆天门两国交战，,14366454.917830454,0.0
lseh-XiRiLi-BaoLianDeng.xml_15,打死个秦官保父不能担承。,14378282.99103362,0.0
daxp-ChunQiuTing-SuoLinNang.xml_11,必有隐情在心潮。,14381366.28554879,0.0
lsxp-WoZhuYe-ZhuiHanXin.xml_8,一路上秋毫无犯军威壮，,14396051.52281391,0.0
lsxp-ZheYiFeng-DingJunShan.xml_5,三通鼓刀出鞘四通（呃）鼓把兵交。,14416646.32757518,0.0
lsxp-CiShiJian-HuaiHeYing-1.xml_1,胡言乱语怎瞒（呐）咱。,14420093.090303458,0.09090909090909091
lseh-YiLunMing-WenZhaoGuan-1.xml_27,鸡鸣犬吠五更（哪）天，,14420452.898403214,0.0
sdxp-SuLongWei-WuJiaPo.xml_34,将你带到官衙内，,14424658.20285745,0.0
lsxp-DaHeYi-SiLangTanMu.xml_17,弟兄对坐叙寒温。,14440568.59159593,0.0
lsxp-QingGongYan-FaDongWu.xml_0,庆功宴上把酒饮，,14445593.653944481,0.0
daxp-ChunQiuTing-SuoLinNang.xml_21,谁能移动他半分毫。,14450075.740171883,0.0
lsxp-ZiGuDao-HuangHeLou.xml_4,今日主公把宴上，,14458520.772504387,0.0
sdxp-SuLongWei-WuJiaPo.xml_27,三人对面（就）说分明。,14474522.856347343,0.0
daxp-DangRiLi-SuoLinNang.xml_13,怎奈我在轿中赤手空拳。,14495244.955708468,0.09090909090909091
lsxp-TingTaYan-ZhuoFangCao-1.xml_0,听他言听得我心（呐）惊胆怕，,14525421.606333362,0.09090909090909091
lsxp-TingTaYan-ZhuoFangCao-2.xml_0,听他言吓得我心（呐）惊胆怕，,14525421.606333362,0.09090909090909091
lsxp-DaHeYi-SiLangTanMu.xml_27,听罢言来才知情，,14540299.441784035,0.0
daeh-ZiNaRi-ZhuangYuanMei-1.xml_12,但愿得状元媒月老引线，,14546384.5976595,0.09090909090909091
daxp-DangRiLi-SuoLinNang.xml_15,囊虽小却能做续命泉源。,14562019.214808194,0.0
daxp-NiDeFu-FenHeWan.xml_0,你的父去投军无音信，,14582866.526544804,0.09090909090909091
lsxp-YiShiWu-YuCangJian.xml_5,信用无极狗奸谗。,14600727.655949932,0.0
daxp-WoZhuYe-SiLangTanMu.xml_0,我主爷金沙滩早把命丧，,14609831.995991176,0.0
lseh-ZiNaRi-HongYangDong.xml_2,我前番命孟良骸骨搬（呐）请，,14638046.016227672,0.09090909090909091
daxp-QiaoLouShang-HuangShanLei.xml_15,你爹爹到如今未转家门。,14641521.3077507,0.0
lseh-NiangZiBu-SouGuJiuGu.xml_6,舍子搭救忠（呃）良的后，,14646293.455255661,0.09090909090909091
lsxp-ZuoRiLi-YuanMenZhanZi.xml_4,叫焦赞将宝剑悬挂帐外，,14660771.359985018,0.0
lsxp-ZuoRiLi-YuanMenZhanZi.xml_3,哭啼啼坐宝帐所为何来。,14695085.439074269,0.0
lsxp-DaHeYi-SiLangTanMu.xml_5,弟兄们分别十五春，,14729665.767806092,0.0
daxp-MengJunZi-ChunQiuPei-2.xml_4,身有病还受那继母拷打，,14734126.90780949,0.0
daxp-XiRiLiang-LongFengChengXiang.xml_0,昔日梁鸿配孟光，,14735938.435423266,0.0
lsxp-JiangShenEr-SanJiaDian.xml_15,叫一声解差把店役。,14749845.965424372,0.0
lseh-ZiNaRi-HongYangDong.xml_3,那乃是萧天佐以（呀）假成真；,14788831.119362988,0.0
lsxp-YiShiWu-YuCangJian.xml_8,实指（喏）望到吴国借兵（呐）转，,14789835.610135159,0.0
daxp-MengJunZi-ChunQiuPei-1.xml_5,莫奈何到荒郊我就来捡芦花。,14790655.830391813,0.0
lsxp-CiShiJian-HuaiHeYing-2.xml_0,此时间不可闹笑话，,14803682.451253355,0.0
sdxp-DangNianHan-SanJiZhang.xml_14,在六国封相人上人。,14803780.235221976,0.0
sdxp-WoHeNi-SiLangTanMu.xml_9,我有心回宋营见母一面，,14815435.602360815,0.0
daxp-ChunQiuTing-SuoLinNang.xml_28,这都是神话凭空造，,14850673.50534747,0.0
lsxp-WoZhuYe-ZhuiHanXin.xml_9,我也曾约法定过三章。,14856441.66848888,0.0
lseh-YiLunMing-WenZhaoGuan-1.xml_24,哭一声爹娘不能相见，,14856501.557959974,0.0
sdxp-WoHeNi-SiLangTanMu.xml_10,怎奈我身在番难以过关。,14858619.608524079,0.09090909090909091
daeh-NaRiFeng-YuanXiaoMi.xml_1,死里逃生甚惨凄。,14860415.073284619,0.09090909090909091
daxp-ErTingDe-SuoLinNang.xml_9,哪有个袖手旁观在壁上瞧。,14915399.206701973,0.0
daeh-ZiNaRi-ErJinGong.xml_11,想必是徐杨进了昭阳。,14921642.275977086,0.0
daxp-ChunQiuTing-SuoLinNang.xml_10,轿内的人儿弹别调，,14942577.352840971,0.09090909090909091
daxp-FeiShiWo-TaoHuaCun.xml_3,关系你患难鸳鸯永宿在池塘。,14988792.206014242,0.0
daxp-LaoDieDie-YuZhouFeng.xml_3,观此本免了儿一门祸殃。,15061144.91539665,0.0
sdxp-DangNianHan-SanJiZhang.xml_16,难道说文官他就不丧身？,15072033.520225601,0.0
lseh-WeiGuoJia-HongYangDong-1.xml_1,我也曾平服了塞北西东。,15072565.258011473,0.0
lsxp-ZiCongQian-ZhuLianZhai.xml_2,为千岁懒把朝房走，,15083112.277926909,0.0
lseh-WeiKaiYan-RangXuZhou.xml_5,救生灵（呐）积阴（呐）功也免得我坐卧不宁。,15097192.395158384,0.18181818181818182
lsxp-ZouYingLong-DaYanSong.xml_9,那一旁坐的就是严阁老，,15107418.928095069,0.09090909090909091
lsxp-ZheYiFeng-DingJunShan.xml_3,大小儿郎听根苗，,15130209.37313451,0.0
daxp-ChunQiuTing-SuoLinNang.xml_8,亦有饥寒悲怀抱，,15144750.830806801,0.0
sdxp-SuLongWei-WuJiaPo.xml_4,咬定牙关他就不认承。,15163818.515954362,0.0
daxp-TingTaYan-ZuoGong.xml_7,不知者不怪罪你的海量放宽。,15190336.878522584,0.09090909090909091
daxp-QiaoLouShang-HuangShanLei.xml_13,果然是晓鸡唱天已黎明。,15200331.960680598,0.0
lseh-TuZeiZuo-SouGuJiuGu.xml_0,屠贼做事心太狠，,15214817.02032006,0.0
lsxp-DaHeYi-SiLangTanMu.xml_11,我父令公官极品，,15225601.208061708,0.0
daxp-MengTingDe-MuiGuiYingGuaShuai.xml_4,有生之日责当尽，,15229246.353746064,0.09090909090909091
lsxp-LiangGuoJiao-ShiJieTing-2.xml_1,各为其（呀）主统貔貅。,15231997.323282825,0.0
lseh-YiLunMing-WenZhaoGuan-1.xml_28,越思越想好伤惨，,15236422.749090744,0.0
lseh-WeiGuoJia-HongYangDong-3.xml_1,我也曾平服了塞北西东。,15239328.306644196,0.0
daeh-NaRiFeng-YuanXiaoMi.xml_5,那厢流泪这厢啼。,15239702.977412475,0.0
lsxp-CiShiJian-HuaiHeYing-2.xml_4,左手拉住了李左车，,15249052.261707423,0.0
lsxp-ZiGuDao-HuangHeLou.xml_0,自古道吉人有天相，,15252833.930152193,0.0
daxp-SuSanLi-NvQiJie.xml_4,哪一位去往南京转，,15254057.576177489,0.0
lseh-YangYanZhao-PengBei.xml_4,我本当将此事对他来论，,15264147.523064652,0.0
sdxp-WoHeNi-SiLangTanMu.xml_2,贤公主又何必过于谦言。,15295143.355789676,0.0
lseh-YiLunMing-ZhuoFangCao-2.xml_5,杀猪沽酒款待与他。,15304885.170142395,0.0
sdxp-DangNianHan-SanJiZhang.xml_3,小奴才真个不孝顺，,15312793.137246909,0.0
daxp-ChunQiuTing-SuoLinNang.xml_24,分我一枝珊瑚宝，,15347431.083339036,0.0
daxp-ChunQiuTing-SuoLinNang.xml_22,我在不足他正少，,15347431.083339036,0.0
lseh-WeiKaiYan-RangXuZhou.xml_1,天卸重任我就要（哇）你担承。,15368482.894210955,0.0
lseh-NiangZiBu-SouGuJiuGu.xml_4,我与那公孙杵臼把计定，,15374972.96731755,0.0
daxp-ErTingDe-SuoLinNang.xml_20,我正不足她正少，,15390758.559376674,0.0
daeh-LiYanFei-ErJinGong.xml_3,想必是徐杨将进了昭阳。,15403966.73408103,0.0
lsxp-DaHeYi-SiLangTanMu.xml_28,原来四哥回宋营。,15404946.00086015,0.0
lseh-XinZhongYou-WenZhaoGuan.xml_8,哭一声爹娘不能相见，,15409199.96632039,0.0
lsxp-ZouYingLong-DaYanSong.xml_13,在品级台（呀）前臣见君。,15424270.75720316,0.09090909090909091
lsxp-TingTaYan-ZhuoFangCao-2.xml_5,这才是花随水水不（哇）能恋（呐）花。,15425981.49432548,0.0
lsxp-CiShiJian-HuaiHeYing-1.xml_4,左手拉住了李左车，,15440996.248695724,0.0
lsxp-TingTaYan-ZhuoFangCao-1.xml_2,我先前只望他宽宏量（呃）大，,15445896.300660672,0.18181818181818182
lsxp-TingTaYan-ZhuoFangCao-2.xml_2,我先前只望他宽宏量（呃）大，,15445896.300660672,0.18181818181818182
daxp-DangRiLi-SuoLinNang.xml_21,换衣食也够她生活几年。,15466979.869596366,0.09090909090909091
lsxp-LiangGuoJiao-ShiJieTing-2.xml_0,两国交锋龙虎斗，,15489417.70378371,0.0
lsxp-JianMaSu-ZhanMaSu.xml_2,大胆不听我的话，,15516080.797019225,0.09090909090909091
lseh-JinZhongXiang-ShangTianTai.xml_2,文凭着邓先生策划有准，,15526649.606399344,0.18181818181818182
daeh-LiYanFei-DaBaoGuo.xml_1,文站东武列西朝贺哀家。,15582305.793310296,0.0
lsxp-CiShiJian-HuaiHeYing-2.xml_5,右手再把栾布拉，,15597009.59198982,0.0
lsxp-WoBenShi-KongChengJi-2.xml_6,周文王访姜尚周室大振，,15612367.99101,0.0
daeh-ZaoBuXing-HeHouMaDian.xml_9,只骂得贼昏王扭转身驱、闭目合晴、羞羞惭惭一语不发，,15641098.702010404,0.09090909090909091
lsxp-WeiCengKai-QiYuanBao.xml_9,望求太爷与我作主张（啊）。,15650257.907249436,0.0
lseh-TanXiongDi-SangYuanJiZi.xml_0,叹兄兀弟遭不幸一旦丧命，,15705764.633992728,0.0
lseh-LaoZhangBu-WuPenJi.xml_5,抓一（呀）把沙土扬灰尘。,15708725.242118722,0.0
daeh-SunShangXiang-BieHuangGong.xml_3,留下了孙仲谋执掌江南。,15709680.840821536,0.0
lsxp-TingTaYan-ZhuoFangCao-1.xml_5,这才是花随水水不（哇）能恋（呐）花。,15714294.966180393,0.0
daxp-MengJunZi-ChunQiuPei-2.xml_3,我爹爹名姜绍贸易天涯。,15732256.182328574,0.0
daxp-MengJunZi-ChunQiuPei-1.xml_2,家住在罗郡城魁星楼下，,15741173.42569586,0.0
daxp-ChunQiuTing-SuoLinNang.xml_23,他为饥寒我为娇。,15770152.22520035,0.0
daeh-NuZiYou-TouJunBieYao.xml_3,也不枉我二人苦度时光。,15800421.327716611,0.0
daxp-MengJunZi-ChunQiuPei-1.xml_4,在家中受不过继母拷打，,15804092.526070232,0.0
lseh-ZiNaRi-HongYangDong.xml_9,因此上臣的病重（呃）加十分、千岁爷呀！,15804236.612865632,0.09090909090909091
daxp-TingTaYan-ZuoGong.xml_4,我这里走向前再把礼见，,15830024.721346779,0.09090909090909091
daxp-WoZhuYe-SiLangTanMu.xml_5,阅兵书看何人前来何安。,15830919.189944075,0.09090909090909091
daxp-ChunQiuTing-SuoLinNang.xml_19,满腹骄矜顿雪潇，,15838243.080922782,0.0
daxp-ErTingDe-SuoLinNang.xml_21,她为饥寒我为骄。,15878693.928750837,0.0
daxp-MengTingDe-MuiGuiYingGuaShuai.xml_5,寸土怎能够属于他人。,15900836.195099743,0.09090909090909091
sdxp-WoHeNi-SiLangTanMu.xml_31,一夜之间你怎能回还。,15918238.477130082,0.09090909090909091
daxp-LaoDieDie-SanJiZhang-2.xml_3,这样人得了志比父还强。,15927621.962153126,0.18181818181818182
lsxp-LiangGuoJiao-ShiJieTing-1.xml_3,赏罚中公（呃）平莫要自由。,15958878.361428497,0.0
daxp-ChunQiuTing-SuoLinNang.xml_31,积德才生玉树苗，,15972627.259716263,0.09090909090909091
sdxp-SuLongWei-WuJiaPo.xml_25,苏龙魏虎是内亲。,15973985.789962264,0.0
daxp-DuiLingHua-BiYuZan.xml_3,也算得人世间美满姻缘。,15979819.660582177,0.09090909090909091
lsxp-CiShiJian-HuaiHeYing-1.xml_0,此时间不可闹笑话，,16013456.357984157,0.0
lsxp-WeiCengKai-QiYuanBao.xml_1,尊一声太爷听端详。,16027729.203505147,0.0
daxp-WoDeNiang-XinAnYi.xml_3,却原来母亲到儿未知情。,16054783.895062074,0.0
daxp-ChunQiuTing-SuoLinNang.xml_33,救她饥渴胜琼瑶。,16075205.756606279,0.0
lsxp-YiZhuangZhuang-QunYingHui.xml_1,请先生到江边即刻登舟。,16106615.493173542,0.18181818181818182
daxp-DangRiLi-SuoLinNang.xml_7,哪有这短花帘，旧花幔，参差流苏，残破不全。,16120887.400919868,0.0
lsxp-ZiGuDao-HuangHeLou.xml_2,曾记得当年赴河梁，,16138962.579358514,0.09090909090909091
lsxp-DaHeYi-SiLangTanMu.xml_24,你是番邦什么人？,16141466.531723514,0.0
daxp-QiaoLouShang-HuangShanLei.xml_12,数更等交五鼓空房愈冷，,16171896.228699436,0.0
lseh-JinZhongXiang-ShangTianTai.xml_4,内侍臣忙摆驾九龙口进，,16177864.746016834,0.0
lsxp-HenPingWang-WenZhaoGuan.xml_3,满门的家着血染红。,16237862.709348593,0.09090909090909091
lseh-WeiGuoJia-HongYangDong-1.xml_0,为国家那何曾半日闲空，,16256996.520255864,0.0
lsxp-CiShiJian-HuaiHeYing-1.xml_7,（啊）生死二字（喏）且由他。,16261763.917498324,0.09090909090909091
sdxp-DangNianHan-SanJiZhang.xml_4,仙女嫁的又是何人？,16320608.01667106,0.09090909090909091
sdxp-WoHeNi-SiLangTanMu.xml_5,非是我这几日愁眉不展，,16325267.49902699,0.0
lsxp-WoBenShi-KongChengJi-1.xml_6,周文王访姜尚周室大振，,16327528.165023929,0.0
lseh-YiLunMing-ZhuoFangCao-1.xml_15,悔不该弃县今抛却了乌（哇）纱，,16378588.238617951,0.0
sdeh-WenSanNiang-SanNiangJiaoZi.xml_1,问三娘发雷霆却是为何？,16387646.294966951,0.0
sdxp-WoHeNi-SiLangTanMu.xml_20,黄沙盖脸尸骨不全。,16401956.969693832,0.0
daxp-DiTouLi-NvQiJie.xml_6,就说苏三把命断，,16409469.88209643,0.0
lsxp-LiangGuoJiao-ShiJieTing-2.xml_2,管带三（呐）军要宽厚，,16412549.976645691,0.0
daeh-ZiNaRi-ZhuangYuanMei-2.xml_1,行不安坐不宁情态缠绵。,16445219.507492946,0.0
daxp-LaoDieDie-DaYuShaJia-2.xml_3,等候了爹爹回细问根由。,16462281.289326815,0.0
lseh-XinZhongYou-WenZhaoGuan.xml_21,我不杀平王我的心怎甘。,16475878.520115903,0.18181818181818182
daxp-FeiShiWo-TaoHuaCun.xml_10,不但要仔细听、还要仔细想，,16510685.523090456,0.0
lseh-XinZhongYou-WenZhaoGuan.xml_0,心中有事难合眼，,16548812.5602663,0.0
daxp-MengJunZi-ChunQiuPei-2.xml_0,蒙君子至诚心再三问话，,16562058.092925526,0.0
lseh-YiLunMing-WenZhaoGuan-1.xml_3,谁知昭关有阻拦。,16565784.265727583,0.0
sdxp-SuLongWei-WuJiaPo.xml_13,腰中取出银一锭，,16566952.034680901,0.0
lsxp-ShenGongWu-LongFengChengXiang.xml_2,朝欢暮乐无牵挂，,16578944.133020986,0.0
daxp-ChunQiuTing-SuoLinNang.xml_3,想必是新婚渡鹊桥，,16592363.99861908,0.0
daxp-XiShiNv-XiShi.xml_1,难得有开怀事常锁双眉。,16609381.720874183,0.09090909090909091
daxp-FeiShiWo-TaoHuaCun.xml_7,桃花村口莫彷徨。,16629581.311278041,0.0
lseh-YiLunMing-WenZhaoGuan-1.xml_16,心中有事难合眼，,16630129.009114116,0.0
lsxp-TingTaYan-ZhuoFangCao-1.xml_3,却原（呐）来贼是个无（哇）义（呀）的冤家！,16637774.363335738,0.09090909090909091
lsxp-TingTaYan-ZhuoFangCao-2.xml_3,却愿（呐）来贼是个无（哇）义（呀）的冤家！,16637774.363335738,0.09090909090909091
sdxp-SuLongWei-WuJiaPo.xml_43,落得个孝子的名儿在那天下传。,16648320.724095924,0.18181818181818182
daxp-MuQinBu-FengHuanChao.xml_4,人生不知顾脸面，,16694552.02983905,0.09090909090909091
daeh-ZiNaRi-ZhuangYuanMei-1.xml_10,但愿得令公令婆别无异见，,16694581.309229571,0.09090909090909091
lseh-YiLunMing-ZhuoFangCao-1.xml_19,安眠好似并底之蛙，,16703296.281062974,0.0
daeh-XiaoNuCai-SanNiangJiaoZi.xml_5,叹一声不由人珠泪如梭。,16722851.74699265,0.0
lseh-XinZhongYou-WenZhaoGuan.xml_1,翻来复去睡不安。,16755112.878111126,0.0
lseh-YiLunMing-WenZhaoGuan-1.xml_37,我不杀平王我的心怎甘（哪）。,16759678.866671847,0.18181818181818182
daxp-ErTingDe-SuoLinNang.xml_17,满腹骄矜顿雪潇。,16761492.812207742,0.0
daxp-ErTingDe-SuoLinNang.xml_7,不该人前乱解嘲。,16761492.812207742,0.09090909090909091
sdxp-WoHeNi-SiLangTanMu.xml_25,有什么心腹事你只管明言。,16777303.789338548,0.0
daeh-NaRiFeng-YuanXiaoMi.xml_7,不如早死命归西。,16782618.979361035,0.0
daeh-SunShangXiang-BieHuangGong.xml_9,叹一声不由人珠泪涟涟。,16874583.039095398,0.0
daxp-MengTingDe-MuiGuiYingGuaShuai.xml_3,敌血飞溅石榴裙。,16881866.657508373,0.0
lsxp-ZouYingLong-DaYanSong.xml_0,忽听得万岁宣应龙，,16902468.333591133,0.09090909090909091
daxp-ErTingDe-SuoLinNang.xml_29,积德才生玉树苗。,16911036.966790106,0.09090909090909091
lseh-YiLunMing-ZhuoFangCao-2.xml_2,悔不该心猿并意马，,16911503.929611713,0.0
daeh-ZiNaRi-ZhuangYuanMei-2.xml_7,帝王家深宫怨似水流年。,16911819.07396352,0.0
daxp-ChenSanLiang-ChenSanLiangPaTang.xml_5,最可恨鸨儿叫我接客人。,16914331.568000283,0.0
daxp-XiShiNv-XiShi.xml_0,西施女生长在苎萝村里，,16930523.23962967,0.09090909090909091
daeh-LiYanFei-DaBaoGuo.xml_7,宣太师上金殿披红插花。,17007444.40299316,0.0
lsxp-WoBenShi-KongChengJi-2.xml_9,我面前却少个知（呃）音的人。,17010259.854511365,0.18181818181818182
daxp-ChunQiuTing-SuoLinNang.xml_17,问那厢因何故痛哭无聊。,17011517.9167827,0.0
daeh-WuDuanQiao-BiYuZan.xml_3,落得孤身病恹恹。,17056025.904394317,0.09090909090909091
lseh-YangYanZhao-PengBei.xml_0,杨延昭奉父命巡查大营，,17092339.92494029,0.0
lsxp-WoZhuYe-ZhuiHanXin.xml_0,我主爷起义在芒砀，,17099368.629957736,0.0
daxp-ErDeFu-HongNiGuan.xml_4,清早起我和他一度商量，,17104783.367894787,0.0
daxp-ErTingDe-SuoLinNang.xml_8,怜贫济困是正道，,17137294.406972636,0.0
daxp-TingTaYan-ZuoGong.xml_1,十五载到今日才吐真言。,17170544.164379235,0.0
lseh-WeiGuoJia-HongYangDong-2.xml_1,我也曾平服了塞北西东。,17179443.60903194,0.0
daxp-DangRiLi-SuoLinNang.xml_11,为什么悲切切哭得可怜。,17217795.423296038,0.09090909090909091
daxp-ChunQiuTing-SuoLinNang.xml_9,也有失意痛哭嚎啕，,17231450.27312287,0.0
sdxp-WoHeNi-SiLangTanMu.xml_17,公主叫我盟誓愿，,17232894.22047993,0.0
lsxp-TingTaYan-ZhuoFangCao-1.xml_6,这时候我只得暂且忍耐在心下，,17254182.936348435,0.09090909090909091
daxp-ErTingDe-SuoLinNang.xml_31,救她饥渴胜琼瑶。,17256340.046488784,0.0
lsxp-DaHeYi-SiLangTanMu.xml_30,自己骨肉认不清。,17259724.382302366,0.0
lsxp-HenPingWang-WenZhaoGuan.xml_2,我的（呀）父谏奏反把命（哪）送，,17297300.920600496,0.09090909090909091
lsxp-WoBenShi-KongChengJi-2.xml_0,我本是卧龙岗散淡（呐）的人，,17300208.49238261,0.09090909090909091
sdxp-DangNianHan-SanJiZhang.xml_10,都是安邦定国臣，,17311069.574564174,0.0
daxp-DangRiLi-SuoLinNang.xml_14,急切里想起了锁麟囊一（呀）件，,17320465.450594664,0.0
daxp-ChunQiuTing-SuoLinNang.xml_25,安他半世凤凰巢。,17331516.4772815,0.0
daxp-ErTingDe-SuoLinNang.xml_23,安她半世凤凰剿。,17331516.4772815,0.0
daxp-ChunQiuTing-SuoLinNang.xml_1,何处悲声破寂寥。,17338693.31859003,0.0
lseh-WeiKaiYan-RangXuZhou.xml_4,望使君放开怀慨然（呐）应（呐）允，,17345667.22218813,0.0
lseh-YiLunMing-WenZhaoGuan-2.xml_3,谁知昭关有阻拦。,17370625.5392496,0.0
lsxp-DaHeYi-SiLangTanMu.xml_9,家住后山磁州郡，,17395195.467349846,0.0
lsxp-WoBenShi-KongChengJi-2.xml_5,东西战南北剿博古（呃）通（哦）今。,17399476.212041914,0.0
daxp-ErTingDe-SuoLinNang.xml_5,问那厢因何故痛哭无聊？,17402491.837213993,0.0
daeh-TanHongYan-HuoXiaoYu.xml_1,美满姻缘付东流。,17402913.830463164,0.0
lseh-ZiNaRi-HongYangDong.xml_0,自（喏）那日朝罢归身（呐）染重病，,17440079.332837842,0.0
lsxp-WeiCengKai-QiYuanBao.xml_7,借宿一宵起祸殃。,17490796.331222575,0.0
lsxp-ZheYiFeng-DingJunShan.xml_7,退后的项上吃一刀。,17510257.881917298,0.09090909090909091
lseh-YiLunMing-ZhuoFangCao-1.xml_24,执宝剑将贼的（呀）头割下，,17525849.42001082,0.09090909090909091
daxp-QiaoLouShang-HuangShanLei.xml_5,猛听得窗儿外似有人行。,17604122.690859567,0.09090909090909091
lseh-YiLunMing-WenZhaoGuan-1.xml_17,翻来覆去睡不（哇）安。,17643378.556290414,0.0
lsxp-ZhangGongDao-ZhuangYuanPu.xml_1,陈伯愚年半百无有后苗。,17649472.645250414,0.0
lsxp-CiShiJian-HuaiHeYing-2.xml_6,三人同把那鬼门关上爬，,17664401.414365266,0.0
daxp-XiShiNv-XiShi.xml_5,对清溪时照影自整罗农。,17701108.20261675,0.0
lsxp-WoBenShi-KongChengJi-1.xml_5,东西战南北剿博古通呃今。,17703997.884440046,0.0
daeh-ZiNaRi-ErJinGong.xml_2,先王爷晏驾后太子年幼，,17736425.541504476,0.09090909090909091
lseh-JinZhongXiang-ShangTianTai.xml_1,寡人喜的是五谷丰登。,17737633.32381647,0.09090909090909091
daxp-ErTingDe-SuoLinNang.xml_28,麟儿哪有神送到，,17759949.116762668,0.0
daeh-CanQiQi-WuLongZuo.xml_3,担几肩头晕转体若筛糠。,17775444.738161165,0.0
sdxp-SuLongWei-WuJiaPo.xml_26,你我同把相府进，,17800526.219581306,0.0
lsxp-ZhangGongDao-ZhuangYuanPu.xml_4,怕将（呃）来老天爷无（哇）有果报，,17810029.190824807,0.0
lsxp-TingTaYan-ZhuoFangCao-2.xml_6,这时候我只得暂且忍耐在心下，,17812670.0873747,0.09090909090909091
lseh-LaoZhangBu-WuPenJi.xml_2,休把我当作了妖魔论，,17833986.105731063,0.0
sdxp-DangNianHan-SanJiZhang.xml_1,登台拜帅是韩信，,17840703.256627075,0.0
lsxp-WeiCengKai-QiYuanBao.xml_2,家住在南阳太平庄，,17841118.612217806,0.0
daxp-LaoDieDie-DaYuShaJia-1.xml_1,到叫我桂英儿挂在心头；,17908921.24693417,0.0
lsxp-JiangShenEr-SanJiaDian.xml_11,儿行千里母担忧。,18013800.036731716,0.0
lsxp-WoBenShi-KongChengJi-1.xml_0,我本是卧龙岗散淡哪的人，,18047704.870444138,0.09090909090909091
daxp-MuQinBu-FengHuanChao.xml_2,自古常言道得好，,18111027.12524123,0.09090909090909091
lseh-YiLunMing-ZhuoFangCao-2.xml_1,陈宫心中乱如麻。,18128685.642358042,0.0
daeh-NaRiFeng-YuanXiaoMi.xml_3,我与母亲两分离。,18155152.876520112,0.0
lseh-NiangZiBu-SouGuJiuGu.xml_1,卑（呀）人言来你是（喏）听。,18170365.630838312,0.0
lseh-YiLunMing-WenZhaoGuan-2.xml_1,愁人心（呐）中似箭穿。,18176631.566475473,0.0
lseh-XiRiLi-BaoLianDeng.xml_7,兄（呃）推弟来两不能够担承。,18215752.417620894,0.0
daxp-LaoDieDie-YuZhouFeng.xml_1,明早朝上金殿面奏吾皇。,18237796.878136843,0.0
lseh-ZenNengGou-BaDaChui.xml_2,前也思（喏）后又想无有计定，,18252228.174946193,0.09090909090909091
sdxp-DangNianHan-SanJiZhang.xml_11,淮阴漂母救韩信，,18314658.295856822,0.0
lseh-YiLunMing-WenZhaoGuan-1.xml_1,愁人心（哪）中似箭穿。,18321879.559363067,0.0
daxp-MengJunZi-ChunQiuPei-2.xml_5,因此上到郊外来捡芦花（呀）。,18360848.746422626,0.0
sdxp-DangNianHan-SanJiZhang.xml_20,爹爹为何你要退婚？,18361274.108377557,0.0
daeh-ZiNaRi-ZhuangYuanMei-2.xml_6,百姓们闺房乐如花美眷，,18406551.29720129,0.0
lsxp-WoZhuYe-ZhuiHanXin.xml_4,先进咸阳为皇上，,18460388.107222863,0.09090909090909091
lseh-NiangZiBu-SouGuJiuGu.xml_3,三百余口命赴幽冥。,18559118.34286776,0.0
daxp-ChunQiuTing-SuoLinNang.xml_0,春秋亭外风雨暴，,18594306.465126473,0.0
daxp-XiRiLi-LongFengChengXiang.xml_3,安排虎计害刘王。,18637495.27948834,0.0
lseh-YiLunMing-ZhuoFangSuDian.xml_2,悔不该心猿并意马，,18640512.30069461,0.0
daxp-ErTingDe-SuoLinNang.xml_30,小小囊儿何足道，,18645428.14166997,0.0
lseh-YiLunMing-ZhuoFangCao-1.xml_14,悔不该把家属一（呀）旦撇下，,18671810.4880208,0.0
daxp-ChunQiuTing-SuoLinNang.xml_6,此时却又明白了，,18699628.89717872,0.0
daeh-ZiNaRi-ErJinGong.xml_6,徐小姐把守在宫门口，,18707001.98432504,0.0
lseh-NiangZiBu-SouGuJiuGu.xml_5,他舍命来你我舍亲生。,18741258.72067267,0.09090909090909091
daeh-WuDuanQiao-BiYuZan.xml_7,又怕丑名误流传。,18741407.28053603,0.0
daxp-MengJunZi-ChunQiuPei-1.xml_3,我的父名姜绍贸易天涯。,18769344.51024607,0.09090909090909091
lsxp-LiangGuoJiao-ShiJieTing-2.xml_3,赏罚中公（呃）平莫要自由。,18849716.74675937,0.0
lseh-WeiGuoJia-HongYangDong-3.xml_0,为国家哪何曾半日闲空，,18885548.069289923,0.0
lseh-LaoZhangBu-WuPenJi.xml_0,老丈不（哇）必胆怕惊，,18946825.584698018,0.0
lseh-YiLunMing-ZhuoFangCao-1.xml_17,汉室后来贼是个惹祸的根芽。,19004125.19354619,0.09090909090909091
daeh-ZuoChunGui-XiShi.xml_3,夜不眠朝慵起又向谁言。,19055686.61859617,0.0
daxp-ChunQiuTing-SuoLinNang.xml_30,麟儿那有神送到，,19062467.535175852,0.0
lseh-ZenNengGou-BaDaChui.xml_0,怎能够思一计番营来进，,19065378.839684464,0.09090909090909091
lsxp-CiShiJian-HuaiHeYing-2.xml_7,生死二字（喏）且由他！,19180610.936000902,0.09090909090909091
daxp-QiaoLouShang-HuangShanLei.xml_8,听画鼓报四更愈添凄冷，,19191696.248834282,0.0
lseh-XinZhongYou-WenZhaoGuan.xml_9,不能（呃）哎见。,19227470.010525987,0.0
daxp-LaoDieDie-SanJiZhang-1.xml_2,父休笑薛平贵是花郎模样，,19314696.464195278,0.0
daxp-ErTingDe-SuoLinNang.xml_22,分我一枝珊瑚宝，,19315415.81813486,0.0
sdxp-DangNianHan-SanJiZhang.xml_13,商鞅不中苏季子，,19315415.81813486,0.0
lsxp-WoBenShi-KongChengJi-2.xml_2,先帝（呀）爷下南阳（呃）御驾三（呃）请，,19318875.952045612,0.09090909090909091
lseh-WeiKaiYan-RangXuZhou.xml_0,未开言不由人（呐）珠泪滚滚，,19319337.25986893,0.0
lseh-YiLunMing-ZhuoFangCao-2.xml_0,一轮明月照窗下，,19383569.471567012,0.0
sdxp-SuLongWei-WuJiaPo.xml_3,他三人与我有仇恨，,19405687.55874642,0.0
sdxp-SuLongWei-WuJiaPo.xml_7,大嫂说话礼不端，,19456967.42540637,0.0
lseh-YiLunMing-ZhuoFangCao-1.xml_22,虎在笼中我不打，,19475648.773035068,0.0
daeh-ZuoRiGong-TaiZhenWaiChuan.xml_3,但不知何日里再沐圣明。,19521292.187490743,0.0
lsxp-ZhangGongDao-ZhuangYuanPu.xml_2,为（呀）儿（啼）女我也曾朝山拜庙，,19521430.35626488,0.0
lsxp-JianMaSu-ZhanMaSu.xml_0,见马谡（唩）跪帐下，,19528817.99301298,0.0
daxp-MengJunZi-ChunQiuPei-1.xml_1,虽然是男女别不得不答。,19530161.0000103,0.09090909090909091
daxp-LaoDieDie-DaYuShaJia-2.xml_1,倒叫我桂英儿挂在心头。,19539581.852510773,0.0
dldeh-ShouBiPo-ChunQiuPei.xml_6,你继母心毒狠将你打骂，,19587989.133179467,0.0
lseh-YiLunMing-ZhuoFangSuDian.xml_0,一轮明月照窗下，,19594901.870026555,0.0
sdxp-WoHeNi-SiLangTanMu.xml_12,无有令箭怎过关。,19599306.589435823,0.09090909090909091
lsxp-WoBenShi-KongChengJi-1.xml_2,先帝呀爷下南阳御呀驾三请，,19651081.750123233,0.09090909090909091
daxp-DangRiLi-SuoLinNang.xml_16,有金珠和珍宝光华灿烂，,19666134.219154555,0.0
lseh-NiangZiBu-SouGuJiuGu.xml_10,千言万（哪）语她不肯，,19703140.038296875,0.0
sdxp-DangNianHan-SanJiZhang.xml_18,大孝之人也受贫。,19769513.590202797,0.0
lsxp-DaHeYi-SiLangTanMu.xml_25,家住哪州并哪郡？,19779630.785604287,0.0
daxp-ChunQiuTing-SuoLinNang.xml_32,小小囊儿何足道，,19819843.255938515,0.0
lseh-YiLunMing-WenZhaoGuan-1.xml_25,不能（哪）哎见爹娘（兀）！,19846816.585890025,0.0
daeh-TanHongYan-HuoXiaoYu.xml_3,啼花泣月在暗里（呀）添愁。,19862496.221012626,0.0
lsxp-HenPingWang-WenZhaoGuan.xml_1,父纳子（呃）妻礼难容，,19862973.8816222,0.0
lsxp-DaHeYi-SiLangTanMu.xml_14,失落番邦被贼擒。,19867550.107501585,0.0
lsxp-ZheYiFeng-DingJunShan.xml_9,到明天午时三刻要成功劳。,19881823.222630046,0.0
sdxp-DangNianHan-SanJiZhang.xml_2,未央宫斩的是何人？,19927687.02567962,0.09090909090909091
lsxp-WoBenShi-KongChengJi-1.xml_9,我面前缺少个知呃音的人。,19944340.003920924,0.18181818181818182
lseh-XinZhongYou-WenZhaoGuan.xml_17,我本当拔宝剑自寻短见，,20003262.619768325,0.0
lseh-ZiNaRi-HongYangDong.xml_1,三更时梦（呃）见（呐）了年迈爹尊（呐）。,20064735.994597957,0.0
daxp-XiRiLiang-LongFengChengXiang.xml_3,安排巧计害刘王。,20104261.898699205,0.0
lseh-XiRiLi-BaoLianDeng.xml_0,昔日里有一个孤竹君，,20131876.3990013,0.0
lseh-LaoZhangBu-WuPenJi.xml_1,我有言来你是（喏）听。,20141810.418301493,0.0
lsxp-JiangShenEr-SanJiaDian.xml_5,因此上发配到登州。,20180727.15535896,0.0
lseh-TanXiongDi-SangYuanJiZi.xml_3,见坟台不见人刀割我心。,20234149.718214057,0.0
lseh-WeiKaiYan-RangXuZhou.xml_3,老朽年迈我也不能够担承。,20243910.007451933,0.0
sdxp-SuLongWei-WuJiaPo.xml_38,西凉的鞑子将你斩，,20258386.073958375,0.09090909090909091
daxp-FeiShiWo-TaoHuaCun.xml_4,已然错请生波浪，,20298212.121125177,0.09090909090909091
sdxp-SuLongWei-WuJiaPo.xml_1,苏龙魏虎为媒证，,20318268.66926026,0.0
daeh-ZiNaRi-ZhuangYuanMei-1.xml_6,百姓们闺房乐如花美眷，,20348429.851136304,0.0
lsxp-DaHeYi-SiLangTanMu.xml_10,火堪寨上有家门。,20459560.024604134,0.0
lseh-YiLunMing-WenZhaoGuan-1.xml_36,对天发不宏誓愿，,20468045.240459118,0.0
lsxp-QingGongYan-FaDongWu.xml_1,想起桃园结拜情。,20478448.160338778,0.0
lsxp-DaHeYi-SiLangTanMu.xml_2,杨家将令鬼神惊。,20572535.184521154,0.0
lseh-YiLunMing-WenZhaoGuan-1.xml_0,一轮明月照窗前，,20574742.918914303,0.09090909090909091
sdxp-SuLongWei-WuJiaPo.xml_2,王丞相是我的主婚人（哪）。,20578690.98048268,0.09090909090909091
sdxp-WoHeNi-SiLangTanMu.xml_14,见母一面即刻还。,20588626.069475625,0.0
daxp-ErTingDe-SuoLinNang.xml_14,休要噪且站了，,20595496.474504787,0.0
lseh-YiLunMing-WenZhaoGuan-2.xml_0,一轮明月照窗前，,20627182.47100548,0.09090909090909091
lseh-XinZhongYou-WenZhaoGuan.xml_20,对天发下宏誓愿，,20706518.14013476,0.0
lsxp-DaHeYi-SiLangTanMu.xml_22,灯光之下看不真。,20717869.433493175,0.0
daxp-MengTingDe-MuiGuiYingGuaShuai.xml_0,猛听得金鼓响画角声震，,20760602.66384167,0.09090909090909091
daxp-ChunQiuTing-SuoLinNang.xml_20,人情冷暖凭天造，,20791253.884499837,0.0
lseh-WeiGuoJia-HongYangDong-3.xml_2,官封到节度史（喏）皇王恩重，,20838493.668838512,0.0
daxp-ErTingDe-SuoLinNang.xml_18,人情冷暖凭空造，,20959418.183567543,0.0
lsxp-ZheYiFeng-DingJunShan.xml_0,这一封（呃）书信来得巧，,20963932.728032783,0.09090909090909091
daxp-QiaoLouShang-HuangShanLei.xml_6,忙移步隔花荫留神听定，,20993254.07527785,0.0
daxp-TingTaYan-ZuoGong.xml_3,他思家乡想骨肉就不能团圆。,21067528.19812268,0.0
lsxp-DaHeYi-SiLangTanMu.xml_26,要见本帅为何情？,21131836.878488533,0.0
daxp-ErDeFu-HongNiGuan.xml_1,撇下了奴一人好不悲凉。,21185708.07358446,0.0
lseh-XinZhongYou-WenZhaoGuan.xml_16,我冷冷清清向谁言（呃）。,21255675.909055892,0.0
lseh-WeiGuoJia-HongYangDong-1.xml_2,官封到节度使（喏）皇王恩重，,21291333.736623228,0.0
lseh-YiLunMing-ZhuoFangSuDian.xml_1,陈宫心（呐）中乱如麻，,21339028.418783173,0.0
lseh-YiLunMing-WenZhaoGuan-1.xml_32,我冷冷清清向谁言（哪）。,21459178.231094744,0.0
daeh-TanHongYan-HuoXiaoYu.xml_5,隔着窗儿点滴不休。,21541350.69074908,0.0
lseh-WeiGuoJia-HongYangDong-2.xml_2,官封到节度使（喏）皇王恩重，,21593669.322104663,0.0
daxp-MengJunZi-ChunQiuPei-2.xml_1,虽然是不相识我就不得不答。,21644536.85352079,0.09090909090909091
sdxp-WoHeNi-SiLangTanMu.xml_22,讲什么夫妻情恩德不浅，,21709746.64350928,0.0
lseh-YiLunMing-WenZhaoGuan-1.xml_34,寻短（哪）哎见爹娘（兀）！,21789620.920650147,0.0
daeh-ZiNaRi-ZhuangYuanMei-2.xml_8,幸喜得珍珠衫称心如愿，,21898064.574403565,0.09090909090909091
lseh-LaoZhangBu-WuPenJi.xml_6,我和你远无冤近无有仇恨，,21940526.720604554,0.0
daxp-MengTingDe-MuiGuiYingGuaShuai.xml_6,番王小丑何足论，,22034839.641870614,0.0
lsxp-YiShiWu-YuCangJian.xml_3,靠山绿（哇）水常在面前。,22065964.231101103,0.09090909090909091
daxp-DuiLingHua-BiYuZan.xml_1,听她言不由人喜上眉尖。,22112973.463401467,0.0
daxp-TingTaYan-ZuoGong.xml_0,听他言吓得我浑身是汗，,22127330.828677926,0.09090909090909091
lsxp-YiShiWu-YuCangJian.xml_6,他害我满门（呐）真悲惨，,22145787.795561448,0.0
daxp-ChenSanLiang-ChenSanLiangPaTang.xml_1,公正的老爷细听分明。,22146198.43776974,0.09090909090909091
lseh-LaoZhangBu-WuPenJi.xml_4,我忙将树（呃）枝摆摇（哇）动，,22191823.27139047,0.0
lseh-YiLunMing-ZhuoFangCao-2.xml_11,自有那神灵儿天地鉴察。,22228219.04883245,0.0
lseh-TanXiongDi-SangYuanJiZi.xml_2,眼望着孤坟台珠泪难忍，,22235385.737324547,0.0
lseh-YiLunMing-ZhuoFangCao-1.xml_1,陈宫心（呐）中乱如麻，,22277380.320838757,0.0
sdxp-SuLongWei-WuJiaPo.xml_30,本利算来有多少，,22302273.450224433,0.0
lsxp-DaHeYi-SiLangTanMu.xml_6,怎知今日回宋营。,22372555.70175466,0.09090909090909091
sdxp-WoHeNi-SiLangTanMu.xml_32,适才叫咱盟誓愿，,22391901.802844565,0.0
lseh-ZenNengGou-BaDaChui.xml_3,倒不如上公安观看古今。,22399662.356848765,0.0
dldeh-ShouBiPo-ChunQiuPei.xml_4,想亲娘和老父心乱如麻。,22599831.4501756,0.0
lsxp-DaHeYi-SiLangTanMu.xml_16,我是你四哥回宋营。,22854960.068905078,0.0
daxp-ErTingDe-SuoLinNang.xml_16,听薛良一语来相告，,22864749.213737585,0.0
lsxp-DaHeYi-SiLangTanMu.xml_4,上面（哪）坐的同胞人。,22978987.63522722,0.09090909090909091
lseh-XinZhongYou-WenZhaoGuan.xml_18,寻短（呃）哎见爹娘（呃）。,23108899.88013308,0.0
daxp-ErTingDe-SuoLinNang.xml_0,耳听得悲声惨心中如捣，,23129501.51898217,0.09090909090909091
lseh-YiLunMing-ZhuoFangCao-1.xml_0,一轮明月照窗下，,23210493.857569445,0.0
daxp-ChunQiuTing-SuoLinNang.xml_12,耳听得悲声惨心中如捣，,23251514.88032363,0.09090909090909091
daxp-ChunQiuTing-SuoLinNang.xml_18,听薛良一语来相告，,23255905.109378368,0.0
daxp-WoDeNiang-XinAnYi.xml_1,奴年交十九岁还守闺门。,23465714.191418085,0.0
lsxp-DaHeYi-SiLangTanMu.xml_8,问我一言答一声。,23665694.557244234,0.0
daxp-ErDeFu-HongNiGuan.xml_3,倒不如与伯党匹配鸾凰。,23684823.17823199,0.0
daxp-QiaoLouShang-HuangShanLei.xml_1,父子们去采药未见回程。,23724243.832008358,0.0
lseh-YiLunMing-WenZhaoGuan-1.xml_33,我本当拔宝剑自寻短见，,23758163.450751595,0.0
daxp-WoZhuYe-SiLangTanMu.xml_3,一心心要夺取宋室江山。,23849721.34065968,0.0
daxp-LaoDieDie-SanJiZhang-2.xml_1,儿命苦怎配着状元才郎？,23859497.258611318,0.09090909090909091
daeh-ZiNaRi-ZhuangYuanMei-1.xml_8,幸喜得珍珠衫称心如愿，,23929960.443061616,0.09090909090909091
daxp-FeiShiWo-TaoHuaCun.xml_0,非是我嘱咐叮咛把话讲，,24151420.141219217,0.0
lseh-YiLunMing-ZhuoFangCao-1.xml_11,自有那神灵（啊）天地鉴察。,24158118.91135525,0.0
lseh-YiLunMing-ZhuoFangSuDian.xml_11,自有那神灵儿天地鉴察。,24159756.34300437,0.0
lseh-JinZhongXiang-ShangTianTai.xml_0,金钟响玉磬应王登龙庭，,24453701.55013184,0.0
sdxp-SuLongWei-WuJiaPo.xml_28,我父在朝为官宦，,24515348.707234357,0.0
sdxp-DangNianHan-SanJiZhang.xml_9,当年韩信与苏秦，,24533367.779304836,0.0
sdxp-SuLongWei-WuJiaPo.xml_39,妻儿老小与奴一般。,24566009.224469364,0.0
daxp-WoDeNiang-XinAnYi.xml_2,这几日身不爽心中烦闷，,24723353.058546152,0.0
lseh-TanXiongDi-SangYuanJiZi.xml_1,丢下了年幼儿好不伤情。,24837555.82091357,0.0
lseh-YiLunMing-WenZhaoGuan-1.xml_26,要相逢陈非是梦（兀）里团圆。,25067553.912088573,0.0
sdxp-WoHeNi-SiLangTanMu.xml_26,你那里休得要巧言舌辨，,25408852.240061097,0.09090909090909091
lsxp-WoBenShi-KongChengJi-2.xml_4,官封到武乡侯（呃）执掌帅印，,25558397.38672805,0.0
daxp-ErTingDe-SuoLinNang.xml_15,薛良与我去问一遭。,25862428.685331617,0.0
lsxp-WoBenShi-KongChengJi-1.xml_1,论阴阳如反掌保定乾坤。,26141713.433360275,0.0
lseh-WeiGuoJia-HongYangDong-2.xml_3,身不爽不由人瞌睡朦胧（呃）（哪）。,26180368.212162122,0.0
lseh-WeiGuoJia-HongYangDong-1.xml_3,身不爽不由人瞌睡朦胧（呃）。,26269624.376637444,0.0
lseh-WeiGuoJia-HongYangDong-3.xml_3,身不爽不由人瞌睡朦胧。,26339184.899454493,0.0
lseh-XiRiLi-BaoLianDeng.xml_2,都只为孤（哇）竹君身染重病（哪），,26653366.488476854,0.0
daxp-ErTingDe-SuoLinNang.xml_24,忙把梅香低声叫，,26813136.8686238,0.0
daxp-ChunQiuTing-SuoLinNang.xml_26,忙把梅香低声儿叫，,26966367.13228032,0.0
lsxp-WoBenShi-KongChengJi-1.xml_4,官封到武乡侯哇执掌帅印，,27054581.421764173,0.0
daxp-XiShiNv-XiShi.xml_3,每日里浣纱去又傍清溪。,27098454.117134787,0.0
sdxp-SuLongWei-WuJiaPo.xml_9,衙里衙外我打点，,27505792.235836014,0.0
daxp-WoHeNi-SangYuanHui.xml_0,我和你有什么夫妻的情，,27638406.55665713,0.09090909090909091
lseh-YiLunMing-WenZhaoGuan-1.xml_15,今夜晚怎能够盼到明天。,28092990.289895624,0.09090909090909091
daxp-ChunQiuTing-SuoLinNang.xml_15,莫不是强婚配鸦占鸾巢？,28534104.36074398,0.0
daxp-ErTingDe-SuoLinNang.xml_3,莫不是强婚配鸦占鸾巢。,28565591.42275458,0.0
lseh-YiLunMing-WenZhaoGuan-2.xml_15,今夜晚怎能够盼到明天。,28625871.017083906,0.09090909090909091
daxp-XiRiLi-LongFengChengXiang.xml_1,今朝仙女会襄王。,28784611.671890188,0.0
sdxp-WoHeNi-SiLangTanMu.xml_30,宋营离此路途远，,28830940.70675609,0.0
daxp-TingTaYan-ZuoGong.xml_5,尊一声驸马爷细听咱言。,28834252.943998486,0.0
sdxp-SuLongWei-WuJiaPo.xml_40,这锭银子奴不要，,29200995.955373067,0.0
sdxp-SuLongWei-WuJiaPo.xml_32,我进相府对父言，,29200995.955373067,0.0
lsxp-WoBenShi-KongChengJi-2.xml_1,凭阴阳如反掌保定乾坤。,29223846.265557148,0.0
daxp-QiaoLouShang-HuangShanLei.xml_3,不知他在荒山何处安身。,29651355.79803839,0.0
lseh-XinZhongYou-WenZhaoGuan.xml_10,爹娘（呃）要相逢除非是梦（呃）里团圆。,29971109.39360424,0.0
sdxp-DangNianHan-SanJiZhang.xml_19,非是女儿言不逊，,29989239.892847147,0.0
sdxp-WoHeNi-SiLangTanMu.xml_16,快马加鞭我一夜还。,30027637.05966108,0.0
sdxp-SuLongWei-WuJiaPo.xml_36,军爷说话理不端，,30182072.959618483,0.0
daxp-QiaoLouShang-HuangShanLei.xml_10,我不免引寒机伴奴坐等，,30678201.680347294,0.0
sdxp-WoHeNi-SiLangTanMu.xml_15,宋营（哪）虽然路途远，,30917602.050338387,0.0
sdxp-SuLongWei-WuJiaPo.xml_24,提起了旁人我不晓，,31490593.026058637,0.0
daxp-ErDeFu-HongNiGuan.xml_6,奴本当把关印付他执掌，,32167157.49716503,0.0
daxp-LaoDieDie-SanJiZhang-1.xml_1,我立志不嫁那状元才郎。,32699220.893827535,0.0
daxp-ChenSanLiang-ChenSanLiangPaTang.xml_3,发奋自强日夜读诗文。,32945094.70521497,0.0
daxp-XiRiLiang-LongFengChengXiang.xml_1,今朝仙女会襄王。,33555905.52631843,0.0
daxp-SuSanLi-NvQiJie.xml_0,苏三离了洪洞县，,33629857.147942066,0.0
sdxp-DangNianHan-SanJiZhang.xml_17,仙女配的是董永，,33629857.147942066,0.09090909090909091
daxp-DiTouLi-NvQiJie.xml_0,低头离了洪洞县，,34982092.94045849,0.0
sdxp-DangNianHan-SanJiZhang.xml_15,未央宫斩的是韩信，,38931312.70706444,0.09090909090909091
