三人同把那鬼门关上爬,855,三人同把那鬼门关上爬，
lsxp-CiShiJian-HuaiHeYing-2.xml_3,为什么事到如今耍奸滑？,3472643.8879551296,0.0
lseh-YiLunMing-ZhuoFangCao-2.xml_10,屈死的冤鬼魂休要怨咱，,3719827.964000572,0.1
lsxp-CiShiJian-HuaiHeYing-1.xml_3,为什么事到如今耍奸滑。,3799365.0765450783,0.0
lsxp-WeiCengKai-QiYuanBao.xml_1,尊一声太爷听端详。,3930758.745825536,0.0
lsxp-ZouYingLong-DaYanSong.xml_0,忽听得万岁宣应龙，,4137544.150622766,0.0
lseh-XinZhongYou-WenZhaoGuan.xml_13,想当初在朝为官宦，,4349587.420113144,0.0
lseh-YiLunMing-WenZhaoGuan-1.xml_29,想当初在朝为官宦，,4349587.420113144,0.0
lseh-YiLunMing-ZhuoFangSuDian.xml_10,屈死的怨鬼魂休要怨（呐）咱，,4455901.549016744,0.1
lsxp-ZouYingLong-DaYanSong.xml_5,他言道严嵩老贼害他的举家一满门。,4474358.696554924,0.1
lseh-YiLunMing-ZhuoFangSuDian.xml_2,悔不该心猿并意马，,4524403.400342978,0.0
lsxp-CiShiJian-HuaiHeYing-1.xml_6,三人同把那鬼门关上踏，,4646596.343680114,0.9
lsxp-WoZhuYe-ZhuiHanXin.xml_7,一路上得遇陆贾、郦生与张良。,5019890.676119888,0.1
lseh-YiLunMing-WenZhaoGuan-1.xml_14,思来想去我的肝肠断，,5027293.840053936,0.0
daxp-ErTingDe-SuoLinNang.xml_19,谁能移动它半分毫。,5100709.48941054,0.0
lseh-XiRiLi-BaoLianDeng.xml_7,兄（呃）推弟来两不能够担承。,5159291.6385449525,0.0
daxp-ChenSanLiang-ChenSanLiangPaTang.xml_4,诗书易礼都学会，,5198617.2396795135,0.0
lsxp-ZouYingLong-DaYanSong.xml_7,站立在殿角用目来观定，,5303507.183201355,0.0
lseh-XiRiLi-BaoLianDeng.xml_14,打死了别家子父能作主，,5359703.680662899,0.0
lseh-WeiKaiYan-RangXuZhou.xml_1,天卸重任我就要（哇）你担承。,5504530.2313693985,0.0
lsxp-ZuoRiLi-YuanMenZhanZi.xml_2,今日里斩宗保娘把儿怪，,5562745.666296959,0.1
daxp-ChunQiuTing-SuoLinNang.xml_21,谁能移动他半分毫。,5685896.25960777,0.0
lseh-YiLunMing-ZhuoFangCao-2.xml_2,悔不该心猿并意马，,5721593.328086159,0.0
lseh-YiLunMing-ZhuoFangSuDian.xml_4,吕伯奢可算得义气（呀）大，,5765939.833187882,0.0
lseh-YiLunMing-WenZhaoGuan-1.xml_20,若是真心来救我，,5780830.109534554,0.0
lseh-XinZhongYou-WenZhaoGuan.xml_4,若是真心来救我，,5780830.109534554,0.0
daeh-ZiNaRi-ErJinGong.xml_4,他那里父女情全然无有，,5842195.913174551,0.1
sdxp-SuLongWei-WuJiaPo.xml_34,将你带到官衙内，,5875115.827198279,0.0
lsxp-ZheYiFeng-DingJunShan.xml_2,站立在营门三军叫，,5937258.943313736,0.2
sdxp-WoHeNi-SiLangTanMu.xml_25,有什么心腹事你只管明言。,5983661.115070809,0.0
lsxp-ZuoRiLi-YuanMenZhanZi.xml_3,哭啼啼坐宝帐所为何来。,6014117.374073425,0.0
lsxp-DaHeYi-SiLangTanMu.xml_10,火堪寨上有家门。,6279379.042586596,0.2
lseh-YiLunMing-WenZhaoGuan-1.xml_28,越思越想好伤惨，,6326026.103575017,0.0
daxp-ErTingDe-SuoLinNang.xml_18,人情冷暖凭空造，,6399427.9432348255,0.1
daeh-ZiNaRi-ErJinGong.xml_12,有一句话儿不好言讲，,6537062.91220122,0.0
lsxp-WeiCengKai-QiYuanBao.xml_2,家住在南阳太平庄，,6547867.900008062,0.0
lseh-XuMaoGong-QinQiongFaPei.xml_2,既是为我前来到，,6578522.384175145,0.0
lseh-LaoZhangBu-WuPenJi.xml_1,我有言来你是（喏）听。,6631398.430745444,0.0
lseh-YiLunMing-ZhuoFangCao-1.xml_19,安眠好似并底之蛙，,6644390.354610385,0.0
lseh-NiangZiBu-SouGuJiuGu.xml_1,卑（呀）人言来你是（喏）听。,6666852.339746095,0.1
lseh-NiangZiBu-SouGuJiuGu.xml_5,他舍命来你我舍亲生。,6739994.209259736,0.0
lsxp-WoZhuYe-ZhuiHanXin.xml_1,拔剑斩蛇天下扬。,6813003.942257404,0.0
lseh-YangYanZhao-PengBei.xml_4,我本当将此事对他来论，,6845031.966371977,0.0
lsxp-JiangShenEr-SanJiaDian.xml_2,一不是响马与贼寇，,6851255.704756506,0.0
lsxp-CiShiJian-HuaiHeYing-1.xml_7,（啊）生死二字（喏）且由他。,6900651.260706125,0.0
daeh-ZiNaRi-ZhuangYuanMei-2.xml_1,行不安坐不宁情态缠绵。,6905982.012755093,0.0
lseh-WeiGuoJia-HongYangDong-1.xml_1,我也曾平服了塞北西东。,6929226.403216266,0.0
lseh-YiLunMing-WenZhaoGuan-1.xml_8,俺伍员好一似丧家犬，,6953123.184348218,0.0
sdxp-SuLongWei-WuJiaPo.xml_18,我与你露水的夫妻就过几年（呐）。,6953455.296782878,0.0
lsxp-ZhangGongDao-ZhuangYuanPu.xml_5,眼睁（呐）睁有何人去（呀）把纸烧。,7010791.1496760575,0.2
lseh-XiRiLi-BaoLianDeng.xml_1,伯夷叔齐二大贤人，,7039700.4132874645,0.1
lseh-YiLunMing-ZhuoFangCao-1.xml_18,观此贼睡卧真（呐）潇洒，,7041362.965008467,0.0
daxp-ErTingDe-SuoLinNang.xml_22,分我一枝珊瑚宝，,7064534.824477882,0.0
sdxp-DangNianHan-SanJiZhang.xml_13,商鞅不中苏季子，,7064534.824477882,0.0
daeh-XiaoNuCai-SanNiangJiaoZi.xml_4,怒气不息在机房闷坐，,7089766.853760701,0.0
daxp-ChunQiuTing-SuoLinNang.xml_30,麟儿那有神送到，,7095143.7157778125,0.1
sdeh-WenSanNiang-SanNiangJiaoZi.xml_5,实指望教训他终身有靠，,7110916.787452976,0.0
lseh-YiLunMing-WenZhaoGuan-2.xml_8,俺伍员好一似丧家犬，,7137458.620774176,0.0
lseh-WeiKaiYan-RangXuZhou.xml_3,老朽年迈我也不能够担承。,7166980.182075064,0.0
lseh-XinZhongYou-WenZhaoGuan.xml_15,到如今夜宿在荒村院，,7195532.279315945,0.0
lseh-YiLunMing-WenZhaoGuan-1.xml_31,到如今夜宿在荒村院，,7195532.279315945,0.0
daxp-MengTingDe-MuiGuiYingGuaShuai.xml_0,猛听得金鼓响画角声震，,7209069.868838714,0.0
lseh-YiLunMing-WenZhaoGuan-1.xml_22,贪图富贵来害我，,7216583.802480276,0.0
sdxp-SuLongWei-WuJiaPo.xml_25,苏龙魏虎是内亲。,7218171.949623337,0.0
daeh-WuDuanQiao-BiYuZan.xml_4,今生若被郎轻贱，,7246008.491082423,0.0
lsxp-JiangShenEr-SanJiaDian.xml_13,娘想儿来泪双流。,7249812.86984417,0.0
lseh-YiLunMing-WenZhaoGuan-1.xml_2,实指（惹）望到吴国借兵回转，,7279065.332318417,0.0
lseh-YiLunMing-WenZhaoGuan-2.xml_14,思来想去我的肝肠断，,7279154.588054066,0.0
daxp-SuSanLi-NvQiJie.xml_3,过往的君子听我言。,7289535.538398919,0.0
lseh-YiLunMing-ZhuoFangCao-1.xml_24,执宝剑将贼的（呀）头割下，,7292026.26280564,0.0
daeh-ZiNaRi-ZhuangYuanMei-2.xml_8,幸喜得珍珠衫称心如愿，,7359763.9049288025,0.0
daxp-DiTouLi-NvQiJie.xml_5,与我那三郎把信传。,7364862.177119906,0.3
daxp-XiShiNv-XiShi.xml_2,只为着守清寒柴门近水，,7392162.557015771,0.1
daxp-SuSanLi-NvQiJie.xml_5,与我那三郎把信传。,7394664.464789545,0.3
daxp-ChunQiuTing-SuoLinNang.xml_6,此时却又明白了，,7400565.102272678,0.0
lseh-XinZhongYou-WenZhaoGuan.xml_6,贪图富贵来害我，,7409536.484257755,0.0
daeh-WuDuanQiao-BiYuZan.xml_0,无端巧计将人陷，,7415880.335642295,0.1
daeh-NaRiFeng-YuanXiaoMi.xml_4,母女隔断三千里，,7429265.67888345,0.1
sdxp-SuLongWei-WuJiaPo.xml_29,府内金银堆如山。,7435352.365287488,0.0
daeh-XiaoNuCai-SanNiangJiaoZi.xml_3,等候了你妻子同见阎罗。,7436632.815498045,0.1
sdxp-SuLongWei-WuJiaPo.xml_33,家人小厮有万千。,7492906.260627685,0.1
lsxp-ZhangGongDao-ZhuangYuanPu.xml_0,张公道三十五六（哇）子有靠，,7497725.440732865,0.1
lseh-YiLunMing-WenZhaoGuan-2.xml_12,我好（呃）比鱼儿吞了钩线，,7501534.565966633,0.0
lsxp-WoBenShi-KongChengJi-2.xml_6,周文王访姜尚周室大振，,7505998.0302119795,0.0
sdxp-SuLongWei-WuJiaPo.xml_14,将银放在地平川。,7506897.62860614,0.0
lseh-NiangZiBu-SouGuJiuGu.xml_0,娘子不（哇）必太烈性，,7515045.425518139,0.0
daxp-ChunQiuTing-SuoLinNang.xml_20,人情冷暖凭天造，,7522799.7463937085,0.1
lseh-YiLunMing-WenZhaoGuan-1.xml_9,满腹的含冤我向谁言（哪）！,7532080.141664311,0.0
lseh-YiLunMing-WenZhaoGuan-2.xml_9,满腹的含冤我向谁言（喏）。,7532080.141664311,0.0
sdxp-SuLongWei-WuJiaPo.xml_8,为军哪怕到官前。,7543005.630167378,0.0
daeh-SunShangXiang-BieHuangGong.xml_0,孙尚香坐宫院自思自叹，,7559171.154026504,0.0
daxp-FeiShiWo-TaoHuaCun.xml_1,只怪你呆头呆脑慌慌张张。,7567709.470705877,0.0
lseh-YiLunMing-WenZhaoGuan-2.xml_11,我好比龙游在浅沙滩。,7577812.127585295,0.0
lseh-XinZhongYou-WenZhaoGuan.xml_17,我本当拔宝剑自寻短见，,7579668.56530377,0.0
lsxp-ZuoRiLi-YuanMenZhanZi.xml_0,昨日里斩八将头挂营外，,7624950.612067431,0.0
lsxp-ZouYingLong-DaYanSong.xml_9,那一旁坐的就是严阁老，,7641714.97665184,0.1
lseh-YiLunMing-WenZhaoGuan-1.xml_11,我好比龙游在浅沙滩。,7647711.147040816,0.0
lseh-YiLunMing-WenZhaoGuan-2.xml_13,我好（呃）比波浪中失舵的舟船（喏）。,7651416.0547421845,0.0
lsxp-ZouYingLong-DaYanSong.xml_3,偶遇见小小的顽童放悲声，,7659770.930452049,0.0
daeh-WangChunE-SanNiangJiaoZi.xml_2,春娥女好一此失群孤雁，,7676313.208487852,0.0
daxp-TingTaYan-ZuoGong.xml_0,听他言吓得我浑身是汗，,7681304.822786981,0.0
lsxp-CiShiJian-HuaiHeYing-1.xml_1,胡言乱语怎瞒（呐）咱。,7718440.132184778,0.0
lseh-TuZeiZuo-SouGuJiuGu.xml_1,诬杀赵家一满门。,7718613.56791866,0.1
lseh-YiLunMing-WenZhaoGuan-1.xml_24,哭一声爹娘不能相见，,7736946.530185889,0.0
lseh-YiLunMing-WenZhaoGuan-1.xml_13,我好（哇）比波浪中失舵的舟船（哪）。,7743673.268166442,0.0
daeh-ZiNaRi-ZhuangYuanMei-2.xml_0,自那日与六郎阵前相见，,7744479.864017978,0.1
lsxp-WoBenShi-KongChengJi-1.xml_6,周文王访姜尚周室大振，,7747900.539671527,0.0
daxp-WoZhuYe-SiLangTanMu.xml_1,众文武扶哀家执掌军房。,7753622.453356019,0.0
daxp-ErTingDe-SuoLinNang.xml_20,我正不足她正少，,7765553.751306437,0.0
lsxp-JiangShenEr-SanJiaDian.xml_9,舍不得老娘（呃）白了头。,7771843.729532107,0.0
lseh-XinZhongYou-WenZhaoGuan.xml_8,哭一声爹娘不能相见，,7775820.549898682,0.0
daeh-ZuoRiGong-TaiZhenWaiChuan.xml_2,思想起从前事心中悔恨，,7778561.497221958,0.0
daeh-ZiNaRi-ZhuangYuanMei-1.xml_12,但愿得状元媒月老引线，,7788217.497358382,0.0
daxp-DiTouLi-NvQiJie.xml_7,来生变犬马我当报还。,7794173.056399097,0.0
sdxp-WoHeNi-SiLangTanMu.xml_5,非是我这几日愁眉不展，,7813762.547714093,0.0
daxp-MengTingDe-MuiGuiYingGuaShuai.xml_6,番王小丑何足论，,7836779.45777046,0.0
lsxp-ZouYingLong-DaYanSong.xml_4,我问顽童啼哭因何故，,7863435.916630726,0.0
lsxp-DaHeYi-SiLangTanMu.xml_13,十五年前沙滩会，,7864359.739746307,0.0
daxp-ErTingDe-SuoLinNang.xml_4,叫梅香你把那好言相告，,7875454.297883418,0.2
lseh-YiLunMing-WenZhaoGuan-1.xml_12,我好（哇）比鱼儿吞了钩线，,7882307.989249914,0.0
lseh-WeiGuoJia-HongYangDong-3.xml_1,我也曾平服了塞北西东。,7909682.372654392,0.0
lsxp-TingTaYan-ZhuoFangCao-1.xml_0,听他言听得我心（呐）惊胆怕，,7918403.504938458,0.0
lsxp-TingTaYan-ZhuoFangCao-2.xml_0,听他言吓得我心（呐）惊胆怕，,7918403.504938458,0.0
daxp-ChunQiuTing-SuoLinNang.xml_7,世上何尝尽富豪，,7928527.059879231,0.1
lsxp-ZiGuDao-HuangHeLou.xml_5,四将军保架料也无妨。,7957907.562761616,0.0
sdxp-DangNianHan-SanJiZhang.xml_14,在六国封相人上人。,7960105.177308669,0.2
lseh-YiLunMing-WenZhaoGuan-2.xml_2,实指望到吴国借兵回转，,7965772.083307595,0.0
sdxp-WoHeNi-SiLangTanMu.xml_23,咱与你隔南北千里姻缘。,7969609.021622783,0.0
lsxp-WoBenShi-KongChengJi-2.xml_8,闲无（呃）事在敌楼（呃）我亮一亮琴（呢）音，,7988173.351626332,0.0
sdxp-SuLongWei-WuJiaPo.xml_37,欺奴犹如欺了天。,8016662.772963895,0.0
daeh-LiYanFei-DaBaoGuo.xml_6,写文约我且把玉玺打下，,8016793.374457753,0.1
lsxp-WoBenShi-KongChengJi-1.xml_2,先帝呀爷下南阳御呀驾三请，,8068894.865276299,0.1
sdxp-DangNianHan-SanJiZhang.xml_1,登台拜帅是韩信，,8081798.571664168,0.0
lseh-WeiGuoJia-HongYangDong-2.xml_1,我也曾平服了塞北西东。,8087500.915036458,0.0
sdxp-SuLongWei-WuJiaPo.xml_28,我父在朝为官宦，,8093419.729014704,0.0
lseh-YiLunMing-WenZhaoGuan-1.xml_18,背地里只把东皋公怨，,8102211.923317666,0.1
lsxp-WoZhuYe-ZhuiHanXin.xml_11,反将我主贬汉王。,8119698.379887499,0.0
daxp-WoDeNiang-XinAnYi.xml_0,我的娘她忘了女生外姓，,8119979.275035141,0.0
lsxp-YiShiWu-YuCangJian.xml_0,一事无成两鬓斑，,8132501.004371178,0.0
sdxp-SuLongWei-WuJiaPo.xml_43,落得个孝子的名儿在那天下传。,8179519.044250544,0.1
sdxp-DangNianHan-SanJiZhang.xml_12,登台拜帅天下闻。,8191504.670463334,0.0
lsxp-JiangShenEr-SanJiaDian.xml_14,眼见得红日坠落在西山后，,8211133.224229259,0.0
lseh-XinZhongYou-WenZhaoGuan.xml_12,越思越想好伤惨，,8238347.105682969,0.0
daxp-ChunQiuTing-SuoLinNang.xml_24,分我一枝珊瑚宝，,8309498.658053349,0.0
daxp-ChunQiuTing-SuoLinNang.xml_22,我在不足他正少，,8309498.658053349,0.0
daeh-LiYanFei-DaBaoGuo.xml_5,候幼主成了龙原业归家。,8317319.875954308,0.0
daeh-ZaoBuXing-HeHouMaDian.xml_3,反倒说为嫂我拦阻有差，,8317347.550174131,0.0
sdeh-WenSanNiang-SanNiangJiaoZi.xml_4,背转身来哭嚎啕。,8327253.451842239,0.0
daxp-MengJunZi-ChunQiuPei-2.xml_2,家住在罗郡城魁星楼下，,8372423.549262542,0.0
daxp-FeiShiWo-TaoHuaCun.xml_14,倘若是你响她也响，,8379106.937117675,0.0
lsxp-WoBenShi-KongChengJi-2.xml_2,先帝（呀）爷下南阳（呃）御驾三（呃）请，,8390257.664303068,0.1
lsxp-CiShiJian-HuaiHeYing-1.xml_2,在长安是你夸大话，,8418072.82329884,0.0
daxp-ErTingDe-SuoLinNang.xml_28,麟儿哪有神送到，,8447689.30784309,0.0
lseh-YiLunMing-WenZhaoGuan-1.xml_4,幸遇那东皋公行方便，,8461516.340530764,0.1
daeh-ZuoChunGui-XiShi.xml_0,坐春闺只觉得光明似箭，,8473317.609230734,0.0
dldeh-ShouBiPo-ChunQiuPei.xml_1,受逼迫去捡柴泪如雨下，,8477753.204196976,0.0
daeh-CanQiQi-WuLongZuo.xml_0,惨凄凄唤苍天天不应响，,8500559.119195607,0.0
daxp-ChunQiuTing-SuoLinNang.xml_16,叫梅香你把那好言相告，,8511914.043124506,0.2
daxp-SuSanLi-NvQiJie.xml_4,哪一位去往南京转，,8530696.686023133,0.0
lseh-YiLunMing-ZhuoFangCao-2.xml_3,悔不该随他人到吕家。,8535475.360835329,0.1
lsxp-DaHeYi-SiLangTanMu.xml_12,我母佘氏老太君。,8550657.058220213,0.0
daeh-ZiNaRi-ZhuangYuanMei-2.xml_10,但愿得令公令婆别无意见，,8590055.142602457,0.0
lsxp-DaHeYi-SiLangTanMu.xml_9,家住后山磁州郡，,8599504.14821264,0.0
daxp-ChunQiuTing-SuoLinNang.xml_3,想必是新婚渡鹊桥，,8606406.907781495,0.0
sdeh-WenSanNiang-SanNiangJiaoZi.xml_3,老薛保你不必苦哀告，,8606436.777386429,0.0
sdxp-WoHeNi-SiLangTanMu.xml_10,怎奈我身在番难以过关。,8619973.756371323,0.1
lseh-YiLunMing-ZhuoFangCao-1.xml_15,悔不该弃县今抛却了乌（哇）纱，,8635832.988477878,0.0
lsxp-YiZhuangZhuang-QunYingHui.xml_0,一桩桩一件件倶已办就，,8636290.276468638,0.0
daxp-XiRiLiang-LongFengChengXiang.xml_0,昔日梁鸿配孟光，,8646298.629053202,0.0
lseh-NiangZiBu-SouGuJiuGu.xml_3,三百余口命赴幽冥。,8651640.251601042,0.1
lsxp-TingTaYan-ZhuoFangCao-2.xml_4,马行在来道内我难（呐）以回（呀）马，,8653205.29461632,0.0
lsxp-TingTaYan-ZhuoFangCao-1.xml_4,马行在来道内我难（呐）以回（呀）马，,8653205.29461632,0.0
lsxp-JiangShenEr-SanJiaDian.xml_7,舍不得衙役们众班头。,8660057.747617353,0.0
daeh-ZiNaRi-ZhuangYuanMei-1.xml_6,百姓们闺房乐如花美眷，,8661339.635889897,0.0
daxp-ChunQiuTing-SuoLinNang.xml_9,也有失意痛哭嚎啕，,8684445.337803885,0.0
lsxp-WeiCengKai-QiYuanBao.xml_4,奉母命京城往，,8698372.397320673,0.0
lsxp-CiShiJian-HuaiHeYing-2.xml_2,在长安是你夸大话，,8702991.724766059,0.0
daxp-ErTingDe-SuoLinNang.xml_14,休要噪且站了，,8758498.101271458,0.0
sdxp-SuLongWei-WuJiaPo.xml_4,咬定牙关他就不认承。,8765156.242965547,0.1
lsxp-DaHeYi-SiLangTanMu.xml_3,迈步且把宝帐（呀）进，,8783629.09775675,0.1
lsxp-ZouYingLong-DaYanSong.xml_11,我本当金（哪）殿奏一本怎奈我官卑职小不能够参大臣。,8786057.583567431,0.0
daeh-ZaoBuXing-HeHouMaDian.xml_5,贼好比曹阿瞒半点不差，,8796825.46399024,0.0
daxp-WoZhuYe-SiLangTanMu.xml_2,众卿随忙挂点亲率官员，,8818870.575817894,0.0
daxp-ErTingDe-SuoLinNang.xml_8,怜贫济困是正道，,8832878.334652407,0.0
daeh-ZaoBuXing-HeHouMaDian.xml_2,把一个皇太子逼死殿下，,8838011.438322106,0.1
daxp-FeiShiWo-TaoHuaCun.xml_7,桃花村口莫彷徨。,8839168.771872299,0.0
lsxp-ZouYingLong-DaYanSong.xml_10,他本是我朝中上欺天子下压臣谋朝篡位卖国的奸贼他名叫严嵩，,8839441.04880322,0.1
daxp-WoZhuYe-SiLangTanMu.xml_4,叫番儿忙摆驾银安殿，,8840605.595142579,0.0
sdxp-SuLongWei-WuJiaPo.xml_12,百般调戏也枉然。,8863492.042537967,0.0
sdxp-SuLongWei-WuJiaPo.xml_41,与你娘做一个安家钱。,8940297.456444038,0.0
lseh-JinZhongXiang-ShangTianTai.xml_3,武仗着姚皇兄保定乾坤。,8966209.960240051,0.0
sdxp-SuLongWei-WuJiaPo.xml_26,你我同把相府进，,8968166.257561171,0.2
daeh-SunShangXiang-BieHuangGong.xml_8,恨只恨我兄长把事错办，,8983125.248775233,0.1
lsxp-DaHeYi-SiLangTanMu.xml_23,本帅开言把他问，,8998962.375905205,0.1
daeh-ZiNaRi-ErJinGong.xml_9,想起了老王爷好不惨伤。,9005973.94481795,0.0
lseh-YiLunMing-ZhuoFangCao-1.xml_12,听谯楼打罢了二（喏）更鼓下，,9018245.919282347,0.0
daeh-LiYanFei-ErJinGong.xml_1,想起了朝中事好不惨伤！,9034781.496623078,0.0
lsxp-WoBenShi-KongChengJi-1.xml_8,闲无哇事在敌楼哇我亮（呃）一亮琴哪音，,9044500.065906743,0.0
daxp-FeiShiWo-TaoHuaCun.xml_2,今夜晚非比那西厢待月、你懂提防、莫轻狂，,9058956.154275337,0.1
lsxp-JianMaSu-ZhanMaSu.xml_1,不由老夫咬钢牙，,9061609.785874903,0.0
daxp-LaoDieDie-DaYuShaJia-1.xml_2,将身儿坐至在草堂等候，,9080989.184628889,0.0
sdxp-WoHeNi-SiLangTanMu.xml_7,萧天佐摆天门两国交战，,9093252.820238205,0.1
lsxp-ZuoRiLi-YuanMenZhanZi.xml_5,老娘亲再讲情儿自刎头来。,9119448.500419348,0.0
lsxp-ShenGongWu-LongFengChengXiang.xml_0,深宫无（哇）处不飞花，,9144300.398939105,0.0
daxp-ChunQiuTing-SuoLinNang.xml_1,何处悲声破寂寥。,9206206.29997656,0.0
lseh-YiLunMing-WenZhaoGuan-1.xml_30,朝臣待漏（哇）五更寒，,9239303.229447812,0.0
daxp-FeiShiWo-TaoHuaCun.xml_17,听我的号令上战场。,9258783.309002824,0.1
sdxp-SuLongWei-WuJiaPo.xml_15,这锭银、三两三，,9268458.319525797,0.1
lseh-YangYanZhao-PengBei.xml_1,在中途得一信甚是不明。,9284366.13786107,0.0
daeh-ZaoBuXing-HeHouMaDian.xml_11,两旁的文武臣珠泪如麻，,9294815.664114205,0.0
sdxp-DangNianHan-SanJiZhang.xml_3,小奴才真个不孝顺，,9297150.70967299,0.0
sdxp-SuLongWei-WuJiaPo.xml_13,腰中取出银一锭，,9300866.754067162,0.0
lsxp-ZheYiFeng-DingJunShan.xml_8,三军与（呀）爷归营号，,9307801.925654594,0.1
daeh-LiYanFei-DaBaoGuo.xml_3,各国的众王侯朝贺中华。,9350557.719907556,0.0
daxp-ChunQiuTing-SuoLinNang.xml_2,在隔帘只见这一花轿，,9351469.572083883,0.0
daeh-LiYanFei-ErJinGong.xml_4,有几句话儿我不好言讲，,9371876.14468763,0.0
daeh-LiYanFei-DaBaoGuo.xml_0,李艳妃设早朝龙书案下，,9381835.611908378,0.0
lsxp-YiShiWu-YuCangJian.xml_3,靠山绿（哇）水常在面前。,9383961.725193005,0.0
sdxp-WoHeNi-SiLangTanMu.xml_17,公主叫我盟誓愿，,9397124.999865644,0.0
sdxp-SuLongWei-WuJiaPo.xml_35,打板子、上夹棍、丢南牢、坐监禁、管叫你思前容易退后难。,9402653.993127504,0.1
daeh-TanHongYan-HuoXiaoYu.xml_0,叹红颜薄命前生就，,9415410.48868426,0.0
daxp-LaoDieDie-DaYuShaJia-2.xml_2,将身儿坐至在草堂等候，,9423446.324367402,0.0
daeh-ZiNaRi-ZhuangYuanMei-2.xml_14,愿天下有情人都成姻眷，,9436211.98491795,0.1
sdxp-DangNianHan-SanJiZhang.xml_4,仙女嫁的又是何人？,9448749.384939784,0.1
daeh-ZiNaRi-ZhuangYuanMei-1.xml_0,自那日与六郎姻缘相见，,9452481.309084589,0.1
lsxp-WoBenShi-KongChengJi-2.xml_4,官封到武乡侯（呃）执掌帅印，,9462504.869714597,0.0
lsxp-JiangShenEr-SanJiaDian.xml_1,尊一声过往的宾朋听从头：,9463493.08716341,0.0
lseh-NiangZiBu-SouGuJiuGu.xml_8,你今舍了亲生子，,9469386.843180867,0.0
daxp-MengJunZi-ChunQiuPei-2.xml_4,身有病还受那继母拷打，,9471289.810070666,0.1
lseh-XinZhongYou-WenZhaoGuan.xml_2,背地里只把东皋公怨，,9522948.977188062,0.1
daeh-ZiNaRi-ZhuangYuanMei-2.xml_4,这桩事闷得我柔肠百转，,9531541.421989279,0.0
daxp-ErTingDe-SuoLinNang.xml_9,哪有个袖手旁观在壁上瞧。,9534899.10344551,0.1
lseh-XinZhongYou-WenZhaoGuan.xml_7,你就该把我献与昭关。,9581570.045949621,0.2
daxp-ErDeFu-HongNiGuan.xml_2,奴这里只把那结婚思量，,9582020.630728178,0.2
lsxp-WoZhuYe-ZhuiHanXin.xml_4,先进咸阳为皇上，,9582666.786857199,0.1
lsxp-WoZhuYe-ZhuiHanXin.xml_8,一路上秋毫无犯军威壮，,9587083.714155966,0.1
daeh-ZiNaRi-ZhuangYuanMei-2.xml_6,百姓们闺房乐如花美眷，,9589981.163324933,0.0
lseh-ZiNaRi-HongYangDong.xml_7,去了我左右膀难以飞行。,9599511.790196694,0.0
lseh-YiLunMing-WenZhaoGuan-1.xml_23,你就该把我献与昭关。,9604059.803728186,0.2
sdxp-SuLongWei-WuJiaPo.xml_36,军爷说话理不端，,9613192.822082948,0.0
lseh-YangYanZhao-PengBei.xml_2,迈虎步我且把宝帐来进，,9618882.408624316,0.1
daeh-NuZiYou-TouJunBieYao.xml_0,奴自幼在闺阁娇生惯养，,9629824.92534299,0.0
sdxp-WoHeNi-SiLangTanMu.xml_11,公主虽然不阻拦，,9631861.226800261,0.0
daxp-TingTaYan-ZuoGong.xml_4,我这里走向前再把礼见，,9633790.35849667,0.1
daeh-ZiNaRi-ZhuangYuanMei-2.xml_12,但愿得状元媒月老引线，,9648983.105899587,0.0
daxp-WoHeNi-SangYuanHui.xml_1,谁认你狼心狗肺的人！,9655762.18016263,0.1
daxp-ErTingDe-SuoLinNang.xml_6,梅香说话好颠倒，,9671056.646452812,0.0
daeh-ZaoBuXing-HeHouMaDian.xml_8,只骂得贼昏王装聋作哑，,9693310.19731825,0.0
daxp-ChenSanLiang-ChenSanLiangPaTang.xml_2,我本是被骗进的富春院，,9702425.579344299,0.0
daxp-NiDeFu-FenHeWan.xml_0,你的父去投军无音信，,9713167.089388937,0.0
daeh-WangChunE-SanNiangJiaoZi.xml_0,王春娥坐草堂自思自叹，,9716750.73786229,0.0
lsxp-DaHeYi-SiLangTanMu.xml_21,龙行虎步非凡等，,9737145.441836229,0.0
lsxp-ZheYiFeng-DingJunShan.xml_3,大小儿郎听根苗，,9749992.655586317,0.0
daeh-ZaoBuXing-HeHouMaDian.xml_10,只骂得贼昏王无言对答。,9758699.546415223,0.0
lsxp-DaHeYi-SiLangTanMu.xml_28,原来四哥回宋营。,9784493.340163438,0.0
lsxp-DaHeYi-SiLangTanMu.xml_11,我父令公官极品，,9785525.233106859,0.0
daeh-WangChunE-SanNiangJiaoZi.xml_3,老薛保好一似浪里舟船。,9785768.98840491,0.0
lseh-YiLunMing-ZhuoFangSuDian.xml_3,悔不该随他人到吕家。,9797509.57542355,0.1
lseh-YiLunMing-WenZhaoGuan-1.xml_16,心中有事难合眼，,9810488.617791234,0.0
lsxp-DaHeYi-SiLangTanMu.xml_31,走上前来忙松捆，,9811210.868332036,0.1
lsxp-WoBenShi-KongChengJi-1.xml_0,我本是卧龙岗散淡哪的人，,9825225.964552484,0.1
lseh-ZenNengGou-BaDaChui.xml_2,前也思（喏）后又想无有计定，,9857825.127788698,0.0
daeh-XiaoNuCai-SanNiangJiaoZi.xml_1,闭口无言王春娥。,9873143.801140158,0.0
sdxp-DangNianHan-SanJiZhang.xml_5,我的儿说话言不逊，,9895387.36202155,0.0
daxp-LaoDieDie-SanJiZhang-1.xml_0,老爹爹请息（呀）怒容儿细讲，,9922604.064731799,0.0
daeh-XiaoNuCai-SanNiangJiaoZi.xml_2,哭一声亡故夫在阴曹等我，,9925514.917966587,0.0
daxp-MengJunZi-ChunQiuPei-2.xml_0,蒙君子至诚心再三问话，,9960912.343004586,0.1
lsxp-TingTaYan-ZhuoFangCao-1.xml_3,却原（呐）来贼是个无（哇）义（呀）的冤家！,9964432.084005492,0.0
lsxp-TingTaYan-ZhuoFangCao-2.xml_3,却愿（呐）来贼是个无（哇）义（呀）的冤家！,9964432.084005492,0.0
daxp-TingTaYan-ZuoGong.xml_1,十五载到今日才吐真言。,9964535.429305155,0.0
lseh-XinZhongYou-WenZhaoGuan.xml_11,鸡鸣犬吠五更（呃）天，,9995053.520435361,0.0
sdxp-DangNianHan-SanJiZhang.xml_9,当年韩信与苏秦，,10000785.018774625,0.0
daxp-MuQinBu-FengHuanChao.xml_4,人生不知顾脸面，,10034046.325862894,0.1
lseh-YiLunMing-WenZhaoGuan-1.xml_27,鸡鸣犬吠五更（哪）天，,10041570.418127501,0.0
daxp-ChunQiuTing-SuoLinNang.xml_18,听薛良一语来相告，,10041638.444363415,0.0
daxp-ErTingDe-SuoLinNang.xml_16,听薛良一语来相告，,10046775.480049178,0.0
daeh-WangChunE-SanNiangJiaoZi.xml_4,薛倚儿他好比无弓之箭，,10049447.448943835,0.0
lseh-XiRiLi-BaoLianDeng.xml_3,传口诏命次子即位为君，,10065986.322303751,0.0
lsxp-ShenGongWu-LongFengChengXiang.xml_2,朝欢暮乐无牵挂，,10069218.769396799,0.0
sdxp-SuLongWei-WuJiaPo.xml_27,三人对面（就）说分明。,10102669.99890217,0.2
lseh-YiLunMing-ZhuoFangCao-2.xml_8,一家人倶丧在宝剑之下，,10109039.758779021,0.1
daxp-DiTouLi-NvQiJie.xml_2,未曾开言我心好惨，,10110261.100869149,0.0
lseh-YiLunMing-ZhuoFangCao-2.xml_6,又谁知此贼的疑心太大，,10114973.553805955,0.0
daxp-ChunQiuTing-SuoLinNang.xml_0,春秋亭外风雨暴，,10121922.23474503,0.0
daeh-TanHongYan-HuoXiaoYu.xml_4,枕边泪（呀）共（那）阶前雨，,10123237.290090498,0.1
daeh-SunShangXiang-BieHuangGong.xml_4,与周郎定巧计把皇叔来骗，,10126142.178754322,0.1
lsxp-WoZhuYe-ZhuiHanXin.xml_12,今日里萧何荐良将，,10133294.619702507,0.0
daxp-FeiShiWo-TaoHuaCun.xml_11,是不是有人拍巴掌。,10157004.584452277,0.1
lsxp-QingGongYan-FaDongWu.xml_2,弟兄们创业多艰难，,10175341.801058194,0.0
lsxp-JiangShenEr-SanJiaDian.xml_3,二不是歹人（呐）把城偷。,10175541.55537815,0.2
daeh-ZiNaRi-ErJinGong.xml_0,自那日与徐杨决裂以后，,10186675.26979777,0.1
lsxp-CiShiJian-HuaiHeYing-2.xml_1,胡言乱语怎瞒（呐）咱！,10214581.617233768,0.0
lseh-NiangZiBu-SouGuJiuGu.xml_7,老天爷不绝我的后代根。,10221294.96956622,0.0
daxp-QiaoLouShang-HuangShanLei.xml_11,又思来又想去越不安宁。,10222425.600539124,0.0
daeh-ZiNaRi-ErJinGong.xml_11,想必是徐杨进了昭阳。,10227543.856862837,0.0
daeh-ZiNaRi-ZhuangYuanMei-1.xml_11,但愿得杨六郎心如石坚，,10228764.617813632,0.0
sdxp-WoHeNi-SiLangTanMu.xml_31,一夜之间你怎能回还。,10242804.755598467,0.0
lseh-XinZhongYou-WenZhaoGuan.xml_0,心中有事难合眼，,10258561.233490415,0.0
daeh-ZaoBuXing-HeHouMaDian.xml_4,贼好比王莽贼称孤道寡，,10264637.269117974,0.0
daxp-ChunQiuTing-SuoLinNang.xml_13,同遇人为什么这样嚎啕？,10277639.397907639,0.2
lseh-YiLunMing-WenZhaoGuan-1.xml_6,一连几天我的眉不（哇）展，,10279040.596352952,0.0
daeh-ZaoBuXing-HeHouMaDian.xml_1,贼昏王篡了位谋乱邦家。,10281505.173097523,0.0
daeh-ZaoBuXing-HeHouMaDian.xml_12,搬一把金交椅娘且坐下，,10292256.931787308,0.1
daeh-ZiNaRi-ZhuangYuanMei-1.xml_4,这桩事闷得我柔肠百转，,10304897.690695165,0.0
daeh-ZiNaRi-ZhuangYuanMei-1.xml_1,行不安坐不宁情态缠绵。,10320382.960665254,0.0
daeh-XiaoNuCai-SanNiangJiaoZi.xml_5,叹一声不由人珠泪如梭。,10342822.987971162,0.1
lsxp-ZouYingLong-DaYanSong.xml_12,罢、罢、罢，暂且忍却我的心头恨，,10376649.904680341,0.0
sdxp-SuLongWei-WuJiaPo.xml_5,西凉川四十单八站，,10379065.730436722,0.0
daxp-MengTingDe-MuiGuiYingGuaShuai.xml_7,我一剑能挡百万兵。,10379819.05358624,0.0
daxp-ChunQiuTing-SuoLinNang.xml_31,积德才生玉树苗，,10407962.286211707,0.0
lsxp-ZheYiFeng-DingJunShan.xml_1,天助黄忠成功劳。,10412274.62772335,0.0
sdxp-SuLongWei-WuJiaPo.xml_40,这锭银子奴不要，,10445682.400112053,0.0
sdxp-SuLongWei-WuJiaPo.xml_32,我进相府对父言，,10445682.400112053,0.0
lseh-YangYanZhao-PengBei.xml_3,又只见老爹爹瞌睡沉沉。,10458836.20561945,0.0
daeh-ZuoChunGui-XiShi.xml_1,无限的闲愁恨尽上眉尖。,10483802.670861939,0.1
lseh-NiangZiBu-SouGuJiuGu.xml_9,来年必定降麒麟。,10508687.5191273,0.0
daxp-ChunQiuTing-SuoLinNang.xml_25,安他半世凤凰巢。,10509389.607115675,0.0
daxp-ErTingDe-SuoLinNang.xml_23,安她半世凤凰剿。,10509389.607115675,0.0
sdxp-DangNianHan-SanJiZhang.xml_18,大孝之人也受贫。,10552060.799206495,0.1
lsxp-LiangGuoJiao-ShiJieTing-2.xml_0,两国交锋龙虎斗，,10554097.936372295,0.0
lsxp-LiangGuoJiao-ShiJieTing-2.xml_4,此一番领（呃）兵去镇守，,10554525.465102917,0.0
sdxp-SuLongWei-WuJiaPo.xml_10,管保大嫂就断与咱。,10567995.94377531,0.0
lseh-YiLunMing-WenZhaoGuan-2.xml_6,一连几天我的眉不（呃）展，,10591058.973928595,0.0
lsxp-CiShiJian-HuaiHeYing-2.xml_5,右手再把栾布拉，,10618199.821337797,0.1
daxp-MuQinBu-FengHuanChao.xml_5,活在世上也枉然。,10623984.179686248,0.1
daxp-XiRiLi-LongFengChengXiang.xml_0,昔日里梁鸿配孟光，,10627705.190417388,0.0
lseh-XuMaoGong-QinQiongFaPei.xml_4,是是是（呀）来我明白了，,10629894.403063562,0.0
lseh-YiLunMing-WenZhaoGuan-2.xml_10,我好（呃）比哀哀长空雁，,10644348.735928735,0.0
daxp-ChunQiuTing-SuoLinNang.xml_23,他为饥寒我为娇。,10655415.821842877,0.0
lseh-YiLunMing-ZhuoFangCao-1.xml_6,又谁知此贼的疑心（呐）太（呀）大，,10676811.613427293,0.0
lseh-TanXiongDi-SangYuanJiZi.xml_0,叹兄兀弟遭不幸一旦丧命，,10694175.648926105,0.0
daeh-WangChunE-SanNiangJiaoZi.xml_6,将身儿来至在机房织绢，,10713826.576586118,0.0
daxp-DiTouLi-NvQiJie.xml_4,哪一位去往南京转，,10722410.631633544,0.0
sdxp-SuLongWei-WuJiaPo.xml_30,本利算来有多少，,10752509.146752737,0.0
lseh-YiLunMing-WenZhaoGuan-1.xml_19,叫人难解巧机关，,10756149.19280995,0.2
lseh-ZiNaRi-HongYangDong.xml_2,我前番命孟良骸骨搬（呐）请，,10757357.087164778,0.0
daxp-MengJunZi-ChunQiuPei-1.xml_2,家住在罗郡城魁星楼下，,10785236.655017544,0.0
lseh-YiLunMing-ZhuoFangCao-1.xml_25,险些儿把事（喏）又（哇）作差。,10796577.013453014,0.1
lsxp-WoBenShi-KongChengJi-2.xml_0,我本是卧龙岗散淡（呐）的人，,10818696.411225919,0.1
daeh-ZaoBuXing-HeHouMaDian.xml_6,贼好比秦赵高指鹿为马，,10819226.090696413,0.0
lseh-YiLunMing-WenZhaoGuan-1.xml_10,我好（哇）比哀哀长空雁，,10828661.236041376,0.0
lsxp-WoBenShi-KongChengJi-1.xml_4,官封到武乡侯哇执掌帅印，,10828959.739405157,0.0
daxp-XiShiNv-XiShi.xml_0,西施女生长在苎萝村里，,10829824.318459295,0.0
lsxp-YiShiWu-YuCangJian.xml_8,实指（喏）望到吴国借兵（呐）转，,10832521.147975286,0.0
lsxp-LiangGuoJiao-ShiJieTing-2.xml_2,管带三（呐）军要宽厚，,10863983.83397859,0.1
daxp-QiaoLouShang-HuangShanLei.xml_8,听画鼓报四更愈添凄冷，,10889428.733227788,0.0
daeh-SunShangXiang-BieHuangGong.xml_5,又谁知弄假成真反配凤鸾。,10895632.615438152,0.0
lseh-XinZhongYou-WenZhaoGuan.xml_14,朝臣待漏五更寒。,10899849.700487854,0.0
lsxp-DaHeYi-SiLangTanMu.xml_20,见一番汉帐中行。,10930274.167220421,0.0
daxp-DangRiLi-SuoLinNang.xml_16,有金珠和珍宝光华灿烂，,10931191.17453209,0.0
lsxp-DaHeYi-SiLangTanMu.xml_7,将身站在了阶前等，,11020334.417414408,0.0
lsxp-ZiCongQian-ZhuLianZhai.xml_5,望千岁恕学生礼貌不周。,11022188.223011376,0.0
daeh-ZiNaRi-ZhuangYuanMei-1.xml_9,宋天子主婚姻此事成全。,11023596.14447995,0.0
sdxp-SuLongWei-WuJiaPo.xml_6,为军的要人我是不要钱。,11042263.049821366,0.1
lseh-ZiNaRi-HongYangDong.xml_3,那乃是萧天佐以（呀）假成真；,11057342.477512859,0.1
daeh-NaRiFeng-YuanXiaoMi.xml_1,死里逃生甚惨凄。,11057830.788673133,0.0
lsxp-DaHeYi-SiLangTanMu.xml_17,弟兄对坐叙寒温。,11107887.375844546,0.0
daxp-QiaoLouShang-HuangShanLei.xml_14,我不免唤琏儿到街前探问，,11117510.21419197,0.0
daxp-FeiShiWo-TaoHuaCun.xml_4,已然错请生波浪，,11151874.927000761,0.0
daxp-MengTingDe-MuiGuiYingGuaShuai.xml_3,敌血飞溅石榴裙。,11177636.756543016,0.0
daxp-ErTingDe-SuoLinNang.xml_1,同遇人为什么这样嚎啕。,11189372.133477546,0.2
sdxp-WoHeNi-SiLangTanMu.xml_2,贤公主又何必过于谦言。,11191996.451491136,0.0
lsxp-CiShiJian-HuaiHeYing-2.xml_4,左手拉住了李左车，,11196627.811647816,0.0
lseh-YangYanZhao-PengBei.xml_0,杨延昭奉父命巡查大营，,11209805.696562704,0.0
lseh-XinZhongYou-WenZhaoGuan.xml_3,叫人难解巧机关。,11226094.296894535,0.2
daxp-DangRiLi-SuoLinNang.xml_8,轿中人必定有一腔幽怨，,11241826.312576389,0.1
daxp-WoZhuYe-SiLangTanMu.xml_0,我主爷金沙滩早把命丧，,11256919.40963667,0.1
daeh-LiYanFei-DaBaoGuo.xml_4,将江山让太师权且代贺，,11296949.148234993,0.0
lsxp-DaHeYi-SiLangTanMu.xml_27,听罢言来才知情，,11349203.455054864,0.0
daxp-LaoDieDie-SanJiZhang-2.xml_3,这样人得了志比父还强。,11352689.106178787,0.1
lseh-NiangZiBu-SouGuJiuGu.xml_6,舍子搭救忠（呃）良的后，,11360638.428791469,0.0
daeh-ZiNaRi-ZhuangYuanMei-2.xml_11,但愿得杨六郎心如石坚。,11401850.96131984,0.0
lseh-XiRiLi-BaoLianDeng.xml_13,二娇儿也难比那两个贤人。,11429438.535566423,0.2
lsxp-YiShiWu-YuCangJian.xml_1,叹光明一去不回还（呐）；,11444519.202391028,0.0
daxp-SuSanLi-NvQiJie.xml_7,来生变犬马我当报还！,11446306.924480688,0.0
lsxp-ZiGuDao-HuangHeLou.xml_2,曾记得当年赴河梁，,11447696.68257135,0.0
sdxp-WoHeNi-SiLangTanMu.xml_24,因何故终日里愁眉不展，,11459686.942761932,0.0
daxp-ChunQiuTing-SuoLinNang.xml_4,吉日良辰当欢笑，,11463038.566034293,0.0
lsxp-ZiCongQian-ZhuLianZhai.xml_4,山高路远少来问候，,11486679.083270488,0.0
daxp-XiRiLi-LongFengChengXiang.xml_4,月老本是乔国丈，,11499596.298264269,0.0
sdxp-WoHeNi-SiLangTanMu.xml_19,我若探母不回转，,11503445.088171016,0.0
daxp-ChunQiuTing-SuoLinNang.xml_5,为何鲛珠化泪抛？,11519255.123201864,0.0
daeh-WangChunE-SanNiangJiaoZi.xml_5,每日里在书房苦读圣贤。,11536052.526364751,0.0
daxp-ChunQiuTing-SuoLinNang.xml_19,满腹骄矜顿雪潇，,11537047.974065335,0.0
daxp-QiaoLouShang-HuangShanLei.xml_0,谯楼上二更鼓声声送听，,11547326.83500305,0.1
lsxp-WoBenShi-KongChengJi-1.xml_9,我面前缺少个知呃音的人。,11603077.379191376,0.1
daxp-ErTingDe-SuoLinNang.xml_26,这都是神话凭空造，,11610768.233326549,0.0
daeh-WuDuanQiao-BiYuZan.xml_6,一心早想寻短见，,11632719.597906023,0.0
lsxp-LiangGuoJiao-ShiJieTing-2.xml_5,靠山近水把管收。,11660990.949918577,0.1
sdxp-SuLongWei-WuJiaPo.xml_42,买绫罗、做衣衫、买白纸、糊白幡、打首饰、做妆奁，,11673722.390116815,0.0
daxp-ErDeFu-HongNiGuan.xml_0,儿的父为国家阵前命丧，,11699663.848310148,0.0
lseh-NiangZiBu-SouGuJiuGu.xml_11,不舍娇儿难救孤身。,11711015.639573708,0.0
lsxp-ZiGuDao-HuangHeLou.xml_4,今日主公把宴上，,11713495.37118423,0.2
daeh-NaRiFeng-YuanXiaoMi.xml_7,不如早死命归西。,11720593.589982022,0.0
lseh-WeiKaiYan-RangXuZhou.xml_0,未开言不由人（呐）珠泪滚滚，,11730720.030024773,0.1
daeh-ZaoBuXing-HeHouMaDian.xml_9,只骂得贼昏王扭转身驱、闭目合晴、羞羞惭惭一语不发，,11736509.173114175,0.0
daeh-NuZiYou-TouJunBieYao.xml_2,但愿得去投军功名有望，,11743697.46724579,0.0
sdeh-WenSanNiang-SanNiangJiaoZi.xml_1,问三娘发雷霆却是为何？,11753301.089796964,0.1
daxp-DiTouLi-NvQiJie.xml_1,将身来在大街前。,11754769.14729565,0.0
daxp-LaoDieDie-DaYuShaJia-1.xml_3,等候了爹爹回细问根由。,11768425.841227664,0.0
daeh-SunShangXiang-BieHuangGong.xml_2,遭不幸父王爷把驾来晏，,11780063.614238242,0.1
daxp-ErDeFu-HongNiGuan.xml_5,不想到狠心郎一味猖狂。,11793385.957275636,0.0
lsxp-DaHeYi-SiLangTanMu.xml_15,六弟下位把兄认，,11802474.114388367,0.1
lseh-YiLunMing-ZhuoFangCao-1.xml_22,虎在笼中我不打，,11809429.947489968,0.0
lsxp-ZuoRiLi-YuanMenZhanZi.xml_1,老娘亲为什么不讲情来？,11867024.321532141,0.0
lsxp-ZheYiFeng-DingJunShan.xml_4,头通（呃）鼓紧战袍，,11879099.128847783,0.0
lseh-WeiGuoJia-HongYangDong-1.xml_0,为国家那何曾半日闲空，,11902331.692365814,0.1
lseh-YiLunMing-ZhuoFangCao-2.xml_4,吕伯奢可算得义气大，,11903737.962625146,0.0
sdxp-WoHeNi-SiLangTanMu.xml_6,有一桩心腹事不敢明言。,11937536.486915817,0.0
daxp-DangRiLi-SuoLinNang.xml_0,当日里好风光忽觉转变，,11947473.73313735,0.0
daxp-FeiShiWo-TaoHuaCun.xml_16,你把我当做诸葛亮，,11956231.12070092,0.1
daxp-MengTingDe-MuiGuiYingGuaShuai.xml_5,寸土怎能够属于他人。,11958690.638464952,0.1
daxp-MengJunZi-ChunQiuPei-1.xml_3,我的父名姜绍贸易天涯。,11975303.393355615,0.0
lseh-NiangZiBu-SouGuJiuGu.xml_4,我与那公孙杵臼把计定，,11981698.415796803,0.2
daxp-MengTingDe-MuiGuiYingGuaShuai.xml_4,有生之日责当尽，,11990048.070773853,0.0
lseh-LaoZhangBu-WuPenJi.xml_3,我本屈死一鬼魂。,11999115.23793472,0.1
daeh-ZuoRiGong-TaiZhenWaiChuan.xml_0,昨日宫中何等宠幸，,12014079.094813501,0.0
daeh-ZaoBuXing-HeHouMaDian.xml_7,贼好比那司马师搅乱中华。,12016060.581625313,0.1
daeh-ZiNaRi-ErJinGong.xml_5,竟把我孤儿寡母当做了马牛。,12020157.043095555,0.1
lseh-TuZeiZuo-SouGuJiuGu.xml_2,眼见得忠良无救应，,12026167.236065658,0.0
lsxp-JiangShenEr-SanJiaDian.xml_8,实难舍街坊四邻与我的好朋友，,12031847.220157064,0.0
daxp-ChunQiuTing-SuoLinNang.xml_11,必有隐情在心潮。,12044785.705895351,0.0
daxp-DuiLingHua-BiYuZan.xml_0,对菱花暗地里芳心自转，,12080332.284596894,0.0
daxp-DiTouLi-NvQiJie.xml_3,过往的君子听我言。,12120543.521076562,0.0
daxp-DangRiLi-SuoLinNang.xml_18,还有那夜明珠粒粒成串，,12122287.083166063,0.1
lseh-XiRiLi-BaoLianDeng.xml_15,打死个秦官保父不能担承。,12147591.207879182,0.0
daxp-LaoDieDie-SanJiZhang-2.xml_2,父道那薛平贵是那化郎模样，,12184765.15428005,0.1
sdxp-WoHeNi-SiLangTanMu.xml_13,公主赠我的金鈚箭，,12200207.939151105,0.0
lseh-YiLunMing-ZhuoFangCao-1.xml_3,悔不该随他人到吕家，,12247166.55574856,0.1
lseh-XinZhongYou-WenZhaoGuan.xml_1,翻来复去睡不安。,12248467.664551508,0.0
lseh-YiLunMing-ZhuoFangCao-1.xml_8,一家人倶丧在宝剑之（喏）下，,12257853.823729958,0.1
lsxp-LiangGuoJiao-ShiJieTing-1.xml_5,靠山近水把营收。,12268173.39667761,0.1
sdxp-WoHeNi-SiLangTanMu.xml_30,宋营离此路途远，,12284549.60141932,0.0
lsxp-DaHeYi-SiLangTanMu.xml_1,大喝一声（哪）如雷震，,12287235.417675514,0.0
daeh-CanQiQi-WuLongZuo.xml_2,千金休哪曾受磨房景况，,12294298.514122361,0.0
sdxp-SuLongWei-WuJiaPo.xml_9,衙里衙外我打点，,12297050.70376738,0.0
lseh-TuZeiZuo-SouGuJiuGu.xml_0,屠贼做事心太狠，,12303487.731379867,0.0
daxp-ChunQiuTing-SuoLinNang.xml_10,轿内的人儿弹别调，,12307609.362722255,0.1
daeh-LiYanFei-DaBaoGuo.xml_9,压定了文武臣均要画押。,12334719.19984193,0.0
lseh-XiRiLi-BaoLianDeng.xml_0,昔日里有一个孤竹君，,12348565.198076108,0.0
lsxp-WeiCengKai-QiYuanBao.xml_8,赵大夫妻图财害命害我一命亡，,12349848.00568569,0.0
lseh-YiLunMing-ZhuoFangCao-1.xml_13,越思越想把事来作差。,12359504.301805576,0.1
daeh-ZiNaRi-ErJinGong.xml_1,独坐在寒宫院闷闷悠悠。,12360584.398522532,0.0
lseh-ZiNaRi-HongYangDong.xml_6,老军报他二人在洪洋（呃）洞丧（呃）命，,12361972.318397686,0.1
sdxp-SuLongWei-WuJiaPo.xml_2,王丞相是我的主婚人（哪）。,12364801.450342758,0.1
daxp-ErTingDe-SuoLinNang.xml_29,积德才生玉树苗。,12384718.549718823,0.0
daxp-MengJunZi-ChunQiuPei-1.xml_0,蒙君子至殷勤再三问话，,12389630.461145598,0.1
lseh-WeiKaiYan-RangXuZhou.xml_4,望使君放开怀慨然（呐）应（呐）允，,12399471.823313337,0.0
daxp-DangRiLi-SuoLinNang.xml_1,霎时间日色淡似坠西山。,12404079.480370075,0.0
daxp-LaoDieDie-DaYuShaJia-1.xml_1,到叫我桂英儿挂在心头；,12420606.953063263,0.0
lsxp-JiangShenEr-SanJiaDian.xml_5,因此上发配到登州。,12434318.556691641,0.1
sdeh-WenSanNiang-SanNiangJiaoZi.xml_6,又谁知平白的闪跌一跤。,12445003.74423257,0.0
lsxp-HenPingWang-WenZhaoGuan.xml_0,恨平王无道乱楚宫（兀），,12450507.442086386,0.0
daeh-ZiNaRi-ZhuangYuanMei-1.xml_14,愿天下有情人都成姻眷，,12466864.03828559,0.1
sdxp-SuLongWei-WuJiaPo.xml_17,买绫罗与绸缎、打首饰和簪环，,12477453.68829002,0.0
daxp-ErTingDe-SuoLinNang.xml_12,你不该人前逞骄傲，,12477471.267248487,0.1
lsxp-WeiCengKai-QiYuanBao.xml_9,望求太爷与我作主张（啊）。,12485276.571957111,0.0
daxp-ErTingDe-SuoLinNang.xml_17,满腹骄矜顿雪潇。,12489551.405805904,0.0
daxp-ErTingDe-SuoLinNang.xml_7,不该人前乱解嘲。,12489551.405805904,0.1
daxp-XiRiLiang-LongFengChengXiang.xml_2,暗地堪笑我兄长，,12494307.333093992,0.0
sdxp-WoHeNi-SiLangTanMu.xml_27,你要见高堂母我不阻拦。,12519036.0975688,0.0
daxp-ChenSanLiang-ChenSanLiangPaTang.xml_0,陈三两在大堂把话云，,12529098.344473386,0.2
lseh-XinZhongYou-WenZhaoGuan.xml_16,我冷冷清清向谁言（呃）。,12535717.156510143,0.0
lseh-LaoZhangBu-WuPenJi.xml_2,休把我当作了妖魔论，,12537799.706043484,0.1
daxp-ErTingDe-SuoLinNang.xml_11,难免怀疑在心梢。,12544943.46447832,0.0
daeh-NuZiYou-TouJunBieYao.xml_1,为薛郎我父女断绝情长。,12545255.208762307,0.0
daeh-WangChunE-SanNiangJiaoZi.xml_1,想起了我老爷好不惨然。,12558803.95236326,0.0
lseh-WeiGuoJia-HongYangDong-2.xml_0,为国家哪何曾半日闲空，,12562202.62767123,0.0
daeh-LiYanFei-ErJinGong.xml_3,想必是徐杨将进了昭阳。,12576009.78835226,0.0
daxp-LaoDieDie-DaYuShaJia-1.xml_0,老爹爹清晨起前去出前，,12581959.320637492,0.0
lsxp-ZiGuDao-HuangHeLou.xml_1,主公不必加愁肠。,12589118.599581454,0.0
daeh-ZaoBuXing-HeHouMaDian.xml_13,你叔王不让位再去骂他。,12594437.563625148,0.0
lseh-XiRiLi-BaoLianDeng.xml_5,那伯夷尊父命也不能应承，,12602870.820584046,0.1
lseh-JinZhongXiang-ShangTianTai.xml_1,寡人喜的是五谷丰登。,12629047.506365042,0.1
daxp-DangRiLi-SuoLinNang.xml_5,隔帘儿我也曾侧目偷观。,12635312.739739649,0.0
sdxp-WoHeNi-SiLangTanMu.xml_32,适才叫咱盟誓愿，,12643095.231258212,0.0
daxp-LaoDieDie-YuZhouFeng.xml_2,倘若是有道君皇恩浩荡，,12669496.435321322,0.0
daxp-ErTingDe-SuoLinNang.xml_21,她为饥寒我为骄。,12700691.62330622,0.0
lsxp-WoZhuYe-ZhuiHanXin.xml_15,扬尘舞蹈见大王。,12707808.924308604,0.0
lseh-NiangZiBu-SouGuJiuGu.xml_2,赵屠二家有仇恨，,12807137.341403563,0.0
lsxp-DaHeYi-SiLangTanMu.xml_29,众将与爷忙掩（哪）门，,12855625.856854673,0.1
daeh-ZiNaRi-ErJinGong.xml_2,先王爷晏驾后太子年幼，,12872382.161004389,0.0
daxp-DuiLingHua-BiYuZan.xml_2,果然是成佳偶两心欢恋，,12880996.133326342,0.0
daxp-DangRiLi-SuoLinNang.xml_15,囊虽小却能做续命泉源。,12887957.05834672,0.0
lsxp-LiangGuoJiao-ShiJieTing-1.xml_4,此一番领兵去镇守，,12906025.038195394,0.0
sdxp-WoHeNi-SiLangTanMu.xml_15,宋营（哪）虽然路途远，,12934027.223773886,0.0
lseh-XuMaoGong-QinQiongFaPei.xml_0,徐茂公阴阳多奥妙，,12957242.742852854,0.0
daeh-ZiNaRi-ErJinGong.xml_10,耳边厢又听得朝靴响亮，,12965605.978920579,0.0
lseh-YiLunMing-WenZhaoGuan-2.xml_15,今夜晚怎能够盼到明天。,12989020.276103891,0.0
daxp-LaoDieDie-DaYuShaJia-2.xml_0,老爹爹清晨起前去出首，,12991203.19105997,0.0
daxp-XiRiLi-LongFengChengXiang.xml_5,纵有大事料无妨。,12993882.954691788,0.0
lseh-YiLunMing-WenZhaoGuan-1.xml_32,我冷冷清清向谁言（哪）。,13004645.280461706,0.0
lsxp-LiangGuoJiao-ShiJieTing-1.xml_2,管待三（哪）军要宽厚，,13012540.11963191,0.1
daxp-DangRiLi-SuoLinNang.xml_9,她泪自弹、声续断、似杜鹃、啼别院、巴峡哀猿动人心弦，好不惨然。,13029107.80265004,0.1
lseh-YiLunMing-ZhuoFangSuDian.xml_6,又谁知此贼的疑心（呐）太（呀）大，,13041182.688283382,0.0
lseh-YiLunMing-ZhuoFangCao-1.xml_5,杀猪（喏）沽（哇）酒款待于他，,13069753.164514905,0.0
daxp-SuSanLi-NvQiJie.xml_0,苏三离了洪洞县，,13077715.695889436,0.1
sdxp-DangNianHan-SanJiZhang.xml_17,仙女配的是董永，,13077715.695889436,0.0
sdxp-SuLongWei-WuJiaPo.xml_21,为军起下不良的意呀，,13087119.273814563,0.0
daeh-TanHongYan-HuoXiaoYu.xml_2,薄幸冤家音信无有，,13088215.075405523,0.0
lsxp-ZouYingLong-DaYanSong.xml_2,那一日打从大街进，,13111047.246157028,0.1
lsxp-ZouYingLong-DaYanSong.xml_1,在朝房来了我这保国忠。,13132465.354458053,0.0
lsxp-ZheYiFeng-DingJunShan.xml_9,到明天午时三刻要成功劳。,13160158.78017011,0.1
lsxp-WeiCengKai-QiYuanBao.xml_6,行至在中途把雨降，,13163539.33295161,0.1
daeh-NaRiFeng-YuanXiaoMi.xml_6,我今绝少人生趣，,13165355.004354412,0.1
lseh-YiLunMing-WenZhaoGuan-1.xml_25,不能（哪）哎见爹娘（兀）！,13167985.548046721,0.0
lsxp-DaHeYi-SiLangTanMu.xml_24,你是番邦什么人？,13198625.361614957,0.1
lsxp-WoBenShi-KongChengJi-1.xml_1,论阴阳如反掌保定乾坤。,13210201.226491554,0.0
daeh-NaRiFeng-YuanXiaoMi.xml_0,那日风波平地起，,13255125.510989297,0.1
daeh-LiYanFei-ErJinGong.xml_5,我只得怀抱太子两泪汪汪口口声声哭的是先王。,13270509.749537112,0.0
daeh-ZiNaRi-ErJinGong.xml_8,李艳妃坐昭阳自思自想，,13294962.287737105,0.0
lsxp-JiangShenEr-SanJiaDian.xml_4,杨林与我来争斗，,13299903.596187886,0.0
daxp-ErDeFu-HongNiGuan.xml_7,又恐怕众将官说短论长。,13325984.18337448,0.0
sdxp-WoHeNi-SiLangTanMu.xml_9,我有心回宋营见母一面，,13377661.35452647,0.0
lseh-ZiNaRi-HongYangDong.xml_1,三更时梦（呃）见（呐）了年迈爹尊（呐）。,13422352.477436773,0.1
daeh-ZiNaRi-ZhuangYuanMei-2.xml_9,宋天子主婚姻此事成全。,13423382.395165937,0.0
lseh-XiRiLi-BaoLianDeng.xml_6,弟让兄来兄不能应（呐）允，,13431223.069566637,0.0
daxp-DangRiLi-SuoLinNang.xml_17,红珊瑚碧翡翠样样倶全。,13464736.291478066,0.0
lseh-XuMaoGong-QinQiongFaPei.xml_1,文韬武略智谋高。,13477727.335468829,0.0
daxp-QiaoLouShang-HuangShanLei.xml_10,我不免引寒机伴奴坐等，,13493823.438158082,0.0
lseh-XiRiLi-BaoLianDeng.xml_12,为父的怎比得孤竹君，,13517198.170203993,0.0
lseh-YiLunMing-WenZhaoGuan-1.xml_35,父母的冤仇化尘烟，,13527631.55063843,0.0
lseh-YiLunMing-WenZhaoGuan-1.xml_15,今夜晚怎能够盼到明天。,13572628.130785674,0.0
lsxp-YiShiWu-YuCangJian.xml_6,他害我满门（呐）真悲惨，,13573706.028024515,0.1
daxp-TingTaYan-ZuoGong.xml_2,原来是杨家将把名姓改换，,13575974.373195343,0.1
daeh-ZiNaRi-ErJinGong.xml_3,太师爷一心心想篡龙楼。,13603562.18892509,0.0
daxp-DangRiLi-SuoLinNang.xml_6,虽然是古青庐以朴为俭，,13606378.84265916,0.0
lseh-YiLunMing-WenZhaoGuan-1.xml_37,我不杀平王我的心怎甘（哪）。,13676781.972495949,0.0
daeh-SunShangXiang-BieHuangGong.xml_7,阿斗儿行中途被子龙追还。,13684874.146503402,0.0
daxp-FeiShiWo-TaoHuaCun.xml_10,不但要仔细听、还要仔细想，,13699452.661591044,0.0
daeh-CanQiQi-WuLongZuo.xml_1,叹红颜多薄命父母双亡。,13704921.71994862,0.0
daeh-LiYanFei-ErJinGong.xml_2,耳边厢又听得朝靴响亮，,13713037.85138758,0.0
daeh-ZiNaRi-ZhuangYuanMei-2.xml_5,不知道他与我是否一般。,13720830.399834868,0.0
daxp-NiDeFu-FenHeWan.xml_1,全仗你打雁养娘亲，,13721401.362682223,0.0
lsxp-LiangGuoJiao-ShiJieTing-2.xml_3,赏罚中公（呃）平莫要自由。,13734318.983269753,0.0
lseh-YiLunMing-WenZhaoGuan-1.xml_17,翻来覆去睡不（哇）安。,13738144.6914036,0.0
daxp-MengTingDe-MuiGuiYingGuaShuai.xml_1,唤起我破天门状志凌云。,13741021.507460598,0.1
daeh-ZiNaRi-ZhuangYuanMei-2.xml_15,愿邦家从此后国泰民安。,13751050.575999511,0.0
lsxp-ZheYiFeng-DingJunShan.xml_5,三通鼓刀出鞘四通（呃）鼓把兵交。,13757122.378474861,0.2
lseh-LaoZhangBu-WuPenJi.xml_0,老丈不（哇）必胆怕惊，,13760470.130476,0.0
daeh-WuDuanQiao-BiYuZan.xml_1,薄命自伤怨红颜。,13760980.114587193,0.0
sdxp-SuLongWei-WuJiaPo.xml_20,为何来在大道边。,13793822.243053304,0.0
daeh-LiYanFei-ErJinGong.xml_0,李艳妃坐昭阳自思自想，,13799498.421720782,0.0
daxp-DangRiLi-SuoLinNang.xml_11,为什么悲切切哭得可怜。,13808712.215117013,0.0
lseh-WeiGuoJia-HongYangDong-3.xml_0,为国家哪何曾半日闲空，,13815888.376712434,0.0
daxp-MuQinBu-FengHuanChao.xml_1,女儿言来听根源。,13825910.283549245,0.0
lsxp-QingGongYan-FaDongWu.xml_3,又谁知中途两离分。,13829080.573629633,0.0
sdxp-WoHeNi-SiLangTanMu.xml_26,你那里休得要巧言舌辨，,13831761.39043551,0.1
lseh-YiLunMing-ZhuoFangCao-1.xml_21,贼好比猛虎未（呀）曾长牙，,13849220.665516697,0.0
dldeh-ShouBiPo-ChunQiuPei.xml_6,你继母心毒狠将你打骂，,13886191.308002813,0.0
dldeh-ShouBiPo-ChunQiuPei.xml_7,全（呐）不顾你身有病气力不佳。,13897235.490492927,0.0
lseh-YiLunMing-ZhuoFangCao-1.xml_16,我只说贼是个宽宏量大，,13898585.455485448,0.0
daxp-ErTingDe-SuoLinNang.xml_27,自把珠玉夸富豪。,13930389.260358457,0.1
lseh-YiLunMing-ZhuoFangSuDian.xml_0,一轮明月照窗下，,13947439.611568147,0.0
daeh-ZuoChunGui-XiShi.xml_2,奴这里心中痛玉颜清减，,13947690.111230629,0.0
lseh-WeiGuoJia-HongYangDong-2.xml_3,身不爽不由人瞌睡朦胧（呃）（哪）。,13947894.049979212,0.1
daeh-NaRiFeng-YuanXiaoMi.xml_3,我与母亲两分离。,13954881.901820512,0.0
daeh-ZiNaRi-ZhuangYuanMei-1.xml_15,愿天下从此后国泰民安。,13968426.22436429,0.0
daeh-NaRiFeng-YuanXiaoMi.xml_5,那厢流泪这厢啼。,13991282.33057862,0.1
lsxp-DaHeYi-SiLangTanMu.xml_25,家住哪州并哪郡？,14023820.942022748,0.0
daxp-LaoDieDie-YuZhouFeng.xml_4,老爹爹在朝中官高爵显，,14035263.845328363,0.0
dldeh-ShouBiPo-ChunQiuPei.xml_2,病恹恹身无力难以挣扎。,14046447.781111106,0.0
lsxp-ZiCongQian-ZhuLianZhai.xml_1,满朝中文武臣泪双流。,14123299.481338317,0.0
daxp-MengJunZi-ChunQiuPei-1.xml_5,莫奈何到荒郊我就来捡芦花。,14143030.9730662,0.0
daxp-ChunQiuTing-SuoLinNang.xml_28,这都是神话凭空造，,14149270.096817303,0.0
lsxp-JiangShenEr-SanJiaDian.xml_15,叫一声解差把店役。,14165031.465494286,0.1
lseh-XiRiLi-BaoLianDeng.xml_4,那叔齐分长幼不能担任，,14169620.264608929,0.1
lsxp-JiangShenEr-SanJiaDian.xml_12,儿想娘亲难叩首，,14177669.268850688,0.0
daeh-SunShangXiang-BieHuangGong.xml_6,回荆州未三载诓我回转，,14191501.386794817,0.1
daxp-FeiShiWo-TaoHuaCun.xml_8,你不要高声不要嚷，,14203050.045039842,0.0
lseh-YiLunMing-WenZhaoGuan-1.xml_36,对天发不宏誓愿，,14226312.01732708,0.0
sdxp-DangNianHan-SanJiZhang.xml_21,不能、不能、是万不能！,14324198.236627439,0.0
daxp-SuSanLi-NvQiJie.xml_1,将身来在大街前。,14328734.155073833,0.0
lseh-ZiNaRi-HongYangDong.xml_4,二次（喏）里命孟良番营来进，,14345204.517705679,0.0
lseh-XiRiLi-BaoLianDeng.xml_10,首阳山前冻饿死（喏）。,14359502.909088774,0.0
sdxp-SuLongWei-WuJiaPo.xml_24,提起了旁人我不晓，,14359872.224921923,0.1
daeh-ZaoBuXing-HeHouMaDian.xml_0,遭不幸老王爷晏了御驾，,14395823.923198493,0.0
daxp-FeiShiWo-TaoHuaCun.xml_3,关系你患难鸳鸯永宿在池塘。,14411071.70398147,0.1
sdxp-WoHeNi-SiLangTanMu.xml_8,我的娘押粮草来到北番。,14415923.885678003,0.0
daxp-ChunQiuTing-SuoLinNang.xml_29,自把珠玉夸富豪，,14436481.044037504,0.1
daeh-SunShangXiang-BieHuangGong.xml_1,想起了已往事心内痛酸。,14448464.896857636,0.0
daxp-MuQinBu-FengHuanChao.xml_3,女儿清白最为先。,14470476.401409091,0.0
lseh-XinZhongYou-WenZhaoGuan.xml_20,对天发下宏誓愿，,14543019.546753723,0.0
daeh-NuZiYou-TouJunBieYao.xml_3,也不枉我二人苦度时光。,14550862.225529239,0.1
daxp-LaoDieDie-SanJiZhang-2.xml_0,老爹爹请息怒容儿细讲，,14558201.35694676,0.0
daxp-ErDeFu-HongNiGuan.xml_4,清早起我和他一度商量，,14624508.888581157,0.0
lseh-XinZhongYou-WenZhaoGuan.xml_19,父母的冤仇化尘烟，,14673865.63225368,0.0
sdxp-DangNianHan-SanJiZhang.xml_10,都是安邦定国臣，,14695869.096299268,0.0
lseh-YiLunMing-ZhuoFangCao-1.xml_9,年迈的老丈命（呐）染黄沙。,14705643.909963306,0.0
sdxp-SuLongWei-WuJiaPo.xml_22,一马双跨到西凉。,14745090.693361761,0.0
lseh-NiangZiBu-SouGuJiuGu.xml_13,哀求娘子（喏）舍亲（呐）生。,14812837.132665139,0.0
lseh-YiLunMing-ZhuoFangSuDian.xml_5,杀猪（喏）沽酒款待与他，,14822274.636327371,0.0
daeh-ZiNaRi-ZhuangYuanMei-1.xml_5,不知道他与我是否一般。,14827595.213308163,0.0
daxp-DangRiLi-SuoLinNang.xml_12,那时节奴妆奁不下百万，,14830317.89584589,0.1
lsxp-WoZhuYe-ZhuiHanXin.xml_9,我也曾约法定过三章。,14831083.32691583,0.1
daxp-ChenSanLiang-ChenSanLiangPaTang.xml_5,最可恨鸨儿叫我接客人。,14836606.80380004,0.1
lsxp-LiangGuoJiao-ShiJieTing-1.xml_0,两国交（哇）锋龙虎斗，,14839900.859453646,0.0
daxp-MengJunZi-ChunQiuPei-2.xml_1,虽然是不相识我就不得不答。,14846514.415240288,0.0
sdxp-SuLongWei-WuJiaPo.xml_31,命人送到（那）西凉川。,14854357.821878951,0.2
daxp-FeiShiWo-TaoHuaCun.xml_0,非是我嘱咐叮咛把话讲，,14873811.20703409,0.1
sdxp-SuLongWei-WuJiaPo.xml_16,送与大嫂把家安。,14883497.917747734,0.1
lseh-ZiNaRi-HongYangDong.xml_8,为此事终（啊）日里忧成疾病，,14897541.01902704,0.0
lseh-YiLunMing-ZhuoFangSuDian.xml_9,年迈的老丈命（呐）染黄沙。,14917366.186919475,0.0
lsxp-WoZhuYe-ZhuiHanXin.xml_5,后进咸阳扶保在朝纲。,14933472.270225562,0.0
lseh-YiLunMing-WenZhaoGuan-1.xml_34,寻短（哪）哎见爹娘（兀）！,14962929.945877792,0.0
lsxp-ZiCongQian-ZhuLianZhai.xml_0,自从千岁离朝后，,14996300.411223145,0.0
lsxp-JiangShenEr-SanJiaDian.xml_0,将身儿来至在大街口，,15042257.612460844,0.0
lsxp-ZouYingLong-DaYanSong.xml_13,在品级台（呀）前臣见君。,15059564.85282293,0.0
daxp-LaoDieDie-SanJiZhang-1.xml_3,贫穷人得了志比富还强。,15066973.82272639,0.1
daxp-ChunQiuTing-SuoLinNang.xml_32,小小囊儿何足道，,15106534.024666145,0.0
daxp-TingTaYan-ZuoGong.xml_5,尊一声驸马爷细听咱言。,15133423.72514793,0.0
sdxp-DangNianHan-SanJiZhang.xml_19,非是女儿言不逊，,15158833.913764412,0.0
lseh-ZiNaRi-HongYangDong.xml_5,又谁知焦克明他私（呀）自后跟（呐），,15166278.820228983,0.0
daxp-QiaoLouShang-HuangShanLei.xml_2,对孤灯思远道心神不定，,15168956.997522604,0.0
daxp-LaoDieDie-DaYuShaJia-2.xml_3,等候了爹爹回细问根由。,15173841.70250566,0.0
daeh-LiYanFei-DaBaoGuo.xml_2,太师爷奏一本进贡年下，,15193779.54919495,0.0
daxp-TingTaYan-ZuoGong.xml_7,不知者不怪罪你的海量放宽。,15204862.670230396,0.0
lsxp-WoZhuYe-ZhuiHanXin.xml_13,但愿得言听计从重整汉家邦、一同回故乡。,15279418.981211867,0.1
daxp-ChunQiuTing-SuoLinNang.xml_14,莫不是夫郎丑难谐女貌？,15324671.921448592,0.0
lsxp-DaHeYi-SiLangTanMu.xml_4,上面（哪）坐的同胞人。,15361731.047310755,0.3
lsxp-WoBenShi-KongChengJi-2.xml_7,我诸葛怎比得前辈（呃）的先（呃）生。,15393068.923916329,0.0
daxp-WoHeNi-SangYuanHui.xml_0,我和你有什么夫妻的情，,15406791.960078662,0.0
daxp-XiRiLi-LongFengChengXiang.xml_3,安排虎计害刘王。,15476369.440550616,0.0
lsxp-YiShiWu-YuCangJian.xml_9,行至在昭关有阻拦。,15508886.857234087,0.1
lseh-WeiGuoJia-HongYangDong-1.xml_2,官封到节度使（喏）皇王恩重，,15512864.008009287,0.0
daxp-FeiShiWo-TaoHuaCun.xml_15,那就是来了我西厢带路的小红娘。,15519792.295043187,0.1
sdxp-SuLongWei-WuJiaPo.xml_1,苏龙魏虎为媒证，,15521251.14535444,0.0
lsxp-JiangShenEr-SanJiaDian.xml_10,娘生儿连心肉，,15549350.598656034,0.0
lsxp-JianMaSu-ZhanMaSu.xml_3,失去了街亭差不差。,15571625.165316047,0.0
lseh-YiLunMing-ZhuoFangCao-2.xml_0,一轮明月照窗下，,15584073.608918304,0.0
daeh-LiYanFei-DaBaoGuo.xml_1,文站东武列西朝贺哀家。,15585171.310167834,0.0
sdxp-WoHeNi-SiLangTanMu.xml_28,有心赠你金鈚箭，,15588461.724898502,0.0
daxp-MengJunZi-ChunQiuPei-2.xml_5,因此上到郊外来捡芦花（呀）。,15602577.577095434,0.1
lseh-YiLunMing-ZhuoFangCao-1.xml_0,一轮明月照窗下，,15644324.202572623,0.0
daxp-QiaoLouShang-HuangShanLei.xml_13,果然是晓鸡唱天已黎明。,15648321.726733403,0.0
daxp-DangRiLi-SuoLinNang.xml_4,那花轿必定是因陋就简，,15648772.60912794,0.1
daeh-ZiNaRi-ErJinGong.xml_6,徐小姐把守在宫门口，,15673222.585685631,0.2
daeh-ZiNaRi-ZhuangYuanMei-1.xml_8,幸喜得珍珠衫称心如愿，,15675075.61674578,0.0
sdxp-WoHeNi-SiLangTanMu.xml_12,无有令箭怎过关。,15686787.17859251,0.1
lseh-YiLunMing-WenZhaoGuan-1.xml_0,一轮明月照窗前，,15688111.700936606,0.0
lsxp-ZiGuDao-HuangHeLou.xml_0,自古道吉人有天相，,15702206.265785813,0.1
lsxp-YiZhuangZhuang-QunYingHui.xml_1,请先生到江边即刻登舟。,15704625.689637588,0.0
daxp-DangRiLi-SuoLinNang.xml_13,怎奈我在轿中赤手空拳。,15742926.45102948,0.0
sdxp-WoHeNi-SiLangTanMu.xml_1,我和你好夫妻恩德不浅，,15745973.812051838,0.0
lseh-JinZhongXiang-ShangTianTai.xml_0,金钟响玉磬应王登龙庭，,15748113.367074182,0.0
lseh-JinZhongXiang-ShangTianTai.xml_2,文凭着邓先生策划有准，,15754090.67444668,0.0
lseh-YiLunMing-WenZhaoGuan-2.xml_0,一轮明月照窗前，,15766680.238177964,0.0
daxp-QiaoLouShang-HuangShanLei.xml_7,原来是秋风起扫叶之声。,15770438.098318987,0.0
daxp-LaoDieDie-YuZhouFeng.xml_0,老爹爹发恩德将本修上，,15772886.163615365,0.1
lseh-ZiNaRi-HongYangDong.xml_9,因此上臣的病重（呃）加十分、千岁爷呀！,15784871.064440202,0.1
daxp-WoDeNiang-XinAnYi.xml_1,奴年交十九岁还守闺门。,15791402.117966061,0.1
daeh-ZiNaRi-ErJinGong.xml_13,我只得怀抱太子两泪汪汪口口声声哭的是先王！,15801147.378437135,0.0
lseh-XinZhongYou-WenZhaoGuan.xml_21,我不杀平王我的心怎甘。,15831439.557267182,0.0
lseh-YiLunMing-WenZhaoGuan-2.xml_4,幸遇那东皋公行方便，,15839442.238099637,0.1
lsxp-JianMaSu-ZhanMaSu.xml_2,大胆不听我的话，,15840460.71865572,0.0
daeh-ZuoChunGui-XiShi.xml_3,夜不眠朝慵起又向谁言。,15863328.617386678,0.0
lsxp-YiShiWu-YuCangJian.xml_2,日月轮流催晓（哇）箭，,15908197.512385646,0.0
sdxp-SuLongWei-WuJiaPo.xml_38,西凉的鞑子将你斩，,15929963.291590305,0.0
lsxp-HenPingWang-WenZhaoGuan.xml_2,我的（呀）父谏奏反把命（哪）送，,15965534.661344431,0.1
lseh-XuMaoGong-QinQiongFaPei.xml_3,缘何不救我出笼牢。,15969600.97440096,0.0
lseh-YiLunMing-WenZhaoGuan-1.xml_26,要相逢陈非是梦（兀）里团圆。,15981305.57502966,0.0
lsxp-ZiCongQian-ZhuLianZhai.xml_3,为千岁懒观五凤楼。,15992525.06839171,0.0
daeh-WangChunE-SanNiangJiaoZi.xml_7,等候了薛倚儿转回家园。,16019141.506516233,0.0
daxp-ErTingDe-SuoLinNang.xml_2,莫不是夫郎丑难谐女貌，,16028444.146592692,0.0
lseh-WeiGuoJia-HongYangDong-2.xml_2,官封到节度使（喏）皇王恩重，,16047844.00912812,0.0
daxp-XiShiNv-XiShi.xml_4,怕只怕损玉颜姣容自惜，,16055688.81158784,0.0
lsxp-ZuoRiLi-YuanMenZhanZi.xml_4,叫焦赞将宝剑悬挂帐外，,16068667.066547047,0.0
lsxp-JiangShenEr-SanJiaDian.xml_6,舍不得太爷的恩情厚，,16088709.343158366,0.0
daeh-WuDuanQiao-BiYuZan.xml_2,独处闺房愁无限，,16090078.822630182,0.0
lseh-XinZhongYou-WenZhaoGuan.xml_18,寻短（呃）哎见爹娘（呃）。,16102655.789265243,0.0
sdxp-DangNianHan-SanJiZhang.xml_16,难道说文官他就不丧身？,16125145.728599805,0.0
lseh-LaoZhangBu-WuPenJi.xml_5,抓一（呀）把沙土扬灰尘。,16146442.017145935,0.1
lsxp-WoZhuYe-ZhuiHanXin.xml_3,两路分（呐）兵定咸阳。,16151873.74391492,0.0
daxp-ErTingDe-SuoLinNang.xml_13,不该词费又滔滔。,16154852.773095297,0.0
daeh-ZiNaRi-ZhuangYuanMei-1.xml_13,但愿得八主贤王从中周旋，早成姻眷，扫狼烟，叫那胡儿不敢进犯保叔王锦绣江山。,16160437.909020253,0.1
daxp-XiRiLi-LongFengChengXiang.xml_2,暗地堪笑奴兄长，,16193960.74130888,0.0
lseh-WeiKaiYan-RangXuZhou.xml_2,二犬子（呃）皆年幼（哇）难当（呃）重任，,16206467.446418004,0.0
lsxp-ZiGuDao-HuangHeLou.xml_3,二将军保架过长江。,16219088.898033906,0.0
lsxp-WoBenShi-KongChengJi-2.xml_9,我面前却少个知（呃）音的人。,16232852.864939626,0.1
lsxp-HenPingWang-WenZhaoGuan.xml_3,满门的家着血染红。,16241784.932882516,0.1
sdxp-WoHeNi-SiLangTanMu.xml_33,你也对苍天就表一番。,16260438.822935749,0.0
lseh-TanXiongDi-SangYuanJiZi.xml_2,眼望着孤坟台珠泪难忍，,16328419.937048517,0.0
lseh-WeiGuoJia-HongYangDong-1.xml_3,身不爽不由人瞌睡朦胧（呃）。,16335701.584299529,0.1
daeh-ZiNaRi-ZhuangYuanMei-1.xml_3,乱军中多亏他救我回还。,16367076.345276458,0.0
daxp-DangRiLi-SuoLinNang.xml_14,急切里想起了锁麟囊一（呀）件，,16370695.743038112,0.0
daeh-ZiNaRi-ErJinGong.xml_7,看一看不觉到八月中秋。,16443509.256470757,0.0
lsxp-YiShiWu-YuCangJian.xml_4,恨平王无道纲常乱，,16477354.73939945,0.0
daxp-ErTingDe-SuoLinNang.xml_30,小小囊儿何足道，,16525615.674255207,0.0
dldeh-ShouBiPo-ChunQiuPei.xml_3,奴好比花未开风吹雨打，,16532409.886738786,0.0
lseh-XiRiLi-BaoLianDeng.xml_8,那伯夷出午门无（哇）有踪（呃）影，,16559350.782737138,0.2
sdxp-DangNianHan-SanJiZhang.xml_20,爹爹为何你要退婚？,16572134.109382834,0.0
lsxp-ShenGongWu-LongFengChengXiang.xml_3,耳听笙歌闹喧哗。,16589180.763925092,0.0
lseh-YiLunMing-ZhuoFangCao-1.xml_11,自有那神灵（啊）天地鉴察。,16627164.631265443,0.1
daxp-LaoDieDie-YuZhouFeng.xml_3,观此本免了儿一门祸殃。,16634186.408920381,0.1
lseh-JinZhongXiang-ShangTianTai.xml_4,内侍臣忙摆驾九龙口进，,16657673.781349009,0.0
daxp-ChenSanLiang-ChenSanLiangPaTang.xml_1,公正的老爷细听分明。,16664956.473191148,0.0
daxp-DangRiLi-SuoLinNang.xml_3,耳听得风声断，雨声喧，雷声乱，乐声阑珊，人声呐喊，都道说是大雨倾天。,16666879.686605206,0.1
lseh-YiLunMing-WenZhaoGuan-1.xml_21,为何几日他不言。,16679669.68771445,0.0
lseh-WeiGuoJia-HongYangDong-3.xml_2,官封到节度史（喏）皇王恩重，,16702894.563211858,0.0
daeh-WuDuanQiao-BiYuZan.xml_5,满腹冤屈向谁言。,16729560.406455828,0.0
daeh-TanHongYan-HuoXiaoYu.xml_1,美满姻缘付东流。,16742851.507921882,0.0
lseh-NiangZiBu-SouGuJiuGu.xml_12,无奈何我只得双（呃）膝跪，,16798203.688447237,0.0
daxp-QiaoLouShang-HuangShanLei.xml_5,猛听得窗儿外似有人行。,16804609.427674495,0.1
daxp-ChunQiuTing-SuoLinNang.xml_8,亦有饥寒悲怀抱，,16817893.401129115,0.0
daxp-LaoDieDie-YuZhouFeng.xml_1,明早朝上金殿面奏吾皇。,16821888.95771204,0.1
daxp-XiRiLiang-LongFengChengXiang.xml_3,安排巧计害刘王。,16825233.5394534,0.0
daeh-ZiNaRi-ZhuangYuanMei-1.xml_10,但愿得令公令婆别无异见，,16862622.092136387,0.0
daxp-ChunQiuTing-SuoLinNang.xml_33,救她饥渴胜琼瑶。,16866160.893218335,0.0
daxp-QiaoLouShang-HuangShanLei.xml_15,你爹爹到如今未转家门。,16887344.300596848,0.1
lseh-YiLunMing-ZhuoFangSuDian.xml_8,一家人倶丧在宝剑之（喏）下，,16911640.934102215,0.1
lseh-TanXiongDi-SangYuanJiZi.xml_3,见坟台不见人刀割我心。,16921259.013055913,0.1
daeh-SunShangXiang-BieHuangGong.xml_3,留下了孙仲谋执掌江南。,16921691.583928067,0.0
daeh-LiYanFei-DaBaoGuo.xml_8,赐你的上方剑朝房问话，,16965435.06528862,0.1
daxp-MengJunZi-ChunQiuPei-1.xml_4,在家中受不过继母拷打，,16966453.188683704,0.0
daxp-QiaoLouShang-HuangShanLei.xml_9,看娇儿正酣睡恐被风侵。,16974842.912914287,0.0
lsxp-TingTaYan-ZhuoFangCao-1.xml_2,我先前只望他宽宏量（呃）大，,16980320.678200897,0.0
lsxp-TingTaYan-ZhuoFangCao-2.xml_2,我先前只望他宽宏量（呃）大，,16980320.678200897,0.0
lsxp-ZiCongQian-ZhuLianZhai.xml_2,为千岁懒把朝房走，,16989753.052840315,0.1
daxp-LaoDieDie-DaYuShaJia-2.xml_1,倒叫我桂英儿挂在心头。,16996750.619070392,0.0
sdxp-DangNianHan-SanJiZhang.xml_7,要退、要退、偏要退！,17027349.183863692,0.0
lseh-WeiGuoJia-HongYangDong-3.xml_3,身不爽不由人瞌睡朦胧。,17037174.618845865,0.1
lseh-YiLunMing-WenZhaoGuan-2.xml_5,他将我隐藏在后花园。,17062835.28764703,0.0
daxp-ErTingDe-SuoLinNang.xml_31,救她饥渴胜琼瑶。,17137095.769595563,0.0
lseh-YiLunMing-WenZhaoGuan-1.xml_5,他将我隐藏在后花园。,17147307.684498902,0.0
daxp-ErTingDe-SuoLinNang.xml_10,蠢才问话太潦草，,17154228.19552279,0.0
daeh-ZiNaRi-ZhuangYuanMei-1.xml_7,帝王家深宫院似水流年。,17160698.889485065,0.0
lseh-YiLunMing-ZhuoFangSuDian.xml_7,拔出剑将他的满门杀，,17164274.19190414,0.1
lsxp-ShenGongWu-LongFengChengXiang.xml_1,年老得配女娇娃。,17183791.37631181,0.0
lsxp-CiShiJian-HuaiHeYing-1.xml_5,右手再把栾布拉。,17214535.8319779,0.1
lsxp-LiangGuoJiao-ShiJieTing-1.xml_3,赏罚中公（呃）平莫要自由。,17240091.23754796,0.0
daxp-DangRiLi-SuoLinNang.xml_10,于归日理应当喜形于面，,17265817.65311647,0.0
lsxp-WoBenShi-KongChengJi-2.xml_1,凭阴阳如反掌保定乾坤。,17291024.012818433,0.0
daxp-NiDeFu-FenHeWan.xml_2,把弓带和鱼镖与儿带定，,17303797.17061634,0.1
lseh-YiLunMing-ZhuoFangCao-1.xml_20,贼好比蛟龙未生鳞甲，,17309643.251235753,0.0
lsxp-ZheYiFeng-DingJunShan.xml_6,向前各各有赏犒，,17382470.7337228,0.0
daxp-MengJunZi-ChunQiuPei-1.xml_1,虽然是男女别不得不答。,17405045.851314135,0.0
daeh-WuDuanQiao-BiYuZan.xml_7,又怕丑名误流传。,17408219.47126304,0.0
lsxp-DaHeYi-SiLangTanMu.xml_19,本帅帐中用目睁，,17420746.854329836,0.0
daxp-ChunQiuTing-SuoLinNang.xml_27,莫把姓名你信口晓，,17462731.594154492,0.1
daxp-DiTouLi-NvQiJie.xml_0,低头离了洪洞县，,17477858.88791725,0.0
sdxp-DangNianHan-SanJiZhang.xml_6,句句话儿伤父心。,17478310.53846424,0.0
daxp-DuiLingHua-BiYuZan.xml_1,听她言不由人喜上眉尖。,17486604.524586987,0.2
daeh-TanHongYan-HuoXiaoYu.xml_3,啼花泣月在暗里（呀）添愁。,17489439.88062022,0.0
lsxp-LiangGuoJiao-ShiJieTing-2.xml_1,各为其（呀）主统貔貅。,17496653.40470486,0.0
sdxp-WoHeNi-SiLangTanMu.xml_3,杨廷辉有一日愁眉得展，,17633531.623377677,0.0
daxp-TingTaYan-ZuoGong.xml_6,早晚间休怪我言语怠慢，,17638888.936343372,0.0
daxp-MengJunZi-ChunQiuPei-2.xml_3,我爹爹名姜绍贸易天涯。,17652287.162111633,0.0
daxp-QiaoLouShang-HuangShanLei.xml_1,父子们去采药未见回程。,17653500.749538854,0.0
lseh-YiLunMing-ZhuoFangCao-1.xml_7,拔出剑将他的满门杀，,17668825.87465958,0.1
lseh-LaoZhangBu-WuPenJi.xml_4,我忙将树（呃）枝摆摇（哇）动，,17679045.099889066,0.0
daeh-XiaoNuCai-SanNiangJiaoZi.xml_0,小奴才他一言问住我，,17698317.034964666,0.0
lsxp-YiShiWu-YuCangJian.xml_5,信用无极狗奸谗。,17765100.120351236,0.0
lseh-JinZhongXiang-ShangTianTai.xml_5,又听得殿角下大放悲声。,17777550.15904171,0.0
daeh-ZiNaRi-ZhuangYuanMei-2.xml_3,乱军中多亏他救我回还。,17782953.387537897,0.0
lseh-YiLunMing-WenZhaoGuan-1.xml_3,谁知昭关有阻拦。,17792834.483051475,0.1
lseh-YiLunMing-ZhuoFangSuDian.xml_1,陈宫心（呐）中乱如麻，,17797698.29743949,0.0
lsxp-ZouYingLong-DaYanSong.xml_8,上面坐的是有道君，,17863722.68882892,0.1
lsxp-DaHeYi-SiLangTanMu.xml_5,弟兄们分别十五春，,17917446.342843592,0.0
sdxp-WoHeNi-SiLangTanMu.xml_20,黄沙盖脸尸骨不全。,17935576.93821293,0.0
sdxp-DangNianHan-SanJiZhang.xml_2,未央宫斩的是何人？,17947320.576558042,0.1
lsxp-LiangGuoJiao-ShiJieTing-1.xml_1,各为其主统貔貅，,17952798.5126561,0.0
lseh-YiLunMing-WenZhaoGuan-2.xml_3,谁知昭关有阻拦。,18001139.0063885,0.1
lsxp-QingGongYan-FaDongWu.xml_0,庆功宴上把酒饮，,18023245.021240752,0.2
daxp-XiRiLi-LongFengChengXiang.xml_1,今朝仙女会襄王。,18045465.954003893,0.0
sdxp-WoHeNi-SiLangTanMu.xml_18,将身跪在地平川。,18086416.504771568,0.0
lsxp-TingTaYan-ZhuoFangCao-1.xml_7,既同行共（呃）大事必须要劝解于他（呀呃）。,18095073.419621643,0.1
lsxp-TingTaYan-ZhuoFangCao-2.xml_7,既同行共（呃）大事必须要劝解于他（呀呃）。,18095073.419621643,0.1
daeh-ZiNaRi-ZhuangYuanMei-2.xml_7,帝王家深宫怨似水流年。,18101575.416665614,0.0
daxp-FeiShiWo-TaoHuaCun.xml_5,怎能够粗心大意你再荒唐。,18167648.512892682,0.0
lseh-XiRiLi-BaoLianDeng.xml_9,那叔齐逃出了后宰门，,18175573.314419974,0.2
daeh-ZiNaRi-ZhuangYuanMei-2.xml_13,但愿得八主贤王从中周旋早成美眷、扫狼烟叫那胡儿不敢进犯、保叔王锦锈江山。,18187955.970519297,0.1
daxp-XiShiNv-XiShi.xml_5,对清溪时照影自整罗农。,18213529.024478476,0.0
lseh-YiLunMing-ZhuoFangCao-2.xml_1,陈宫心中乱如麻。,18245533.456894755,0.0
lseh-NiangZiBu-SouGuJiuGu.xml_10,千言万（哪）语她不肯，,18270974.244945783,0.0
lsxp-YiShiWu-YuCangJian.xml_7,我与奸贼不共戴天！,18288347.286139447,0.0
lseh-ZenNengGou-BaDaChui.xml_1,前后话对文龙细说衷情。,18288746.31875504,0.0
daxp-ChunQiuTing-SuoLinNang.xml_12,耳听得悲声惨心中如捣，,18357615.15690706,0.0
lsxp-WoZhuYe-ZhuiHanXin.xml_6,也是我主洪福广，,18369123.129283424,0.0
lseh-XinZhongYou-WenZhaoGuan.xml_10,爹娘（呃）要相逢除非是梦（呃）里团圆。,18443565.036575396,0.0
daxp-TingTaYan-ZuoGong.xml_3,他思家乡想骨肉就不能团圆。,18451258.377634875,0.0
sdxp-WoHeNi-SiLangTanMu.xml_29,怕你一去就不回还。,18465602.67676075,0.0
lseh-YiLunMing-WenZhaoGuan-1.xml_7,夜夜何曾得安眠。,18493839.66099031,0.0
lseh-YiLunMing-WenZhaoGuan-2.xml_7,夜夜何曾得安眠。,18493839.66099031,0.0
daxp-XiShiNv-XiShi.xml_1,难得有开怀事常锁双眉。,18581909.188403532,0.0
daxp-DangRiLi-SuoLinNang.xml_2,在轿中只觉得天昏地暗。,18598891.957369164,0.0
lseh-YiLunMing-WenZhaoGuan-2.xml_1,愁人心（呐）中似箭穿。,18599917.080880694,0.1
daxp-ErTingDe-SuoLinNang.xml_0,耳听得悲声惨心中如捣，,18607626.013511613,0.0
daxp-WoZhuYe-SiLangTanMu.xml_3,一心心要夺取宋室江山。,18632223.563313298,0.0
lseh-YiLunMing-ZhuoFangCao-1.xml_23,我岂肯放虎归山又（哇）把人抓。,18657352.484362833,0.2
lsxp-CiShiJian-HuaiHeYing-2.xml_0,此时间不可闹笑话，,18678257.538921144,0.0
lsxp-WoZhuYe-ZhuiHanXin.xml_14,撩袍端带我把金殿上，,18679861.057497106,0.2
daxp-LaoDieDie-SanJiZhang-1.xml_1,我立志不嫁那状元才郎。,18685623.46900015,0.1
daxp-ChunQiuTing-SuoLinNang.xml_17,问那厢因何故痛哭无聊。,18728142.427866288,0.1
lsxp-CiShiJian-HuaiHeYing-1.xml_4,左手拉住了李左车，,18760133.390504733,0.0
daxp-NiDeFu-FenHeWan.xml_3,不等到日落及早回程。,18869070.938232705,0.0
lsxp-WeiCengKai-QiYuanBao.xml_0,未曾开言泪汪汪，,18873014.20417864,0.0
sdxp-WoHeNi-SiLangTanMu.xml_22,讲什么夫妻情恩德不浅，,18893694.577261094,0.0
lseh-XiRiLi-BaoLianDeng.xml_11,留得美名万古存，,18907611.37507006,0.0
lseh-YiLunMing-ZhuoFangCao-2.xml_9,年迈老丈命染黄沙。,18921109.229043264,0.0
lseh-YangYanZhao-PengBei.xml_5,又恐怕惊动了年迈之人。,18960106.61136463,0.1
lseh-YiLunMing-WenZhaoGuan-1.xml_1,愁人心（哪）中似箭穿。,19018360.66490117,0.1
daxp-MengTingDe-MuiGuiYingGuaShuai.xml_2,想当年桃花马上威风凛凛，,19034989.50684708,0.1
lsxp-ZouYingLong-DaYanSong.xml_6,我劝顽童你休流泪，免悲声，邹老爷就是尔的报仇人。,19035249.16480316,0.1
daxp-FeiShiWo-TaoHuaCun.xml_6,鼓打二更准时往，,19041644.383906808,0.0
daxp-DangRiLi-SuoLinNang.xml_7,哪有这短花帘，旧花幔，参差流苏，残破不全。,19078906.21317364,0.0
lsxp-TingTaYan-ZhuoFangCao-2.xml_1,背转身自埋怨我自（呃）已做差。,19104349.24725979,0.0
lsxp-TingTaYan-ZhuoFangCao-1.xml_1,背转身只埋怨我自（呃）己作差，,19104349.24725979,0.0
lseh-YiLunMing-WenZhaoGuan-1.xml_33,我本当拔宝剑自寻短见，,19132158.993562173,0.0
daxp-LaoDieDie-SanJiZhang-2.xml_1,儿命苦怎配着状元才郎？,19354577.366924107,0.0
daxp-WoDeNiang-XinAnYi.xml_3,却原来母亲到儿未知情。,19412320.910079245,0.0
daeh-ZuoRiGong-TaiZhenWaiChuan.xml_3,但不知何日里再沐圣明。,19458134.521689676,0.0
daxp-ErTingDe-SuoLinNang.xml_25,莫把姓名你信口哓。,19486829.856678978,0.1
daxp-DangRiLi-SuoLinNang.xml_20,这囊儿虽非是千古罕见，,19498181.04620481,0.0
daxp-DuiLingHua-BiYuZan.xml_3,也算得人世间美满姻缘。,19534408.900934048,0.1
daeh-ZuoRiGong-TaiZhenWaiChuan.xml_1,有谁知一时错被逐宫廷。,19550238.296075106,0.0
lseh-XuMaoGong-QinQiongFaPei.xml_5,其中必有这巧（哇）妙高。,19627371.94898195,0.0
daxp-ErDeFu-HongNiGuan.xml_1,撇下了奴一人好不悲凉。,19681443.404586453,0.1
lseh-YiLunMing-ZhuoFangCao-1.xml_1,陈宫心（呐）中乱如麻，,19687790.972001478,0.0
daxp-FeiShiWo-TaoHuaCun.xml_9,你必须眼观六路耳听八方。,19744879.34078607,0.0
lseh-ZiNaRi-HongYangDong.xml_0,自（喏）那日朝罢归身（呐）染重病，,19754213.437010065,0.1
daeh-CanQiQi-WuLongZuo.xml_3,担几肩头晕转体若筛糠。,19759450.708592165,0.0
daxp-DangRiLi-SuoLinNang.xml_19,还有那赤金链，紫瑛簪，白玉环，双凤錾，八宝钗钏一个个宝孕光含。,19781086.450283084,0.1
lsxp-QingGongYan-FaDongWu.xml_1,想起桃园结拜情。,19790755.277751785,0.0
daxp-WoDeNiang-XinAnYi.xml_2,这几日身不爽心中烦闷，,19812094.557224493,0.0
sdxp-WoHeNi-SiLangTanMu.xml_4,誓不忘贤公主恩重如山。,19817572.05233765,0.0
daxp-ErTingDe-SuoLinNang.xml_3,莫不是强婚配鸦占鸾巢。,19883001.20854135,0.0
daeh-ZiNaRi-ZhuangYuanMei-2.xml_2,在潼台被贼擒性命好险，,19901846.61090733,0.0
daeh-LiYanFei-DaBaoGuo.xml_7,宣太师上金殿披红插花。,19911450.085344598,0.1
lsxp-DaHeYi-SiLangTanMu.xml_8,问我一言答一声。,19961317.325340845,0.0
lsxp-WoBenShi-KongChengJi-1.xml_7,俺诸（喏）葛怎比得前辈呀的先哪生。,19972750.233989187,0.0
lsxp-DaHeYi-SiLangTanMu.xml_30,自己骨肉认不清。,20030043.319809545,0.0
lsxp-CiShiJian-HuaiHeYing-1.xml_0,此时间不可闹笑话，,20051724.4482153,0.0
lsxp-TingTaYan-ZhuoFangCao-1.xml_6,这时候我只得暂且忍耐在心下，,20086734.696646795,0.0
daxp-ErDeFu-HongNiGuan.xml_3,倒不如与伯党匹配鸾凰。,20111396.295670535,0.0
daxp-ChunQiuTing-SuoLinNang.xml_15,莫不是强婚配鸦占鸾巢？,20126638.079587974,0.0
lsxp-DaHeYi-SiLangTanMu.xml_14,失落番邦被贼擒。,20167500.196195748,0.0
lseh-TanXiongDi-SangYuanJiZi.xml_1,丢下了年幼儿好不伤情。,20191875.451521445,0.0
sdxp-DangNianHan-SanJiZhang.xml_15,未央宫斩的是韩信，,20213321.502600532,0.0
lsxp-CiShiJian-HuaiHeYing-2.xml_7,生死二字（喏）且由他！,20219310.330856793,0.0
lsxp-TingTaYan-ZhuoFangCao-2.xml_6,这时候我只得暂且忍耐在心下，,20226876.95779155,0.0
lsxp-WoZhuYe-ZhuiHanXin.xml_2,怀王也曾把旨降，,20242246.513670642,0.1
lsxp-DaHeYi-SiLangTanMu.xml_6,怎知今日回宋营。,20332828.41016622,0.0
lsxp-WoBenShi-KongChengJi-1.xml_5,东西战南北剿博古通呃今。,20364016.129140556,0.0
lseh-TuZeiZuo-SouGuJiuGu.xml_3,大事还要问程婴。,20367295.471786335,0.0
daeh-ZiNaRi-ZhuangYuanMei-1.xml_2,在潼台被贼擒在命好险，,20387722.33840516,0.0
lseh-XinZhongYou-WenZhaoGuan.xml_5,为何几日他不言，,20398431.958569437,0.0
daxp-XiRiLiang-LongFengChengXiang.xml_1,今朝仙女会襄王。,20501882.445465147,0.0
daxp-QiaoLouShang-HuangShanLei.xml_3,不知他在荒山何处安身。,20515172.6859185,0.0
daxp-ErTingDe-SuoLinNang.xml_15,薛良与我去问一遭。,20561762.97350745,0.0
daxp-QiaoLouShang-HuangShanLei.xml_4,到三更真个是月明人静，,20638520.203055266,0.2
sdxp-SuLongWei-WuJiaPo.xml_11,好一个贞节王宝钏，,20678476.489621684,0.0
daxp-ErTingDe-SuoLinNang.xml_5,问那厢因何故痛哭无聊？,20723794.5151293,0.1
daxp-QiaoLouShang-HuangShanLei.xml_12,数更等交五鼓空房愈冷，,20757530.772361886,0.0
daeh-NaRiFeng-YuanXiaoMi.xml_2,舅父前来出主意，,20784329.200600423,0.0
daxp-DangRiLi-SuoLinNang.xml_21,换衣食也够她生活几年。,20848982.85041232,0.0
lsxp-DaHeYi-SiLangTanMu.xml_16,我是你四哥回宋营。,20884394.71411015,0.0
lsxp-CiShiJian-HuaiHeYing-2.xml_6,三人同把那鬼门关上爬，,20954989.976450205,1.0
lseh-YiLunMing-ZhuoFangCao-2.xml_7,拔出剑将他的满门杀。,21050042.28246553,0.1
daxp-MuQinBu-FengHuanChao.xml_2,自古常言道得好，,21264680.70747852,0.0
daxp-DiTouLi-NvQiJie.xml_6,就说苏三把命断，,21290754.21923687,0.2
sdxp-DangNianHan-SanJiZhang.xml_11,淮阴漂母救韩信，,21349434.707980704,0.0
daxp-WoZhuYe-SiLangTanMu.xml_5,阅兵书看何人前来何安。,21371391.542091854,0.1
lseh-LaoZhangBu-WuPenJi.xml_7,望求老丈把冤伸。,21581244.645529784,0.1
lsxp-ZhangGongDao-ZhuangYuanPu.xml_3,为儿（喏）女我也曾补路修桥。,21594760.972953197,0.0
lsxp-DaHeYi-SiLangTanMu.xml_26,要见本帅为何情？,21623757.455553662,0.0
lsxp-WoBenShi-KongChengJi-1.xml_3,算就了汉家的业鼎足哇三分。,21647213.79342381,0.1
daxp-LaoDieDie-SanJiZhang-1.xml_2,父休笑薛平贵是花郎模样，,21669861.831384484,0.0
daxp-FeiShiWo-TaoHuaCun.xml_13,响两声你就凑近身旁。,21700751.71883607,0.0
daxp-MuQinBu-FengHuanChao.xml_0,母亲不必心太偏，,21738800.353338934,0.0
lsxp-WoZhuYe-ZhuiHanXin.xml_10,项羽不遵怀王约，,21834818.45796729,0.0
sdxp-SuLongWei-WuJiaPo.xml_19,是烈女就该在家院，,21846230.421832453,0.0
lsxp-WoBenShi-KongChengJi-2.xml_5,东西战南北剿博古（呃）通（哦）今。,21880962.13962986,0.0
lseh-YiLunMing-ZhuoFangCao-1.xml_17,汉室后来贼是个惹祸的根芽。,21910853.22335851,0.0
lsxp-ZhangGongDao-ZhuangYuanPu.xml_4,怕将（呃）来老天爷无（哇）有果报，,21945619.118515827,0.0
daxp-LaoDieDie-YuZhouFeng.xml_5,却为何贪富贵不顾羞惭。,22015935.317721345,0.0
lseh-WeiKaiYan-RangXuZhou.xml_5,救生灵（呐）积阴（呐）功也免得我坐卧不宁。,22076463.59813834,0.0
lseh-YiLunMing-ZhuoFangSuDian.xml_11,自有那神灵儿天地鉴察。,22280592.590681266,0.1
daxp-QiaoLouShang-HuangShanLei.xml_6,忙移步隔花荫留神听定，,22308933.953273375,0.0
dldeh-ShouBiPo-ChunQiuPei.xml_4,想亲娘和老父心乱如麻。,22336389.22772694,0.0
sdxp-WoHeNi-SiLangTanMu.xml_14,见母一面即刻还。,22542380.56022811,0.0
lsxp-DaHeYi-SiLangTanMu.xml_22,灯光之下看不真。,22576125.23425149,0.0
sdxp-SuLongWei-WuJiaPo.xml_3,他三人与我有仇恨，,22662564.49846759,0.2
daxp-SuSanLi-NvQiJie.xml_6,言说苏三把命断，,22715820.70370001,0.2
lsxp-ZhangGongDao-ZhuangYuanPu.xml_1,陈伯愚年半百无有后苗。,22954615.9672603,0.0
daeh-WuDuanQiao-BiYuZan.xml_3,落得孤身病恹恹。,23026884.458891496,0.0
lsxp-WoBenShi-KongChengJi-2.xml_3,算就了汉家的业鼎足（呃）三分。,23035216.998584516,0.1
daxp-SuSanLi-NvQiJie.xml_2,未曾开言心内惨，,23081983.8564737,0.0
daxp-FeiShiWo-TaoHuaCun.xml_12,响一声你就还一掌，,23201557.311377395,0.0
lsxp-WeiCengKai-QiYuanBao.xml_3,姓刘名安字世昌。,23258125.41637019,0.0
lseh-YiLunMing-ZhuoFangCao-2.xml_11,自有那神灵儿天地鉴察。,23527962.29509647,0.1
lsxp-JiangShenEr-SanJiaDian.xml_11,儿行千里母担忧。,23807176.26837716,0.0
lsxp-ZheYiFeng-DingJunShan.xml_0,这一封（呃）书信来得巧，,24366950.791223418,0.0
lsxp-TingTaYan-ZhuoFangCao-1.xml_5,这才是花随水水不（哇）能恋（呐）花。,24495587.457439337,0.0
lsxp-WoZhuYe-ZhuiHanXin.xml_0,我主爷起义在芒砀，,24513524.141688045,0.0
lsxp-TingTaYan-ZhuoFangCao-2.xml_5,这才是花随水水不（哇）能恋（呐）花。,24550181.44891075,0.0
lsxp-WeiCengKai-QiYuanBao.xml_5,贩卖绸缎转还乡。,24755371.839956246,0.0
daeh-TanHongYan-HuoXiaoYu.xml_5,隔着窗儿点滴不休。,24816543.078326713,0.0
daxp-ErDeFu-HongNiGuan.xml_6,奴本当把关印付他执掌，,25023313.60815162,0.2
lseh-ZenNengGou-BaDaChui.xml_3,倒不如上公安观看古今。,25198133.712893736,0.1
lseh-ZenNengGou-BaDaChui.xml_0,怎能够思一计番营来进，,25224860.87140615,0.0
lseh-LaoZhangBu-WuPenJi.xml_6,我和你远无冤近无有仇恨，,25488007.63077288,0.0
lsxp-JianMaSu-ZhanMaSu.xml_0,见马谡（唩）跪帐下，,25576174.517855592,0.0
daxp-XiShiNv-XiShi.xml_3,每日里浣纱去又傍清溪。,26585203.140551448,0.0
lsxp-ZheYiFeng-DingJunShan.xml_7,退后的项上吃一刀。,26614375.069388628,0.1
lsxp-WeiCengKai-QiYuanBao.xml_7,借宿一宵起祸殃。,26673956.093948133,0.0
sdxp-SuLongWei-WuJiaPo.xml_7,大嫂说话礼不端，,26804924.367298327,0.0
lsxp-ZhangGongDao-ZhuangYuanPu.xml_2,为（呀）儿（啼）女我也曾朝山拜庙，,27427840.126508642,0.0
lseh-XinZhongYou-WenZhaoGuan.xml_9,不能（呃）哎见。,27640872.899551567,0.0
lseh-YiLunMing-ZhuoFangCao-1.xml_14,悔不该把家属一（呀）旦撇下，,27948722.413317025,0.1
lseh-XiRiLi-BaoLianDeng.xml_2,都只为孤（哇）竹君身染重病（哪），,28563412.05927664,0.0
lseh-YiLunMing-ZhuoFangCao-2.xml_5,杀猪沽酒款待与他。,28803669.34923236,0.0
sdxp-SuLongWei-WuJiaPo.xml_39,妻儿老小与奴一般。,28962430.922337964,0.0
daxp-ChenSanLiang-ChenSanLiangPaTang.xml_3,发奋自强日夜读诗文。,29185620.174378976,0.0
lsxp-DaHeYi-SiLangTanMu.xml_2,杨家将令鬼神惊。,30551664.454817407,0.1
lsxp-HenPingWang-WenZhaoGuan.xml_1,父纳子（呃）妻礼难容，,31084412.603488546,0.0
daxp-ChunQiuTing-SuoLinNang.xml_26,忙把梅香低声儿叫，,32608816.145766694,0.1
daxp-ErTingDe-SuoLinNang.xml_24,忙把梅香低声叫，,33712390.31799413,0.1
daeh-SunShangXiang-BieHuangGong.xml_9,叹一声不由人珠泪涟涟。,38908152.928569406,0.1
sdxp-WoHeNi-SiLangTanMu.xml_16,快马加鞭我一夜还。,40339094.839972146,0.0
