将身儿来至在大街口,0,将身儿来至在大街口，
lsxp-JiangShenEr-SanJiaDian.xml_0,将身儿来至在大街口，,2022705.982507134,1.0
lsxp-WoZhuYe-ZhuiHanXin.xml_6,也是我主洪福广，,3503853.4396192487,0.0
lsxp-WoZhuYe-ZhuiHanXin.xml_2,怀王也曾把旨降，,3637677.945507281,0.0
lsxp-JiangShenEr-SanJiaDian.xml_10,娘生儿连心肉，,3757931.0377443726,0.1111111111111111
lsxp-JiangShenEr-SanJiaDian.xml_6,舍不得太爷的恩情厚，,3761762.5269481656,0.0
lsxp-JiangShenEr-SanJiaDian.xml_4,杨林与我来争斗，,4103780.0666841036,0.1111111111111111
lseh-YiLunMing-ZhuoFangSuDian.xml_6,又谁知此贼的疑心（呐）太（呀）大，,4252003.014953778,0.1111111111111111
lseh-NiangZiBu-SouGuJiuGu.xml_11,不舍娇儿难救孤身。,4377554.808316585,0.2222222222222222
lsxp-WoZhuYe-ZhuiHanXin.xml_13,但愿得言听计从重整汉家邦、一同回故乡。,4395663.373368416,0.0
lseh-XiRiLi-BaoLianDeng.xml_8,那伯夷出午门无（哇）有踪（呃）影，,4430172.166818065,0.0
lsxp-WoZhuYe-ZhuiHanXin.xml_10,项羽不遵怀王约，,4460654.781035868,0.0
lseh-NiangZiBu-SouGuJiuGu.xml_9,来年必定降麒麟。,4468250.688418007,0.1111111111111111
lseh-ZenNengGou-BaDaChui.xml_1,前后话对文龙细说衷情。,4775000.801042302,0.0
lseh-XinZhongYou-WenZhaoGuan.xml_3,叫人难解巧机关。,4846326.846281461,0.0
lsxp-ZouYingLong-DaYanSong.xml_12,罢、罢、罢，暂且忍却我的心头恨，,4887544.674457571,0.0
lsxp-JiangShenEr-SanJiaDian.xml_12,儿想娘亲难叩首，,4933602.428323514,0.1111111111111111
lseh-XiRiLi-BaoLianDeng.xml_1,伯夷叔齐二大贤人，,5149642.842399601,0.1111111111111111
lseh-LaoZhangBu-WuPenJi.xml_7,望求老丈把冤伸。,5203277.482046159,0.0
lsxp-WoZhuYe-ZhuiHanXin.xml_14,撩袍端带我把金殿上，,5258472.890492003,0.0
lseh-YangYanZhao-PengBei.xml_5,又恐怕惊动了年迈之人。,5414013.346747377,0.0
lseh-LaoZhangBu-WuPenJi.xml_3,我本屈死一鬼魂。,5417091.791996193,0.0
daxp-FeiShiWo-TaoHuaCun.xml_14,倘若是你响她也响，,5453699.170026206,0.0
sdxp-WoHeNi-SiLangTanMu.xml_8,我的娘押粮草来到北番。,5457277.16672784,0.1111111111111111
lseh-YiLunMing-WenZhaoGuan-1.xml_19,叫人难解巧机关，,5477553.358445171,0.0
lseh-XinZhongYou-WenZhaoGuan.xml_14,朝臣待漏五更寒。,5592989.094198901,0.0
lsxp-ZouYingLong-DaYanSong.xml_2,那一日打从大街进，,5638121.526850014,0.2222222222222222
lseh-TuZeiZuo-SouGuJiuGu.xml_1,诬杀赵家一满门。,5653615.093942565,0.0
sdxp-WoHeNi-SiLangTanMu.xml_28,有心赠你金鈚箭，,5700253.911462096,0.0
daeh-XiaoNuCai-SanNiangJiaoZi.xml_1,闭口无言王春娥。,5701299.332242073,0.1111111111111111
lsxp-WoZhuYe-ZhuiHanXin.xml_3,两路分（呐）兵定咸阳。,5747983.054138678,0.0
daxp-ErTingDe-SuoLinNang.xml_13,不该词费又滔滔。,5816155.130106196,0.0
daeh-ZiNaRi-ZhuangYuanMei-1.xml_14,愿天下有情人都成姻眷，,5829062.481692733,0.0
daxp-DangRiLi-SuoLinNang.xml_18,还有那夜明珠粒粒成串，,5839729.421927926,0.0
lseh-YiLunMing-ZhuoFangCao-1.xml_21,贼好比猛虎未（呀）曾长牙，,5852626.6045366945,0.0
lseh-XiRiLi-BaoLianDeng.xml_11,留得美名万古存，,5888038.48484473,0.0
daxp-XiRiLi-LongFengChengXiang.xml_4,月老本是乔国丈，,5992168.618337667,0.0
lseh-ZiNaRi-HongYangDong.xml_6,老军报他二人在洪洋（呃）洞丧（呃）命，,5997506.392421524,0.1111111111111111
sdxp-WoHeNi-SiLangTanMu.xml_4,誓不忘贤公主恩重如山。,6024371.532808097,0.0
lseh-TuZeiZuo-SouGuJiuGu.xml_3,大事还要问程婴。,6073632.806101172,0.1111111111111111
lseh-YiLunMing-ZhuoFangCao-2.xml_6,又谁知此贼的疑心太大，,6144398.6567088645,0.1111111111111111
lsxp-JiangShenEr-SanJiaDian.xml_3,二不是歹人（呐）把城偷。,6261766.945997381,0.0
lseh-NiangZiBu-SouGuJiuGu.xml_8,你今舍了亲生子，,6334259.775281392,0.0
daxp-MengTingDe-MuiGuiYingGuaShuai.xml_2,想当年桃花马上威风凛凛，,6409806.055896987,0.0
lseh-YiLunMing-ZhuoFangCao-2.xml_4,吕伯奢可算得义气大，,6419751.559879121,0.1111111111111111
daxp-FeiShiWo-TaoHuaCun.xml_16,你把我当做诸葛亮，,6451763.900848081,0.0
lseh-YiLunMing-WenZhaoGuan-1.xml_30,朝臣待漏（哇）五更寒，,6461691.574744931,0.0
daxp-FeiShiWo-TaoHuaCun.xml_13,响两声你就凑近身旁。,6597517.437602373,0.1111111111111111
lseh-XiRiLi-BaoLianDeng.xml_4,那叔齐分长幼不能担任，,6604364.642791771,0.0
lsxp-JiangShenEr-SanJiaDian.xml_14,眼见得红日坠落在西山后，,6611896.15326054,0.1111111111111111
lseh-XiRiLi-BaoLianDeng.xml_12,为父的怎比得孤竹君，,6678711.0103849,0.0
lsxp-ZouYingLong-DaYanSong.xml_4,我问顽童啼哭因何故，,6799044.840797271,0.0
lseh-YiLunMing-WenZhaoGuan-2.xml_4,幸遇那东皋公行方便，,6812556.260734845,0.0
lseh-XiRiLi-BaoLianDeng.xml_6,弟让兄来兄不能应（呐）允，,6895631.633312968,0.1111111111111111
lseh-XuMaoGong-QinQiongFaPei.xml_5,其中必有这巧（哇）妙高。,7045188.957593277,0.0
daeh-ZiNaRi-ZhuangYuanMei-2.xml_14,愿天下有情人都成姻眷，,7070082.632516678,0.0
lseh-YiLunMing-ZhuoFangCao-1.xml_13,越思越想把事来作差。,7087088.988576488,0.1111111111111111
daxp-TingTaYan-ZuoGong.xml_2,原来是杨家将把名姓改换，,7180057.80931989,0.2222222222222222
daxp-MuQinBu-FengHuanChao.xml_1,女儿言来听根源。,7205505.698433275,0.2222222222222222
lseh-XiRiLi-BaoLianDeng.xml_10,首阳山前冻饿死（喏）。,7224801.666072138,0.0
lsxp-CiShiJian-HuaiHeYing-2.xml_2,在长安是你夸大话，,7258761.037817804,0.2222222222222222
lsxp-DaHeYi-SiLangTanMu.xml_23,本帅开言把他问，,7324918.16923145,0.0
sdxp-SuLongWei-WuJiaPo.xml_41,与你娘做一个安家钱。,7393010.2210258,0.0
lsxp-TingTaYan-ZhuoFangCao-1.xml_7,既同行共（呃）大事必须要劝解于他（呀呃）。,7406418.132775468,0.1111111111111111
lsxp-TingTaYan-ZhuoFangCao-2.xml_7,既同行共（呃）大事必须要劝解于他（呀呃）。,7406418.132775468,0.1111111111111111
lsxp-TingTaYan-ZhuoFangCao-1.xml_2,我先前只望他宽宏量（呃）大，,7413318.166167955,0.1111111111111111
lsxp-TingTaYan-ZhuoFangCao-2.xml_2,我先前只望他宽宏量（呃）大，,7413318.166167955,0.1111111111111111
daxp-ErTingDe-SuoLinNang.xml_11,难免怀疑在心梢。,7446707.090530849,0.1111111111111111
lseh-JinZhongXiang-ShangTianTai.xml_5,又听得殿角下大放悲声。,7596491.8939413335,0.1111111111111111
daxp-ErTingDe-SuoLinNang.xml_6,梅香说话好颠倒，,7657423.158899853,0.0
lsxp-CiShiJian-HuaiHeYing-1.xml_2,在长安是你夸大话，,7724895.0488018235,0.2222222222222222
lseh-YiLunMing-ZhuoFangCao-1.xml_6,又谁知此贼的疑心（呐）太（呀）大，,7747037.0188428005,0.1111111111111111
lseh-YiLunMing-ZhuoFangCao-1.xml_20,贼好比蛟龙未生鳞甲，,7747860.579062826,0.0
daxp-ChenSanLiang-ChenSanLiangPaTang.xml_0,陈三两在大堂把话云，,7757194.965591595,0.2222222222222222
lseh-YiLunMing-ZhuoFangCao-1.xml_8,一家人倶丧在宝剑之（喏）下，,7824525.178633449,0.1111111111111111
lsxp-ZuoRiLi-YuanMenZhanZi.xml_4,叫焦赞将宝剑悬挂帐外，,7852340.523806568,0.1111111111111111
daxp-SuSanLi-NvQiJie.xml_1,将身来在大街前。,7853839.663890086,0.6666666666666666
daxp-ChunQiuTing-SuoLinNang.xml_13,同遇人为什么这样嚎啕？,7931528.698975226,0.0
sdxp-SuLongWei-WuJiaPo.xml_42,买绫罗、做衣衫、买白纸、糊白幡、打首饰、做妆奁，,8017070.921749479,0.0
lsxp-JiangShenEr-SanJiaDian.xml_7,舍不得衙役们众班头。,8028908.7062525535,0.0
lseh-YiLunMing-WenZhaoGuan-1.xml_4,幸遇那东皋公行方便，,8095245.063094285,0.0
daeh-ZiNaRi-ZhuangYuanMei-1.xml_15,愿天下从此后国泰民安。,8095944.953994237,0.0
lsxp-JiangShenEr-SanJiaDian.xml_9,舍不得老娘（呃）白了头。,8098285.671641679,0.0
daxp-ChunQiuTing-SuoLinNang.xml_27,莫把姓名你信口晓，,8140566.788277321,0.1111111111111111
sdxp-SuLongWei-WuJiaPo.xml_16,送与大嫂把家安。,8151672.270290696,0.1111111111111111
lsxp-ZheYiFeng-DingJunShan.xml_1,天助黄忠成功劳。,8231390.424959497,0.0
daxp-DiTouLi-NvQiJie.xml_6,就说苏三把命断，,8267653.761756667,0.0
daxp-ErTingDe-SuoLinNang.xml_12,你不该人前逞骄傲，,8319987.758535923,0.0
lseh-YiLunMing-ZhuoFangSuDian.xml_8,一家人倶丧在宝剑之（喏）下，,8331142.081070265,0.1111111111111111
lseh-YiLunMing-ZhuoFangSuDian.xml_7,拔出剑将他的满门杀，,8377105.120027965,0.1111111111111111
daeh-ZaoBuXing-HeHouMaDian.xml_4,贼好比王莽贼称孤道寡，,8417917.033339743,0.0
daxp-MuQinBu-FengHuanChao.xml_3,女儿清白最为先。,8436514.734205611,0.1111111111111111
lsxp-ZhangGongDao-ZhuangYuanPu.xml_3,为儿（喏）女我也曾补路修桥。,8475292.364454474,0.1111111111111111
lseh-YiLunMing-ZhuoFangSuDian.xml_9,年迈的老丈命（呐）染黄沙。,8493089.916020734,0.0
daxp-DangRiLi-SuoLinNang.xml_8,轿中人必定有一腔幽怨，,8497920.405197572,0.0
daxp-ChunQiuTing-SuoLinNang.xml_28,这都是神话凭空造，,8500473.72432226,0.0
lseh-YiLunMing-ZhuoFangCao-2.xml_8,一家人倶丧在宝剑之下，,8511535.940203113,0.1111111111111111
daxp-DangRiLi-SuoLinNang.xml_20,这囊儿虽非是千古罕见，,8567583.048801783,0.1111111111111111
daxp-SuSanLi-NvQiJie.xml_6,言说苏三把命断，,8568901.114373868,0.0
lsxp-HenPingWang-WenZhaoGuan.xml_0,恨平王无道乱楚宫（兀），,8576801.266323116,0.0
lseh-YiLunMing-WenZhaoGuan-1.xml_23,你就该把我献与昭关。,8585765.069726618,0.0
lseh-YiLunMing-WenZhaoGuan-1.xml_24,哭一声爹娘不能相见，,8635403.626668751,0.0
daeh-NaRiFeng-YuanXiaoMi.xml_0,那日风波平地起，,8711480.61971476,0.0
lseh-ZiNaRi-HongYangDong.xml_5,又谁知焦克明他私（呀）自后跟（呐），,8733009.725373872,0.0
daxp-TingTaYan-ZuoGong.xml_6,早晚间休怪我言语怠慢，,8733893.928699544,0.0
lsxp-WoZhuYe-ZhuiHanXin.xml_5,后进咸阳扶保在朝纲。,8833264.236253291,0.1111111111111111
lseh-YiLunMing-ZhuoFangCao-1.xml_7,拔出剑将他的满门杀，,8842990.207346248,0.1111111111111111
daeh-ZaoBuXing-HeHouMaDian.xml_6,贼好比秦赵高指鹿为马，,8890926.725549657,0.0
sdxp-DangNianHan-SanJiZhang.xml_21,不能、不能、是万不能！,8912714.64868821,0.0
lsxp-DaHeYi-SiLangTanMu.xml_13,十五年前沙滩会，,8912753.58454153,0.0
lsxp-WoZhuYe-ZhuiHanXin.xml_15,扬尘舞蹈见大王。,8975413.91612517,0.1111111111111111
daeh-TanHongYan-HuoXiaoYu.xml_2,薄幸冤家音信无有，,8995930.028459437,0.0
daxp-QiaoLouShang-HuangShanLei.xml_14,我不免唤琏儿到街前探问，,9013866.18055424,0.2222222222222222
daxp-ChunQiuTing-SuoLinNang.xml_14,莫不是夫郎丑难谐女貌？,9063493.174355693,0.0
daeh-NaRiFeng-YuanXiaoMi.xml_2,舅父前来出主意，,9066717.923072103,0.1111111111111111
lseh-XinZhongYou-WenZhaoGuan.xml_7,你就该把我献与昭关。,9068452.020006824,0.0
lsxp-WeiCengKai-QiYuanBao.xml_8,赵大夫妻图财害命害我一命亡，,9072004.046000386,0.1111111111111111
lsxp-ZiCongQian-ZhuLianZhai.xml_3,为千岁懒观五凤楼。,9094870.939193716,0.0
lseh-YiLunMing-ZhuoFangCao-1.xml_25,险些儿把事（喏）又（哇）作差。,9099047.581660202,0.1111111111111111
daeh-ZaoBuXing-HeHouMaDian.xml_13,你叔王不让位再去骂他。,9134456.626844151,0.0
lseh-YiLunMing-ZhuoFangCao-1.xml_9,年迈的老丈命（呐）染黄沙。,9136506.928878574,0.0
lsxp-DaHeYi-SiLangTanMu.xml_19,本帅帐中用目睁，,9144030.932916615,0.0
daxp-ErTingDe-SuoLinNang.xml_26,这都是神话凭空造，,9156269.872741032,0.0
daxp-MuQinBu-FengHuanChao.xml_0,母亲不必心太偏，,9225413.46741515,0.0
lseh-YiLunMing-WenZhaoGuan-1.xml_6,一连几天我的眉不（哇）展，,9274397.329860564,0.0
daeh-ZiNaRi-ZhuangYuanMei-2.xml_15,愿邦家从此后国泰民安。,9327523.464422576,0.0
lsxp-WeiCengKai-QiYuanBao.xml_5,贩卖绸缎转还乡。,9341577.078043733,0.0
daxp-LaoDieDie-YuZhouFeng.xml_2,倘若是有道君皇恩浩荡，,9351850.143955043,0.0
daxp-DiTouLi-NvQiJie.xml_1,将身来在大街前。,9357248.67528254,0.6666666666666666
daxp-ChunQiuTing-SuoLinNang.xml_29,自把珠玉夸富豪，,9380719.35152078,0.0
daeh-ZiNaRi-ErJinGong.xml_8,李艳妃坐昭阳自思自想，,9383474.06388428,0.0
lseh-YiLunMing-WenZhaoGuan-1.xml_21,为何几日他不言。,9393760.420442156,0.0
daxp-ErTingDe-SuoLinNang.xml_1,同遇人为什么这样嚎啕。,9413786.757444236,0.0
daxp-ErTingDe-SuoLinNang.xml_27,自把珠玉夸富豪。,9415367.174972186,0.0
daeh-ZiNaRi-ErJinGong.xml_0,自那日与徐杨决裂以后，,9456455.057022365,0.0
daxp-FeiShiWo-TaoHuaCun.xml_5,怎能够粗心大意你再荒唐。,9456696.16134369,0.1111111111111111
lsxp-DaHeYi-SiLangTanMu.xml_31,走上前来忙松捆，,9492681.414702417,0.1111111111111111
lseh-XinZhongYou-WenZhaoGuan.xml_8,哭一声爹娘不能相见，,9516371.77586236,0.0
daeh-XiaoNuCai-SanNiangJiaoZi.xml_4,怒气不息在机房闷坐，,9558959.016840069,0.1111111111111111
daeh-ZiNaRi-ErJinGong.xml_10,耳边厢又听得朝靴响亮，,9561411.286281629,0.0
sdeh-WenSanNiang-SanNiangJiaoZi.xml_4,背转身来哭嚎啕。,9569881.133531472,0.2222222222222222
daxp-FeiShiWo-TaoHuaCun.xml_6,鼓打二更准时往，,9575565.316394018,0.0
lseh-YiLunMing-WenZhaoGuan-2.xml_6,一连几天我的眉不（呃）展，,9630976.07837794,0.0
sdeh-WenSanNiang-SanNiangJiaoZi.xml_3,老薛保你不必苦哀告，,9691038.093420882,0.0
daeh-LiYanFei-ErJinGong.xml_0,李艳妃坐昭阳自思自想，,9706159.426986387,0.0
lsxp-CiShiJian-HuaiHeYing-1.xml_5,右手再把栾布拉。,9712232.231903443,0.0
lseh-YangYanZhao-PengBei.xml_3,又只见老爹爹瞌睡沉沉。,9720808.222959016,0.0
lsxp-YiShiWu-YuCangJian.xml_2,日月轮流催晓（哇）箭，,9722571.087526647,0.0
lsxp-ZouYingLong-DaYanSong.xml_5,他言道严嵩老贼害他的举家一满门。,9741562.116399882,0.0
daeh-TanHongYan-HuoXiaoYu.xml_0,叹红颜薄命前生就，,9742054.110036634,0.0
lsxp-YiZhuangZhuang-QunYingHui.xml_0,一桩桩一件件倶已办就，,9751395.596095294,0.0
sdxp-SuLongWei-WuJiaPo.xml_15,这锭银、三两三，,9757457.275996055,0.0
daeh-NaRiFeng-YuanXiaoMi.xml_6,我今绝少人生趣，,9805773.10381075,0.0
daeh-SunShangXiang-BieHuangGong.xml_4,与周郎定巧计把皇叔来骗，,9807754.73409693,0.1111111111111111
lsxp-WeiCengKai-QiYuanBao.xml_0,未曾开言泪汪汪，,9821890.925063293,0.0
daeh-SunShangXiang-BieHuangGong.xml_9,叹一声不由人珠泪涟涟。,9842591.033675173,0.0
lsxp-ZuoRiLi-YuanMenZhanZi.xml_1,老娘亲为什么不讲情来？,9856247.19675483,0.1111111111111111
dldeh-ShouBiPo-ChunQiuPei.xml_7,全（呐）不顾你身有病气力不佳。,9880537.045770463,0.1111111111111111
daxp-DiTouLi-NvQiJie.xml_4,哪一位去往南京转，,9895721.960986964,0.0
lsxp-WeiCengKai-QiYuanBao.xml_6,行至在中途把雨降，,9895906.678634813,0.2222222222222222
lsxp-ZheYiFeng-DingJunShan.xml_3,大小儿郎听根苗，,9911058.788460657,0.2222222222222222
daxp-LaoDieDie-DaYuShaJia-2.xml_2,将身儿坐至在草堂等候，,9962444.282916795,0.5555555555555556
lsxp-DaHeYi-SiLangTanMu.xml_20,见一番汉帐中行。,9988475.220370186,0.0
lseh-XinZhongYou-WenZhaoGuan.xml_15,到如今夜宿在荒村院，,10006338.610865045,0.1111111111111111
lseh-YiLunMing-WenZhaoGuan-1.xml_31,到如今夜宿在荒村院，,10006338.610865045,0.1111111111111111
lsxp-JiangShenEr-SanJiaDian.xml_8,实难舍街坊四邻与我的好朋友，,10034302.63980946,0.1111111111111111
lsxp-JianMaSu-ZhanMaSu.xml_1,不由老夫咬钢牙，,10037301.142571663,0.0
daxp-ChenSanLiang-ChenSanLiangPaTang.xml_2,我本是被骗进的富春院，,10037513.443871513,0.0
sdxp-DangNianHan-SanJiZhang.xml_7,要退、要退、偏要退！,10038746.573473128,0.0
sdxp-DangNianHan-SanJiZhang.xml_6,句句话儿伤父心。,10083795.487282425,0.1111111111111111
daxp-LaoDieDie-DaYuShaJia-1.xml_2,将身儿坐至在草堂等候，,10102015.639952237,0.5555555555555556
daxp-ErTingDe-SuoLinNang.xml_25,莫把姓名你信口哓。,10153001.933822008,0.1111111111111111
lsxp-ZuoRiLi-YuanMenZhanZi.xml_0,昨日里斩八将头挂营外，,10186715.665235225,0.1111111111111111
lseh-YiLunMing-ZhuoFangCao-2.xml_7,拔出剑将他的满门杀。,10210953.015085988,0.1111111111111111
lseh-YiLunMing-ZhuoFangCao-1.xml_16,我只说贼是个宽宏量大，,10324341.304673182,0.1111111111111111
daeh-LiYanFei-DaBaoGuo.xml_6,写文约我且把玉玺打下，,10335449.630701607,0.0
lseh-ZiNaRi-HongYangDong.xml_4,二次（喏）里命孟良番营来进，,10383257.120466806,0.1111111111111111
sdxp-WoHeNi-SiLangTanMu.xml_33,你也对苍天就表一番。,10407452.918415807,0.0
lsxp-YiShiWu-YuCangJian.xml_9,行至在昭关有阻拦。,10420392.48899546,0.2222222222222222
lseh-NiangZiBu-SouGuJiuGu.xml_2,赵屠二家有仇恨，,10559548.02150641,0.0
daeh-ZiNaRi-ZhuangYuanMei-1.xml_4,这桩事闷得我柔肠百转，,10570135.165431034,0.0
daxp-LaoDieDie-DaYuShaJia-1.xml_0,老爹爹清晨起前去出前，,10602963.188851235,0.0
lsxp-ShenGongWu-LongFengChengXiang.xml_1,年老得配女娇娃。,10639008.28605422,0.0
daxp-ErDeFu-HongNiGuan.xml_5,不想到狠心郎一味猖狂。,10648529.757857786,0.0
daeh-ZiNaRi-ZhuangYuanMei-1.xml_2,在潼台被贼擒在命好险，,10656756.461465104,0.1111111111111111
lsxp-WoBenShi-KongChengJi-1.xml_3,算就了汉家的业鼎足哇三分。,10666008.828816472,0.0
daxp-ErTingDe-SuoLinNang.xml_2,莫不是夫郎丑难谐女貌，,10674238.7043182,0.0
lseh-JinZhongXiang-ShangTianTai.xml_4,内侍臣忙摆驾九龙口进，,10751313.508383468,0.1111111111111111
daeh-ZiNaRi-ZhuangYuanMei-2.xml_2,在潼台被贼擒性命好险，,10784490.853363965,0.1111111111111111
daxp-DangRiLi-SuoLinNang.xml_21,换衣食也够她生活几年。,10794273.906817794,0.0
lsxp-LiangGuoJiao-ShiJieTing-1.xml_2,管待三（哪）军要宽厚，,10797609.69003171,0.0
lseh-XuMaoGong-QinQiongFaPei.xml_4,是是是（呀）来我明白了，,10810588.192631885,0.1111111111111111
daxp-ErTingDe-SuoLinNang.xml_4,叫梅香你把那好言相告，,10821435.06902825,0.0
lseh-XinZhongYou-WenZhaoGuan.xml_5,为何几日他不言，,10833987.951923074,0.0
lseh-YiLunMing-ZhuoFangSuDian.xml_4,吕伯奢可算得义气（呀）大，,10846257.387671499,0.1111111111111111
lsxp-YiShiWu-YuCangJian.xml_1,叹光明一去不回还（呐）；,10854355.695165984,0.0
sdxp-SuLongWei-WuJiaPo.xml_21,为军起下不良的意呀，,10857349.449035149,0.0
daxp-LaoDieDie-YuZhouFeng.xml_4,老爹爹在朝中官高爵显，,10882994.503269844,0.1111111111111111
daeh-LiYanFei-ErJinGong.xml_2,耳边厢又听得朝靴响亮，,10942494.520053893,0.0
daeh-ZiNaRi-ZhuangYuanMei-2.xml_4,这桩事闷得我柔肠百转，,10966267.09275608,0.0
lsxp-ZheYiFeng-DingJunShan.xml_6,向前各各有赏犒，,11005207.552248426,0.0
lsxp-JianMaSu-ZhanMaSu.xml_3,失去了街亭差不差。,11118173.72667277,0.1111111111111111
lsxp-DaHeYi-SiLangTanMu.xml_15,六弟下位把兄认，,11261584.547843432,0.0
lsxp-DaHeYi-SiLangTanMu.xml_29,众将与爷忙掩（哪）门，,11303308.351121144,0.1111111111111111
lseh-YiLunMing-ZhuoFangCao-1.xml_3,悔不该随他人到吕家，,11318166.194743909,0.0
lseh-NiangZiBu-SouGuJiuGu.xml_12,无奈何我只得双（呃）膝跪，,11340412.82145394,0.0
lsxp-ZiCongQian-ZhuLianZhai.xml_5,望千岁恕学生礼貌不周。,11354748.234884167,0.0
lsxp-WoZhuYe-ZhuiHanXin.xml_9,我也曾约法定过三章。,11376740.59507624,0.0
daeh-ZiNaRi-ErJinGong.xml_12,有一句话儿不好言讲，,11385024.447495488,0.1111111111111111
lseh-XuMaoGong-QinQiongFaPei.xml_3,缘何不救我出笼牢。,11427863.552700413,0.0
daeh-LiYanFei-DaBaoGuo.xml_8,赐你的上方剑朝房问话，,11430884.684364017,0.0
lsxp-WoZhuYe-ZhuiHanXin.xml_0,我主爷起义在芒砀，,11432910.806395039,0.1111111111111111
daxp-DiTouLi-NvQiJie.xml_3,过往的君子听我言。,11439908.690088514,0.0
daeh-WuDuanQiao-BiYuZan.xml_6,一心早想寻短见，,11455682.694731995,0.0
daxp-MengTingDe-MuiGuiYingGuaShuai.xml_1,唤起我破天门状志凌云。,11490470.548008118,0.0
daxp-FeiShiWo-TaoHuaCun.xml_8,你不要高声不要嚷，,11501362.230739776,0.0
daeh-SunShangXiang-BieHuangGong.xml_8,恨只恨我兄长把事错办，,11506439.857092582,0.0
daeh-LiYanFei-DaBaoGuo.xml_5,候幼主成了龙原业归家。,11509394.552301046,0.0
sdxp-SuLongWei-WuJiaPo.xml_11,好一个贞节王宝钏，,11545899.916087454,0.0
lsxp-ZouYingLong-DaYanSong.xml_10,他本是我朝中上欺天子下压臣谋朝篡位卖国的奸贼他名叫严嵩，,11556255.976462008,0.0
daxp-DangRiLi-SuoLinNang.xml_10,于归日理应当喜形于面，,11613281.839726096,0.0
sdxp-WoHeNi-SiLangTanMu.xml_3,杨廷辉有一日愁眉得展，,11614843.073109662,0.0
lseh-YiLunMing-ZhuoFangSuDian.xml_5,杀猪（喏）沽酒款待与他，,11628060.040179294,0.0
lsxp-ZouYingLong-DaYanSong.xml_7,站立在殿角用目来观定，,11630499.509069007,0.2222222222222222
daeh-XiaoNuCai-SanNiangJiaoZi.xml_0,小奴才他一言问住我，,11631278.345709516,0.0
daeh-LiYanFei-DaBaoGuo.xml_0,李艳妃设早朝龙书案下，,11644271.544686032,0.0
daeh-LiYanFei-DaBaoGuo.xml_2,太师爷奏一本进贡年下，,11698621.620693067,0.0
daxp-MengTingDe-MuiGuiYingGuaShuai.xml_7,我一剑能挡百万兵。,11732139.208686912,0.0
daeh-WuDuanQiao-BiYuZan.xml_2,独处闺房愁无限，,11766460.863046357,0.0
lsxp-ZiCongQian-ZhuLianZhai.xml_0,自从千岁离朝后，,11830912.46017692,0.0
daeh-LiYanFei-DaBaoGuo.xml_4,将江山让太师权且代贺，,11840585.551902613,0.1111111111111111
lsxp-LiangGuoJiao-ShiJieTing-1.xml_0,两国交（哇）锋龙虎斗，,11858247.958223257,0.0
daxp-LaoDieDie-YuZhouFeng.xml_5,却为何贪富贵不顾羞惭。,11900614.575385649,0.0
lseh-YiLunMing-WenZhaoGuan-2.xml_12,我好（呃）比鱼儿吞了钩线，,11904677.06029972,0.1111111111111111
daeh-CanQiQi-WuLongZuo.xml_0,惨凄凄唤苍天天不应响，,11910517.664588673,0.0
daeh-LiYanFei-ErJinGong.xml_4,有几句话儿我不好言讲，,11926305.360973503,0.1111111111111111
daeh-NuZiYou-TouJunBieYao.xml_2,但愿得去投军功名有望，,11930558.528521994,0.0
daxp-QiaoLouShang-HuangShanLei.xml_2,对孤灯思远道心神不定，,11959295.435876952,0.0
daeh-ZiNaRi-ZhuangYuanMei-2.xml_5,不知道他与我是否一般。,12004764.583307924,0.0
lsxp-DaHeYi-SiLangTanMu.xml_3,迈步且把宝帐（呀）进，,12036275.48998246,0.0
daxp-WoZhuYe-SiLangTanMu.xml_4,叫番儿忙摆驾银安殿，,12052196.276911324,0.1111111111111111
sdxp-SuLongWei-WuJiaPo.xml_22,一马双跨到西凉。,12059212.52095192,0.0
lsxp-CiShiJian-HuaiHeYing-2.xml_0,此时间不可闹笑话，,12077714.484113574,0.0
lsxp-WeiCengKai-QiYuanBao.xml_3,姓刘名安字世昌。,12079604.733411461,0.0
lsxp-WoBenShi-KongChengJi-2.xml_3,算就了汉家的业鼎足（呃）三分。,12104573.595525509,0.0
daeh-ZiNaRi-ZhuangYuanMei-1.xml_0,自那日与六郎姻缘相见，,12121812.963187464,0.0
daeh-WuDuanQiao-BiYuZan.xml_0,无端巧计将人陷，,12127622.54849485,0.1111111111111111
daeh-NaRiFeng-YuanXiaoMi.xml_4,母女隔断三千里，,12140949.767808706,0.0
lsxp-YiShiWu-YuCangJian.xml_8,实指（喏）望到吴国借兵（呐）转，,12153440.205203865,0.0
daxp-ChunQiuTing-SuoLinNang.xml_16,叫梅香你把那好言相告，,12212661.836784627,0.0
daxp-QiaoLouShang-HuangShanLei.xml_11,又思来又想去越不安宁。,12219197.913196366,0.1111111111111111
daxp-SuSanLi-NvQiJie.xml_2,未曾开言心内惨，,12222579.612038707,0.0
lseh-XuMaoGong-QinQiongFaPei.xml_2,既是为我前来到，,12281403.422736736,0.1111111111111111
lseh-XinZhongYou-WenZhaoGuan.xml_13,想当初在朝为官宦，,12284557.037586834,0.1111111111111111
lseh-YiLunMing-WenZhaoGuan-1.xml_29,想当初在朝为官宦，,12284557.037586834,0.1111111111111111
lseh-YiLunMing-WenZhaoGuan-1.xml_12,我好（哇）比鱼儿吞了钩线，,12298177.18833539,0.1111111111111111
sdxp-WoHeNi-SiLangTanMu.xml_9,我有心回宋营见母一面，,12364984.64543561,0.0
lsxp-WoBenShi-KongChengJi-1.xml_8,闲无哇事在敌楼哇我亮（呃）一亮琴哪音，,12408970.945457209,0.1111111111111111
lseh-XiRiLi-BaoLianDeng.xml_3,传口诏命次子即位为君，,12425785.806437682,0.1111111111111111
lseh-YiLunMing-WenZhaoGuan-1.xml_20,若是真心来救我，,12437352.614553196,0.1111111111111111
lseh-XinZhongYou-WenZhaoGuan.xml_4,若是真心来救我，,12437352.614553196,0.1111111111111111
sdxp-WoHeNi-SiLangTanMu.xml_13,公主赠我的金鈚箭，,12463626.990115017,0.0
daxp-WoZhuYe-SiLangTanMu.xml_2,众卿随忙挂点亲率官员，,12468367.630127352,0.0
sdxp-WoHeNi-SiLangTanMu.xml_11,公主虽然不阻拦，,12505630.59552455,0.0
dldeh-ShouBiPo-ChunQiuPei.xml_1,受逼迫去捡柴泪如雨下，,12525189.820539398,0.0
daxp-DangRiLi-SuoLinNang.xml_4,那花轿必定是因陋就简，,12556146.851812715,0.0
lsxp-ZouYingLong-DaYanSong.xml_8,上面坐的是有道君，,12566980.514311573,0.0
daeh-ZaoBuXing-HeHouMaDian.xml_1,贼昏王篡了位谋乱邦家。,12602401.448302828,0.0
lsxp-WoBenShi-KongChengJi-2.xml_8,闲无（呃）事在敌楼（呃）我亮一亮琴（呢）音，,12602614.981779056,0.1111111111111111
lsxp-DaHeYi-SiLangTanMu.xml_12,我母佘氏老太君。,12626340.45721755,0.0
daxp-ErTingDe-SuoLinNang.xml_10,蠢才问话太潦草，,12629814.192820821,0.0
lsxp-ZouYingLong-DaYanSong.xml_3,偶遇见小小的顽童放悲声，,12638740.944223715,0.0
daeh-WangChunE-SanNiangJiaoZi.xml_6,将身儿来至在机房织绢，,12647079.915018212,0.6666666666666666
lsxp-WeiCengKai-QiYuanBao.xml_7,借宿一宵起祸殃。,12663817.734975327,0.0
daxp-DangRiLi-SuoLinNang.xml_2,在轿中只觉得天昏地暗。,12669352.321381398,0.1111111111111111
lseh-YiLunMing-ZhuoFangCao-2.xml_9,年迈老丈命染黄沙。,12682374.487931782,0.0
sdxp-DangNianHan-SanJiZhang.xml_11,淮阴漂母救韩信，,12709423.222377796,0.0
lseh-XiRiLi-BaoLianDeng.xml_9,那叔齐逃出了后宰门，,12807370.79528316,0.0
lseh-YiLunMing-ZhuoFangSuDian.xml_3,悔不该随他人到吕家。,12817368.42152214,0.0
daxp-DiTouLi-NvQiJie.xml_2,未曾开言我心好惨，,12848215.115740526,0.0
lsxp-TingTaYan-ZhuoFangCao-2.xml_4,马行在来道内我难（呐）以回（呀）马，,12849681.826102957,0.2222222222222222
lsxp-TingTaYan-ZhuoFangCao-1.xml_4,马行在来道内我难（呐）以回（呀）马，,12849681.826102957,0.2222222222222222
sdxp-SuLongWei-WuJiaPo.xml_14,将银放在地平川。,12869609.362669237,0.2222222222222222
daxp-LaoDieDie-DaYuShaJia-2.xml_0,老爹爹清晨起前去出首，,12929969.565696368,0.0
lsxp-LiangGuoJiao-ShiJieTing-1.xml_4,此一番领兵去镇守，,12931019.311659709,0.0
lsxp-TingTaYan-ZhuoFangCao-2.xml_1,背转身自埋怨我自（呃）已做差。,12936121.287633246,0.1111111111111111
lsxp-TingTaYan-ZhuoFangCao-1.xml_1,背转身只埋怨我自（呃）己作差，,12936121.287633246,0.1111111111111111
daxp-DangRiLi-SuoLinNang.xml_17,红珊瑚碧翡翠样样倶全。,12944447.121286595,0.0
daxp-MuQinBu-FengHuanChao.xml_2,自古常言道得好，,12949554.121571038,0.0
daeh-ZiNaRi-ZhuangYuanMei-2.xml_0,自那日与六郎阵前相见，,12981158.817994675,0.0
lsxp-ZiGuDao-HuangHeLou.xml_4,今日主公把宴上，,13019730.676239846,0.0
daxp-NiDeFu-FenHeWan.xml_2,把弓带和鱼镖与儿带定，,13050150.442332966,0.1111111111111111
lseh-YiLunMing-WenZhaoGuan-2.xml_13,我好（呃）比波浪中失舵的舟船（喏）。,13064864.525351573,0.0
lseh-YiLunMing-ZhuoFangCao-1.xml_5,杀猪（喏）沽（哇）酒款待于他，,13066382.647567196,0.0
lseh-NiangZiBu-SouGuJiuGu.xml_0,娘子不（哇）必太烈性，,13070808.360050589,0.0
daxp-ChunQiuTing-SuoLinNang.xml_9,也有失意痛哭嚎啕，,13101241.628321411,0.0
lsxp-JiangShenEr-SanJiaDian.xml_2,一不是响马与贼寇，,13169482.17106573,0.0
lsxp-LiangGuoJiao-ShiJieTing-1.xml_5,靠山近水把营收。,13173090.573040448,0.0
lsxp-LiangGuoJiao-ShiJieTing-2.xml_5,靠山近水把管收。,13235930.658375341,0.0
daxp-XiShiNv-XiShi.xml_4,怕只怕损玉颜姣容自惜，,13242701.233182544,0.0
lseh-XuMaoGong-QinQiongFaPei.xml_1,文韬武略智谋高。,13250514.660911536,0.0
daxp-LaoDieDie-SanJiZhang-1.xml_0,老爹爹请息（呀）怒容儿细讲，,13257297.655177902,0.1111111111111111
lseh-YiLunMing-WenZhaoGuan-1.xml_13,我好（哇）比波浪中失舵的舟船（哪）。,13285564.17127141,0.0
lseh-NiangZiBu-SouGuJiuGu.xml_7,老天爷不绝我的后代根。,13290986.994948195,0.0
lsxp-DaHeYi-SiLangTanMu.xml_30,自己骨肉认不清。,13305213.341125885,0.0
daeh-ZiNaRi-ErJinGong.xml_1,独坐在寒宫院闷闷悠悠。,13340339.945349073,0.1111111111111111
daxp-XiRiLiang-LongFengChengXiang.xml_2,暗地堪笑我兄长，,13376412.981806017,0.0
lsxp-WoZhuYe-ZhuiHanXin.xml_12,今日里萧何荐良将，,13376832.439017871,0.1111111111111111
daeh-NaRiFeng-YuanXiaoMi.xml_5,那厢流泪这厢啼。,13387426.809754986,0.0
daxp-SuSanLi-NvQiJie.xml_5,与我那三郎把信传。,13405372.035896048,0.0
lsxp-ZuoRiLi-YuanMenZhanZi.xml_3,哭啼啼坐宝帐所为何来。,13407115.554941224,0.1111111111111111
lseh-XinZhongYou-WenZhaoGuan.xml_12,越思越想好伤惨，,13432569.290793598,0.0
daeh-ZiNaRi-ZhuangYuanMei-2.xml_12,但愿得状元媒月老引线，,13432706.142615579,0.0
lseh-JinZhongXiang-ShangTianTai.xml_3,武仗着姚皇兄保定乾坤。,13448497.66296816,0.0
daxp-LaoDieDie-YuZhouFeng.xml_0,老爹爹发恩德将本修上，,13449784.951195247,0.1111111111111111
daeh-ZiNaRi-ErJinGong.xml_11,想必是徐杨进了昭阳。,13455028.44170456,0.0
daxp-XiRiLi-LongFengChengXiang.xml_2,暗地堪笑奴兄长，,13467203.022513235,0.0
daxp-DangRiLi-SuoLinNang.xml_9,她泪自弹、声续断、似杜鹃、啼别院、巴峡哀猿动人心弦，好不惨然。,13480657.863820432,0.0
lseh-XinZhongYou-WenZhaoGuan.xml_11,鸡鸣犬吠五更（呃）天，,13495652.741714936,0.0
daeh-WangChunE-SanNiangJiaoZi.xml_5,每日里在书房苦读圣贤。,13524490.07888934,0.1111111111111111
lseh-YiLunMing-ZhuoFangCao-1.xml_23,我岂肯放虎归山又（哇）把人抓。,13564114.922444673,0.0
lseh-YiLunMing-WenZhaoGuan-1.xml_28,越思越想好伤惨，,13594493.327581005,0.0
lseh-NiangZiBu-SouGuJiuGu.xml_13,哀求娘子（喏）舍亲（呐）生。,13598174.835142845,0.0
daeh-ZiNaRi-ErJinGong.xml_5,竟把我孤儿寡母当做了马牛。,13606197.519075494,0.1111111111111111
sdxp-SuLongWei-WuJiaPo.xml_17,买绫罗与绸缎、打首饰和簪环，,13621029.799248286,0.0
daeh-ZiNaRi-ZhuangYuanMei-1.xml_7,帝王家深宫院似水流年。,13633438.890409423,0.0
daeh-WuDuanQiao-BiYuZan.xml_1,薄命自伤怨红颜。,13648791.015954446,0.0
lsxp-DaHeYi-SiLangTanMu.xml_17,弟兄对坐叙寒温。,13678427.512057815,0.0
daxp-ChunQiuTing-SuoLinNang.xml_11,必有隐情在心潮。,13690412.534264317,0.1111111111111111
lseh-YiLunMing-WenZhaoGuan-1.xml_22,贪图富贵来害我，,13695869.957059497,0.1111111111111111
lseh-YiLunMing-WenZhaoGuan-2.xml_14,思来想去我的肝肠断，,13703483.625921926,0.1111111111111111
lseh-XinZhongYou-WenZhaoGuan.xml_6,贪图富贵来害我，,13712341.506205548,0.1111111111111111
sdxp-WoHeNi-SiLangTanMu.xml_6,有一桩心腹事不敢明言。,13720244.902953468,0.0
lsxp-WoBenShi-KongChengJi-2.xml_6,周文王访姜尚周室大振，,13727552.546077922,0.1111111111111111
sdxp-WoHeNi-SiLangTanMu.xml_19,我若探母不回转，,13746997.870352278,0.0
lsxp-ZheYiFeng-DingJunShan.xml_7,退后的项上吃一刀。,13747470.559505807,0.0
dldeh-ShouBiPo-ChunQiuPei.xml_2,病恹恹身无力难以挣扎。,13749352.371848589,0.1111111111111111
sdxp-DangNianHan-SanJiZhang.xml_12,登台拜帅天下闻。,13751371.029433448,0.0
lseh-YiLunMing-ZhuoFangCao-1.xml_12,听谯楼打罢了二（喏）更鼓下，,13754918.458512157,0.0
daxp-DuiLingHua-BiYuZan.xml_2,果然是成佳偶两心欢恋，,13769802.723096238,0.0
lseh-YiLunMing-WenZhaoGuan-1.xml_14,思来想去我的肝肠断，,13804638.588138597,0.1111111111111111
daxp-DuiLingHua-BiYuZan.xml_0,对菱花暗地里芳心自转，,13809258.90849147,0.0
daeh-ZuoChunGui-XiShi.xml_0,坐春闺只觉得光明似箭，,13827416.313228754,0.0
lseh-YiLunMing-WenZhaoGuan-1.xml_27,鸡鸣犬吠五更（哪）天，,13837245.988343947,0.0
daxp-DiTouLi-NvQiJie.xml_7,来生变犬马我当报还。,13843374.262853015,0.1111111111111111
sdxp-SuLongWei-WuJiaPo.xml_19,是烈女就该在家院，,13891854.001005633,0.1111111111111111
daxp-DangRiLi-SuoLinNang.xml_19,还有那赤金链，紫瑛簪，白玉环，双凤錾，八宝钗钏一个个宝孕光含。,13895060.55427083,0.0
daeh-NuZiYou-TouJunBieYao.xml_0,奴自幼在闺阁娇生惯养，,13906545.219739612,0.1111111111111111
lsxp-YiShiWu-YuCangJian.xml_4,恨平王无道纲常乱，,13922435.056141099,0.0
daeh-ZiNaRi-ZhuangYuanMei-1.xml_5,不知道他与我是否一般。,13937331.126575937,0.0
daxp-SuSanLi-NvQiJie.xml_3,过往的君子听我言。,13943047.232209424,0.0
daeh-WangChunE-SanNiangJiaoZi.xml_0,王春娥坐草堂自思自叹，,13962206.51996659,0.0
daxp-DangRiLi-SuoLinNang.xml_12,那时节奴妆奁不下百万，,13979669.294202486,0.0
daxp-XiShiNv-XiShi.xml_2,只为着守清寒柴门近水，,13992025.526368877,0.0
lseh-ZiNaRi-HongYangDong.xml_3,那乃是萧天佐以（呀）假成真；,14015427.279221427,0.0
daxp-FeiShiWo-TaoHuaCun.xml_9,你必须眼观六路耳听八方。,14059402.144623794,0.0
lseh-YiLunMing-ZhuoFangCao-2.xml_5,杀猪沽酒款待与他。,14071885.862008978,0.0
daeh-ZaoBuXing-HeHouMaDian.xml_5,贼好比曹阿瞒半点不差，,14090189.325616434,0.0
lseh-YiLunMing-WenZhaoGuan-1.xml_9,满腹的含冤我向谁言（哪）！,14098689.592886662,0.0
lseh-YiLunMing-WenZhaoGuan-2.xml_9,满腹的含冤我向谁言（喏）。,14098689.592886662,0.0
lsxp-QingGongYan-FaDongWu.xml_3,又谁知中途两离分。,14101249.735846467,0.0
sdxp-SuLongWei-WuJiaPo.xml_33,家人小厮有万千。,14124523.996326067,0.0
daeh-TanHongYan-HuoXiaoYu.xml_4,枕边泪（呀）共（那）阶前雨，,14129259.161884893,0.0
sdeh-WenSanNiang-SanNiangJiaoZi.xml_5,实指望教训他终身有靠，,14132120.408246536,0.1111111111111111
daeh-ZaoBuXing-HeHouMaDian.xml_3,反倒说为嫂我拦阻有差，,14184361.155537043,0.0
daxp-ErDeFu-HongNiGuan.xml_0,儿的父为国家阵前命丧，,14220322.639056139,0.1111111111111111
daeh-ZiNaRi-ZhuangYuanMei-1.xml_1,行不安坐不宁情态缠绵。,14250137.287253624,0.0
sdxp-SuLongWei-WuJiaPo.xml_37,欺奴犹如欺了天。,14269280.717096185,0.0
daxp-ErTingDe-SuoLinNang.xml_31,救她饥渴胜琼瑶。,14355165.89943701,0.0
lseh-YiLunMing-WenZhaoGuan-2.xml_11,我好比龙游在浅沙滩。,14370618.556480838,0.1111111111111111
daeh-CanQiQi-WuLongZuo.xml_1,叹红颜多薄命父母双亡。,14414847.302110506,0.0
daxp-MengJunZi-ChunQiuPei-1.xml_0,蒙君子至殷勤再三问话，,14427641.820414528,0.1111111111111111
daxp-QiaoLouShang-HuangShanLei.xml_7,原来是秋风起扫叶之声。,14437723.643420495,0.1111111111111111
lsxp-ZhangGongDao-ZhuangYuanPu.xml_5,眼睁（呐）睁有何人去（呀）把纸烧。,14471157.478195092,0.0
daxp-ChunQiuTing-SuoLinNang.xml_2,在隔帘只见这一花轿，,14475800.30479375,0.1111111111111111
daxp-ChunQiuTing-SuoLinNang.xml_21,谁能移动他半分毫。,14481062.923485631,0.0
daxp-FeiShiWo-TaoHuaCun.xml_12,响一声你就还一掌，,14481179.251934007,0.0
daeh-WangChunE-SanNiangJiaoZi.xml_3,老薛保好一似浪里舟船。,14507085.285045322,0.0
sdxp-SuLongWei-WuJiaPo.xml_20,为何来在大道边。,14543711.879649013,0.3333333333333333
lsxp-ZouYingLong-DaYanSong.xml_1,在朝房来了我这保国忠。,14583614.788317135,0.2222222222222222
lsxp-DaHeYi-SiLangTanMu.xml_1,大喝一声（哪）如雷震，,14589052.270544058,0.1111111111111111
lseh-YiLunMing-ZhuoFangCao-2.xml_3,悔不该随他人到吕家。,14589377.468948737,0.0
daxp-FeiShiWo-TaoHuaCun.xml_11,是不是有人拍巴掌。,14599922.876705276,0.0
daeh-NuZiYou-TouJunBieYao.xml_1,为薛郎我父女断绝情长。,14650937.756140377,0.0
lseh-YiLunMing-WenZhaoGuan-1.xml_11,我好比龙游在浅沙滩。,14688556.028799398,0.1111111111111111
daeh-WangChunE-SanNiangJiaoZi.xml_2,春娥女好一此失群孤雁，,14708543.177782927,0.0
lseh-YiLunMing-WenZhaoGuan-1.xml_35,父母的冤仇化尘烟，,14709522.982035216,0.0
lseh-YangYanZhao-PengBei.xml_2,迈虎步我且把宝帐来进，,14770232.732293744,0.1111111111111111
daxp-FeiShiWo-TaoHuaCun.xml_1,只怪你呆头呆脑慌慌张张。,14787956.000717249,0.0
sdxp-WoHeNi-SiLangTanMu.xml_27,你要见高堂母我不阻拦。,14809765.466163503,0.0
daeh-SunShangXiang-BieHuangGong.xml_0,孙尚香坐宫院自思自叹，,14813318.645792063,0.0
lseh-ZiNaRi-HongYangDong.xml_8,为此事终（啊）日里忧成疾病，,14831873.701165738,0.0
lsxp-DaHeYi-SiLangTanMu.xml_7,将身站在了阶前等，,14870595.993589442,0.3333333333333333
daxp-DangRiLi-SuoLinNang.xml_5,隔帘儿我也曾侧目偷观。,14872389.368379658,0.1111111111111111
lseh-YiLunMing-WenZhaoGuan-1.xml_7,夜夜何曾得安眠。,14911153.526740318,0.0
lseh-YiLunMing-WenZhaoGuan-2.xml_7,夜夜何曾得安眠。,14911153.526740318,0.0
lseh-XinZhongYou-WenZhaoGuan.xml_19,父母的冤仇化尘烟，,14916000.8201002,0.0
lseh-XiRiLi-BaoLianDeng.xml_14,打死了别家子父能作主，,14919679.391123386,0.0
lsxp-CiShiJian-HuaiHeYing-1.xml_0,此时间不可闹笑话，,14922751.40889717,0.0
daxp-WoZhuYe-SiLangTanMu.xml_1,众文武扶哀家执掌军房。,14936015.626104077,0.0
lsxp-WoZhuYe-ZhuiHanXin.xml_8,一路上秋毫无犯军威壮，,14939606.028961847,0.0
daeh-ZaoBuXing-HeHouMaDian.xml_11,两旁的文武臣珠泪如麻，,14950020.237480074,0.0
sdxp-WoHeNi-SiLangTanMu.xml_18,将身跪在地平川。,14952713.91958166,0.3333333333333333
daeh-SunShangXiang-BieHuangGong.xml_2,遭不幸父王爷把驾来晏，,14979951.725175811,0.1111111111111111
lsxp-ZiGuDao-HuangHeLou.xml_0,自古道吉人有天相，,14988234.449965445,0.0
lseh-YiLunMing-WenZhaoGuan-2.xml_10,我好（呃）比哀哀长空雁，,15029269.42758635,0.0
lseh-YiLunMing-WenZhaoGuan-1.xml_25,不能（哪）哎见爹娘（兀）！,15040549.38150231,0.0
lsxp-YiShiWu-YuCangJian.xml_0,一事无成两鬓斑，,15060052.34367091,0.0
daeh-WangChunE-SanNiangJiaoZi.xml_7,等候了薛倚儿转回家园。,15065496.605166247,0.1111111111111111
lsxp-JianMaSu-ZhanMaSu.xml_0,见马谡（唩）跪帐下，,15076224.795179486,0.0
lsxp-WoZhuYe-ZhuiHanXin.xml_1,拔剑斩蛇天下扬。,15098957.312017351,0.0
daxp-MengTingDe-MuiGuiYingGuaShuai.xml_4,有生之日责当尽，,15118830.476830957,0.0
daeh-SunShangXiang-BieHuangGong.xml_5,又谁知弄假成真反配凤鸾。,15118916.46557792,0.0
lsxp-LiangGuoJiao-ShiJieTing-2.xml_0,两国交锋龙虎斗，,15122825.961815841,0.0
lsxp-WeiCengKai-QiYuanBao.xml_9,望求太爷与我作主张（啊）。,15129300.001842668,0.0
lsxp-DaHeYi-SiLangTanMu.xml_11,我父令公官极品，,15130030.33967246,0.0
lsxp-DaHeYi-SiLangTanMu.xml_5,弟兄们分别十五春，,15143412.253695512,0.0
daxp-XiRiLi-LongFengChengXiang.xml_5,纵有大事料无妨。,15155313.789621904,0.1111111111111111
lsxp-YiShiWu-YuCangJian.xml_5,信用无极狗奸谗。,15176787.514516696,0.0
daeh-ZiNaRi-ZhuangYuanMei-1.xml_12,但愿得状元媒月老引线，,15181608.038747229,0.0
lseh-ZiNaRi-HongYangDong.xml_7,去了我左右膀难以飞行。,15206141.807430588,0.0
lsxp-LiangGuoJiao-ShiJieTing-2.xml_2,管带三（呐）军要宽厚，,15230115.208330987,0.0
lseh-XiRiLi-BaoLianDeng.xml_5,那伯夷尊父命也不能应承，,15238920.98231167,0.0
sdxp-SuLongWei-WuJiaPo.xml_35,打板子、上夹棍、丢南牢、坐监禁、管叫你思前容易退后难。,15283157.197358256,0.0
lsxp-YiZhuangZhuang-QunYingHui.xml_1,请先生到江边即刻登舟。,15285795.645685636,0.0
daeh-ZuoChunGui-XiShi.xml_1,无限的闲愁恨尽上眉尖。,15291613.042570231,0.0
lsxp-ZheYiFeng-DingJunShan.xml_8,三军与（呀）爷归营号，,15314275.539424783,0.0
daeh-WuDuanQiao-BiYuZan.xml_5,满腹冤屈向谁言。,15326495.530877283,0.0
daxp-ChunQiuTing-SuoLinNang.xml_7,世上何尝尽富豪，,15346803.210366992,0.0
lseh-WeiKaiYan-RangXuZhou.xml_2,二犬子（呃）皆年幼（哇）难当（呃）重任，,15369021.503487157,0.0
daeh-SunShangXiang-BieHuangGong.xml_3,留下了孙仲谋执掌江南。,15372295.641719867,0.0
daeh-LiYanFei-ErJinGong.xml_1,想起了朝中事好不惨伤！,15413732.73138085,0.0
daxp-ChunQiuTing-SuoLinNang.xml_4,吉日良辰当欢笑，,15439043.503946623,0.0
lseh-YangYanZhao-PengBei.xml_1,在中途得一信甚是不明。,15447067.424487354,0.1111111111111111
daeh-SunShangXiang-BieHuangGong.xml_6,回荆州未三载诓我回转，,15449178.90377869,0.0
daxp-DiTouLi-NvQiJie.xml_5,与我那三郎把信传。,15463478.682001254,0.0
daeh-WangChunE-SanNiangJiaoZi.xml_1,想起了我老爷好不惨然。,15494974.785089418,0.0
daxp-QiaoLouShang-HuangShanLei.xml_0,谯楼上二更鼓声声送听，,15503105.853658963,0.0
daeh-ZiNaRi-ZhuangYuanMei-2.xml_3,乱军中多亏他救我回还。,15509237.450875975,0.0
lsxp-WoZhuYe-ZhuiHanXin.xml_11,反将我主贬汉王。,15515092.928964548,0.1111111111111111
daxp-LaoDieDie-DaYuShaJia-1.xml_3,等候了爹爹回细问根由。,15622748.275215864,0.0
lsxp-WeiCengKai-QiYuanBao.xml_4,奉母命京城往，,15628218.923583262,0.0
lsxp-WoZhuYe-ZhuiHanXin.xml_7,一路上得遇陆贾、郦生与张良。,15636061.927940156,0.0
daxp-LaoDieDie-SanJiZhang-2.xml_0,老爹爹请息怒容儿细讲，,15640559.463531805,0.1111111111111111
lsxp-JianMaSu-ZhanMaSu.xml_2,大胆不听我的话，,15665223.946973074,0.1111111111111111
sdxp-SuLongWei-WuJiaPo.xml_29,府内金银堆如山。,15669362.5681827,0.0
daxp-FeiShiWo-TaoHuaCun.xml_15,那就是来了我西厢带路的小红娘。,15669364.424531564,0.1111111111111111
lsxp-WoBenShi-KongChengJi-1.xml_6,周文王访姜尚周室大振，,15669825.412975818,0.1111111111111111
lsxp-ZiGuDao-HuangHeLou.xml_5,四将军保架料也无妨。,15681777.127172036,0.1111111111111111
lseh-YiLunMing-WenZhaoGuan-1.xml_10,我好（哇）比哀哀长空雁，,15707148.817853894,0.0
lsxp-CiShiJian-HuaiHeYing-1.xml_6,三人同把那鬼门关上踏，,15711543.82161082,0.0
daxp-DangRiLi-SuoLinNang.xml_14,急切里想起了锁麟囊一（呀）件，,15721925.577358574,0.0
lsxp-ZouYingLong-DaYanSong.xml_9,那一旁坐的就是严阁老，,15734902.118677452,0.0
daeh-SunShangXiang-BieHuangGong.xml_1,想起了已往事心内痛酸。,15837353.652348338,0.0
sdxp-WoHeNi-SiLangTanMu.xml_20,黄沙盖脸尸骨不全。,15889697.195812894,0.0
daeh-ZiNaRi-ZhuangYuanMei-1.xml_9,宋天子主婚姻此事成全。,15901800.13563825,0.0
sdxp-WoHeNi-SiLangTanMu.xml_23,咱与你隔南北千里姻缘。,15927504.328572022,0.0
lseh-WeiKaiYan-RangXuZhou.xml_5,救生灵（呐）积阴（呐）功也免得我坐卧不宁。,15945834.732557379,0.0
sdxp-SuLongWei-WuJiaPo.xml_8,为军哪怕到官前。,15961827.804357944,0.0
lseh-TuZeiZuo-SouGuJiuGu.xml_2,眼见得忠良无救应，,15972064.971612722,0.0
lsxp-CiShiJian-HuaiHeYing-2.xml_5,右手再把栾布拉，,15973939.79919086,0.0
lseh-NiangZiBu-SouGuJiuGu.xml_4,我与那公孙杵臼把计定，,15976004.321016995,0.0
daeh-ZaoBuXing-HeHouMaDian.xml_0,遭不幸老王爷晏了御驾，,16006519.982594442,0.0
lsxp-LiangGuoJiao-ShiJieTing-2.xml_4,此一番领（呃）兵去镇守，,16063084.955038125,0.0
lsxp-ZouYingLong-DaYanSong.xml_11,我本当金（哪）殿奏一本怎奈我官卑职小不能够参大臣。,16089107.32239673,0.1111111111111111
lsxp-ZheYiFeng-DingJunShan.xml_2,站立在营门三军叫，,16141625.022052234,0.1111111111111111
sdxp-WoHeNi-SiLangTanMu.xml_1,我和你好夫妻恩德不浅，,16156936.180875065,0.0
lsxp-ZuoRiLi-YuanMenZhanZi.xml_2,今日里斩宗保娘把儿怪，,16202689.806458803,0.1111111111111111
daeh-LiYanFei-DaBaoGuo.xml_3,各国的众王侯朝贺中华。,16232698.201011216,0.0
lsxp-JiangShenEr-SanJiaDian.xml_13,娘想儿来泪双流。,16236681.654241238,0.2222222222222222
daeh-WangChunE-SanNiangJiaoZi.xml_4,薛倚儿他好比无弓之箭，,16280002.806371836,0.1111111111111111
lseh-YiLunMing-WenZhaoGuan-1.xml_8,俺伍员好一似丧家犬，,16306258.00711227,0.0
daeh-ZaoBuXing-HeHouMaDian.xml_9,只骂得贼昏王扭转身驱、闭目合晴、羞羞惭惭一语不发，,16357067.403041173,0.1111111111111111
sdxp-WoHeNi-SiLangTanMu.xml_7,萧天佐摆天门两国交战，,16372955.414103266,0.0
daeh-ZiNaRi-ZhuangYuanMei-1.xml_11,但愿得杨六郎心如石坚，,16387874.276077997,0.0
sdxp-SuLongWei-WuJiaPo.xml_31,命人送到（那）西凉川。,16388726.919171827,0.0
daxp-ChunQiuTing-SuoLinNang.xml_31,积德才生玉树苗，,16430083.638224926,0.0
sdxp-DangNianHan-SanJiZhang.xml_16,难道说文官他就不丧身？,16431343.887525968,0.1111111111111111
lsxp-WeiCengKai-QiYuanBao.xml_1,尊一声太爷听端详。,16440189.123653853,0.0
daxp-ChunQiuTing-SuoLinNang.xml_5,为何鲛珠化泪抛？,16473924.011544585,0.0
daeh-ZuoRiGong-TaiZhenWaiChuan.xml_2,思想起从前事心中悔恨，,16476425.383221107,0.0
sdxp-SuLongWei-WuJiaPo.xml_7,大嫂说话礼不端，,16486500.247177295,0.1111111111111111
daeh-ZiNaRi-ErJinGong.xml_3,太师爷一心心想篡龙楼。,16488182.773612686,0.0
daxp-NiDeFu-FenHeWan.xml_1,全仗你打雁养娘亲，,16490120.79354452,0.0
lsxp-DaHeYi-SiLangTanMu.xml_27,听罢言来才知情，,16490850.209842624,0.1111111111111111
lseh-YiLunMing-WenZhaoGuan-1.xml_18,背地里只把东皋公怨，,16497721.021884304,0.0
lsxp-ZiGuDao-HuangHeLou.xml_1,主公不必加愁肠。,16543441.392234433,0.0
lsxp-LiangGuoJiao-ShiJieTing-1.xml_3,赏罚中公（呃）平莫要自由。,16554954.395514328,0.0
lsxp-TingTaYan-ZhuoFangCao-1.xml_0,听他言听得我心（呐）惊胆怕，,16557661.352497853,0.0
lsxp-TingTaYan-ZhuoFangCao-2.xml_0,听他言吓得我心（呐）惊胆怕，,16557661.352497853,0.0
lsxp-QingGongYan-FaDongWu.xml_0,庆功宴上把酒饮，,16562586.796890127,0.0
daxp-ChunQiuTing-SuoLinNang.xml_23,他为饥寒我为娇。,16619039.496561974,0.0
daeh-ZiNaRi-ZhuangYuanMei-2.xml_13,但愿得八主贤王从中周旋早成美眷、扫狼烟叫那胡儿不敢进犯、保叔王锦锈江山。,16625727.470513193,0.1111111111111111
daeh-ZiNaRi-ErJinGong.xml_9,想起了老王爷好不惨伤。,16653940.360674055,0.0
lsxp-HenPingWang-WenZhaoGuan.xml_3,满门的家着血染红。,16654156.979669252,0.0
lseh-YiLunMing-ZhuoFangCao-1.xml_19,安眠好似并底之蛙，,16680605.4111903,0.0
daxp-WoHeNi-SangYuanHui.xml_1,谁认你狼心狗肺的人！,16703894.131964672,0.0
daxp-QiaoLouShang-HuangShanLei.xml_9,看娇儿正酣睡恐被风侵。,16741690.806211593,0.1111111111111111
daxp-QiaoLouShang-HuangShanLei.xml_4,到三更真个是月明人静，,16769831.557987897,0.0
daxp-ChunQiuTing-SuoLinNang.xml_17,问那厢因何故痛哭无聊。,16789139.615240213,0.0
daeh-ZaoBuXing-HeHouMaDian.xml_8,只骂得贼昏王装聋作哑，,16798297.242512256,0.0
daxp-ChunQiuTing-SuoLinNang.xml_33,救她饥渴胜琼瑶。,16801128.21528502,0.0
lsxp-DaHeYi-SiLangTanMu.xml_21,龙行虎步非凡等，,16804585.94349121,0.0
lsxp-CiShiJian-HuaiHeYing-2.xml_4,左手拉住了李左车，,16836062.634778317,0.0
sdxp-WoHeNi-SiLangTanMu.xml_29,怕你一去就不回还。,16859200.149823148,0.0
lseh-WeiGuoJia-HongYangDong-1.xml_1,我也曾平服了塞北西东。,16891109.05758696,0.0
daxp-FeiShiWo-TaoHuaCun.xml_17,听我的号令上战场。,16894676.043880127,0.0
lseh-YiLunMing-WenZhaoGuan-2.xml_8,俺伍员好一似丧家犬，,16931743.226468615,0.0
daxp-ErTingDe-SuoLinNang.xml_19,谁能移动它半分毫。,16947687.415289443,0.0
daxp-QiaoLouShang-HuangShanLei.xml_13,果然是晓鸡唱天已黎明。,16971090.386754308,0.0
daeh-ZaoBuXing-HeHouMaDian.xml_7,贼好比那司马师搅乱中华。,16976522.661401518,0.0
daeh-ZiNaRi-ZhuangYuanMei-1.xml_3,乱军中多亏他救我回还。,16988813.926903285,0.0
daxp-MuQinBu-FengHuanChao.xml_5,活在世上也枉然。,17038460.83974661,0.1111111111111111
lseh-YiLunMing-ZhuoFangCao-1.xml_15,悔不该弃县今抛却了乌（哇）纱，,17039497.236460138,0.0
daxp-ChunQiuTing-SuoLinNang.xml_32,小小囊儿何足道，,17061865.616839837,0.1111111111111111
daeh-ZaoBuXing-HeHouMaDian.xml_10,只骂得贼昏王无言对答。,17082641.97827747,0.0
lsxp-ZhangGongDao-ZhuangYuanPu.xml_0,张公道三十五六（哇）子有靠，,17088369.145994388,0.0
lsxp-ZouYingLong-DaYanSong.xml_6,我劝顽童你休流泪，免悲声，邹老爷就是尔的报仇人。,17094616.246070728,0.0
lsxp-LiangGuoJiao-ShiJieTing-1.xml_1,各为其主统貔貅，,17107450.460164,0.0
lsxp-CiShiJian-HuaiHeYing-1.xml_4,左手拉住了李左车，,17117441.959901657,0.0
sdxp-SuLongWei-WuJiaPo.xml_12,百般调戏也枉然。,17138208.70174805,0.0
lseh-LaoZhangBu-WuPenJi.xml_5,抓一（呀）把沙土扬灰尘。,17236441.082908012,0.0
lsxp-CiShiJian-HuaiHeYing-2.xml_1,胡言乱语怎瞒（呐）咱！,17242958.649604034,0.0
lsxp-ZiCongQian-ZhuLianZhai.xml_1,满朝中文武臣泪双流。,17298178.86156657,0.0
lsxp-WoBenShi-KongChengJi-2.xml_7,我诸葛怎比得前辈（呃）的先（呃）生。,17321225.456666227,0.0
daxp-TingTaYan-ZuoGong.xml_7,不知者不怪罪你的海量放宽。,17322152.84613292,0.0
daeh-ZiNaRi-ZhuangYuanMei-1.xml_13,但愿得八主贤王从中周旋，早成姻眷，扫狼烟，叫那胡儿不敢进犯保叔王锦绣江山。,17324906.156990264,0.1111111111111111
daxp-DangRiLi-SuoLinNang.xml_15,囊虽小却能做续命泉源。,17377281.108205464,0.0
daeh-ZiNaRi-ZhuangYuanMei-2.xml_10,但愿得令公令婆别无意见，,17387343.828103784,0.0
lseh-NiangZiBu-SouGuJiuGu.xml_6,舍子搭救忠（呃）良的后，,17440611.45767433,0.0
daeh-ZiNaRi-ErJinGong.xml_13,我只得怀抱太子两泪汪汪口口声声哭的是先王！,17460668.137622386,0.1111111111111111
daxp-QiaoLouShang-HuangShanLei.xml_15,你爹爹到如今未转家门。,17552809.412723217,0.0
daeh-ZuoChunGui-XiShi.xml_3,夜不眠朝慵起又向谁言。,17558342.24703282,0.0
daeh-ZuoRiGong-TaiZhenWaiChuan.xml_0,昨日宫中何等宠幸，,17564647.805950373,0.0
lsxp-ZiCongQian-ZhuLianZhai.xml_4,山高路远少来问候，,17570418.905215178,0.1111111111111111
daxp-FeiShiWo-TaoHuaCun.xml_3,关系你患难鸳鸯永宿在池塘。,17590397.78080325,0.1111111111111111
daeh-LiYanFei-ErJinGong.xml_5,我只得怀抱太子两泪汪汪口口声声哭的是先王。,17597536.10735654,0.1111111111111111
daxp-ErTingDe-SuoLinNang.xml_21,她为饥寒我为骄。,17602789.97561169,0.0
lsxp-ZiGuDao-HuangHeLou.xml_2,曾记得当年赴河梁，,17610830.549017023,0.0
daeh-SunShangXiang-BieHuangGong.xml_7,阿斗儿行中途被子龙追还。,17646515.634233683,0.1111111111111111
lseh-YiLunMing-WenZhaoGuan-1.xml_17,翻来覆去睡不（哇）安。,17681800.042153407,0.1111111111111111
daeh-XiaoNuCai-SanNiangJiaoZi.xml_3,等候了你妻子同见阎罗。,17693797.001527928,0.0
lseh-XuMaoGong-QinQiongFaPei.xml_0,徐茂公阴阳多奥妙，,17753877.63031386,0.0
lseh-XinZhongYou-WenZhaoGuan.xml_1,翻来复去睡不安。,17757459.973912206,0.1111111111111111
daxp-ChunQiuTing-SuoLinNang.xml_19,满腹骄矜顿雪潇，,17790152.97873171,0.0
lseh-YiLunMing-WenZhaoGuan-2.xml_1,愁人心（呐）中似箭穿。,17804955.98254582,0.0
sdxp-SuLongWei-WuJiaPo.xml_34,将你带到官衙内，,17817861.207310677,0.1111111111111111
lseh-YiLunMing-WenZhaoGuan-1.xml_3,谁知昭关有阻拦。,17846319.896603864,0.0
lsxp-ZuoRiLi-YuanMenZhanZi.xml_5,老娘亲再讲情儿自刎头来。,17848028.765748277,0.2222222222222222
daeh-LiYanFei-DaBaoGuo.xml_1,文站东武列西朝贺哀家。,17870159.640908364,0.0
daxp-DangRiLi-SuoLinNang.xml_1,霎时间日色淡似坠西山。,17877083.15784243,0.0
daeh-ZaoBuXing-HeHouMaDian.xml_12,搬一把金交椅娘且坐下，,17888838.61786485,0.0
lseh-WeiGuoJia-HongYangDong-3.xml_1,我也曾平服了塞北西东。,17938943.171829984,0.0
daeh-ZiNaRi-ZhuangYuanMei-2.xml_1,行不安坐不宁情态缠绵。,17968160.98748044,0.0
lseh-YiLunMing-WenZhaoGuan-1.xml_1,愁人心（哪）中似箭穿。,17974716.873892013,0.0
lsxp-ZiGuDao-HuangHeLou.xml_3,二将军保架过长江。,17980450.82819313,0.1111111111111111
daeh-NuZiYou-TouJunBieYao.xml_3,也不枉我二人苦度时光。,18059237.86075583,0.0
lseh-NiangZiBu-SouGuJiuGu.xml_5,他舍命来你我舍亲生。,18064047.266851608,0.1111111111111111
daxp-WoZhuYe-SiLangTanMu.xml_5,阅兵书看何人前来何安。,18135436.36563001,0.1111111111111111
daeh-ZiNaRi-ErJinGong.xml_7,看一看不觉到八月中秋。,18152549.86943991,0.0
daxp-ChunQiuTing-SuoLinNang.xml_10,轿内的人儿弹别调，,18194818.809459686,0.1111111111111111
daeh-CanQiQi-WuLongZuo.xml_2,千金休哪曾受磨房景况，,18196952.28432994,0.0
sdxp-SuLongWei-WuJiaPo.xml_6,为军的要人我是不要钱。,18200739.61400989,0.0
lsxp-ZouYingLong-DaYanSong.xml_0,忽听得万岁宣应龙，,18209404.180513587,0.0
daxp-DangRiLi-SuoLinNang.xml_6,虽然是古青庐以朴为俭，,18213333.62368339,0.0
daxp-ChunQiuTing-SuoLinNang.xml_8,亦有饥寒悲怀抱，,18360956.510096457,0.0
daxp-WoDeNiang-XinAnYi.xml_3,却原来母亲到儿未知情。,18364694.63452922,0.2222222222222222
lsxp-DaHeYi-SiLangTanMu.xml_9,家住后山磁州郡，,18366911.085361842,0.0
lsxp-TingTaYan-ZhuoFangCao-2.xml_5,这才是花随水水不（哇）能恋（呐）花。,18395504.987938352,0.0
daeh-LiYanFei-DaBaoGuo.xml_9,压定了文武臣均要画押。,18401721.187804792,0.0
daeh-NaRiFeng-YuanXiaoMi.xml_7,不如早死命归西。,18416383.87720939,0.0
lseh-XinZhongYou-WenZhaoGuan.xml_2,背地里只把东皋公怨，,18457960.01517212,0.0
daxp-ErTingDe-SuoLinNang.xml_17,满腹骄矜顿雪潇。,18487989.64724096,0.0
daxp-ErTingDe-SuoLinNang.xml_7,不该人前乱解嘲。,18487989.64724096,0.0
daxp-ErTingDe-SuoLinNang.xml_9,哪有个袖手旁观在壁上瞧。,18526605.243140455,0.1111111111111111
daeh-ZuoChunGui-XiShi.xml_2,奴这里心中痛玉颜清减，,18535988.476559572,0.0
daxp-SuSanLi-NvQiJie.xml_7,来生变犬马我当报还！,18550244.66470746,0.1111111111111111
lseh-YiLunMing-WenZhaoGuan-1.xml_2,实指（惹）望到吴国借兵回转，,18550270.206374634,0.0
daxp-MengTingDe-MuiGuiYingGuaShuai.xml_5,寸土怎能够属于他人。,18581467.66710285,0.0
daeh-XiaoNuCai-SanNiangJiaoZi.xml_2,哭一声亡故夫在阴曹等我，,18596166.301386807,0.1111111111111111
lsxp-DaHeYi-SiLangTanMu.xml_28,原来四哥回宋营。,18601410.800934132,0.1111111111111111
lsxp-CiShiJian-HuaiHeYing-1.xml_3,为什么事到如今耍奸滑。,18639959.481281035,0.0
daxp-QiaoLouShang-HuangShanLei.xml_5,猛听得窗儿外似有人行。,18658619.478652757,0.1111111111111111
daxp-LaoDieDie-SanJiZhang-1.xml_3,贫穷人得了志比富还强。,18662434.591327496,0.0
daeh-LiYanFei-ErJinGong.xml_3,想必是徐杨将进了昭阳。,18672642.87579528,0.1111111111111111
daxp-ErDeFu-HongNiGuan.xml_7,又恐怕众将官说短论长。,18701711.762895077,0.1111111111111111
daxp-ErTingDe-SuoLinNang.xml_5,问那厢因何故痛哭无聊？,18742723.729526684,0.0
sdxp-WoHeNi-SiLangTanMu.xml_24,因何故终日里愁眉不展，,18756464.537443466,0.0
daeh-ZiNaRi-ZhuangYuanMei-2.xml_7,帝王家深宫怨似水流年。,18801699.720247645,0.0
lseh-YiLunMing-ZhuoFangCao-1.xml_14,悔不该把家属一（呀）旦撇下，,18811708.096608818,0.0
lseh-YiLunMing-WenZhaoGuan-1.xml_37,我不杀平王我的心怎甘（哪）。,18829465.986989237,0.0
sdxp-WoHeNi-SiLangTanMu.xml_10,怎奈我身在番难以过关。,18841482.48784303,0.2222222222222222
lseh-JinZhongXiang-ShangTianTai.xml_1,寡人喜的是五谷丰登。,18843542.41579529,0.0
daxp-MengJunZi-ChunQiuPei-2.xml_3,我爹爹名姜绍贸易天涯。,18953616.751974188,0.0
daeh-ZaoBuXing-HeHouMaDian.xml_2,把一个皇太子逼死殿下，,18960068.250708684,0.0
lseh-XiRiLi-BaoLianDeng.xml_13,二娇儿也难比那两个贤人。,18983789.792605855,0.1111111111111111
lseh-TanXiongDi-SangYuanJiZi.xml_3,见坟台不见人刀割我心。,18999054.713410575,0.0
lseh-WeiGuoJia-HongYangDong-2.xml_1,我也曾平服了塞北西东。,19003890.4143296,0.0
lseh-YiLunMing-WenZhaoGuan-2.xml_2,实指望到吴国借兵回转，,19146937.917742677,0.0
lsxp-ShenGongWu-LongFengChengXiang.xml_0,深宫无（哇）处不飞花，,19195375.333265696,0.0
daeh-WuDuanQiao-BiYuZan.xml_4,今生若被郎轻贱，,19245911.94299134,0.0
sdxp-SuLongWei-WuJiaPo.xml_5,西凉川四十单八站，,19358826.548106886,0.0
daxp-DangRiLi-SuoLinNang.xml_13,怎奈我在轿中赤手空拳。,19368395.937286682,0.1111111111111111
lseh-XinZhongYou-WenZhaoGuan.xml_21,我不杀平王我的心怎甘。,19373305.361885868,0.0
lseh-WeiKaiYan-RangXuZhou.xml_1,天卸重任我就要（哇）你担承。,19380536.137269095,0.0
daxp-TingTaYan-ZuoGong.xml_1,十五载到今日才吐真言。,19397254.764669213,0.0
daxp-FeiShiWo-TaoHuaCun.xml_10,不但要仔细听、还要仔细想，,19399183.212147024,0.0
lseh-XinZhongYou-WenZhaoGuan.xml_9,不能（呃）哎见。,19429470.842102356,0.0
lseh-LaoZhangBu-WuPenJi.xml_1,我有言来你是（喏）听。,19430966.44477381,0.1111111111111111
lseh-YiLunMing-ZhuoFangCao-2.xml_10,屈死的冤鬼魂休要怨咱，,19463045.555475887,0.0
daeh-XiaoNuCai-SanNiangJiaoZi.xml_5,叹一声不由人珠泪如梭。,19463354.537922442,0.0
lsxp-TingTaYan-ZhuoFangCao-1.xml_5,这才是花随水水不（哇）能恋（呐）花。,19517310.11078337,0.0
lseh-YiLunMing-ZhuoFangCao-2.xml_1,陈宫心中乱如麻。,19576192.10648293,0.0
lsxp-ZiCongQian-ZhuLianZhai.xml_2,为千岁懒把朝房走，,19582853.577411436,0.0
lseh-YiLunMing-ZhuoFangSuDian.xml_2,悔不该心猿并意马，,19593065.87109491,0.0
daxp-XiShiNv-XiShi.xml_1,难得有开怀事常锁双眉。,19598693.021513633,0.0
daxp-ChenSanLiang-ChenSanLiangPaTang.xml_4,诗书易礼都学会，,19652534.094479527,0.0
lseh-XinZhongYou-WenZhaoGuan.xml_20,对天发下宏誓愿，,19656337.469823975,0.0
daxp-LaoDieDie-DaYuShaJia-2.xml_3,等候了爹爹回细问根由。,19701310.314398747,0.0
sdxp-DangNianHan-SanJiZhang.xml_14,在六国封相人上人。,19769289.60219408,0.1111111111111111
lseh-YiLunMing-ZhuoFangCao-1.xml_24,执宝剑将贼的（呀）头割下，,19776542.760228444,0.1111111111111111
sdxp-SuLongWei-WuJiaPo.xml_27,三人对面（就）说分明。,19782781.502080515,0.0
lseh-YiLunMing-WenZhaoGuan-2.xml_3,谁知昭关有阻拦。,19807875.793160502,0.0
sdxp-SuLongWei-WuJiaPo.xml_25,苏龙魏虎是内亲。,19810367.46332184,0.0
daxp-TingTaYan-ZuoGong.xml_4,我这里走向前再把礼见，,19810651.52647271,0.0
lsxp-CiShiJian-HuaiHeYing-2.xml_3,为什么事到如今耍奸滑？,19816785.3313451,0.0
lsxp-ZhangGongDao-ZhuangYuanPu.xml_2,为（呀）儿（啼）女我也曾朝山拜庙，,19853620.524298005,0.1111111111111111
sdxp-SuLongWei-WuJiaPo.xml_18,我与你露水的夫妻就过几年（呐）。,19857272.096019074,0.0
lseh-TuZeiZuo-SouGuJiuGu.xml_0,屠贼做事心太狠，,19883758.095371895,0.0
lseh-YiLunMing-WenZhaoGuan-1.xml_36,对天发不宏誓愿，,19910720.317856453,0.0
daxp-SuSanLi-NvQiJie.xml_4,哪一位去往南京转，,19960059.87492289,0.0
lsxp-DaHeYi-SiLangTanMu.xml_24,你是番邦什么人？,19960494.146086752,0.0
lsxp-CiShiJian-HuaiHeYing-1.xml_7,（啊）生死二字（喏）且由他。,19987704.451581415,0.0
daxp-MengJunZi-ChunQiuPei-1.xml_5,莫奈何到荒郊我就来捡芦花。,19996912.363900416,0.1111111111111111
daxp-LaoDieDie-SanJiZhang-2.xml_2,父道那薛平贵是那化郎模样，,19998146.884514324,0.0
lsxp-TingTaYan-ZhuoFangCao-1.xml_6,这时候我只得暂且忍耐在心下，,20007634.80334072,0.1111111111111111
lseh-ZiNaRi-HongYangDong.xml_9,因此上臣的病重（呃）加十分、千岁爷呀！,20009384.1392736,0.0
daxp-DangRiLi-SuoLinNang.xml_11,为什么悲切切哭得可怜。,20014503.235904757,0.0
dldeh-ShouBiPo-ChunQiuPei.xml_3,奴好比花未开风吹雨打，,20047328.706506785,0.0
lseh-YangYanZhao-PengBei.xml_4,我本当将此事对他来论，,20055277.746328957,0.2222222222222222
lseh-YiLunMing-ZhuoFangCao-1.xml_17,汉室后来贼是个惹祸的根芽。,20064100.59560421,0.1111111111111111
sdxp-DangNianHan-SanJiZhang.xml_5,我的儿说话言不逊，,20100536.42073664,0.1111111111111111
daeh-ZiNaRi-ZhuangYuanMei-2.xml_6,百姓们闺房乐如花美眷，,20117160.922909264,0.0
sdxp-SuLongWei-WuJiaPo.xml_38,西凉的鞑子将你斩，,20129680.430069104,0.1111111111111111
daxp-ChunQiuTing-SuoLinNang.xml_24,分我一枝珊瑚宝，,20141463.0561298,0.0
daxp-ChunQiuTing-SuoLinNang.xml_22,我在不足他正少，,20141463.0561298,0.1111111111111111
lsxp-ShenGongWu-LongFengChengXiang.xml_3,耳听笙歌闹喧哗。,20149220.67969973,0.0
lsxp-HenPingWang-WenZhaoGuan.xml_1,父纳子（呃）妻礼难容，,20155951.337370235,0.0
lsxp-LiangGuoJiao-ShiJieTing-2.xml_1,各为其（呀）主统貔貅。,20161965.8376546,0.0
daeh-CanQiQi-WuLongZuo.xml_3,担几肩头晕转体若筛糠。,20185047.99319204,0.0
daeh-ZiNaRi-ErJinGong.xml_4,他那里父女情全然无有，,20204456.77825255,0.0
sdxp-SuLongWei-WuJiaPo.xml_1,苏龙魏虎为媒证，,20224336.701241504,0.0
daeh-ZiNaRi-ErJinGong.xml_6,徐小姐把守在宫门口，,20292958.979382325,0.2222222222222222
lseh-YiLunMing-ZhuoFangCao-1.xml_18,观此贼睡卧真（呐）潇洒，,20299641.04693438,0.0
lseh-YiLunMing-ZhuoFangSuDian.xml_10,屈死的怨鬼魂休要怨（呐）咱，,20312087.662053816,0.0
lsxp-WeiCengKai-QiYuanBao.xml_2,家住在南阳太平庄，,20350892.961659297,0.1111111111111111
daxp-LaoDieDie-SanJiZhang-1.xml_2,父休笑薛平贵是花郎模样，,20369398.802906077,0.0
daeh-ZiNaRi-ZhuangYuanMei-2.xml_9,宋天子主婚姻此事成全。,20427987.142491423,0.0
daxp-MengJunZi-ChunQiuPei-2.xml_4,身有病还受那继母拷打，,20458297.597573996,0.1111111111111111
daxp-LaoDieDie-SanJiZhang-2.xml_3,这样人得了志比父还强。,20486665.77656913,0.0
lsxp-ZheYiFeng-DingJunShan.xml_0,这一封（呃）书信来得巧，,20510383.504849814,0.1111111111111111
lsxp-TingTaYan-ZhuoFangCao-2.xml_6,这时候我只得暂且忍耐在心下，,20536861.644754,0.1111111111111111
sdxp-WoHeNi-SiLangTanMu.xml_31,一夜之间你怎能回还。,20550580.449286636,0.0
daxp-MengJunZi-ChunQiuPei-2.xml_2,家住在罗郡城魁星楼下，,20558420.186958652,0.1111111111111111
sdxp-DangNianHan-SanJiZhang.xml_3,小奴才真个不孝顺，,20564166.798905585,0.0
sdxp-WoHeNi-SiLangTanMu.xml_2,贤公主又何必过于谦言。,20565132.14512016,0.0
sdxp-SuLongWei-WuJiaPo.xml_26,你我同把相府进，,20570019.456142172,0.0
lseh-ZiNaRi-HongYangDong.xml_1,三更时梦（呃）见（呐）了年迈爹尊（呐）。,20581340.06520908,0.0
lseh-NiangZiBu-SouGuJiuGu.xml_1,卑（呀）人言来你是（喏）听。,20592719.145066217,0.1111111111111111
lsxp-JiangShenEr-SanJiaDian.xml_11,儿行千里母担忧。,20613513.388035387,0.1111111111111111
lsxp-JiangShenEr-SanJiaDian.xml_5,因此上发配到登州。,20633725.680571586,0.0
sdeh-WenSanNiang-SanNiangJiaoZi.xml_6,又谁知平白的闪跌一跤。,20684320.16404431,0.0
daxp-XiShiNv-XiShi.xml_5,对清溪时照影自整罗农。,20688657.74898395,0.0
daxp-ChenSanLiang-ChenSanLiangPaTang.xml_5,最可恨鸨儿叫我接客人。,20689578.985482406,0.1111111111111111
lseh-YiLunMing-ZhuoFangCao-2.xml_2,悔不该心猿并意马，,20795175.40608813,0.0
lsxp-JiangShenEr-SanJiaDian.xml_1,尊一声过往的宾朋听从头：,20827326.727385323,0.0
lseh-JinZhongXiang-ShangTianTai.xml_2,文凭着邓先生策划有准，,20827925.402786482,0.0
lsxp-JiangShenEr-SanJiaDian.xml_15,叫一声解差把店役。,20907131.917337846,0.0
daxp-ErTingDe-SuoLinNang.xml_29,积德才生玉树苗。,20925754.770030476,0.0
lseh-YiLunMing-ZhuoFangCao-1.xml_22,虎在笼中我不打，,20949902.69685167,0.1111111111111111
sdxp-SuLongWei-WuJiaPo.xml_13,腰中取出银一锭，,20952614.287186712,0.0
lseh-XinZhongYou-WenZhaoGuan.xml_17,我本当拔宝剑自寻短见，,20986392.006530836,0.0
lsxp-ZouYingLong-DaYanSong.xml_13,在品级台（呀）前臣见君。,20996498.105524458,0.1111111111111111
lsxp-ZheYiFeng-DingJunShan.xml_4,头通（呃）鼓紧战袍，,21011883.76441155,0.0
sdeh-WenSanNiang-SanNiangJiaoZi.xml_1,问三娘发雷霆却是为何？,21047995.083107743,0.0
daeh-NaRiFeng-YuanXiaoMi.xml_1,死里逃生甚惨凄。,21103274.805376414,0.0
daeh-ZuoRiGong-TaiZhenWaiChuan.xml_1,有谁知一时错被逐宫廷。,21180049.687044848,0.0
daxp-DuiLingHua-BiYuZan.xml_3,也算得人世间美满姻缘。,21198543.30761542,0.0
lsxp-CiShiJian-HuaiHeYing-1.xml_1,胡言乱语怎瞒（呐）咱。,21213742.078878146,0.0
lseh-YiLunMing-ZhuoFangSuDian.xml_1,陈宫心（呐）中乱如麻，,21227645.52027097,0.0
lsxp-YiShiWu-YuCangJian.xml_7,我与奸贼不共戴天！,21247345.547354046,0.0
lsxp-QingGongYan-FaDongWu.xml_2,弟兄们创业多艰难，,21287834.114480264,0.0
daxp-MengJunZi-ChunQiuPei-1.xml_3,我的父名姜绍贸易天涯。,21352523.61466406,0.0
daxp-ErTingDe-SuoLinNang.xml_30,小小囊儿何足道，,21366477.149551023,0.1111111111111111
lsxp-ZhangGongDao-ZhuangYuanPu.xml_4,怕将（呃）来老天爷无（哇）有果报，,21374631.455485657,0.2222222222222222
lsxp-DaHeYi-SiLangTanMu.xml_2,杨家将令鬼神惊。,21431972.885042068,0.1111111111111111
sdxp-SuLongWei-WuJiaPo.xml_2,王丞相是我的主婚人（哪）。,21482467.280394662,0.0
daxp-FeiShiWo-TaoHuaCun.xml_2,今夜晚非比那西厢待月、你懂提防、莫轻狂，,21488474.381962024,0.0
daeh-ZuoRiGong-TaiZhenWaiChuan.xml_3,但不知何日里再沐圣明。,21527980.876242366,0.0
daxp-ErTingDe-SuoLinNang.xml_20,我正不足她正少，,21609190.937955935,0.0
daxp-ChunQiuTing-SuoLinNang.xml_25,安他半世凤凰巢。,21619305.64796644,0.0
daxp-ErTingDe-SuoLinNang.xml_23,安她半世凤凰剿。,21619305.64796644,0.0
daeh-WuDuanQiao-BiYuZan.xml_3,落得孤身病恹恹。,21622511.75436236,0.1111111111111111
daxp-LaoDieDie-DaYuShaJia-2.xml_1,倒叫我桂英儿挂在心头。,21667638.17678633,0.2222222222222222
lseh-XinZhongYou-WenZhaoGuan.xml_16,我冷冷清清向谁言（呃）。,21760078.948536754,0.0
sdxp-WoHeNi-SiLangTanMu.xml_5,非是我这几日愁眉不展，,21779816.67348418,0.0
daeh-ZiNaRi-ZhuangYuanMei-1.xml_6,百姓们闺房乐如花美眷，,21790043.950117953,0.0
sdxp-SuLongWei-WuJiaPo.xml_43,落得个孝子的名儿在那天下传。,21837007.917241387,0.2222222222222222
daxp-LaoDieDie-DaYuShaJia-1.xml_1,到叫我桂英儿挂在心头；,21865567.09430293,0.2222222222222222
daxp-NiDeFu-FenHeWan.xml_3,不等到日落及早回程。,21865680.304596175,0.0
lseh-YiLunMing-WenZhaoGuan-1.xml_32,我冷冷清清向谁言（哪）。,22000559.52227154,0.0
daxp-DangRiLi-SuoLinNang.xml_0,当日里好风光忽觉转变，,22067876.07062447,0.0
lseh-YiLunMing-ZhuoFangCao-1.xml_1,陈宫心（呐）中乱如麻，,22141550.33507059,0.0
sdxp-DangNianHan-SanJiZhang.xml_10,都是安邦定国臣，,22162065.349138364,0.0
lsxp-ZheYiFeng-DingJunShan.xml_5,三通鼓刀出鞘四通（呃）鼓把兵交。,22211955.713884596,0.0
lseh-LaoZhangBu-WuPenJi.xml_2,休把我当作了妖魔论，,22213726.73390131,0.0
lsxp-WoBenShi-KongChengJi-2.xml_9,我面前却少个知（呃）音的人。,22330189.381863393,0.0
daxp-WoDeNiang-XinAnYi.xml_0,我的娘她忘了女生外姓，,22382845.642088007,0.0
sdxp-DangNianHan-SanJiZhang.xml_2,未央宫斩的是何人？,22485675.425252005,0.0
daxp-ErTingDe-SuoLinNang.xml_8,怜贫济困是正道，,22546924.389304034,0.0
daxp-WoZhuYe-SiLangTanMu.xml_0,我主爷金沙滩早把命丧，,22664169.628675446,0.0
daxp-ErTingDe-SuoLinNang.xml_14,休要噪且站了，,22669312.400023546,0.0
sdxp-WoHeNi-SiLangTanMu.xml_14,见母一面即刻还。,22676460.832036663,0.0
daeh-ZiNaRi-ZhuangYuanMei-1.xml_10,但愿得令公令婆别无异见，,22709314.35779509,0.0
daxp-ErDeFu-HongNiGuan.xml_4,清早起我和他一度商量，,22777481.493667994,0.0
lsxp-WoBenShi-KongChengJi-1.xml_7,俺诸（喏）葛怎比得前辈呀的先哪生。,22779026.036908656,0.0
lsxp-LiangGuoJiao-ShiJieTing-2.xml_3,赏罚中公（呃）平莫要自由。,22800988.46180144,0.0
daxp-QiaoLouShang-HuangShanLei.xml_12,数更等交五鼓空房愈冷，,22885521.967115976,0.0
lseh-YiLunMing-WenZhaoGuan-1.xml_34,寻短（哪）哎见爹娘（兀）！,22950920.29365897,0.0
sdxp-DangNianHan-SanJiZhang.xml_18,大孝之人也受贫。,22987248.30337831,0.1111111111111111
daxp-DangRiLi-SuoLinNang.xml_3,耳听得风声断，雨声喧，雷声乱，乐声阑珊，人声呐喊，都道说是大雨倾天。,22997019.938035734,0.1111111111111111
daeh-ZiNaRi-ZhuangYuanMei-2.xml_11,但愿得杨六郎心如石坚。,23010257.43608478,0.0
sdxp-SuLongWei-WuJiaPo.xml_4,咬定牙关他就不认承。,23045414.373022612,0.0
sdxp-WoHeNi-SiLangTanMu.xml_17,公主叫我盟誓愿，,23053700.35940154,0.0
daxp-ErDeFu-HongNiGuan.xml_2,奴这里只把那结婚思量，,23054555.041505016,0.0
lsxp-WoZhuYe-ZhuiHanXin.xml_4,先进咸阳为皇上，,23106463.41957931,0.0
daxp-QiaoLouShang-HuangShanLei.xml_8,听画鼓报四更愈添凄冷，,23122250.22972768,0.0
lseh-XiRiLi-BaoLianDeng.xml_15,打死个秦官保父不能担承。,23125635.74097954,0.0
daxp-MengJunZi-ChunQiuPei-1.xml_4,在家中受不过继母拷打，,23150938.046506975,0.1111111111111111
lsxp-DaHeYi-SiLangTanMu.xml_26,要见本帅为何情？,23200928.35779693,0.0
daeh-WuDuanQiao-BiYuZan.xml_7,又怕丑名误流传。,23224041.757059608,0.0
lseh-YiLunMing-WenZhaoGuan-1.xml_16,心中有事难合眼，,23224470.97983404,0.0
lsxp-WoBenShi-KongChengJi-2.xml_0,我本是卧龙岗散淡（呐）的人，,23291350.347376168,0.0
sdxp-WoHeNi-SiLangTanMu.xml_12,无有令箭怎过关。,23309882.543673046,0.0
daxp-MengTingDe-MuiGuiYingGuaShuai.xml_3,敌血飞溅石榴裙。,23319285.882273078,0.0
daxp-FeiShiWo-TaoHuaCun.xml_7,桃花村口莫彷徨。,23321289.25928984,0.1111111111111111
lsxp-DaHeYi-SiLangTanMu.xml_4,上面（哪）坐的同胞人。,23339766.46086311,0.0
sdxp-SuLongWei-WuJiaPo.xml_3,他三人与我有仇恨，,23355164.163972188,0.0
lseh-XinZhongYou-WenZhaoGuan.xml_0,心中有事难合眼，,23396223.113679048,0.0
lsxp-CiShiJian-HuaiHeYing-2.xml_7,生死二字（喏）且由他！,23417497.688336063,0.0
daeh-LiYanFei-DaBaoGuo.xml_7,宣太师上金殿披红插花。,23524002.947176725,0.0
daxp-XiRiLi-LongFengChengXiang.xml_0,昔日里梁鸿配孟光，,23557633.14035105,0.0
daxp-ChunQiuTing-SuoLinNang.xml_3,想必是新婚渡鹊桥，,23620659.09780982,0.0
lseh-YiLunMing-WenZhaoGuan-1.xml_5,他将我隐藏在后花园。,23635777.66912865,0.2222222222222222
lseh-YangYanZhao-PengBei.xml_0,杨延昭奉父命巡查大营，,23710784.755945545,0.1111111111111111
lsxp-DaHeYi-SiLangTanMu.xml_25,家住哪州并哪郡？,23804277.187459268,0.0
lsxp-ZhangGongDao-ZhuangYuanPu.xml_1,陈伯愚年半百无有后苗。,23842926.93387963,0.0
daxp-LaoDieDie-YuZhouFeng.xml_3,观此本免了儿一门祸殃。,23999479.93790061,0.1111111111111111
lsxp-WoBenShi-KongChengJi-1.xml_9,我面前缺少个知呃音的人。,24005125.112309348,0.0
lsxp-ShenGongWu-LongFengChengXiang.xml_2,朝欢暮乐无牵挂，,24066988.425613303,0.0
daxp-NiDeFu-FenHeWan.xml_0,你的父去投军无音信，,24158426.876403894,0.0
daxp-MengJunZi-ChunQiuPei-2.xml_0,蒙君子至诚心再三问话，,24232753.711026426,0.1111111111111111
daxp-MengJunZi-ChunQiuPei-1.xml_2,家住在罗郡城魁星楼下，,24376870.793675806,0.1111111111111111
lseh-WeiGuoJia-HongYangDong-1.xml_0,为国家那何曾半日闲空，,24519013.08027524,0.0
lseh-TanXiongDi-SangYuanJiZi.xml_2,眼望着孤坟台珠泪难忍，,24528703.69332588,0.0
daxp-ErTingDe-SuoLinNang.xml_22,分我一枝珊瑚宝，,24538412.125154294,0.0
sdxp-DangNianHan-SanJiZhang.xml_13,商鞅不中苏季子，,24538412.125154294,0.0
lsxp-DaHeYi-SiLangTanMu.xml_10,火堪寨上有家门。,24611064.79953589,0.0
daeh-TanHongYan-HuoXiaoYu.xml_5,隔着窗儿点滴不休。,24655166.71506363,0.1111111111111111
daxp-ChunQiuTing-SuoLinNang.xml_30,麟儿那有神送到，,24695821.4028052,0.1111111111111111
daxp-MengTingDe-MuiGuiYingGuaShuai.xml_6,番王小丑何足论，,24785312.724911306,0.0
lseh-ZiNaRi-HongYangDong.xml_2,我前番命孟良骸骨搬（呐）请，,24789084.778712746,0.0
lseh-WeiGuoJia-HongYangDong-2.xml_0,为国家哪何曾半日闲空，,24800402.797166884,0.0
sdxp-DangNianHan-SanJiZhang.xml_1,登台拜帅是韩信，,24830698.63810993,0.0
daxp-XiRiLiang-LongFengChengXiang.xml_0,昔日梁鸿配孟光，,24932627.42531633,0.0
daxp-ChunQiuTing-SuoLinNang.xml_1,何处悲声破寂寥。,24988979.0155447,0.0
lsxp-QingGongYan-FaDongWu.xml_1,想起桃园结拜情。,25099464.682760295,0.0
lsxp-DaHeYi-SiLangTanMu.xml_14,失落番邦被贼擒。,25185361.856780376,0.0
daxp-MuQinBu-FengHuanChao.xml_4,人生不知顾脸面，,25198116.68423379,0.0
sdxp-DangNianHan-SanJiZhang.xml_20,爹爹为何你要退婚？,25362969.530771997,0.0
lsxp-WoBenShi-KongChengJi-1.xml_0,我本是卧龙岗散淡哪的人，,25395181.94368124,0.0
daxp-MengTingDe-MuiGuiYingGuaShuai.xml_0,猛听得金鼓响画角声震，,25457019.6511442,0.0
daxp-TingTaYan-ZuoGong.xml_0,听他言吓得我浑身是汗，,25467644.158446483,0.1111111111111111
sdxp-SuLongWei-WuJiaPo.xml_30,本利算来有多少，,25518036.74938274,0.1111111111111111
daxp-ErTingDe-SuoLinNang.xml_28,麟儿哪有神送到，,25594514.13751865,0.1111111111111111
lseh-WeiKaiYan-RangXuZhou.xml_4,望使君放开怀慨然（呐）应（呐）允，,25939806.933295883,0.0
daeh-TanHongYan-HuoXiaoYu.xml_1,美满姻缘付东流。,25942842.67148278,0.0
sdxp-SuLongWei-WuJiaPo.xml_10,管保大嫂就断与咱。,25954573.47657881,0.1111111111111111
lseh-ZenNengGou-BaDaChui.xml_0,怎能够思一计番营来进，,25966361.135713395,0.1111111111111111
lseh-ZenNengGou-BaDaChui.xml_2,前也思（喏）后又想无有计定，,25995411.539189495,0.0
lseh-YiLunMing-WenZhaoGuan-2.xml_5,他将我隐藏在后花园。,25997202.357698083,0.2222222222222222
daxp-TingTaYan-ZuoGong.xml_3,他思家乡想骨肉就不能团圆。,26120635.29929203,0.0
sdxp-SuLongWei-WuJiaPo.xml_39,妻儿老小与奴一般。,26136824.97158631,0.1111111111111111
daxp-XiShiNv-XiShi.xml_0,西施女生长在苎萝村里，,26200763.851709463,0.1111111111111111
lseh-WeiKaiYan-RangXuZhou.xml_3,老朽年迈我也不能够担承。,26236712.318662174,0.0
daxp-DangRiLi-SuoLinNang.xml_7,哪有这短花帘，旧花幔，参差流苏，残破不全。,26248499.448520433,0.0
daxp-FeiShiWo-TaoHuaCun.xml_4,已然错请生波浪，,26329763.465885878,0.0
dldeh-ShouBiPo-ChunQiuPei.xml_4,想亲娘和老父心乱如麻。,26471925.31358397,0.0
lsxp-DaHeYi-SiLangTanMu.xml_22,灯光之下看不真。,26744843.66793041,0.0
lseh-WeiKaiYan-RangXuZhou.xml_0,未开言不由人（呐）珠泪滚滚，,26783925.299098577,0.0
sdxp-DangNianHan-SanJiZhang.xml_4,仙女嫁的又是何人？,26812080.245467167,0.0
daxp-ChunQiuTing-SuoLinNang.xml_6,此时却又明白了，,26890510.440632667,0.0
daeh-ZiNaRi-ErJinGong.xml_2,先王爷晏驾后太子年幼，,26899159.118167054,0.0
lsxp-DaHeYi-SiLangTanMu.xml_6,怎知今日回宋营。,27129867.62393979,0.0
lsxp-YiShiWu-YuCangJian.xml_3,靠山绿（哇）水常在面前。,27158759.954141796,0.1111111111111111
lseh-WeiGuoJia-HongYangDong-1.xml_2,官封到节度使（喏）皇王恩重，,27206074.10408029,0.0
lseh-XinZhongYou-WenZhaoGuan.xml_18,寻短（呃）哎见爹娘（呃）。,27236862.426791262,0.0
sdxp-WoHeNi-SiLangTanMu.xml_32,适才叫咱盟誓愿，,27303911.07475468,0.0
sdxp-WoHeNi-SiLangTanMu.xml_25,有什么心腹事你只管明言。,27309031.460143555,0.0
lsxp-WoBenShi-KongChengJi-2.xml_5,东西战南北剿博古（呃）通（哦）今。,27313727.554971885,0.0
daxp-DangRiLi-SuoLinNang.xml_16,有金珠和珍宝光华灿烂，,27318765.61847108,0.0
daxp-XiRiLi-LongFengChengXiang.xml_3,安排虎计害刘王。,27459877.860728722,0.0
lsxp-WoBenShi-KongChengJi-2.xml_2,先帝（呀）爷下南阳（呃）御驾三（呃）请，,27462532.685152244,0.0
lseh-YiLunMing-WenZhaoGuan-1.xml_33,我本当拔宝剑自寻短见，,27504171.969651036,0.0
lseh-ZenNengGou-BaDaChui.xml_3,倒不如上公安观看古今。,27564542.851165384,0.0
sdxp-SuLongWei-WuJiaPo.xml_28,我父在朝为官宦，,27665024.824904677,0.1111111111111111
sdxp-DangNianHan-SanJiZhang.xml_9,当年韩信与苏秦，,27676254.144648187,0.0
daeh-NaRiFeng-YuanXiaoMi.xml_3,我与母亲两分离。,27898356.269489367,0.0
sdxp-WoHeNi-SiLangTanMu.xml_16,快马加鞭我一夜还。,27960742.650711633,0.0
lseh-NiangZiBu-SouGuJiuGu.xml_10,千言万（哪）语她不肯，,28095620.170303788,0.0
lsxp-WoBenShi-KongChengJi-1.xml_5,东西战南北剿博古通呃今。,28137204.188058246,0.0
daxp-FeiShiWo-TaoHuaCun.xml_0,非是我嘱咐叮咛把话讲，,28375909.369397823,0.0
lseh-ZiNaRi-HongYangDong.xml_0,自（喏）那日朝罢归身（呐）染重病，,28396079.713913877,0.1111111111111111
lseh-NiangZiBu-SouGuJiuGu.xml_3,三百余口命赴幽冥。,28626935.02103592,0.1111111111111111
lseh-TanXiongDi-SangYuanJiZi.xml_0,叹兄兀弟遭不幸一旦丧命，,28629159.69569511,0.0
daxp-ErDeFu-HongNiGuan.xml_1,撇下了奴一人好不悲凉。,28683497.534105256,0.0
lseh-XiRiLi-BaoLianDeng.xml_0,昔日里有一个孤竹君，,28694113.61585741,0.0
daeh-ZiNaRi-ZhuangYuanMei-2.xml_8,幸喜得珍珠衫称心如愿，,28699055.351882603,0.0
lseh-WeiGuoJia-HongYangDong-3.xml_2,官封到节度史（喏）皇王恩重，,28719899.555561088,0.0
daxp-ErTingDe-SuoLinNang.xml_16,听薛良一语来相告，,28725205.78777128,0.1111111111111111
sdxp-WoHeNi-SiLangTanMu.xml_22,讲什么夫妻情恩德不浅，,28805691.40778335,0.0
daxp-DuiLingHua-BiYuZan.xml_1,听她言不由人喜上眉尖。,28806327.260612853,0.0
lseh-WeiGuoJia-HongYangDong-2.xml_3,身不爽不由人瞌睡朦胧（呃）（哪）。,28897757.176648207,0.1111111111111111
lseh-WeiGuoJia-HongYangDong-2.xml_2,官封到节度使（喏）皇王恩重，,28960143.190931004,0.0
lseh-WeiGuoJia-HongYangDong-3.xml_0,为国家哪何曾半日闲空，,28996172.91566307,0.0
lsxp-DaHeYi-SiLangTanMu.xml_16,我是你四哥回宋营。,29039242.99086334,0.0
lseh-YiLunMing-ZhuoFangCao-2.xml_11,自有那神灵儿天地鉴察。,29049404.79977989,0.1111111111111111
lsxp-HenPingWang-WenZhaoGuan.xml_2,我的（呀）父谏奏反把命（哪）送，,29186813.392735418,0.0
lseh-LaoZhangBu-WuPenJi.xml_6,我和你远无冤近无有仇恨，,29230524.460878804,0.0
daeh-ZiNaRi-ZhuangYuanMei-1.xml_8,幸喜得珍珠衫称心如愿，,29310001.691701103,0.0
lsxp-DaHeYi-SiLangTanMu.xml_8,问我一言答一声。,29325588.000532925,0.0
lsxp-WoBenShi-KongChengJi-1.xml_2,先帝呀爷下南阳御呀驾三请，,29330308.177067567,0.0
daxp-LaoDieDie-YuZhouFeng.xml_1,明早朝上金殿面奏吾皇。,29344375.63625686,0.0
lsxp-ZheYiFeng-DingJunShan.xml_9,到明天午时三刻要成功劳。,29393507.236858457,0.0
lseh-XiRiLi-BaoLianDeng.xml_7,兄（呃）推弟来两不能够担承。,29511647.074689493,0.1111111111111111
daxp-MengJunZi-ChunQiuPei-1.xml_1,虽然是男女别不得不答。,29536099.242769517,0.0
daxp-ChunQiuTing-SuoLinNang.xml_18,听薛良一语来相告，,29544254.37590312,0.1111111111111111
lseh-LaoZhangBu-WuPenJi.xml_0,老丈不（哇）必胆怕惊，,29705633.587617848,0.0
daeh-TanHongYan-HuoXiaoYu.xml_3,啼花泣月在暗里（呀）添愁。,29965438.15734404,0.1111111111111111
daxp-ErTingDe-SuoLinNang.xml_0,耳听得悲声惨心中如捣，,30081155.175946288,0.0
daxp-XiRiLiang-LongFengChengXiang.xml_3,安排巧计害刘王。,30313665.823494352,0.0
lsxp-TingTaYan-ZhuoFangCao-1.xml_3,却原（呐）来贼是个无（哇）义（呀）的冤家！,30439147.876504686,0.1111111111111111
lsxp-TingTaYan-ZhuoFangCao-2.xml_3,却愿（呐）来贼是个无（哇）义（呀）的冤家！,30439147.876504686,0.1111111111111111
lseh-WeiGuoJia-HongYangDong-3.xml_3,身不爽不由人瞌睡朦胧。,30460850.94876247,0.1111111111111111
lsxp-YiShiWu-YuCangJian.xml_6,他害我满门（呐）真悲惨，,30539767.56932337,0.0
daxp-ChunQiuTing-SuoLinNang.xml_20,人情冷暖凭天造，,30716557.974716738,0.0
lseh-YiLunMing-WenZhaoGuan-1.xml_26,要相逢陈非是梦（兀）里团圆。,30811287.206124365,0.0
daxp-MengJunZi-ChunQiuPei-2.xml_1,虽然是不相识我就不得不答。,31054417.15354879,0.0
daxp-ChunQiuTing-SuoLinNang.xml_12,耳听得悲声惨心中如捣，,31108108.621356554,0.0
lsxp-CiShiJian-HuaiHeYing-2.xml_6,三人同把那鬼门关上爬，,31629771.28960231,0.0
lseh-LaoZhangBu-WuPenJi.xml_4,我忙将树（呃）枝摆摇（哇）动，,31720414.28622165,0.1111111111111111
daxp-ChunQiuTing-SuoLinNang.xml_0,春秋亭外风雨暴，,32162637.02197173,0.0
lseh-XiRiLi-BaoLianDeng.xml_2,都只为孤（哇）竹君身染重病（哪），,32456523.75596473,0.1111111111111111
sdxp-WoHeNi-SiLangTanMu.xml_26,你那里休得要巧言舌辨，,32613504.515613735,0.0
daxp-XiShiNv-XiShi.xml_3,每日里浣纱去又傍清溪。,32644397.177262947,0.0
daxp-WoHeNi-SangYuanHui.xml_0,我和你有什么夫妻的情，,32792534.475348692,0.0
daxp-ErTingDe-SuoLinNang.xml_18,人情冷暖凭空造，,32807865.2351524,0.0
daxp-WoDeNiang-XinAnYi.xml_1,奴年交十九岁还守闺门。,32970627.15287761,0.0
daxp-WoZhuYe-SiLangTanMu.xml_3,一心心要夺取宋室江山。,33024344.769323997,0.0
lseh-WeiGuoJia-HongYangDong-1.xml_3,身不爽不由人瞌睡朦胧（呃）。,33034385.158319116,0.1111111111111111
dldeh-ShouBiPo-ChunQiuPei.xml_6,你继母心毒狠将你打骂，,33346326.60320812,0.1111111111111111
sdxp-SuLongWei-WuJiaPo.xml_36,军爷说话理不端，,33639299.10329239,0.0
sdxp-SuLongWei-WuJiaPo.xml_40,这锭银子奴不要，,34357619.45739875,0.0
sdxp-SuLongWei-WuJiaPo.xml_32,我进相府对父言，,34357619.45739875,0.0
lseh-YiLunMing-ZhuoFangSuDian.xml_11,自有那神灵儿天地鉴察。,34371229.78437305,0.1111111111111111
lseh-YiLunMing-ZhuoFangSuDian.xml_0,一轮明月照窗下，,34468969.54936876,0.0
lsxp-WoBenShi-KongChengJi-2.xml_4,官封到武乡侯（呃）执掌帅印，,34511946.16830841,0.0
lseh-YiLunMing-ZhuoFangCao-2.xml_0,一轮明月照窗下，,34648088.04958679,0.0
lseh-YiLunMing-ZhuoFangCao-1.xml_11,自有那神灵（啊）天地鉴察。,34665758.967094034,0.0
lseh-YiLunMing-WenZhaoGuan-1.xml_0,一轮明月照窗前，,34911246.5142466,0.0
lseh-YiLunMing-WenZhaoGuan-2.xml_0,一轮明月照窗前，,35080033.06661478,0.0
lsxp-WoBenShi-KongChengJi-1.xml_1,论阴阳如反掌保定乾坤。,35090869.08667705,0.0
lsxp-WoBenShi-KongChengJi-1.xml_4,官封到武乡侯哇执掌帅印，,35356058.89419417,0.0
daxp-MengJunZi-ChunQiuPei-2.xml_5,因此上到郊外来捡芦花（呀）。,35356568.74842608,0.1111111111111111
daxp-QiaoLouShang-HuangShanLei.xml_10,我不免引寒机伴奴坐等，,35855324.01166509,0.0
sdxp-DangNianHan-SanJiZhang.xml_19,非是女儿言不逊，,35857041.33300585,0.1111111111111111
daxp-QiaoLouShang-HuangShanLei.xml_6,忙移步隔花荫留神听定，,36207202.29401562,0.0
sdxp-SuLongWei-WuJiaPo.xml_9,衙里衙外我打点，,36338015.067820415,0.0
lseh-XinZhongYou-WenZhaoGuan.xml_10,爹娘（呃）要相逢除非是梦（呃）里团圆。,36511826.11003851,0.0
daxp-QiaoLouShang-HuangShanLei.xml_1,父子们去采药未见回程。,36927841.32365487,0.0
daxp-ErTingDe-SuoLinNang.xml_24,忙把梅香低声叫，,36930353.386735134,0.0
lseh-TanXiongDi-SangYuanJiZi.xml_1,丢下了年幼儿好不伤情。,37151765.982868314,0.1111111111111111
daxp-ChenSanLiang-ChenSanLiangPaTang.xml_1,公正的老爷细听分明。,37245625.10216223,0.0
daxp-ChunQiuTing-SuoLinNang.xml_26,忙把梅香低声儿叫，,37312455.823728316,0.1111111111111111
daxp-ErDeFu-HongNiGuan.xml_3,倒不如与伯党匹配鸾凰。,37860114.30495859,0.0
lseh-YiLunMing-ZhuoFangCao-1.xml_0,一轮明月照窗下，,38092880.347702615,0.0
daxp-TingTaYan-ZuoGong.xml_5,尊一声驸马爷细听咱言。,38165779.80441917,0.0
daxp-QiaoLouShang-HuangShanLei.xml_3,不知他在荒山何处安身。,38311382.387864746,0.2222222222222222
lseh-JinZhongXiang-ShangTianTai.xml_0,金钟响玉磬应王登龙庭，,38414932.830263086,0.0
sdxp-SuLongWei-WuJiaPo.xml_24,提起了旁人我不晓，,38442561.12580014,0.0
lseh-YiLunMing-WenZhaoGuan-2.xml_15,今夜晚怎能够盼到明天。,38736962.0922918,0.0
lseh-YiLunMing-WenZhaoGuan-1.xml_15,今夜晚怎能够盼到明天。,38856420.718942255,0.0
daxp-WoDeNiang-XinAnYi.xml_2,这几日身不爽心中烦闷，,38920167.92057072,0.1111111111111111
daxp-LaoDieDie-SanJiZhang-2.xml_1,儿命苦怎配着状元才郎？,39112843.10417783,0.1111111111111111
daxp-ErTingDe-SuoLinNang.xml_15,薛良与我去问一遭。,39130435.67642012,0.0
daxp-ErTingDe-SuoLinNang.xml_3,莫不是强婚配鸦占鸾巢。,39984755.39174008,0.0
daxp-ChunQiuTing-SuoLinNang.xml_15,莫不是强婚配鸦占鸾巢？,40363613.98528602,0.0
sdxp-WoHeNi-SiLangTanMu.xml_15,宋营（哪）虽然路途远，,40570851.1889039,0.0
sdxp-WoHeNi-SiLangTanMu.xml_30,宋营离此路途远，,41266889.76655747,0.0
lsxp-WoBenShi-KongChengJi-2.xml_1,凭阴阳如反掌保定乾坤。,43327091.614472345,0.0
daxp-DiTouLi-NvQiJie.xml_0,低头离了洪洞县，,43349317.3806053,0.0
daxp-SuSanLi-NvQiJie.xml_0,苏三离了洪洞县，,44123553.119894914,0.0
sdxp-DangNianHan-SanJiZhang.xml_17,仙女配的是董永，,44123553.119894914,0.0
daxp-XiRiLi-LongFengChengXiang.xml_1,今朝仙女会襄王。,45459857.31334227,0.0
daxp-ChenSanLiang-ChenSanLiangPaTang.xml_3,发奋自强日夜读诗文。,47045733.931103714,0.0
daxp-LaoDieDie-SanJiZhang-1.xml_1,我立志不嫁那状元才郎。,48151561.87891115,0.0
daxp-ErDeFu-HongNiGuan.xml_6,奴本当把关印付他执掌，,50803523.688443355,0.0
sdxp-DangNianHan-SanJiZhang.xml_15,未央宫斩的是韩信，,51071906.840270765,0.0
daxp-XiRiLiang-LongFengChengXiang.xml_1,今朝仙女会襄王。,52695524.311871015,0.0
