眼见得红日坠落在西山后,1,眼见得红日坠落在西山后，
lseh-XiRiLi-BaoLianDeng.xml_11,留得美名万古存，,2602162.111355912,0.09090909090909091
lsxp-JiangShenEr-SanJiaDian.xml_14,眼见得红日坠落在西山后，,2800871.2837959495,1.0
lsxp-JiangShenEr-SanJiaDian.xml_6,舍不得太爷的恩情厚，,2873461.831865569,0.09090909090909091
sdxp-WoHeNi-SiLangTanMu.xml_8,我的娘押粮草来到北番。,2913586.3640456535,0.0
lsxp-JiangShenEr-SanJiaDian.xml_0,将身儿来至在大街口，,2929392.6409868402,0.09090909090909091
lseh-YiLunMing-WenZhaoGuan-1.xml_30,朝臣待漏（哇）五更寒，,3350718.8395691295,0.0
lseh-XinZhongYou-WenZhaoGuan.xml_3,叫人难解巧机关。,3374384.459458576,0.0
lseh-YiLunMing-WenZhaoGuan-1.xml_19,叫人难解巧机关，,3428423.6792329964,0.0
lseh-XinZhongYou-WenZhaoGuan.xml_14,朝臣待漏五更寒。,3431228.712241138,0.0
sdxp-WoHeNi-SiLangTanMu.xml_28,有心赠你金鈚箭，,3466578.0740050306,0.0
lsxp-JiangShenEr-SanJiaDian.xml_12,儿想娘亲难叩首，,3958970.159104925,0.0
lsxp-JiangShenEr-SanJiaDian.xml_4,杨林与我来争斗，,4118511.7699879576,0.0
lseh-YangYanZhao-PengBei.xml_5,又恐怕惊动了年迈之人。,4129813.6230188,0.0
daxp-FeiShiWo-TaoHuaCun.xml_5,怎能够粗心大意你再荒唐。,4380922.344554759,0.0
lseh-YiLunMing-ZhuoFangCao-1.xml_21,贼好比猛虎未（呀）曾长牙，,4413360.372953215,0.0
lseh-ZenNengGou-BaDaChui.xml_1,前后话对文龙细说衷情。,4501848.962106348,0.09090909090909091
lseh-YiLunMing-ZhuoFangCao-2.xml_4,吕伯奢可算得义气大，,4570911.498496211,0.09090909090909091
daxp-ChunQiuTing-SuoLinNang.xml_27,莫把姓名你信口晓，,4638562.118246391,0.0
lseh-XiRiLi-BaoLianDeng.xml_10,首阳山前冻饿死（喏）。,4656069.631135736,0.09090909090909091
lseh-YiLunMing-ZhuoFangCao-1.xml_16,我只说贼是个宽宏量大，,4722863.727508542,0.0
daxp-DangRiLi-SuoLinNang.xml_18,还有那夜明珠粒粒成串，,4801420.978208534,0.0
lsxp-DaHeYi-SiLangTanMu.xml_23,本帅开言把他问，,4888867.361383011,0.0
daxp-FeiShiWo-TaoHuaCun.xml_14,倘若是你响她也响，,4904499.413823336,0.0
lseh-NiangZiBu-SouGuJiuGu.xml_9,来年必定降麒麟。,4923813.893711487,0.0
daxp-FeiShiWo-TaoHuaCun.xml_6,鼓打二更准时往，,4965760.866929885,0.0
lsxp-ZouYingLong-DaYanSong.xml_12,罢、罢、罢，暂且忍却我的心头恨，,4970617.993305247,0.0
lsxp-WoZhuYe-ZhuiHanXin.xml_13,但愿得言听计从重整汉家邦、一同回故乡。,5060947.326463136,0.09090909090909091
lsxp-WeiCengKai-QiYuanBao.xml_5,贩卖绸缎转还乡。,5132395.19893816,0.0
lsxp-ZouYingLong-DaYanSong.xml_4,我问顽童啼哭因何故，,5180962.423509728,0.0
lseh-YiLunMing-WenZhaoGuan-1.xml_21,为何几日他不言。,5210269.019770894,0.09090909090909091
lseh-YiLunMing-ZhuoFangCao-1.xml_7,拔出剑将他的满门杀，,5312032.171402429,0.0
daeh-ZiNaRi-ZhuangYuanMei-2.xml_14,愿天下有情人都成姻眷，,5312312.096905478,0.0
daeh-ZiNaRi-ZhuangYuanMei-1.xml_14,愿天下有情人都成姻眷，,5416828.540060714,0.0
daxp-ErTingDe-SuoLinNang.xml_25,莫把姓名你信口哓。,5485892.88006412,0.0
lsxp-CiShiJian-HuaiHeYing-2.xml_2,在长安是你夸大话，,5532548.285018573,0.09090909090909091
lseh-YiLunMing-ZhuoFangCao-2.xml_6,又谁知此贼的疑心太大，,5534616.645195231,0.0
lsxp-ZheYiFeng-DingJunShan.xml_1,天助黄忠成功劳。,5547771.6097931685,0.0
daxp-ChenSanLiang-ChenSanLiangPaTang.xml_0,陈三两在大堂把话云，,5552754.449150161,0.09090909090909091
lsxp-WoZhuYe-ZhuiHanXin.xml_10,项羽不遵怀王约，,5591476.102861558,0.0
sdxp-WoHeNi-SiLangTanMu.xml_4,誓不忘贤公主恩重如山。,5666790.5474713575,0.09090909090909091
lsxp-WeiCengKai-QiYuanBao.xml_3,姓刘名安字世昌。,5696651.349526124,0.0
lsxp-JiangShenEr-SanJiaDian.xml_10,娘生儿连心肉，,5703611.17056985,0.0
lsxp-HenPingWang-WenZhaoGuan.xml_0,恨平王无道乱楚宫（兀），,5772055.905151221,0.0
daxp-XiRiLi-LongFengChengXiang.xml_4,月老本是乔国丈，,5793033.122753897,0.0
lseh-XinZhongYou-WenZhaoGuan.xml_5,为何几日他不言，,5830136.374507325,0.09090909090909091
lsxp-CiShiJian-HuaiHeYing-1.xml_2,在长安是你夸大话，,5839963.092964898,0.09090909090909091
lseh-LaoZhangBu-WuPenJi.xml_7,望求老丈把冤伸。,5852335.660432511,0.0
lseh-NiangZiBu-SouGuJiuGu.xml_11,不舍娇儿难救孤身。,5881037.871569828,0.0
daxp-TingTaYan-ZuoGong.xml_2,原来是杨家将把名姓改换，,5913436.762877586,0.0
lsxp-CiShiJian-HuaiHeYing-1.xml_5,右手再把栾布拉。,5935433.327214715,0.0
daxp-ErTingDe-SuoLinNang.xml_11,难免怀疑在心梢。,6010658.25065779,0.09090909090909091
daxp-ErTingDe-SuoLinNang.xml_12,你不该人前逞骄傲，,6021224.854845165,0.0
lsxp-ZouYingLong-DaYanSong.xml_5,他言道严嵩老贼害他的举家一满门。,6115913.780376508,0.0
daxp-ErTingDe-SuoLinNang.xml_6,梅香说话好颠倒，,6127763.73424456,0.0
lseh-YiLunMing-ZhuoFangSuDian.xml_6,又谁知此贼的疑心（呐）太（呀）大，,6160868.184564755,0.0
lseh-XiRiLi-BaoLianDeng.xml_1,伯夷叔齐二大贤人，,6187394.7947010705,0.0
lsxp-DaHeYi-SiLangTanMu.xml_19,本帅帐中用目睁，,6287855.931022509,0.0
lsxp-ZheYiFeng-DingJunShan.xml_6,向前各各有赏犒，,6299410.59125881,0.0
sdxp-SuLongWei-WuJiaPo.xml_16,送与大嫂把家安。,6373726.152535373,0.0
daxp-MuQinBu-FengHuanChao.xml_0,母亲不必心太偏，,6407588.0778867975,0.0
lseh-TuZeiZuo-SouGuJiuGu.xml_1,诬杀赵家一满门。,6415761.443091642,0.0
lseh-NiangZiBu-SouGuJiuGu.xml_8,你今舍了亲生子，,6422917.451640266,0.0
daeh-XiaoNuCai-SanNiangJiaoZi.xml_4,怒气不息在机房闷坐，,6452262.037492956,0.09090909090909091
daxp-LaoDieDie-YuZhouFeng.xml_4,老爹爹在朝中官高爵显，,6466561.862878823,0.09090909090909091
lseh-YiLunMing-WenZhaoGuan-1.xml_23,你就该把我献与昭关。,6477241.262775407,0.0
daeh-TanHongYan-HuoXiaoYu.xml_2,薄幸冤家音信无有，,6506349.657631914,0.0
lsxp-DaHeYi-SiLangTanMu.xml_13,十五年前沙滩会，,6552540.989165171,0.0
lsxp-JiangShenEr-SanJiaDian.xml_3,二不是歹人（呐）把城偷。,6569158.363877363,0.0
lsxp-ZouYingLong-DaYanSong.xml_10,他本是我朝中上欺天子下压臣谋朝篡位卖国的奸贼他名叫严嵩，,6602893.629294658,0.0
lseh-XiRiLi-BaoLianDeng.xml_8,那伯夷出午门无（哇）有踪（呃）影，,6625946.18077411,0.0
lseh-YiLunMing-ZhuoFangCao-2.xml_8,一家人倶丧在宝剑之下，,6736210.182106954,0.09090909090909091
lseh-YiLunMing-ZhuoFangCao-1.xml_3,悔不该随他人到吕家，,6747330.072958371,0.0
lsxp-ZiCongQian-ZhuLianZhai.xml_3,为千岁懒观五凤楼。,6769510.443157191,0.0
lsxp-JianMaSu-ZhanMaSu.xml_1,不由老夫咬钢牙，,6783761.255201569,0.0
daxp-FeiShiWo-TaoHuaCun.xml_16,你把我当做诸葛亮，,6797666.613312552,0.0
sdxp-DangNianHan-SanJiZhang.xml_21,不能、不能、是万不能！,6806512.282239977,0.0
daxp-DangRiLi-SuoLinNang.xml_20,这囊儿虽非是千古罕见，,6809429.0243169805,0.09090909090909091
sdxp-DangNianHan-SanJiZhang.xml_6,句句话儿伤父心。,6815128.691133334,0.0
daeh-NaRiFeng-YuanXiaoMi.xml_2,舅父前来出主意，,6826688.75416252,0.0
lsxp-YiShiWu-YuCangJian.xml_9,行至在昭关有阻拦。,6845180.102329239,0.09090909090909091
daxp-LaoDieDie-YuZhouFeng.xml_2,倘若是有道君皇恩浩荡，,6873044.113243019,0.0
daxp-ChunQiuTing-SuoLinNang.xml_13,同遇人为什么这样嚎啕？,6888199.76440039,0.0
daeh-ZaoBuXing-HeHouMaDian.xml_4,贼好比王莽贼称孤道寡，,6909823.771726187,0.0
lseh-XinZhongYou-WenZhaoGuan.xml_7,你就该把我献与昭关。,6943137.395268005,0.0
daxp-DiTouLi-NvQiJie.xml_3,过往的君子听我言。,7144001.979312259,0.0
daxp-ChenSanLiang-ChenSanLiangPaTang.xml_2,我本是被骗进的富春院，,7163675.032461687,0.0
daeh-ZiNaRi-ErJinGong.xml_10,耳边厢又听得朝靴响亮，,7192868.979425416,0.09090909090909091
daxp-QiaoLouShang-HuangShanLei.xml_14,我不免唤琏儿到街前探问，,7201880.542490615,0.0
daeh-ZiNaRi-ErJinGong.xml_8,李艳妃坐昭阳自思自想，,7222830.102196108,0.0
daxp-LaoDieDie-YuZhouFeng.xml_5,却为何贪富贵不顾羞惭。,7238454.9992436115,0.0
lsxp-DaHeYi-SiLangTanMu.xml_31,走上前来忙松捆，,7243452.537533305,0.0
lseh-NiangZiBu-SouGuJiuGu.xml_2,赵屠二家有仇恨，,7259370.391124259,0.0
lsxp-WoZhuYe-ZhuiHanXin.xml_3,两路分（呐）兵定咸阳。,7293336.987599765,0.0
sdxp-SuLongWei-WuJiaPo.xml_15,这锭银、三两三，,7309360.366951886,0.0
lsxp-DaHeYi-SiLangTanMu.xml_15,六弟下位把兄认，,7333912.4184915265,0.0
daeh-LiYanFei-DaBaoGuo.xml_6,写文约我且把玉玺打下，,7374864.135484802,0.0
lsxp-ZuoRiLi-YuanMenZhanZi.xml_1,老娘亲为什么不讲情来？,7408186.260299661,0.0
lsxp-JiangShenEr-SanJiaDian.xml_7,舍不得衙役们众班头。,7415597.475054625,0.09090909090909091
lsxp-ShenGongWu-LongFengChengXiang.xml_1,年老得配女娇娃。,7424582.543797764,0.09090909090909091
lsxp-WoZhuYe-ZhuiHanXin.xml_2,怀王也曾把旨降，,7435684.861951568,0.0
lseh-XiRiLi-BaoLianDeng.xml_4,那叔齐分长幼不能担任，,7472551.805378251,0.0
daxp-ChunQiuTing-SuoLinNang.xml_29,自把珠玉夸富豪，,7489133.381191406,0.0
lseh-ZiNaRi-HongYangDong.xml_6,老军报他二人在洪洋（呃）洞丧（呃）命，,7491556.416222218,0.09090909090909091
sdxp-SuLongWei-WuJiaPo.xml_21,为军起下不良的意呀，,7492257.344817447,0.0
lsxp-WoBenShi-KongChengJi-2.xml_3,算就了汉家的业鼎足（呃）三分。,7530772.320928071,0.0
lseh-YiLunMing-ZhuoFangCao-2.xml_7,拔出剑将他的满门杀。,7544166.049220039,0.0
lseh-XuMaoGong-QinQiongFaPei.xml_3,缘何不救我出笼牢。,7550256.793661533,0.0
lseh-YiLunMing-ZhuoFangSuDian.xml_8,一家人倶丧在宝剑之（喏）下，,7570769.385984954,0.09090909090909091
lseh-JinZhongXiang-ShangTianTai.xml_5,又听得殿角下大放悲声。,7595549.62436508,0.09090909090909091
daeh-NaRiFeng-YuanXiaoMi.xml_0,那日风波平地起，,7626049.245724962,0.09090909090909091
daeh-XiaoNuCai-SanNiangJiaoZi.xml_1,闭口无言王春娥。,7633268.852665514,0.0
lseh-YiLunMing-ZhuoFangCao-1.xml_8,一家人倶丧在宝剑之（喏）下，,7637384.779808222,0.09090909090909091
sdxp-WoHeNi-SiLangTanMu.xml_33,你也对苍天就表一番。,7647721.788296895,0.0
lsxp-DaHeYi-SiLangTanMu.xml_20,见一番汉帐中行。,7650330.321811238,0.09090909090909091
lsxp-JiangShenEr-SanJiaDian.xml_8,实难舍街坊四邻与我的好朋友，,7669538.58746698,0.0
daxp-ErTingDe-SuoLinNang.xml_1,同遇人为什么这样嚎啕。,7694063.1383947125,0.0
daxp-TingTaYan-ZuoGong.xml_6,早晚间休怪我言语怠慢，,7700561.803868434,0.0
lsxp-ZuoRiLi-YuanMenZhanZi.xml_0,昨日里斩八将头挂营外，,7705184.635990604,0.09090909090909091
lsxp-WeiCengKai-QiYuanBao.xml_7,借宿一宵起祸殃。,7724486.7830542885,0.0
daeh-ZiNaRi-ZhuangYuanMei-1.xml_2,在潼台被贼擒在命好险，,7766697.529108131,0.09090909090909091
daxp-DiTouLi-NvQiJie.xml_2,未曾开言我心好惨，,7770658.41163969,0.0
daxp-MuQinBu-FengHuanChao.xml_3,女儿清白最为先。,7793632.990676098,0.0
lsxp-WoZhuYe-ZhuiHanXin.xml_6,也是我主洪福广，,7837178.617958225,0.0
daxp-ErTingDe-SuoLinNang.xml_4,叫梅香你把那好言相告，,7839113.986013916,0.0
daeh-ZiNaRi-ZhuangYuanMei-2.xml_2,在潼台被贼擒性命好险，,7856211.98030734,0.09090909090909091
lsxp-ZouYingLong-DaYanSong.xml_3,偶遇见小小的顽童放悲声，,7891426.446176239,0.09090909090909091
lseh-YiLunMing-ZhuoFangCao-1.xml_13,越思越想把事来作差。,7910456.618760237,0.0
sdxp-WoHeNi-SiLangTanMu.xml_6,有一桩心腹事不敢明言。,7923317.126467788,0.0
daeh-XiaoNuCai-SanNiangJiaoZi.xml_0,小奴才他一言问住我，,7989282.66116826,0.0
lseh-YiLunMing-ZhuoFangCao-1.xml_20,贼好比蛟龙未生鳞甲，,7994344.278250153,0.0
daeh-NaRiFeng-YuanXiaoMi.xml_4,母女隔断三千里，,8023750.75637719,0.0
daxp-ChunQiuTing-SuoLinNang.xml_11,必有隐情在心潮。,8051624.5209711315,0.09090909090909091
daxp-LaoDieDie-DaYuShaJia-1.xml_2,将身儿坐至在草堂等候，,8051774.124777828,0.09090909090909091
lseh-YiLunMing-ZhuoFangCao-2.xml_9,年迈老丈命染黄沙。,8058140.005577002,0.0
lsxp-JiangShenEr-SanJiaDian.xml_9,舍不得老娘（呃）白了头。,8068751.706789883,0.09090909090909091
lsxp-WoZhuYe-ZhuiHanXin.xml_14,撩袍端带我把金殿上，,8092852.893397929,0.0
lseh-XuMaoGong-QinQiongFaPei.xml_5,其中必有这巧（哇）妙高。,8118428.369756314,0.0
daxp-ErTingDe-SuoLinNang.xml_27,自把珠玉夸富豪。,8150023.37020973,0.0
sdeh-WenSanNiang-SanNiangJiaoZi.xml_3,老薛保你不必苦哀告，,8176589.660954448,0.0
daeh-TanHongYan-HuoXiaoYu.xml_0,叹红颜薄命前生就，,8268172.17552596,0.09090909090909091
daeh-NaRiFeng-YuanXiaoMi.xml_6,我今绝少人生趣，,8281400.26940516,0.0
daeh-WuDuanQiao-BiYuZan.xml_6,一心早想寻短见，,8302210.663432824,0.09090909090909091
daeh-SunShangXiang-BieHuangGong.xml_4,与周郎定巧计把皇叔来骗，,8313829.089145448,0.0
daxp-SuSanLi-NvQiJie.xml_1,将身来在大街前。,8314360.032160081,0.09090909090909091
lseh-LaoZhangBu-WuPenJi.xml_3,我本屈死一鬼魂。,8336237.652823408,0.0
daxp-FeiShiWo-TaoHuaCun.xml_1,只怪你呆头呆脑慌慌张张。,8352910.460424271,0.0
lsxp-ZouYingLong-DaYanSong.xml_8,上面坐的是有道君，,8368780.629705006,0.0
lseh-XinZhongYou-WenZhaoGuan.xml_15,到如今夜宿在荒村院，,8368914.199813025,0.09090909090909091
lseh-YiLunMing-WenZhaoGuan-1.xml_31,到如今夜宿在荒村院，,8368914.199813025,0.09090909090909091
lsxp-YiShiWu-YuCangJian.xml_1,叹光明一去不回还（呐）；,8373287.862911991,0.0
lseh-NiangZiBu-SouGuJiuGu.xml_12,无奈何我只得双（呃）膝跪，,8388944.811463593,0.09090909090909091
daeh-ZaoBuXing-HeHouMaDian.xml_13,你叔王不让位再去骂他。,8390980.052281227,0.0
sdxp-SuLongWei-WuJiaPo.xml_20,为何来在大道边。,8399221.811376395,0.09090909090909091
daxp-LaoDieDie-DaYuShaJia-1.xml_0,老爹爹清晨起前去出前，,8402514.862815246,0.0
daxp-XiRiLi-LongFengChengXiang.xml_2,暗地堪笑奴兄长，,8412522.783772683,0.0
daxp-ErTingDe-SuoLinNang.xml_13,不该词费又滔滔。,8420907.505318735,0.0
daeh-LiYanFei-ErJinGong.xml_0,李艳妃坐昭阳自思自想，,8445912.434631335,0.0
lsxp-CiShiJian-HuaiHeYing-2.xml_0,此时间不可闹笑话，,8452883.534788618,0.0
daxp-DiTouLi-NvQiJie.xml_1,将身来在大街前。,8455112.236548446,0.09090909090909091
daxp-MuQinBu-FengHuanChao.xml_1,女儿言来听根源。,8465885.49464809,0.0
lsxp-WoBenShi-KongChengJi-1.xml_3,算就了汉家的业鼎足哇三分。,8512545.091395654,0.0
lsxp-ZouYingLong-DaYanSong.xml_2,那一日打从大街进，,8520308.964128781,0.09090909090909091
sdxp-WoHeNi-SiLangTanMu.xml_13,公主赠我的金鈚箭，,8539070.679029973,0.0
lsxp-ZouYingLong-DaYanSong.xml_7,站立在殿角用目来观定，,8554827.209259117,0.09090909090909091
lseh-YiLunMing-WenZhaoGuan-1.xml_14,思来想去我的肝肠断，,8650011.92757418,0.0
lseh-YiLunMing-WenZhaoGuan-1.xml_27,鸡鸣犬吠五更（哪）天，,8655873.392101862,0.0
daxp-DangRiLi-SuoLinNang.xml_8,轿中人必定有一腔幽怨，,8656060.068322765,0.0
lseh-XinZhongYou-WenZhaoGuan.xml_11,鸡鸣犬吠五更（呃）天，,8664546.766335448,0.0
daxp-ErTingDe-SuoLinNang.xml_10,蠢才问话太潦草，,8701319.046487411,0.0
sdeh-WenSanNiang-SanNiangJiaoZi.xml_4,背转身来哭嚎啕。,8754455.818865284,0.0
daxp-DangRiLi-SuoLinNang.xml_21,换衣食也够她生活几年。,8791095.24681225,0.0
sdxp-WoHeNi-SiLangTanMu.xml_3,杨廷辉有一日愁眉得展，,8791743.361396492,0.18181818181818182
daeh-ZaoBuXing-HeHouMaDian.xml_6,贼好比秦赵高指鹿为马，,8807193.829274602,0.0
daeh-WangChunE-SanNiangJiaoZi.xml_6,将身儿来至在机房织绢，,8835576.64383804,0.09090909090909091
lsxp-ZouYingLong-DaYanSong.xml_1,在朝房来了我这保国忠。,8842023.275486756,0.09090909090909091
daeh-WuDuanQiao-BiYuZan.xml_2,独处闺房愁无限，,8850810.82449425,0.0
lsxp-ZiGuDao-HuangHeLou.xml_4,今日主公把宴上，,8861698.240885349,0.09090909090909091
lsxp-DaHeYi-SiLangTanMu.xml_12,我母佘氏老太君。,8865434.429023698,0.0
lseh-XiRiLi-BaoLianDeng.xml_12,为父的怎比得孤竹君，,8871398.097740892,0.09090909090909091
lsxp-CiShiJian-HuaiHeYing-1.xml_0,此时间不可闹笑话，,8872952.673048213,0.0
daxp-SuSanLi-NvQiJie.xml_2,未曾开言心内惨，,8919334.72114118,0.0
sdxp-DangNianHan-SanJiZhang.xml_11,淮阴漂母救韩信，,8982245.080355467,0.0
sdxp-SuLongWei-WuJiaPo.xml_41,与你娘做一个安家钱。,8983379.126619123,0.0
daxp-DiTouLi-NvQiJie.xml_6,就说苏三把命断，,9033055.858677095,0.0
daeh-LiYanFei-DaBaoGuo.xml_8,赐你的上方剑朝房问话，,9048706.42871878,0.0
lsxp-DaHeYi-SiLangTanMu.xml_5,弟兄们分别十五春，,9074233.489205236,0.0
daxp-FeiShiWo-TaoHuaCun.xml_12,响一声你就还一掌，,9087515.534656415,0.0
sdxp-DangNianHan-SanJiZhang.xml_7,要退、要退、偏要退！,9111699.181462957,0.0
daeh-LiYanFei-ErJinGong.xml_1,想起了朝中事好不惨伤！,9126259.923246112,0.0
daxp-DiTouLi-NvQiJie.xml_7,来生变犬马我当报还。,9133141.996318059,0.0
daeh-ZiNaRi-ErJinGong.xml_13,我只得怀抱太子两泪汪汪口口声声哭的是先王！,9172698.986641241,0.09090909090909091
daxp-MuQinBu-FengHuanChao.xml_2,自古常言道得好，,9181239.627053812,0.09090909090909091
lsxp-ZiCongQian-ZhuLianZhai.xml_5,望千岁恕学生礼貌不周。,9186009.763938796,0.0
lsxp-JianMaSu-ZhanMaSu.xml_3,失去了街亭差不差。,9207866.203158403,0.0
daeh-LiYanFei-ErJinGong.xml_2,耳边厢又听得朝靴响亮，,9214502.712890323,0.09090909090909091
daxp-FeiShiWo-TaoHuaCun.xml_8,你不要高声不要嚷，,9224317.490142232,0.0
daxp-ChunQiuTing-SuoLinNang.xml_14,莫不是夫郎丑难谐女貌？,9237482.72924739,0.0
lsxp-WoBenShi-KongChengJi-2.xml_8,闲无（呃）事在敌楼（呃）我亮一亮琴（呢）音，,9258309.164501514,0.09090909090909091
sdxp-WoHeNi-SiLangTanMu.xml_18,将身跪在地平川。,9284226.147289598,0.09090909090909091
sdxp-DangNianHan-SanJiZhang.xml_12,登台拜帅天下闻。,9287140.67407866,0.0
daxp-DangRiLi-SuoLinNang.xml_10,于归日理应当喜形于面，,9291464.000545477,0.09090909090909091
lseh-YiLunMing-ZhuoFangCao-2.xml_3,悔不该随他人到吕家。,9314943.121764658,0.0
lseh-NiangZiBu-SouGuJiuGu.xml_13,哀求娘子（喏）舍亲（呐）生。,9421241.802597221,0.0
daxp-SuSanLi-NvQiJie.xml_6,言说苏三把命断，,9442888.83854627,0.0
sdxp-SuLongWei-WuJiaPo.xml_14,将银放在地平川。,9444227.64470182,0.09090909090909091
daxp-DiTouLi-NvQiJie.xml_4,哪一位去往南京转，,9450254.326530013,0.0
lseh-ZiNaRi-HongYangDong.xml_4,二次（喏）里命孟良番营来进，,9459524.409749297,0.0
lseh-YiLunMing-WenZhaoGuan-1.xml_4,幸遇那东皋公行方便，,9463500.820258187,0.0
sdxp-SuLongWei-WuJiaPo.xml_11,好一个贞节王宝钏，,9493724.691284655,0.0
lseh-YiLunMing-WenZhaoGuan-1.xml_24,哭一声爹娘不能相见，,9530420.335473659,0.09090909090909091
daeh-ZiNaRi-ZhuangYuanMei-1.xml_0,自那日与六郎姻缘相见，,9554439.499899797,0.18181818181818182
daxp-MengTingDe-MuiGuiYingGuaShuai.xml_1,唤起我破天门状志凌云。,9566778.124380423,0.0
daxp-ErTingDe-SuoLinNang.xml_2,莫不是夫郎丑难谐女貌，,9601383.760883767,0.0
daxp-LaoDieDie-DaYuShaJia-2.xml_2,将身儿坐至在草堂等候，,9604180.48599194,0.09090909090909091
lseh-XuMaoGong-QinQiongFaPei.xml_1,文韬武略智谋高。,9605180.113581887,0.0
lsxp-LiangGuoJiao-ShiJieTing-2.xml_5,靠山近水把管收。,9609162.52159317,0.09090909090909091
daxp-ChunQiuTing-SuoLinNang.xml_16,叫梅香你把那好言相告，,9647490.990564365,0.0
lseh-YiLunMing-WenZhaoGuan-2.xml_4,幸遇那东皋公行方便，,9659995.648861006,0.0
daeh-ZiNaRi-ZhuangYuanMei-1.xml_4,这桩事闷得我柔肠百转，,9675322.5943719,0.09090909090909091
daxp-ErDeFu-HongNiGuan.xml_5,不想到狠心郎一味猖狂。,9689551.485992374,0.0
lseh-XuMaoGong-QinQiongFaPei.xml_2,既是为我前来到，,9734995.546712236,0.0
lseh-XinZhongYou-WenZhaoGuan.xml_12,越思越想好伤惨，,9758816.75554597,0.0
sdxp-SuLongWei-WuJiaPo.xml_37,欺奴犹如欺了天。,9764944.103733815,0.0
lsxp-CiShiJian-HuaiHeYing-1.xml_6,三人同把那鬼门关上踏，,9793519.121708432,0.0
daeh-LiYanFei-ErJinGong.xml_5,我只得怀抱太子两泪汪汪口口声声哭的是先王。,9818055.283184102,0.09090909090909091
lseh-XinZhongYou-WenZhaoGuan.xml_1,翻来复去睡不安。,9824911.308429198,0.0
sdxp-SuLongWei-WuJiaPo.xml_42,买绫罗、做衣衫、买白纸、糊白幡、打首饰、做妆奁，,9831798.295302708,0.0
lsxp-YiShiWu-YuCangJian.xml_8,实指（喏）望到吴国借兵（呐）转，,9842884.725116177,0.0
lseh-TuZeiZuo-SouGuJiuGu.xml_3,大事还要问程婴。,9852852.341481615,0.0
lsxp-JiangShenEr-SanJiaDian.xml_11,儿行千里母担忧。,9855671.002118835,0.0
daeh-SunShangXiang-BieHuangGong.xml_8,恨只恨我兄长把事错办，,9867727.926368417,0.0
lseh-XiRiLi-BaoLianDeng.xml_6,弟让兄来兄不能应（呐）允，,9889429.961332902,0.0
lsxp-WoZhuYe-ZhuiHanXin.xml_15,扬尘舞蹈见大王。,9896949.69731949,0.09090909090909091
daeh-ZiNaRi-ErJinGong.xml_0,自那日与徐杨决裂以后，,9908993.34806073,0.18181818181818182
sdxp-SuLongWei-WuJiaPo.xml_33,家人小厮有万千。,9931389.942905257,0.0
lseh-YiLunMing-ZhuoFangSuDian.xml_7,拔出剑将他的满门杀，,9934443.717772217,0.0
lseh-YangYanZhao-PengBei.xml_3,又只见老爹爹瞌睡沉沉。,9955157.715296814,0.09090909090909091
daxp-WoZhuYe-SiLangTanMu.xml_2,众卿随忙挂点亲率官员，,9962738.62287954,0.0
lsxp-WoBenShi-KongChengJi-1.xml_8,闲无哇事在敌楼哇我亮（呃）一亮琴哪音，,9968156.539555322,0.09090909090909091
daeh-ZiNaRi-ZhuangYuanMei-1.xml_15,愿天下从此后国泰民安。,9970958.073081126,0.09090909090909091
daxp-QiaoLouShang-HuangShanLei.xml_13,果然是晓鸡唱天已黎明。,9980092.588982705,0.0
sdxp-WoHeNi-SiLangTanMu.xml_11,公主虽然不阻拦，,10000245.460495107,0.0
daxp-XiShiNv-XiShi.xml_4,怕只怕损玉颜姣容自惜，,10001085.706707636,0.0
daeh-ZiNaRi-ErJinGong.xml_12,有一句话儿不好言讲，,10030171.128198292,0.0
lseh-YiLunMing-ZhuoFangCao-1.xml_25,险些儿把事（喏）又（哇）作差。,10065020.36316098,0.0
lsxp-LiangGuoJiao-ShiJieTing-1.xml_5,靠山近水把营收。,10067647.069822216,0.09090909090909091
lsxp-WoZhuYe-ZhuiHanXin.xml_5,后进咸阳扶保在朝纲。,10075010.243055062,0.18181818181818182
daeh-CanQiQi-WuLongZuo.xml_0,惨凄凄唤苍天天不应响，,10081520.171852523,0.0
daxp-FeiShiWo-TaoHuaCun.xml_13,响两声你就凑近身旁。,10088397.119884565,0.0
lseh-YiLunMing-ZhuoFangSuDian.xml_3,悔不该随他人到吕家。,10098279.31728426,0.0
lsxp-YiShiWu-YuCangJian.xml_2,日月轮流催晓（哇）箭，,10103253.299415065,0.09090909090909091
lseh-NiangZiBu-SouGuJiuGu.xml_0,娘子不（哇）必太烈性，,10104129.253481455,0.0
lseh-YiLunMing-WenZhaoGuan-1.xml_28,越思越想好伤惨，,10106128.474837601,0.0
lseh-YiLunMing-WenZhaoGuan-1.xml_17,翻来覆去睡不（哇）安。,10118709.860629415,0.0
daeh-LiYanFei-DaBaoGuo.xml_2,太师爷奏一本进贡年下，,10254570.67798311,0.0
lsxp-WoZhuYe-ZhuiHanXin.xml_12,今日里萧何荐良将，,10269333.841069123,0.09090909090909091
daxp-ErTingDe-SuoLinNang.xml_21,她为饥寒我为骄。,10276855.180731457,0.0
daxp-XiRiLiang-LongFengChengXiang.xml_2,暗地堪笑我兄长，,10303179.114557894,0.0
lsxp-TingTaYan-ZhuoFangCao-2.xml_4,马行在来道内我难（呐）以回（呀）马，,10319787.35541734,0.09090909090909091
lsxp-TingTaYan-ZhuoFangCao-1.xml_4,马行在来道内我难（呐）以回（呀）马，,10319787.35541734,0.09090909090909091
daxp-FeiShiWo-TaoHuaCun.xml_9,你必须眼观六路耳听八方。,10328238.944744894,0.09090909090909091
lseh-YiLunMing-ZhuoFangCao-1.xml_6,又谁知此贼的疑心（呐）太（呀）大，,10332252.858760588,0.0
daxp-QiaoLouShang-HuangShanLei.xml_11,又思来又想去越不安宁。,10340582.126340926,0.0
daeh-ZiNaRi-ErJinGong.xml_9,想起了老王爷好不惨伤。,10346127.67134805,0.0
daeh-SunShangXiang-BieHuangGong.xml_2,遭不幸父王爷把驾来晏，,10385764.13962885,0.0
daxp-ChunQiuTing-SuoLinNang.xml_4,吉日良辰当欢笑，,10392461.990141002,0.09090909090909091
daeh-ZiNaRi-ZhuangYuanMei-1.xml_7,帝王家深宫院似水流年。,10407086.115233798,0.0
lsxp-DaHeYi-SiLangTanMu.xml_11,我父令公官极品，,10419571.73965416,0.0
lsxp-DaHeYi-SiLangTanMu.xml_7,将身站在了阶前等，,10444522.84427712,0.09090909090909091
daeh-NuZiYou-TouJunBieYao.xml_2,但愿得去投军功名有望，,10450653.96561323,0.09090909090909091
sdeh-WenSanNiang-SanNiangJiaoZi.xml_5,实指望教训他终身有靠，,10455106.478514671,0.0
lsxp-ZheYiFeng-DingJunShan.xml_3,大小儿郎听根苗，,10463696.348357588,0.0
daxp-DangRiLi-SuoLinNang.xml_12,那时节奴妆奁不下百万，,10467733.234222759,0.0
daxp-DangRiLi-SuoLinNang.xml_19,还有那赤金链，紫瑛簪，白玉环，双凤錾，八宝钗钏一个个宝孕光含。,10487901.921498429,0.0
daeh-ZiNaRi-ZhuangYuanMei-2.xml_4,这桩事闷得我柔肠百转，,10545599.17157656,0.09090909090909091
daxp-DuiLingHua-BiYuZan.xml_2,果然是成佳偶两心欢恋，,10558944.634927696,0.0
lsxp-WeiCengKai-QiYuanBao.xml_4,奉母命京城往，,10587711.5427261,0.0
daxp-FeiShiWo-TaoHuaCun.xml_17,听我的号令上战场。,10590312.022008752,0.0
lseh-YiLunMing-WenZhaoGuan-1.xml_9,满腹的含冤我向谁言（哪）！,10590656.361107921,0.0
lseh-YiLunMing-WenZhaoGuan-2.xml_9,满腹的含冤我向谁言（喏）。,10590656.361107921,0.0
lseh-ZiNaRi-HongYangDong.xml_5,又谁知焦克明他私（呀）自后跟（呐），,10603694.882397484,0.09090909090909091
daeh-ZiNaRi-ZhuangYuanMei-1.xml_13,但愿得八主贤王从中周旋，早成姻眷，扫狼烟，叫那胡儿不敢进犯保叔王锦绣江山。,10624232.632536028,0.18181818181818182
lseh-YiLunMing-ZhuoFangCao-1.xml_12,听谯楼打罢了二（喏）更鼓下，,10628237.896246549,0.0
lseh-YiLunMing-WenZhaoGuan-2.xml_12,我好（呃）比鱼儿吞了钩线，,10634068.751877148,0.0
lsxp-WeiCengKai-QiYuanBao.xml_6,行至在中途把雨降，,10647937.41688951,0.09090909090909091
lseh-YiLunMing-ZhuoFangCao-1.xml_23,我岂肯放虎归山又（哇）把人抓。,10680987.01697196,0.09090909090909091
sdxp-WoHeNi-SiLangTanMu.xml_19,我若探母不回转，,10688014.85979036,0.0
daxp-MengTingDe-MuiGuiYingGuaShuai.xml_2,想当年桃花马上威风凛凛，,10695306.90154331,0.0
lsxp-WeiCengKai-QiYuanBao.xml_0,未曾开言泪汪汪，,10699305.522563193,0.0
daeh-WangChunE-SanNiangJiaoZi.xml_2,春娥女好一此失群孤雁，,10710808.485369492,0.0
daxp-NiDeFu-FenHeWan.xml_2,把弓带和鱼镖与儿带定，,10727807.491087653,0.0
lseh-YiLunMing-ZhuoFangCao-1.xml_15,悔不该弃县今抛却了乌（哇）纱，,10750640.823551316,0.0
daeh-ZiNaRi-ZhuangYuanMei-2.xml_15,愿邦家从此后国泰民安。,10765970.063635787,0.09090909090909091
daeh-LiYanFei-DaBaoGuo.xml_0,李艳妃设早朝龙书案下，,10768525.207302732,0.0
lseh-YiLunMing-ZhuoFangCao-2.xml_5,杀猪沽酒款待与他。,10775460.798456043,0.0
lsxp-DaHeYi-SiLangTanMu.xml_3,迈步且把宝帐（呀）进，,10776286.573227093,0.0
lsxp-DaHeYi-SiLangTanMu.xml_17,弟兄对坐叙寒温。,10808652.606837507,0.0
lsxp-ZouYingLong-DaYanSong.xml_6,我劝顽童你休流泪，免悲声，邹老爷就是尔的报仇人。,10816623.037916955,0.0
sdxp-WoHeNi-SiLangTanMu.xml_9,我有心回宋营见母一面，,10820839.074459668,0.09090909090909091
lsxp-TingTaYan-ZhuoFangCao-2.xml_1,背转身自埋怨我自（呃）已做差。,10851557.412523044,0.0
lsxp-TingTaYan-ZhuoFangCao-1.xml_1,背转身只埋怨我自（呃）己作差，,10851557.412523044,0.0
daxp-ErTingDe-SuoLinNang.xml_9,哪有个袖手旁观在壁上瞧。,10853159.916345866,0.09090909090909091
daxp-ChunQiuTing-SuoLinNang.xml_7,世上何尝尽富豪，,10856744.343507456,0.0
daeh-WuDuanQiao-BiYuZan.xml_0,无端巧计将人陷，,10912531.544179343,0.0
sdxp-WoHeNi-SiLangTanMu.xml_27,你要见高堂母我不阻拦。,10939627.923692975,0.09090909090909091
lseh-YiLunMing-ZhuoFangSuDian.xml_4,吕伯奢可算得义气（呀）大，,11026136.072775997,0.09090909090909091
lseh-YiLunMing-WenZhaoGuan-1.xml_12,我好（哇）比鱼儿吞了钩线，,11038396.245918082,0.0
daxp-ErTingDe-SuoLinNang.xml_17,满腹骄矜顿雪潇。,11064201.299662948,0.0
daxp-ErTingDe-SuoLinNang.xml_7,不该人前乱解嘲。,11064201.299662948,0.0
lsxp-JiangShenEr-SanJiaDian.xml_2,一不是响马与贼寇，,11076784.075324811,0.0
sdxp-SuLongWei-WuJiaPo.xml_22,一马双跨到西凉。,11083267.275727091,0.09090909090909091
lseh-YiLunMing-ZhuoFangSuDian.xml_9,年迈的老丈命（呐）染黄沙。,11085057.49886528,0.0
lseh-XinZhongYou-WenZhaoGuan.xml_13,想当初在朝为官宦，,11092119.064868543,0.09090909090909091
lseh-YiLunMing-WenZhaoGuan-1.xml_29,想当初在朝为官宦，,11092119.064868543,0.09090909090909091
daxp-FeiShiWo-TaoHuaCun.xml_11,是不是有人拍巴掌。,11094639.663806178,0.0
sdxp-WoHeNi-SiLangTanMu.xml_1,我和你好夫妻恩德不浅，,11116715.25110652,0.0
lsxp-TingTaYan-ZhuoFangCao-1.xml_7,既同行共（呃）大事必须要劝解于他（呀呃）。,11139358.618012367,0.0
lsxp-TingTaYan-ZhuoFangCao-2.xml_7,既同行共（呃）大事必须要劝解于他（呀呃）。,11139358.618012367,0.0
lsxp-HenPingWang-WenZhaoGuan.xml_1,父纳子（呃）妻礼难容，,11173140.443232706,0.0
sdxp-SuLongWei-WuJiaPo.xml_35,打板子、上夹棍、丢南牢、坐监禁、管叫你思前容易退后难。,11193828.12913738,0.09090909090909091
lseh-YiLunMing-WenZhaoGuan-2.xml_14,思来想去我的肝肠断，,11214923.719778962,0.0
lsxp-CiShiJian-HuaiHeYing-1.xml_4,左手拉住了李左车，,11237075.998309577,0.0
daxp-MengTingDe-MuiGuiYingGuaShuai.xml_7,我一剑能挡百万兵。,11254035.123893352,0.0
sdxp-SuLongWei-WuJiaPo.xml_17,买绫罗与绸缎、打首饰和簪环，,11255205.386766147,0.0
daeh-LiYanFei-ErJinGong.xml_4,有几句话儿我不好言讲，,11257493.625746304,0.0
lseh-XuMaoGong-QinQiongFaPei.xml_4,是是是（呀）来我明白了，,11271502.807861542,0.0
lsxp-YiShiWu-YuCangJian.xml_5,信用无极狗奸谗。,11272529.148282738,0.0
daeh-LiYanFei-DaBaoGuo.xml_3,各国的众王侯朝贺中华。,11287863.81657497,0.0
daeh-ZiNaRi-ZhuangYuanMei-2.xml_0,自那日与六郎阵前相见，,11299546.883819044,0.18181818181818182
daxp-DiTouLi-NvQiJie.xml_5,与我那三郎把信传。,11313821.799407572,0.0
lsxp-DaHeYi-SiLangTanMu.xml_21,龙行虎步非凡等，,11329925.538679132,0.0
daxp-ErTingDe-SuoLinNang.xml_26,这都是神话凭空造，,11333323.184280856,0.0
daeh-SunShangXiang-BieHuangGong.xml_9,叹一声不由人珠泪涟涟。,11343050.989461945,0.0
lseh-ZiNaRi-HongYangDong.xml_8,为此事终（啊）日里忧成疾病，,11368213.926223457,0.09090909090909091
daeh-ZiNaRi-ZhuangYuanMei-2.xml_12,但愿得状元媒月老引线，,11377365.491603449,0.09090909090909091
lseh-XiRiLi-BaoLianDeng.xml_14,打死了别家子父能作主，,11403663.386059452,0.0
daeh-SunShangXiang-BieHuangGong.xml_0,孙尚香坐宫院自思自叹，,11417569.238773238,0.0
daeh-TanHongYan-HuoXiaoYu.xml_4,枕边泪（呀）共（那）阶前雨，,11419030.130967364,0.0
lsxp-WoBenShi-KongChengJi-2.xml_6,周文王访姜尚周室大振，,11466510.786975801,0.0
lsxp-YiZhuangZhuang-QunYingHui.xml_0,一桩桩一件件倶已办就，,11479624.920322144,0.0
daxp-DangRiLi-SuoLinNang.xml_2,在轿中只觉得天昏地暗。,11495220.822385967,0.18181818181818182
sdxp-DangNianHan-SanJiZhang.xml_16,难道说文官他就不丧身？,11503301.148624256,0.0
daeh-NuZiYou-TouJunBieYao.xml_0,奴自幼在闺阁娇生惯养，,11507906.110757759,0.09090909090909091
daeh-ZiNaRi-ZhuangYuanMei-2.xml_13,但愿得八主贤王从中周旋早成美眷、扫狼烟叫那胡儿不敢进犯、保叔王锦锈江山。,11541488.55851646,0.18181818181818182
lsxp-WeiCengKai-QiYuanBao.xml_8,赵大夫妻图财害命害我一命亡，,11561623.575086514,0.0
daeh-SunShangXiang-BieHuangGong.xml_1,想起了已往事心内痛酸。,11573172.241498312,0.0
daxp-SuSanLi-NvQiJie.xml_7,来生变犬马我当报还！,11579664.448541494,0.0
daeh-WuDuanQiao-BiYuZan.xml_1,薄命自伤怨红颜。,11603020.459155822,0.09090909090909091
lseh-XinZhongYou-WenZhaoGuan.xml_6,贪图富贵来害我，,11627057.031143796,0.0
lseh-YiLunMing-WenZhaoGuan-2.xml_11,我好比龙游在浅沙滩。,11627417.60614484,0.09090909090909091
daxp-DuiLingHua-BiYuZan.xml_0,对菱花暗地里芳心自转，,11637677.144250667,0.0
lseh-YiLunMing-WenZhaoGuan-1.xml_20,若是真心来救我，,11654743.219678225,0.0
lseh-XinZhongYou-WenZhaoGuan.xml_4,若是真心来救我，,11654743.219678225,0.0
daxp-SuSanLi-NvQiJie.xml_3,过往的君子听我言。,11688660.672633724,0.0
lseh-YiLunMing-WenZhaoGuan-1.xml_22,贪图富贵来害我，,11742977.292077038,0.0
lseh-YiLunMing-WenZhaoGuan-1.xml_11,我好比龙游在浅沙滩。,11752051.707141383,0.09090909090909091
daxp-ChunQiuTing-SuoLinNang.xml_28,这都是神话凭空造，,11755930.74845575,0.0
lsxp-YiShiWu-YuCangJian.xml_0,一事无成两鬓斑，,11880535.753654556,0.0
lsxp-DaHeYi-SiLangTanMu.xml_2,杨家将令鬼神惊。,11900396.406371439,0.0
daxp-SuSanLi-NvQiJie.xml_5,与我那三郎把信传。,11917401.788196735,0.0
daxp-MuQinBu-FengHuanChao.xml_5,活在世上也枉然。,11928450.583836747,0.09090909090909091
lsxp-ZhangGongDao-ZhuangYuanPu.xml_5,眼睁（呐）睁有何人去（呀）把纸烧。,11936732.038152924,0.09090909090909091
lsxp-ZiGuDao-HuangHeLou.xml_0,自古道吉人有天相，,11940302.733362494,0.0
sdxp-WoHeNi-SiLangTanMu.xml_20,黄沙盖脸尸骨不全。,11947960.291859902,0.0
lsxp-TingTaYan-ZhuoFangCao-1.xml_2,我先前只望他宽宏量（呃）大，,11950175.204922095,0.0
lsxp-TingTaYan-ZhuoFangCao-2.xml_2,我先前只望他宽宏量（呃）大，,11950175.204922095,0.0
lsxp-JianMaSu-ZhanMaSu.xml_2,大胆不听我的话，,11959762.919844093,0.0
lsxp-WeiCengKai-QiYuanBao.xml_1,尊一声太爷听端详。,11996178.121525282,0.0
lsxp-WoBenShi-KongChengJi-1.xml_6,周文王访姜尚周室大振，,12010721.54275667,0.0
lsxp-WoZhuYe-ZhuiHanXin.xml_1,拔剑斩蛇天下扬。,12020322.196191046,0.0
daeh-LiYanFei-DaBaoGuo.xml_5,候幼主成了龙原业归家。,12029246.266406257,0.0
lseh-YiLunMing-ZhuoFangCao-1.xml_9,年迈的老丈命（呐）染黄沙。,12035048.632294506,0.0
lseh-XiRiLi-BaoLianDeng.xml_3,传口诏命次子即位为君，,12057545.59930214,0.0
lsxp-ZheYiFeng-DingJunShan.xml_2,站立在营门三军叫，,12080221.066681208,0.09090909090909091
lsxp-ZuoRiLi-YuanMenZhanZi.xml_5,老娘亲再讲情儿自刎头来。,12081930.275846228,0.0
daxp-FeiShiWo-TaoHuaCun.xml_3,关系你患难鸳鸯永宿在池塘。,12086294.415539095,0.09090909090909091
daeh-ZiNaRi-ErJinGong.xml_1,独坐在寒宫院闷闷悠悠。,12094657.432376206,0.09090909090909091
lsxp-WoZhuYe-ZhuiHanXin.xml_11,反将我主贬汉王。,12106145.687215481,0.0
lsxp-WoZhuYe-ZhuiHanXin.xml_0,我主爷起义在芒砀，,12119271.887528256,0.09090909090909091
lseh-YiLunMing-WenZhaoGuan-1.xml_6,一连几天我的眉不（哇）展，,12149983.898602683,0.0
daeh-ZuoRiGong-TaiZhenWaiChuan.xml_0,昨日宫中何等宠幸，,12161292.883287653,0.09090909090909091
lsxp-ZuoRiLi-YuanMenZhanZi.xml_4,叫焦赞将宝剑悬挂帐外，,12206121.733035123,0.0
daxp-ChunQiuTing-SuoLinNang.xml_23,他为饥寒我为娇。,12224392.10878913,0.0
daeh-WangChunE-SanNiangJiaoZi.xml_0,王春娥坐草堂自思自叹，,12226770.647133127,0.0
lsxp-ZiGuDao-HuangHeLou.xml_1,主公不必加愁肠。,12239169.51749075,0.0
lsxp-YiShiWu-YuCangJian.xml_4,恨平王无道纲常乱，,12240087.974078096,0.0
lsxp-ZouYingLong-DaYanSong.xml_11,我本当金（哪）殿奏一本怎奈我官卑职小不能够参大臣。,12242283.994596394,0.0
lsxp-LiangGuoJiao-ShiJieTing-1.xml_2,管待三（哪）军要宽厚，,12242836.72997266,0.0
daeh-LiYanFei-DaBaoGuo.xml_9,压定了文武臣均要画押。,12249152.349959398,0.0
lsxp-ZiCongQian-ZhuLianZhai.xml_0,自从千岁离朝后，,12265992.744272873,0.09090909090909091
lseh-YiLunMing-WenZhaoGuan-1.xml_25,不能（哪）哎见爹娘（兀）！,12267548.98465736,0.09090909090909091
daxp-FeiShiWo-TaoHuaCun.xml_15,那就是来了我西厢带路的小红娘。,12279057.811656369,0.18181818181818182
lsxp-LiangGuoJiao-ShiJieTing-1.xml_0,两国交（哇）锋龙虎斗，,12282292.469896784,0.0
lsxp-DaHeYi-SiLangTanMu.xml_24,你是番邦什么人？,12286731.572188945,0.0
lseh-YiLunMing-WenZhaoGuan-2.xml_13,我好（呃）比波浪中失舵的舟船（喏）。,12316780.38055874,0.0
lsxp-HenPingWang-WenZhaoGuan.xml_3,满门的家着血染红。,12321694.548552537,0.09090909090909091
lsxp-ZuoRiLi-YuanMenZhanZi.xml_2,今日里斩宗保娘把儿怪，,12324806.207922788,0.09090909090909091
daxp-ChunQiuTing-SuoLinNang.xml_21,谁能移动他半分毫。,12341214.164701372,0.0
daeh-ZiNaRi-ZhuangYuanMei-1.xml_11,但愿得杨六郎心如石坚，,12349383.36674649,0.09090909090909091
daeh-ZaoBuXing-HeHouMaDian.xml_7,贼好比那司马师搅乱中华。,12357989.003097957,0.0
daeh-ZiNaRi-ZhuangYuanMei-1.xml_9,宋天子主婚姻此事成全。,12359476.808685761,0.0
sdxp-SuLongWei-WuJiaPo.xml_18,我与你露水的夫妻就过几年（呐）。,12367294.038318232,0.0
lseh-YiLunMing-ZhuoFangCao-1.xml_19,安眠好似并底之蛙，,12374274.35917393,0.0
lsxp-QingGongYan-FaDongWu.xml_3,又谁知中途两离分。,12383894.67363082,0.0
lsxp-ZiCongQian-ZhuLianZhai.xml_1,满朝中文武臣泪双流。,12395367.765891658,0.0
lsxp-ZhangGongDao-ZhuangYuanPu.xml_0,张公道三十五六（哇）子有靠，,12413243.413783157,0.0
sdxp-SuLongWei-WuJiaPo.xml_19,是烈女就该在家院，,12447422.618544653,0.09090909090909091
lsxp-JianMaSu-ZhanMaSu.xml_0,见马谡（唩）跪帐下，,12449527.74952503,0.09090909090909091
lseh-YiLunMing-WenZhaoGuan-1.xml_13,我好（哇）比波浪中失舵的舟船（哪）。,12464305.95902511,0.0
lsxp-CiShiJian-HuaiHeYing-2.xml_5,右手再把栾布拉，,12543023.95030943,0.0
daxp-ErDeFu-HongNiGuan.xml_0,儿的父为国家阵前命丧，,12577764.346071675,0.0
lseh-YiLunMing-WenZhaoGuan-1.xml_35,父母的冤仇化尘烟，,12585295.447475478,0.0
daxp-FeiShiWo-TaoHuaCun.xml_10,不但要仔细听、还要仔细想，,12598874.786349397,0.0
daxp-DangRiLi-SuoLinNang.xml_14,急切里想起了锁麟囊一（呀）件，,12617788.21405445,0.0
daeh-ZuoChunGui-XiShi.xml_0,坐春闺只觉得光明似箭，,12628257.880867293,0.09090909090909091
lseh-YiLunMing-WenZhaoGuan-2.xml_6,一连几天我的眉不（呃）展，,12673660.130180113,0.0
daxp-ChunQiuTing-SuoLinNang.xml_31,积德才生玉树苗，,12674869.481955493,0.0
lseh-NiangZiBu-SouGuJiuGu.xml_7,老天爷不绝我的后代根。,12689801.243643962,0.09090909090909091
daeh-ZiNaRi-ZhuangYuanMei-1.xml_12,但愿得状元媒月老引线，,12712755.309999032,0.09090909090909091
sdxp-SuLongWei-WuJiaPo.xml_12,百般调戏也枉然。,12728270.214243203,0.0
lsxp-DaHeYi-SiLangTanMu.xml_28,原来四哥回宋营。,12734883.131746823,0.0
daxp-LaoDieDie-DaYuShaJia-2.xml_0,老爹爹清晨起前去出首，,12736255.745988779,0.0
lseh-ZiNaRi-HongYangDong.xml_7,去了我左右膀难以飞行。,12744595.199366149,0.0
daxp-LaoDieDie-SanJiZhang-1.xml_0,老爹爹请息（呀）怒容儿细讲，,12748474.428682795,0.0
sdxp-SuLongWei-WuJiaPo.xml_29,府内金银堆如山。,12753981.990238143,0.09090909090909091
sdxp-WoHeNi-SiLangTanMu.xml_23,咱与你隔南北千里姻缘。,12809724.517716238,0.0
lsxp-ZiGuDao-HuangHeLou.xml_5,四将军保架料也无妨。,12810000.545096397,0.0
lseh-YangYanZhao-PengBei.xml_2,迈虎步我且把宝帐来进，,12837844.518331338,0.0
lsxp-ZheYiFeng-DingJunShan.xml_8,三军与（呀）爷归营号，,12843275.494626304,0.0
daxp-DangRiLi-SuoLinNang.xml_9,她泪自弹、声续断、似杜鹃、啼别院、巴峡哀猿动人心弦，好不惨然。,12888169.540472306,0.0
sdxp-SuLongWei-WuJiaPo.xml_34,将你带到官衙内，,12888628.071855135,0.0
daeh-WangChunE-SanNiangJiaoZi.xml_4,薛倚儿他好比无弓之箭，,12889417.93073495,0.0
daeh-ZiNaRi-ErJinGong.xml_5,竟把我孤儿寡母当做了马牛。,12926252.348034065,0.0
lsxp-ZuoRiLi-YuanMenZhanZi.xml_3,哭啼啼坐宝帐所为何来。,12951707.958022159,0.0
lseh-XinZhongYou-WenZhaoGuan.xml_9,不能（呃）哎见。,12974211.617523612,0.09090909090909091
lsxp-LiangGuoJiao-ShiJieTing-2.xml_4,此一番领（呃）兵去镇守，,12992260.474806085,0.0
lsxp-WoZhuYe-ZhuiHanXin.xml_8,一路上秋毫无犯军威壮，,12999836.29709828,0.0
lseh-XiRiLi-BaoLianDeng.xml_5,那伯夷尊父命也不能应承，,13001980.035655329,0.0
lsxp-ZheYiFeng-DingJunShan.xml_7,退后的项上吃一刀。,13047072.588947421,0.09090909090909091
sdxp-SuLongWei-WuJiaPo.xml_31,命人送到（那）西凉川。,13051745.471614294,0.09090909090909091
daeh-ZuoChunGui-XiShi.xml_2,奴这里心中痛玉颜清减，,13059559.420154046,0.0
lseh-YiLunMing-ZhuoFangCao-1.xml_5,杀猪（喏）沽（哇）酒款待于他，,13078080.978072144,0.0
dldeh-ShouBiPo-ChunQiuPei.xml_1,受逼迫去捡柴泪如雨下，,13090781.678427303,0.0
lsxp-YiZhuangZhuang-QunYingHui.xml_1,请先生到江边即刻登舟。,13102390.923887005,0.0
daeh-ZuoRiGong-TaiZhenWaiChuan.xml_2,思想起从前事心中悔恨，,13106639.32939727,0.0
sdxp-WoHeNi-SiLangTanMu.xml_7,萧天佐摆天门两国交战，,13119922.092642218,0.0
daeh-ZaoBuXing-HeHouMaDian.xml_1,贼昏王篡了位谋乱邦家。,13152893.226881064,0.0
lsxp-DaHeYi-SiLangTanMu.xml_1,大喝一声（哪）如雷震，,13178429.401457878,0.0
daxp-XiShiNv-XiShi.xml_2,只为着守清寒柴门近水，,13189050.068533167,0.0
daxp-XiRiLi-LongFengChengXiang.xml_5,纵有大事料无妨。,13191754.89238049,0.0
daxp-WoZhuYe-SiLangTanMu.xml_4,叫番儿忙摆驾银安殿，,13238588.387395097,0.0
lseh-XinZhongYou-WenZhaoGuan.xml_8,哭一声爹娘不能相见，,13240272.222121062,0.09090909090909091
lsxp-DaHeYi-SiLangTanMu.xml_27,听罢言来才知情，,13250893.51598536,0.0
sdxp-WoHeNi-SiLangTanMu.xml_10,怎奈我身在番难以过关。,13257880.04417659,0.09090909090909091
daeh-ZaoBuXing-HeHouMaDian.xml_0,遭不幸老王爷晏了御驾，,13281811.908267232,0.0
lsxp-LiangGuoJiao-ShiJieTing-1.xml_1,各为其主统貔貅，,13291276.119424177,0.0
daxp-ChunQiuTing-SuoLinNang.xml_19,满腹骄矜顿雪潇，,13302152.781896925,0.0
lseh-XinZhongYou-WenZhaoGuan.xml_19,父母的冤仇化尘烟，,13322777.002711697,0.0
daxp-DangRiLi-SuoLinNang.xml_4,那花轿必定是因陋就简，,13342677.162685635,0.0
daeh-ZiNaRi-ZhuangYuanMei-1.xml_1,行不安坐不宁情态缠绵。,13367802.170054704,0.0
daxp-LaoDieDie-YuZhouFeng.xml_0,老爹爹发恩德将本修上，,13437930.020323811,0.0
daxp-LaoDieDie-DaYuShaJia-1.xml_3,等候了爹爹回细问根由。,13475765.078507327,0.0
lsxp-JiangShenEr-SanJiaDian.xml_13,娘想儿来泪双流。,13479540.462192988,0.0
daxp-ChunQiuTing-SuoLinNang.xml_10,轿内的人儿弹别调，,13480811.84463145,0.0
lseh-YiLunMing-ZhuoFangCao-1.xml_14,悔不该把家属一（呀）旦撇下，,13498392.577158745,0.0
daxp-QiaoLouShang-HuangShanLei.xml_7,原来是秋风起扫叶之声。,13550295.586244995,0.0
lsxp-LiangGuoJiao-ShiJieTing-2.xml_0,两国交锋龙虎斗，,13561599.372379161,0.0
daeh-ZiNaRi-ZhuangYuanMei-2.xml_7,帝王家深宫怨似水流年。,13581831.23592728,0.0
daxp-ErDeFu-HongNiGuan.xml_7,又恐怕众将官说短论长。,13583536.466228772,0.0
lsxp-LiangGuoJiao-ShiJieTing-1.xml_4,此一番领兵去镇守，,13594723.747775143,0.0
dldeh-ShouBiPo-ChunQiuPei.xml_7,全（呐）不顾你身有病气力不佳。,13600934.803431382,0.0
lseh-WeiKaiYan-RangXuZhou.xml_5,救生灵（呐）积阴（呐）功也免得我坐卧不宁。,13613771.10331088,0.09090909090909091
daeh-ZaoBuXing-HeHouMaDian.xml_5,贼好比曹阿瞒半点不差，,13653497.997977821,0.0
daeh-WangChunE-SanNiangJiaoZi.xml_3,老薛保好一似浪里舟船。,13739593.974743726,0.0
lsxp-LiangGuoJiao-ShiJieTing-2.xml_2,管带三（呐）军要宽厚，,13745576.631342256,0.0
daeh-WuDuanQiao-BiYuZan.xml_5,满腹冤屈向谁言。,13746397.293581543,0.0
sdxp-SuLongWei-WuJiaPo.xml_8,为军哪怕到官前。,13752445.316545492,0.0
sdxp-WoHeNi-SiLangTanMu.xml_29,怕你一去就不回还。,13772279.254626602,0.0
lseh-YiLunMing-WenZhaoGuan-2.xml_10,我好（呃）比哀哀长空雁，,13787773.034718791,0.0
daeh-ZiNaRi-ZhuangYuanMei-1.xml_5,不知道他与我是否一般。,13801245.7124701,0.0
daxp-ChunQiuTing-SuoLinNang.xml_2,在隔帘只见这一花轿，,13802978.352911055,0.18181818181818182
daeh-ZaoBuXing-HeHouMaDian.xml_8,只骂得贼昏王装聋作哑，,13809979.521464804,0.09090909090909091
daeh-SunShangXiang-BieHuangGong.xml_6,回荆州未三载诓我回转，,13816029.796957394,0.0
sdxp-SuLongWei-WuJiaPo.xml_13,腰中取出银一锭，,13836705.537377063,0.0
daxp-TingTaYan-ZuoGong.xml_7,不知者不怪罪你的海量放宽。,13849398.323396888,0.0
lseh-YiLunMing-WenZhaoGuan-1.xml_7,夜夜何曾得安眠。,13852584.656749683,0.09090909090909091
lseh-YiLunMing-WenZhaoGuan-2.xml_7,夜夜何曾得安眠。,13852584.656749683,0.09090909090909091
daxp-QiaoLouShang-HuangShanLei.xml_15,你爹爹到如今未转家门。,13904123.953330137,0.0
daeh-ZaoBuXing-HeHouMaDian.xml_3,反倒说为嫂我拦阻有差，,13925362.559462564,0.0
daxp-WoZhuYe-SiLangTanMu.xml_5,阅兵书看何人前来何安。,13933712.660215138,0.0
lseh-YiLunMing-WenZhaoGuan-1.xml_10,我好（哇）比哀哀长空雁，,13953779.887093082,0.0
daxp-MengJunZi-ChunQiuPei-1.xml_0,蒙君子至殷勤再三问话，,13956805.498122957,0.0
lsxp-DaHeYi-SiLangTanMu.xml_29,众将与爷忙掩（哪）门，,13967218.664783992,0.0
daeh-ZiNaRi-ZhuangYuanMei-2.xml_3,乱军中多亏他救我回还。,14035728.138190398,0.0
lseh-ZiNaRi-HongYangDong.xml_9,因此上臣的病重（呃）加十分、千岁爷呀！,14037365.959149381,0.0
daeh-ZiNaRi-ErJinGong.xml_6,徐小姐把守在宫门口，,14084780.067829264,0.09090909090909091
lseh-XiRiLi-BaoLianDeng.xml_9,那叔齐逃出了后宰门，,14100665.84337335,0.09090909090909091
lsxp-WoZhuYe-ZhuiHanXin.xml_9,我也曾约法定过三章。,14101286.283462781,0.0
daxp-ChunQiuTing-SuoLinNang.xml_9,也有失意痛哭嚎啕，,14107340.32537336,0.0
daxp-WoZhuYe-SiLangTanMu.xml_1,众文武扶哀家执掌军房。,14126166.93880146,0.0
lseh-YiLunMing-WenZhaoGuan-1.xml_8,俺伍员好一似丧家犬，,14134007.12653941,0.0
daeh-SunShangXiang-BieHuangGong.xml_7,阿斗儿行中途被子龙追还。,14149462.904187001,0.0
lsxp-WoZhuYe-ZhuiHanXin.xml_7,一路上得遇陆贾、郦生与张良。,14151949.294080574,0.09090909090909091
daeh-ZaoBuXing-HeHouMaDian.xml_10,只骂得贼昏王无言对答。,14180423.171866879,0.09090909090909091
lsxp-ZiGuDao-HuangHeLou.xml_3,二将军保架过长江。,14207036.620671999,0.0
daxp-NiDeFu-FenHeWan.xml_1,全仗你打雁养娘亲，,14211839.306586353,0.0
daxp-ErTingDe-SuoLinNang.xml_30,小小囊儿何足道，,14277596.685867622,0.0
daeh-ZaoBuXing-HeHouMaDian.xml_2,把一个皇太子逼死殿下，,14280013.717196971,0.0
lsxp-ZhangGongDao-ZhuangYuanPu.xml_4,怕将（呃）来老天爷无（哇）有果报，,14293561.040811408,0.0
dldeh-ShouBiPo-ChunQiuPei.xml_3,奴好比花未开风吹雨打，,14318161.195097227,0.0
lsxp-JiangShenEr-SanJiaDian.xml_15,叫一声解差把店役。,14344566.30805983,0.0
sdxp-SuLongWei-WuJiaPo.xml_5,西凉川四十单八站，,14370800.13412407,0.09090909090909091
daxp-XiShiNv-XiShi.xml_1,难得有开怀事常锁双眉。,14392325.12765124,0.09090909090909091
daxp-MengTingDe-MuiGuiYingGuaShuai.xml_4,有生之日责当尽，,14393761.628682693,0.09090909090909091
lsxp-QingGongYan-FaDongWu.xml_0,庆功宴上把酒饮，,14394132.236355877,0.0
lseh-NiangZiBu-SouGuJiuGu.xml_6,舍子搭救忠（呃）良的后，,14418366.525598655,0.09090909090909091
daxp-WoHeNi-SangYuanHui.xml_1,谁认你狼心狗肺的人！,14439336.456131535,0.0
lseh-WeiKaiYan-RangXuZhou.xml_2,二犬子（呃）皆年幼（哇）难当（呃）重任，,14451119.663003001,0.0
daxp-ChunQiuTing-SuoLinNang.xml_24,分我一枝珊瑚宝，,14451153.744555635,0.0
daxp-ChunQiuTing-SuoLinNang.xml_22,我在不足他正少，,14451153.744555635,0.09090909090909091
daxp-DuiLingHua-BiYuZan.xml_3,也算得人世间美满姻缘。,14564018.66485342,0.09090909090909091
sdxp-SuLongWei-WuJiaPo.xml_1,苏龙魏虎为媒证，,14567588.839130724,0.0
daxp-DangRiLi-SuoLinNang.xml_6,虽然是古青庐以朴为俭，,14577944.624839362,0.0
daxp-DangRiLi-SuoLinNang.xml_15,囊虽小却能做续命泉源。,14590783.8543485,0.0
lsxp-LiangGuoJiao-ShiJieTing-2.xml_1,各为其（呀）主统貔貅。,14632378.78430699,0.0
daeh-ZaoBuXing-HeHouMaDian.xml_9,只骂得贼昏王扭转身驱、闭目合晴、羞羞惭惭一语不发，,14635905.895646922,0.09090909090909091
daxp-DangRiLi-SuoLinNang.xml_1,霎时间日色淡似坠西山。,14674028.051442236,0.36363636363636365
daxp-ErTingDe-SuoLinNang.xml_19,谁能移动它半分毫。,14693739.813660868,0.0
lseh-YiLunMing-WenZhaoGuan-2.xml_8,俺伍员好一似丧家犬，,14705873.148816247,0.0
lsxp-DaHeYi-SiLangTanMu.xml_30,自己骨肉认不清。,14709076.44096455,0.0
lsxp-ShenGongWu-LongFengChengXiang.xml_3,耳听笙歌闹喧哗。,14717476.940088423,0.0
lsxp-CiShiJian-HuaiHeYing-2.xml_1,胡言乱语怎瞒（呐）咱！,14733898.178023258,0.0
daeh-LiYanFei-DaBaoGuo.xml_4,将江山让太师权且代贺，,14743011.152977739,0.09090909090909091
daxp-LaoDieDie-SanJiZhang-1.xml_3,贫穷人得了志比富还强。,14744559.931918636,0.09090909090909091
daxp-DangRiLi-SuoLinNang.xml_17,红珊瑚碧翡翠样样倶全。,14756432.201281592,0.09090909090909091
daxp-NiDeFu-FenHeWan.xml_3,不等到日落及早回程。,14757894.295958733,0.18181818181818182
daxp-LaoDieDie-SanJiZhang-2.xml_0,老爹爹请息怒容儿细讲，,14771287.457710693,0.0
sdxp-WoHeNi-SiLangTanMu.xml_31,一夜之间你怎能回还。,14772957.224923814,0.0
daeh-CanQiQi-WuLongZuo.xml_1,叹红颜多薄命父母双亡。,14790778.064635519,0.09090909090909091
lseh-YiLunMing-WenZhaoGuan-1.xml_18,背地里只把东皋公怨，,14867845.840808162,0.0
lsxp-WeiCengKai-QiYuanBao.xml_9,望求太爷与我作主张（啊）。,14906456.475551998,0.0
daeh-ZuoChunGui-XiShi.xml_1,无限的闲愁恨尽上眉尖。,14922239.607164517,0.0
lseh-YiLunMing-WenZhaoGuan-1.xml_2,实指（惹）望到吴国借兵回转，,14936205.17170287,0.0
sdxp-DangNianHan-SanJiZhang.xml_10,都是安邦定国臣，,14939501.157506373,0.0
daeh-WangChunE-SanNiangJiaoZi.xml_5,每日里在书房苦读圣贤。,14941490.248318316,0.18181818181818182
daeh-ZiNaRi-ErJinGong.xml_11,想必是徐杨进了昭阳。,14945475.795567397,0.0
lseh-TuZeiZuo-SouGuJiuGu.xml_0,屠贼做事心太狠，,15016144.34358328,0.0
lsxp-ZhangGongDao-ZhuangYuanPu.xml_3,为儿（喏）女我也曾补路修桥。,15016434.04196978,0.0
daxp-QiaoLouShang-HuangShanLei.xml_2,对孤灯思远道心神不定，,15025191.555536868,0.0
daxp-QiaoLouShang-HuangShanLei.xml_9,看娇儿正酣睡恐被风侵。,15035883.219127426,0.0
lseh-TuZeiZuo-SouGuJiuGu.xml_2,眼见得忠良无救应，,15058018.958016673,0.2727272727272727
lseh-XuMaoGong-QinQiongFaPei.xml_0,徐茂公阴阳多奥妙，,15067938.268207008,0.0
daxp-ErTingDe-SuoLinNang.xml_29,积德才生玉树苗。,15086342.851619594,0.0
lseh-YiLunMing-WenZhaoGuan-2.xml_2,实指望到吴国借兵回转，,15115867.232568935,0.0
lseh-YiLunMing-ZhuoFangCao-1.xml_18,观此贼睡卧真（呐）潇洒，,15133549.222890137,0.0
sdxp-SuLongWei-WuJiaPo.xml_6,为军的要人我是不要钱。,15148105.166196506,0.0
daeh-ZiNaRi-ZhuangYuanMei-1.xml_3,乱军中多亏他救我回还。,15167368.442839777,0.0
daxp-MengJunZi-ChunQiuPei-2.xml_3,我爹爹名姜绍贸易天涯。,15177898.278347315,0.0
lsxp-ZheYiFeng-DingJunShan.xml_0,这一封（呃）书信来得巧，,15216455.174774183,0.09090909090909091
lsxp-ShenGongWu-LongFengChengXiang.xml_0,深宫无（哇）处不飞花，,15246529.600875644,0.0
lseh-YangYanZhao-PengBei.xml_4,我本当将此事对他来论，,15251796.38440531,0.0
lseh-LaoZhangBu-WuPenJi.xml_5,抓一（呀）把沙土扬灰尘。,15258426.794660233,0.0
lsxp-ZouYingLong-DaYanSong.xml_9,那一旁坐的就是严阁老，,15259266.149480043,0.0
daeh-XiaoNuCai-SanNiangJiaoZi.xml_2,哭一声亡故夫在阴曹等我，,15277604.17517896,0.09090909090909091
daxp-QiaoLouShang-HuangShanLei.xml_4,到三更真个是月明人静，,15285278.934293775,0.0
daxp-ChunQiuTing-SuoLinNang.xml_32,小小囊儿何足道，,15326650.793568019,0.0
daeh-ZiNaRi-ErJinGong.xml_7,看一看不觉到八月中秋。,15329659.994624518,0.0
daeh-ZaoBuXing-HeHouMaDian.xml_11,两旁的文武臣珠泪如麻，,15332207.002611054,0.0
daxp-MengJunZi-ChunQiuPei-2.xml_2,家住在罗郡城魁星楼下，,15336754.982443215,0.09090909090909091
daxp-QiaoLouShang-HuangShanLei.xml_0,谯楼上二更鼓声声送听，,15347223.328585595,0.0
lsxp-CiShiJian-HuaiHeYing-1.xml_1,胡言乱语怎瞒（呐）咱。,15351225.222426243,0.0
daxp-DangRiLi-SuoLinNang.xml_13,怎奈我在轿中赤手空拳。,15389352.281630492,0.09090909090909091
daxp-ErTingDe-SuoLinNang.xml_31,救她饥渴胜琼瑶。,15429091.448531264,0.0
dldeh-ShouBiPo-ChunQiuPei.xml_2,病恹恹身无力难以挣扎。,15455660.707825143,0.0
daxp-MengTingDe-MuiGuiYingGuaShuai.xml_5,寸土怎能够属于他人。,15475981.663554052,0.0
lsxp-YiShiWu-YuCangJian.xml_7,我与奸贼不共戴天！,15482053.341124615,0.0
sdxp-SuLongWei-WuJiaPo.xml_3,他三人与我有仇恨，,15483984.898519678,0.0
daeh-NaRiFeng-YuanXiaoMi.xml_5,那厢流泪这厢啼。,15506155.680731747,0.0
daeh-CanQiQi-WuLongZuo.xml_2,千金休哪曾受磨房景况，,15530402.069432165,0.0
sdxp-SuLongWei-WuJiaPo.xml_7,大嫂说话礼不端，,15553639.692502705,0.0
lsxp-CiShiJian-HuaiHeYing-1.xml_3,为什么事到如今耍奸滑。,15558349.639378833,0.0
daeh-WuDuanQiao-BiYuZan.xml_4,今生若被郎轻贱，,15560581.023267716,0.0
lseh-JinZhongXiang-ShangTianTai.xml_3,武仗着姚皇兄保定乾坤。,15579104.964514822,0.0
daxp-ChenSanLiang-ChenSanLiangPaTang.xml_5,最可恨鸨儿叫我接客人。,15623254.730909292,0.0
daxp-SuSanLi-NvQiJie.xml_4,哪一位去往南京转，,15653783.673435591,0.0
daxp-ChunQiuTing-SuoLinNang.xml_17,问那厢因何故痛哭无聊。,15658389.43149768,0.0
daxp-ChunQiuTing-SuoLinNang.xml_8,亦有饥寒悲怀抱，,15720619.831472578,0.0
lsxp-TingTaYan-ZhuoFangCao-1.xml_6,这时候我只得暂且忍耐在心下，,15728313.628936075,0.18181818181818182
daxp-ErTingDe-SuoLinNang.xml_5,问那厢因何故痛哭无聊？,15813067.052570209,0.0
daxp-ChunQiuTing-SuoLinNang.xml_25,安他半世凤凰巢。,15826733.832688197,0.0
daxp-ErTingDe-SuoLinNang.xml_23,安她半世凤凰剿。,15826733.832688197,0.0
daxp-MengJunZi-ChunQiuPei-2.xml_4,身有病还受那继母拷打，,15839433.155219635,0.0
lsxp-TingTaYan-ZhuoFangCao-1.xml_0,听他言听得我心（呐）惊胆怕，,15863439.491632601,0.09090909090909091
lsxp-TingTaYan-ZhuoFangCao-2.xml_0,听他言吓得我心（呐）惊胆怕，,15863439.491632601,0.09090909090909091
lsxp-WoBenShi-KongChengJi-1.xml_9,我面前缺少个知呃音的人。,15912725.64635153,0.0
daxp-ChunQiuTing-SuoLinNang.xml_33,救她饥渴胜琼瑶。,15954358.506879969,0.0
sdeh-WenSanNiang-SanNiangJiaoZi.xml_6,又谁知平白的闪跌一跤。,15967326.169327354,0.0
daxp-ChenSanLiang-ChenSanLiangPaTang.xml_4,诗书易礼都学会，,16002425.675263934,0.0
lsxp-CiShiJian-HuaiHeYing-2.xml_3,为什么事到如今耍奸滑？,16018325.164724154,0.0
daeh-WuDuanQiao-BiYuZan.xml_3,落得孤身病恹恹。,16039014.924923368,0.18181818181818182
daeh-WangChunE-SanNiangJiaoZi.xml_7,等候了薛倚儿转回家园。,16078945.487174213,0.0
lseh-XinZhongYou-WenZhaoGuan.xml_2,背地里只把东皋公怨，,16150577.091800453,0.0
daeh-WangChunE-SanNiangJiaoZi.xml_1,想起了我老爷好不惨然。,16193046.388598008,0.0
daxp-ErTingDe-SuoLinNang.xml_20,我正不足她正少，,16271811.615036111,0.0
lsxp-WoBenShi-KongChengJi-2.xml_9,我面前却少个知（呃）音的人。,16296303.535860196,0.0
daxp-MengJunZi-ChunQiuPei-1.xml_5,莫奈何到荒郊我就来捡芦花。,16296347.520057647,0.0
lseh-WeiGuoJia-HongYangDong-1.xml_1,我也曾平服了塞北西东。,16318246.732728358,0.09090909090909091
lsxp-TingTaYan-ZhuoFangCao-2.xml_6,这时候我只得暂且忍耐在心下，,16382042.754492253,0.18181818181818182
lseh-YiLunMing-WenZhaoGuan-1.xml_1,愁人心（哪）中似箭穿。,16400758.826221257,0.0
lseh-YiLunMing-WenZhaoGuan-2.xml_1,愁人心（呐）中似箭穿。,16450606.797904644,0.0
sdxp-DangNianHan-SanJiZhang.xml_2,未央宫斩的是何人？,16464748.804120764,0.0
lsxp-LiangGuoJiao-ShiJieTing-1.xml_3,赏罚中公（呃）平莫要自由。,16472447.971476208,0.0
lsxp-ZouYingLong-DaYanSong.xml_0,忽听得万岁宣应龙，,16532715.639329053,0.09090909090909091
daxp-FeiShiWo-TaoHuaCun.xml_4,已然错请生波浪，,16535595.683084426,0.0
lseh-WeiKaiYan-RangXuZhou.xml_1,天卸重任我就要（哇）你担承。,16537570.297891034,0.0
daxp-QiaoLouShang-HuangShanLei.xml_8,听画鼓报四更愈添凄冷，,16568817.849954965,0.0
sdxp-DangNianHan-SanJiZhang.xml_5,我的儿说话言不逊，,16582663.58516912,0.0
daeh-ZaoBuXing-HeHouMaDian.xml_12,搬一把金交椅娘且坐下，,16608343.705491098,0.0
lsxp-ZiCongQian-ZhuLianZhai.xml_4,山高路远少来问候，,16651520.522304041,0.09090909090909091
lsxp-ZhangGongDao-ZhuangYuanPu.xml_1,陈伯愚年半百无有后苗。,16657911.578471422,0.09090909090909091
daxp-TingTaYan-ZuoGong.xml_1,十五载到今日才吐真言。,16667863.640635464,0.09090909090909091
daeh-ZiNaRi-ErJinGong.xml_4,他那里父女情全然无有，,16681257.044120021,0.0
sdxp-SuLongWei-WuJiaPo.xml_27,三人对面（就）说分明。,16688282.570873605,0.0
lseh-YiLunMing-ZhuoFangSuDian.xml_2,悔不该心猿并意马，,16698197.91094486,0.0
sdxp-SuLongWei-WuJiaPo.xml_25,苏龙魏虎是内亲。,16706385.438960828,0.0
sdxp-DangNianHan-SanJiZhang.xml_14,在六国封相人上人。,16760101.912701536,0.09090909090909091
lseh-ZenNengGou-BaDaChui.xml_3,倒不如上公安观看古今。,16772484.027720077,0.0
lsxp-DaHeYi-SiLangTanMu.xml_14,失落番邦被贼擒。,16782150.16796517,0.09090909090909091
daeh-NaRiFeng-YuanXiaoMi.xml_7,不如早死命归西。,16789230.05744521,0.09090909090909091
daxp-FeiShiWo-TaoHuaCun.xml_2,今夜晚非比那西厢待月、你懂提防、莫轻狂，,16811188.11265545,0.09090909090909091
daxp-DangRiLi-SuoLinNang.xml_5,隔帘儿我也曾侧目偷观。,16836390.298244826,0.0
daeh-ZiNaRi-ErJinGong.xml_3,太师爷一心心想篡龙楼。,16850612.193637468,0.0
lseh-ZiNaRi-HongYangDong.xml_1,三更时梦（呃）见（呐）了年迈爹尊（呐）。,16878066.27960488,0.09090909090909091
lsxp-CiShiJian-HuaiHeYing-1.xml_7,（啊）生死二字（喏）且由他。,16909267.469591893,0.0
lseh-YiLunMing-ZhuoFangSuDian.xml_5,杀猪（喏）沽酒款待与他，,16995018.873794787,0.0
daeh-LiYanFei-DaBaoGuo.xml_1,文站东武列西朝贺哀家。,16996934.765265472,0.09090909090909091
lsxp-QingGongYan-FaDongWu.xml_2,弟兄们创业多艰难，,17027591.159936115,0.0
lsxp-ZhangGongDao-ZhuangYuanPu.xml_2,为（呀）儿（啼）女我也曾朝山拜庙，,17049539.549181048,0.09090909090909091
lseh-YiLunMing-WenZhaoGuan-1.xml_37,我不杀平王我的心怎甘（哪）。,17058469.348020665,0.0
daxp-ChunQiuTing-SuoLinNang.xml_5,为何鲛珠化泪抛？,17080441.533823464,0.0
lsxp-ZheYiFeng-DingJunShan.xml_4,头通（呃）鼓紧战袍，,17086941.980099175,0.0
daeh-NuZiYou-TouJunBieYao.xml_1,为薛郎我父女断绝情长。,17118098.860462807,0.0
lsxp-CiShiJian-HuaiHeYing-2.xml_4,左手拉住了李左车，,17144822.233009845,0.0
sdxp-WoHeNi-SiLangTanMu.xml_24,因何故终日里愁眉不展，,17147635.975000784,0.09090909090909091
lseh-NiangZiBu-SouGuJiuGu.xml_4,我与那公孙杵臼把计定，,17154720.07692125,0.0
lseh-YiLunMing-ZhuoFangCao-1.xml_17,汉室后来贼是个惹祸的根芽。,17167177.669492673,0.09090909090909091
sdxp-SuLongWei-WuJiaPo.xml_4,咬定牙关他就不认承。,17251960.87064227,0.0
lsxp-ZiGuDao-HuangHeLou.xml_2,曾记得当年赴河梁，,17252105.62797275,0.09090909090909091
daeh-NuZiYou-TouJunBieYao.xml_3,也不枉我二人苦度时光。,17267102.947168607,0.0
daxp-LaoDieDie-SanJiZhang-2.xml_3,这样人得了志比父还强。,17360108.639023013,0.09090909090909091
lseh-XiRiLi-BaoLianDeng.xml_13,二娇儿也难比那两个贤人。,17375112.98534112,0.0
daeh-ZiNaRi-ZhuangYuanMei-2.xml_6,百姓们闺房乐如花美眷，,17422737.439631447,0.0
lseh-YiLunMing-WenZhaoGuan-1.xml_3,谁知昭关有阻拦。,17429730.779245578,0.0
lsxp-ZiCongQian-ZhuLianZhai.xml_2,为千岁懒把朝房走，,17435634.968655284,0.0
lsxp-DaHeYi-SiLangTanMu.xml_22,灯光之下看不真。,17453489.660618715,0.0
sdxp-WoHeNi-SiLangTanMu.xml_5,非是我这几日愁眉不展，,17505843.8586467,0.09090909090909091
lsxp-DaHeYi-SiLangTanMu.xml_25,家住哪州并哪郡？,17514391.524428748,0.0
lseh-JinZhongXiang-ShangTianTai.xml_4,内侍臣忙摆驾九龙口进，,17518605.26976645,0.0
sdxp-DangNianHan-SanJiZhang.xml_18,大孝之人也受贫。,17522304.3525225,0.0
daeh-ZuoRiGong-TaiZhenWaiChuan.xml_1,有谁知一时错被逐宫廷。,17571445.503827844,0.0
lseh-NiangZiBu-SouGuJiuGu.xml_5,他舍命来你我舍亲生。,17612115.83142628,0.0
daeh-ZuoRiGong-TaiZhenWaiChuan.xml_3,但不知何日里再沐圣明。,17625853.790056452,0.09090909090909091
lsxp-JiangShenEr-SanJiaDian.xml_1,尊一声过往的宾朋听从头：,17633811.843080435,0.0
lseh-ZiNaRi-HongYangDong.xml_3,那乃是萧天佐以（呀）假成真；,17642051.776257932,0.0
daeh-ZiNaRi-ZhuangYuanMei-2.xml_1,行不安坐不宁情态缠绵。,17662628.2572757,0.0
lseh-XiRiLi-BaoLianDeng.xml_15,打死个秦官保父不能担承。,17700756.688307587,0.0
lseh-YiLunMing-ZhuoFangCao-2.xml_10,屈死的冤鬼魂休要怨咱，,17703242.984383903,0.0
lsxp-DaHeYi-SiLangTanMu.xml_9,家住后山磁州郡，,17713590.094230782,0.18181818181818182
lsxp-WoBenShi-KongChengJi-2.xml_7,我诸葛怎比得前辈（呃）的先（呃）生。,17772247.300608754,0.09090909090909091
daeh-ZiNaRi-ZhuangYuanMei-2.xml_5,不知道他与我是否一般。,17831567.282922525,0.0
lseh-YiLunMing-WenZhaoGuan-1.xml_36,对天发不宏誓愿，,17835162.88796637,0.0
lsxp-ZouYingLong-DaYanSong.xml_13,在品级台（呀）前臣见君。,17838105.67608716,0.18181818181818182
lseh-TanXiongDi-SangYuanJiZi.xml_3,见坟台不见人刀割我心。,17841053.064333513,0.09090909090909091
lseh-LaoZhangBu-WuPenJi.xml_2,休把我当作了妖魔论，,17851728.523954093,0.0
daeh-ZiNaRi-ZhuangYuanMei-2.xml_9,宋天子主婚姻此事成全。,17866896.84686158,0.0
sdxp-SuLongWei-WuJiaPo.xml_2,王丞相是我的主婚人（哪）。,17907946.04504684,0.0
daeh-ZiNaRi-ZhuangYuanMei-2.xml_11,但愿得杨六郎心如石坚。,18005345.59439306,0.09090909090909091
lseh-XinZhongYou-WenZhaoGuan.xml_21,我不杀平王我的心怎甘。,18015686.421602685,0.0
sdxp-DangNianHan-SanJiZhang.xml_3,小奴才真个不孝顺，,18095797.401542928,0.0
daxp-MengJunZi-ChunQiuPei-1.xml_3,我的父名姜绍贸易天涯。,18171799.992268424,0.0
daeh-CanQiQi-WuLongZuo.xml_3,担几肩头晕转体若筛糠。,18208594.205865566,0.0
daxp-LaoDieDie-DaYuShaJia-2.xml_1,倒叫我桂英儿挂在心头。,18273631.55433478,0.09090909090909091
lsxp-CiShiJian-HuaiHeYing-2.xml_7,生死二字（喏）且由他！,18294284.07619437,0.0
lseh-NiangZiBu-SouGuJiuGu.xml_1,卑（呀）人言来你是（喏）听。,18358651.579973307,0.0
sdxp-SuLongWei-WuJiaPo.xml_39,妻儿老小与奴一般。,18370367.21283769,0.0
lseh-ZenNengGou-BaDaChui.xml_0,怎能够思一计番营来进，,18424761.37664473,0.0
daeh-ZiNaRi-ZhuangYuanMei-2.xml_10,但愿得令公令婆别无意见，,18480443.898784038,0.18181818181818182
daeh-SunShangXiang-BieHuangGong.xml_3,留下了孙仲谋执掌江南。,18506221.735379368,0.0
sdxp-WoHeNi-SiLangTanMu.xml_2,贤公主又何必过于谦言。,18531848.304335788,0.0
daxp-TingTaYan-ZuoGong.xml_4,我这里走向前再把礼见，,18594353.223905962,0.09090909090909091
lseh-YiLunMing-WenZhaoGuan-1.xml_5,他将我隐藏在后花园。,18619327.367204208,0.18181818181818182
lsxp-ShenGongWu-LongFengChengXiang.xml_2,朝欢暮乐无牵挂，,18647618.09076954,0.0
lseh-XinZhongYou-WenZhaoGuan.xml_16,我冷冷清清向谁言（呃）。,18650021.869042527,0.0
daxp-LaoDieDie-SanJiZhang-1.xml_2,父休笑薛平贵是花郎模样，,18653067.41622647,0.0
sdxp-WoHeNi-SiLangTanMu.xml_17,公主叫我盟誓愿，,18661552.57593264,0.0
lseh-WeiGuoJia-HongYangDong-1.xml_0,为国家那何曾半日闲空，,18732764.881538227,0.09090909090909091
lseh-YiLunMing-WenZhaoGuan-1.xml_32,我冷冷清清向谁言（哪）。,18764901.157431986,0.0
daxp-XiShiNv-XiShi.xml_5,对清溪时照影自整罗农。,18802720.894399054,0.0
daeh-ZiNaRi-ZhuangYuanMei-1.xml_6,百姓们闺房乐如花美眷，,18825345.518732626,0.0
daeh-LiYanFei-ErJinGong.xml_3,想必是徐杨将进了昭阳。,18853923.1713628,0.0
daeh-SunShangXiang-BieHuangGong.xml_5,又谁知弄假成真反配凤鸾。,18919084.17879475,0.0
lseh-WeiGuoJia-HongYangDong-3.xml_1,我也曾平服了塞北西东。,18954241.18816685,0.09090909090909091
lseh-YiLunMing-WenZhaoGuan-2.xml_3,谁知昭关有阻拦。,18954312.766258456,0.0
lseh-YangYanZhao-PengBei.xml_1,在中途得一信甚是不明。,18965585.581661996,0.18181818181818182
lseh-YangYanZhao-PengBei.xml_0,杨延昭奉父命巡查大营，,19038612.209034234,0.0
daxp-DangRiLi-SuoLinNang.xml_3,耳听得风声断，雨声喧，雷声乱，乐声阑珊，人声呐喊，都道说是大雨倾天。,19049059.342178427,0.09090909090909091
lsxp-QingGongYan-FaDongWu.xml_1,想起桃园结拜情。,19113418.9521021,0.0
daxp-QiaoLouShang-HuangShanLei.xml_12,数更等交五鼓空房愈冷，,19199018.81948106,0.0
daxp-WoZhuYe-SiLangTanMu.xml_0,我主爷金沙滩早把命丧，,19223979.560202114,0.0
lsxp-DaHeYi-SiLangTanMu.xml_10,火堪寨上有家门。,19226914.77802796,0.0
lseh-XinZhongYou-WenZhaoGuan.xml_0,心中有事难合眼，,19246487.596560374,0.09090909090909091
lsxp-WeiCengKai-QiYuanBao.xml_2,家住在南阳太平庄，,19251302.581433117,0.09090909090909091
sdxp-SuLongWei-WuJiaPo.xml_30,本利算来有多少，,19275776.12491081,0.0
daeh-NaRiFeng-YuanXiaoMi.xml_1,死里逃生甚惨凄。,19304249.37423022,0.0
lseh-YiLunMing-WenZhaoGuan-1.xml_16,心中有事难合眼，,19309445.906905133,0.09090909090909091
daeh-ZuoChunGui-XiShi.xml_3,夜不眠朝慵起又向谁言。,19316549.68133291,0.0
lseh-WeiGuoJia-HongYangDong-2.xml_0,为国家哪何曾半日闲空，,19332312.606675994,0.09090909090909091
daxp-WoDeNiang-XinAnYi.xml_3,却原来母亲到儿未知情。,19346862.303170986,0.0
lseh-YiLunMing-ZhuoFangSuDian.xml_10,屈死的怨鬼魂休要怨（呐）咱，,19384090.03803628,0.0
daxp-ErTingDe-SuoLinNang.xml_22,分我一枝珊瑚宝，,19455989.671656694,0.0
sdxp-DangNianHan-SanJiZhang.xml_13,商鞅不中苏季子，,19455989.671656694,0.0
lseh-JinZhongXiang-ShangTianTai.xml_2,文凭着邓先生策划有准，,19458196.19429688,0.0
lsxp-ZheYiFeng-DingJunShan.xml_5,三通鼓刀出鞘四通（呃）鼓把兵交。,19465431.862773336,0.0
daxp-LaoDieDie-DaYuShaJia-2.xml_3,等候了爹爹回细问根由。,19468944.71824943,0.0
lseh-XinZhongYou-WenZhaoGuan.xml_20,对天发下宏誓愿，,19473804.783912938,0.0
daxp-LaoDieDie-DaYuShaJia-1.xml_1,到叫我桂英儿挂在心头；,19582576.917218827,0.09090909090909091
lsxp-YiShiWu-YuCangJian.xml_3,靠山绿（哇）水常在面前。,19606059.97439319,0.18181818181818182
sdxp-WoHeNi-SiLangTanMu.xml_14,见母一面即刻还。,19635694.607471175,0.09090909090909091
lsxp-DaHeYi-SiLangTanMu.xml_6,怎知今日回宋营。,19635718.87988179,0.09090909090909091
daeh-XiaoNuCai-SanNiangJiaoZi.xml_3,等候了你妻子同见阎罗。,19778335.42684562,0.09090909090909091
lsxp-LiangGuoJiao-ShiJieTing-2.xml_3,赏罚中公（呃）平莫要自由。,19938263.64163108,0.0
sdxp-WoHeNi-SiLangTanMu.xml_32,适才叫咱盟誓愿，,19983437.251288965,0.0
lseh-YiLunMing-ZhuoFangCao-1.xml_24,执宝剑将贼的（呀）头割下，,19985355.506448258,0.0
daxp-QiaoLouShang-HuangShanLei.xml_5,猛听得窗儿外似有人行。,20015958.254333816,0.09090909090909091
sdxp-SuLongWei-WuJiaPo.xml_38,西凉的鞑子将你斩，,20030117.829523858,0.09090909090909091
daxp-DangRiLi-SuoLinNang.xml_7,哪有这短花帘，旧花幔，参差流苏，残破不全。,20065315.054743905,0.0
lseh-WeiKaiYan-RangXuZhou.xml_0,未开言不由人（呐）珠泪滚滚，,20112481.229652856,0.0
daeh-XiaoNuCai-SanNiangJiaoZi.xml_5,叹一声不由人珠泪如梭。,20129393.595955286,0.0
daxp-XiRiLi-LongFengChengXiang.xml_3,安排虎计害刘王。,20245843.42367231,0.0
daxp-WoDeNiang-XinAnYi.xml_0,我的娘她忘了女生外姓，,20256896.738172453,0.0
daxp-MengJunZi-ChunQiuPei-1.xml_1,虽然是男女别不得不答。,20271978.995297454,0.09090909090909091
lsxp-DaHeYi-SiLangTanMu.xml_16,我是你四哥回宋营。,20300658.48566921,0.0
daeh-LiYanFei-DaBaoGuo.xml_7,宣太师上金殿披红插花。,20314502.641392883,0.09090909090909091
sdxp-WoHeNi-SiLangTanMu.xml_25,有什么心腹事你只管明言。,20371595.27212248,0.0
daxp-NiDeFu-FenHeWan.xml_0,你的父去投军无音信，,20415993.599605825,0.0
lseh-YiLunMing-ZhuoFangCao-2.xml_1,陈宫心中乱如麻。,20486217.798565686,0.0
lsxp-DaHeYi-SiLangTanMu.xml_26,要见本帅为何情？,20514531.77036646,0.09090909090909091
lsxp-HenPingWang-WenZhaoGuan.xml_2,我的（呀）父谏奏反把命（哪）送，,20554469.585347027,0.0
daxp-MengJunZi-ChunQiuPei-1.xml_2,家住在罗郡城魁星楼下，,20579427.56846933,0.09090909090909091
lsxp-WoBenShi-KongChengJi-2.xml_5,东西战南北剿博古（呃）通（哦）今。,20584249.700154465,0.09090909090909091
daxp-DangRiLi-SuoLinNang.xml_11,为什么悲切切哭得可怜。,20608138.034225862,0.09090909090909091
daxp-MengTingDe-MuiGuiYingGuaShuai.xml_3,敌血飞溅石榴裙。,20619586.281151406,0.0
lsxp-JiangShenEr-SanJiaDian.xml_5,因此上发配到登州。,20682190.230202433,0.0
sdxp-DangNianHan-SanJiZhang.xml_1,登台拜帅是韩信，,20718234.385040216,0.0
lseh-XinZhongYou-WenZhaoGuan.xml_17,我本当拔宝剑自寻短见，,20734982.448773317,0.09090909090909091
lsxp-WoBenShi-KongChengJi-1.xml_7,俺诸（喏）葛怎比得前辈呀的先哪生。,20737765.649289247,0.09090909090909091
daxp-MengJunZi-ChunQiuPei-2.xml_0,蒙君子至诚心再三问话，,20832302.990932185,0.0
lseh-NiangZiBu-SouGuJiuGu.xml_10,千言万（哪）语她不肯，,20893183.316962887,0.0
daxp-MuQinBu-FengHuanChao.xml_4,人生不知顾脸面，,20898732.355855513,0.0
lseh-ZiNaRi-HongYangDong.xml_0,自（喏）那日朝罢归身（呐）染重病，,20966287.48662094,0.09090909090909091
lseh-YiLunMing-WenZhaoGuan-2.xml_5,他将我隐藏在后花园。,21084714.501118913,0.18181818181818182
daxp-XiRiLiang-LongFengChengXiang.xml_0,昔日梁鸿配孟光，,21145998.61908316,0.09090909090909091
daxp-ErDeFu-HongNiGuan.xml_2,奴这里只把那结婚思量，,21190810.364014022,0.0
lseh-LaoZhangBu-WuPenJi.xml_1,我有言来你是（喏）听。,21198854.0254242,0.0
daxp-XiRiLi-LongFengChengXiang.xml_0,昔日里梁鸿配孟光，,21201386.89899342,0.09090909090909091
daxp-FeiShiWo-TaoHuaCun.xml_7,桃花村口莫彷徨。,21214158.42386211,0.0
sdxp-SuLongWei-WuJiaPo.xml_43,落得个孝子的名儿在那天下传。,21379258.315885555,0.2727272727272727
lseh-WeiGuoJia-HongYangDong-2.xml_1,我也曾平服了塞北西东。,21435248.25700825,0.09090909090909091
lsxp-TingTaYan-ZhuoFangCao-1.xml_5,这才是花随水水不（哇）能恋（呐）花。,21441668.2831542,0.0
daxp-ChunQiuTing-SuoLinNang.xml_3,想必是新婚渡鹊桥，,21457514.337815825,0.0
lsxp-WoBenShi-KongChengJi-1.xml_5,东西战南北剿博古通呃今。,21505875.13702112,0.09090909090909091
sdxp-DangNianHan-SanJiZhang.xml_4,仙女嫁的又是何人？,21535093.58215742,0.0
daxp-DangRiLi-SuoLinNang.xml_0,当日里好风光忽觉转变，,21554644.804753166,0.09090909090909091
sdxp-WoHeNi-SiLangTanMu.xml_16,快马加鞭我一夜还。,21622296.740203835,0.0
lsxp-TingTaYan-ZhuoFangCao-2.xml_5,这才是花随水水不（哇）能恋（呐）花。,21629832.470333647,0.0
sdxp-SuLongWei-WuJiaPo.xml_10,管保大嫂就断与咱。,21657263.072326202,0.0
daxp-LaoDieDie-YuZhouFeng.xml_3,观此本免了儿一门祸殃。,21664887.988581773,0.0
lsxp-WoBenShi-KongChengJi-2.xml_0,我本是卧龙岗散淡（呐）的人，,21789774.488100693,0.0
dldeh-ShouBiPo-ChunQiuPei.xml_4,想亲娘和老父心乱如麻。,21922283.27083856,0.0
daxp-MengJunZi-ChunQiuPei-1.xml_4,在家中受不过继母拷打，,21997235.799424518,0.09090909090909091
daxp-DuiLingHua-BiYuZan.xml_1,听她言不由人喜上眉尖。,22004552.232068997,0.0
lseh-ZiNaRi-HongYangDong.xml_2,我前番命孟良骸骨搬（呐）请，,22042588.314537406,0.0
daxp-ChunQiuTing-SuoLinNang.xml_1,何处悲声破寂寥。,22073505.611098144,0.0
lseh-YiLunMing-ZhuoFangCao-1.xml_22,虎在笼中我不打，,22105407.24687498,0.09090909090909091
sdxp-DangNianHan-SanJiZhang.xml_20,爹爹为何你要退婚？,22128462.702591818,0.0
lseh-TanXiongDi-SangYuanJiZi.xml_2,眼望着孤坟台珠泪难忍，,22138422.587581493,0.09090909090909091
lseh-LaoZhangBu-WuPenJi.xml_0,老丈不（哇）必胆怕惊，,22145717.630507644,0.0
lseh-YiLunMing-ZhuoFangCao-2.xml_2,悔不该心猿并意马，,22208694.86738827,0.0
lsxp-WoBenShi-KongChengJi-1.xml_0,我本是卧龙岗散淡哪的人，,22251520.630866718,0.0
lseh-ZenNengGou-BaDaChui.xml_2,前也思（喏）后又想无有计定，,22270715.553053856,0.09090909090909091
daeh-TanHongYan-HuoXiaoYu.xml_5,隔着窗儿点滴不休。,22287000.476521417,0.0
lseh-YiLunMing-WenZhaoGuan-1.xml_34,寻短（哪）哎见爹娘（兀）！,22474579.046772454,0.09090909090909091
daeh-WuDuanQiao-BiYuZan.xml_7,又怕丑名误流传。,22514266.25000708,0.0
lseh-WeiGuoJia-HongYangDong-3.xml_0,为国家哪何曾半日闲空，,22565961.34824027,0.09090909090909091
daxp-ErDeFu-HongNiGuan.xml_4,清早起我和他一度商量，,22658534.165744714,0.0
daxp-ErTingDe-SuoLinNang.xml_8,怜贫济困是正道，,22684167.064827785,0.0
lseh-XiRiLi-BaoLianDeng.xml_7,兄（呃）推弟来两不能够担承。,22710922.60246332,0.0
lseh-XiRiLi-BaoLianDeng.xml_0,昔日里有一个孤竹君，,22762987.61875792,0.09090909090909091
daxp-LaoDieDie-SanJiZhang-2.xml_2,父道那薛平贵是那化郎模样，,22982564.65393189,0.0
lseh-WeiKaiYan-RangXuZhou.xml_4,望使君放开怀慨然（呐）应（呐）允，,22987249.063755326,0.0
daxp-ErDeFu-HongNiGuan.xml_1,撇下了奴一人好不悲凉。,23071944.422080424,0.0
daxp-LaoDieDie-YuZhouFeng.xml_1,明早朝上金殿面奏吾皇。,23137775.47319753,0.0
lseh-WeiKaiYan-RangXuZhou.xml_3,老朽年迈我也不能够担承。,23181841.5045822,0.0
daeh-NaRiFeng-YuanXiaoMi.xml_3,我与母亲两分离。,23317826.75335092,0.0
daxp-ErTingDe-SuoLinNang.xml_28,麟儿哪有神送到，,23350799.184773974,0.0
daxp-TingTaYan-ZuoGong.xml_0,听他言吓得我浑身是汗，,23500978.79674602,0.09090909090909091
daxp-DangRiLi-SuoLinNang.xml_16,有金珠和珍宝光华灿烂，,23645230.108064186,0.0
daeh-ZiNaRi-ZhuangYuanMei-1.xml_10,但愿得令公令婆别无异见，,23725820.697409313,0.18181818181818182
daxp-FeiShiWo-TaoHuaCun.xml_0,非是我嘱咐叮咛把话讲，,23813956.695084542,0.0
daeh-ZiNaRi-ErJinGong.xml_2,先王爷晏驾后太子年幼，,23841249.851484522,0.09090909090909091
daxp-ErTingDe-SuoLinNang.xml_14,休要噪且站了，,23968145.620270275,0.0
daxp-XiRiLiang-LongFengChengXiang.xml_3,安排巧计害刘王。,24011997.97876209,0.0
lseh-JinZhongXiang-ShangTianTai.xml_1,寡人喜的是五谷丰登。,24089279.842232116,0.0
lseh-WeiGuoJia-HongYangDong-2.xml_3,身不爽不由人瞌睡朦胧（呃）（哪）。,24128760.16690586,0.0
lsxp-DaHeYi-SiLangTanMu.xml_4,上面（哪）坐的同胞人。,24133971.09687556,0.0
sdxp-WoHeNi-SiLangTanMu.xml_12,无有令箭怎过关。,24373494.530277584,0.0
lseh-NiangZiBu-SouGuJiuGu.xml_3,三百余口命赴幽冥。,24375598.512904823,0.0
lsxp-ZheYiFeng-DingJunShan.xml_9,到明天午时三刻要成功劳。,24437446.76640753,0.0
daxp-TingTaYan-ZuoGong.xml_3,他思家乡想骨肉就不能团圆。,24476251.29466009,0.0
daxp-ChunQiuTing-SuoLinNang.xml_30,麟儿那有神送到，,24516939.30572386,0.0
daxp-ChunQiuTing-SuoLinNang.xml_6,此时却又明白了，,24530319.83770326,0.0
lsxp-YiShiWu-YuCangJian.xml_6,他害我满门（呐）真悲惨，,24664395.784302276,0.0
sdxp-SuLongWei-WuJiaPo.xml_26,你我同把相府进，,24684919.88084696,0.0
sdxp-SuLongWei-WuJiaPo.xml_28,我父在朝为官宦，,24698589.78214772,0.09090909090909091
daxp-MengTingDe-MuiGuiYingGuaShuai.xml_6,番王小丑何足论，,24788700.149922334,0.0
lseh-LaoZhangBu-WuPenJi.xml_6,我和你远无冤近无有仇恨，,25019830.714755017,0.0
daxp-XiShiNv-XiShi.xml_0,西施女生长在苎萝村里，,25120563.401539866,0.18181818181818182
lseh-WeiGuoJia-HongYangDong-1.xml_3,身不爽不由人瞌睡朦胧（呃）。,25179294.075416073,0.0
lseh-TanXiongDi-SangYuanJiZi.xml_0,叹兄兀弟遭不幸一旦丧命，,25185376.021253467,0.0
sdxp-WoHeNi-SiLangTanMu.xml_22,讲什么夫妻情恩德不浅，,25211023.453994263,0.0
lseh-XinZhongYou-WenZhaoGuan.xml_18,寻短（呃）哎见爹娘（呃）。,25259318.11247027,0.09090909090909091
daxp-MengTingDe-MuiGuiYingGuaShuai.xml_0,猛听得金鼓响画角声震，,25337698.450815883,0.09090909090909091
lseh-WeiGuoJia-HongYangDong-3.xml_3,身不爽不由人瞌睡朦胧。,25449455.9677013,0.0
daeh-TanHongYan-HuoXiaoYu.xml_1,美满姻缘付东流。,25701088.90663809,0.0
daxp-XiShiNv-XiShi.xml_3,每日里浣纱去又傍清溪。,26017876.638548285,0.09090909090909091
lsxp-CiShiJian-HuaiHeYing-2.xml_6,三人同把那鬼门关上爬，,26023235.900159635,0.0
lsxp-WoBenShi-KongChengJi-1.xml_4,官封到武乡侯哇执掌帅印，,26027652.601923596,0.0
daeh-TanHongYan-HuoXiaoYu.xml_3,啼花泣月在暗里（呀）添愁。,26077418.786981035,0.09090909090909091
lsxp-WoBenShi-KongChengJi-2.xml_2,先帝（呀）爷下南阳（呃）御驾三（呃）请，,26142108.39894823,0.0
sdeh-WenSanNiang-SanNiangJiaoZi.xml_1,问三娘发雷霆却是为何？,26386615.15146401,0.0
lsxp-WoZhuYe-ZhuiHanXin.xml_4,先进咸阳为皇上，,26523959.96686169,0.0
lseh-YiLunMing-ZhuoFangCao-1.xml_1,陈宫心（呐）中乱如麻，,26551973.485670168,0.0
lseh-WeiGuoJia-HongYangDong-1.xml_2,官封到节度使（喏）皇王恩重，,26662631.90033846,0.0
lseh-YiLunMing-WenZhaoGuan-1.xml_33,我本当拔宝剑自寻短见，,26792222.28616705,0.09090909090909091
daxp-ChenSanLiang-ChenSanLiangPaTang.xml_1,公正的老爷细听分明。,26874050.227862485,0.0
lseh-WeiGuoJia-HongYangDong-3.xml_2,官封到节度史（喏）皇王恩重，,26881557.658772506,0.0
lsxp-TingTaYan-ZhuoFangCao-1.xml_3,却原（呐）来贼是个无（哇）义（呀）的冤家！,26908513.746280752,0.0
lsxp-TingTaYan-ZhuoFangCao-2.xml_3,却愿（呐）来贼是个无（哇）义（呀）的冤家！,26908513.746280752,0.0
lseh-TanXiongDi-SangYuanJiZi.xml_1,丢下了年幼儿好不伤情。,26914529.480294347,0.0
lsxp-WoBenShi-KongChengJi-2.xml_4,官封到武乡侯（呃）执掌帅印，,27062837.78701847,0.0
daxp-ChunQiuTing-SuoLinNang.xml_26,忙把梅香低声儿叫，,27310142.429103564,0.0
daxp-ErTingDe-SuoLinNang.xml_18,人情冷暖凭空造，,27451115.930577327,0.0
daxp-ChunQiuTing-SuoLinNang.xml_12,耳听得悲声惨心中如捣，,27600124.035703745,0.09090909090909091
dldeh-ShouBiPo-ChunQiuPei.xml_6,你继母心毒狠将你打骂，,27692774.669572204,0.0
daxp-ErTingDe-SuoLinNang.xml_0,耳听得悲声惨心中如捣，,27860285.294957593,0.09090909090909091
lseh-YiLunMing-ZhuoFangSuDian.xml_1,陈宫心（呐）中乱如麻，,27905537.837135,0.0
daxp-WoDeNiang-XinAnYi.xml_1,奴年交十九岁还守闺门。,27984527.99820741,0.0
daxp-ErTingDe-SuoLinNang.xml_24,忙把梅香低声叫，,28137372.16134803,0.0
lsxp-WoBenShi-KongChengJi-1.xml_2,先帝呀爷下南阳御呀驾三请，,28290603.710241213,0.0
lsxp-DaHeYi-SiLangTanMu.xml_8,问我一言答一声。,28341835.402540274,0.0
lseh-WeiGuoJia-HongYangDong-2.xml_2,官封到节度使（喏）皇王恩重，,28452310.390064716,0.0
lseh-XiRiLi-BaoLianDeng.xml_2,都只为孤（哇）竹君身染重病（哪），,28576058.075757917,0.0
daxp-MengJunZi-ChunQiuPei-2.xml_5,因此上到郊外来捡芦花（呀）。,28654285.955914088,0.0
lseh-LaoZhangBu-WuPenJi.xml_4,我忙将树（呃）枝摆摇（哇）动，,28696513.23147764,0.0
sdxp-DangNianHan-SanJiZhang.xml_9,当年韩信与苏秦，,28713277.26021131,0.0
daxp-ChunQiuTing-SuoLinNang.xml_0,春秋亭外风雨暴，,28767264.272596564,0.0
daeh-ZiNaRi-ZhuangYuanMei-2.xml_8,幸喜得珍珠衫称心如愿，,28956585.728407856,0.09090909090909091
lseh-YiLunMing-ZhuoFangCao-2.xml_0,一轮明月照窗下，,28959856.02146878,0.0
daxp-QiaoLouShang-HuangShanLei.xml_1,父子们去采药未见回程。,29263948.652941797,0.09090909090909091
daxp-ChunQiuTing-SuoLinNang.xml_20,人情冷暖凭天造，,29302280.392671328,0.0
daxp-ErTingDe-SuoLinNang.xml_15,薛良与我去问一遭。,29331880.119523387,0.0
daxp-ErDeFu-HongNiGuan.xml_3,倒不如与伯党匹配鸾凰。,29343104.759204585,0.0
daxp-ErTingDe-SuoLinNang.xml_16,听薛良一语来相告，,29779689.32178703,0.0
daxp-WoHeNi-SangYuanHui.xml_0,我和你有什么夫妻的情，,29903545.649280615,0.0
daxp-ChunQiuTing-SuoLinNang.xml_18,听薛良一语来相告，,30130676.18622177,0.0
lsxp-WoBenShi-KongChengJi-1.xml_1,论阴阳如反掌保定乾坤。,30133365.246482804,0.0
lseh-XinZhongYou-WenZhaoGuan.xml_10,爹娘（呃）要相逢除非是梦（呃）里团圆。,30160358.45873542,0.0
daxp-WoZhuYe-SiLangTanMu.xml_3,一心心要夺取宋室江山。,30241686.878619608,0.09090909090909091
daxp-QiaoLouShang-HuangShanLei.xml_3,不知他在荒山何处安身。,30282687.997159474,0.18181818181818182
lseh-YiLunMing-WenZhaoGuan-1.xml_26,要相逢陈非是梦（兀）里团圆。,30300472.03739933,0.0
lseh-YiLunMing-ZhuoFangSuDian.xml_0,一轮明月照窗下，,30322883.42019756,0.0
lseh-YiLunMing-WenZhaoGuan-2.xml_0,一轮明月照窗前，,30327481.021599554,0.0
lseh-YiLunMing-WenZhaoGuan-1.xml_0,一轮明月照窗前，,30526339.066667795,0.0
daxp-MengJunZi-ChunQiuPei-2.xml_1,虽然是不相识我就不得不答。,30916460.44357326,0.09090909090909091
daxp-ChunQiuTing-SuoLinNang.xml_15,莫不是强婚配鸦占鸾巢？,31217255.443247143,0.0
daxp-LaoDieDie-SanJiZhang-2.xml_1,儿命苦怎配着状元才郎？,31295956.656001534,0.0
daxp-ErTingDe-SuoLinNang.xml_3,莫不是强婚配鸦占鸾巢。,31586174.090122126,0.0
lseh-YiLunMing-WenZhaoGuan-2.xml_15,今夜晚怎能够盼到明天。,31664048.52360449,0.0
lseh-YiLunMing-WenZhaoGuan-1.xml_15,今夜晚怎能够盼到明天。,31893290.393435583,0.0
lsxp-WoBenShi-KongChengJi-2.xml_1,凭阴阳如反掌保定乾坤。,32184721.574330963,0.0
sdxp-SuLongWei-WuJiaPo.xml_24,提起了旁人我不晓，,32714086.16042415,0.0
lseh-JinZhongXiang-ShangTianTai.xml_0,金钟响玉磬应王登龙庭，,33428389.659091014,0.0
daeh-ZiNaRi-ZhuangYuanMei-1.xml_8,幸喜得珍珠衫称心如愿，,33563584.09382798,0.09090909090909091
sdxp-WoHeNi-SiLangTanMu.xml_26,你那里休得要巧言舌辨，,33727515.88616909,0.09090909090909091
lseh-YiLunMing-ZhuoFangCao-1.xml_0,一轮明月照窗下，,33880764.39972265,0.0
daxp-QiaoLouShang-HuangShanLei.xml_6,忙移步隔花荫留神听定，,33958979.56062393,0.0
lseh-YiLunMing-ZhuoFangCao-2.xml_11,自有那神灵儿天地鉴察。,34014322.06883481,0.0
lseh-YiLunMing-ZhuoFangSuDian.xml_11,自有那神灵儿天地鉴察。,34352887.9873346,0.0
sdxp-SuLongWei-WuJiaPo.xml_36,军爷说话理不端，,34434103.29617479,0.0
lseh-YiLunMing-ZhuoFangCao-1.xml_11,自有那神灵（啊）天地鉴察。,34884146.79431502,0.0
sdxp-DangNianHan-SanJiZhang.xml_19,非是女儿言不逊，,35481015.9233475,0.0
daxp-TingTaYan-ZuoGong.xml_5,尊一声驸马爷细听咱言。,35928242.026610725,0.0
sdxp-WoHeNi-SiLangTanMu.xml_30,宋营离此路途远，,36253356.9799311,0.0
sdxp-SuLongWei-WuJiaPo.xml_40,这锭银子奴不要，,36717012.97287003,0.0
sdxp-SuLongWei-WuJiaPo.xml_32,我进相府对父言，,36717012.97287003,0.0
sdxp-SuLongWei-WuJiaPo.xml_9,衙里衙外我打点，,36925599.472266056,0.0
daxp-ChenSanLiang-ChenSanLiangPaTang.xml_3,发奋自强日夜读诗文。,37128177.1358643,0.09090909090909091
daxp-WoDeNiang-XinAnYi.xml_2,这几日身不爽心中烦闷，,37544219.31870395,0.09090909090909091
daxp-XiRiLi-LongFengChengXiang.xml_1,今朝仙女会襄王。,38240523.76243336,0.0
daxp-LaoDieDie-SanJiZhang-1.xml_1,我立志不嫁那状元才郎。,38914805.76511298,0.0
daxp-DiTouLi-NvQiJie.xml_0,低头离了洪洞县，,39305135.2449708,0.0
sdxp-WoHeNi-SiLangTanMu.xml_15,宋营（哪）虽然路途远，,39902360.89835691,0.0
daxp-QiaoLouShang-HuangShanLei.xml_10,我不免引寒机伴奴坐等，,41515432.25284931,0.0
sdxp-DangNianHan-SanJiZhang.xml_15,未央宫斩的是韩信，,42209344.02927965,0.0
daxp-SuSanLi-NvQiJie.xml_0,苏三离了洪洞县，,44786320.63769578,0.0
sdxp-DangNianHan-SanJiZhang.xml_17,仙女配的是董永，,44786320.63769578,0.0
daxp-XiRiLiang-LongFengChengXiang.xml_1,今朝仙女会襄王。,46196115.25601933,0.0
daxp-ErDeFu-HongNiGuan.xml_6,奴本当把关印付他执掌，,49879108.35309768,0.0
