年老得配女娇娃,11,年老得配女娇娃。
daeh-ZiNaRi-ZhuangYuanMei-2.xml_2,在潼台被贼擒性命好险，,6336099.15207868,0.0
lseh-XuMaoGong-QinQiongFaPei.xml_3,缘何不救我出笼牢。,6373707.773444565,0.0
sdxp-SuLongWei-WuJiaPo.xml_22,一马双跨到西凉。,6377053.77018518,0.0
sdxp-DangNianHan-SanJiZhang.xml_21,不能、不能、是万不能！,6457057.434267011,0.0
lseh-YiLunMing-ZhuoFangCao-1.xml_21,贼好比猛虎未（呀）曾长牙，,7275025.058480156,0.0
daxp-ErTingDe-SuoLinNang.xml_12,你不该人前逞骄傲，,7276073.816824661,0.0
daeh-ZiNaRi-ZhuangYuanMei-1.xml_2,在潼台被贼擒在命好险，,7301594.437140191,0.0
lsxp-YiShiWu-YuCangJian.xml_1,叹光明一去不回还（呐）；,7401274.352553995,0.0
daxp-MuQinBu-FengHuanChao.xml_0,母亲不必心太偏，,7497922.960064409,0.0
daxp-FeiShiWo-TaoHuaCun.xml_5,怎能够粗心大意你再荒唐。,7511676.752971711,0.0
lseh-YiLunMing-ZhuoFangCao-1.xml_7,拔出剑将他的满门杀，,7674486.509295332,0.0
lsxp-ShenGongWu-LongFengChengXiang.xml_1,年老得配女娇娃。,7715908.731155565,1.0
daxp-DangRiLi-SuoLinNang.xml_20,这囊儿虽非是千古罕见，,7777177.106846246,0.0
daxp-ChunQiuTing-SuoLinNang.xml_13,同遇人为什么这样嚎啕？,7794885.459685779,0.0
lsxp-LiangGuoJiao-ShiJieTing-1.xml_5,靠山近水把营收。,7891812.444890268,0.0
lsxp-WoBenShi-KongChengJi-2.xml_7,我诸葛怎比得前辈（呃）的先（呃）生。,7903118.3427626835,0.14285714285714285
lsxp-TingTaYan-ZhuoFangCao-2.xml_1,背转身自埋怨我自（呃）已做差。,7912531.532889652,0.0
lsxp-TingTaYan-ZhuoFangCao-1.xml_1,背转身只埋怨我自（呃）己作差，,7912531.532889652,0.0
daxp-ChunQiuTing-SuoLinNang.xml_29,自把珠玉夸富豪，,7946752.838471298,0.0
daxp-MengTingDe-MuiGuiYingGuaShuai.xml_1,唤起我破天门状志凌云。,7946918.747978174,0.0
daxp-SuSanLi-NvQiJie.xml_2,未曾开言心内惨，,7954376.477729424,0.0
daxp-ErTingDe-SuoLinNang.xml_27,自把珠玉夸富豪。,7975620.387945399,0.0
daxp-ErTingDe-SuoLinNang.xml_1,同遇人为什么这样嚎啕。,8082741.852966753,0.0
daxp-ChunQiuTing-SuoLinNang.xml_4,吉日良辰当欢笑，,8084837.177592691,0.0
lsxp-LiangGuoJiao-ShiJieTing-2.xml_5,靠山近水把管收。,8176162.196009004,0.0
sdxp-SuLongWei-WuJiaPo.xml_20,为何来在大道边。,8210920.352627316,0.0
daxp-ChunQiuTing-SuoLinNang.xml_17,问那厢因何故痛哭无聊。,8212370.910549589,0.0
daxp-ErTingDe-SuoLinNang.xml_10,蠢才问话太潦草，,8219973.624830994,0.0
daxp-DiTouLi-NvQiJie.xml_2,未曾开言我心好惨，,8251416.353031506,0.0
lseh-NiangZiBu-SouGuJiuGu.xml_2,赵屠二家有仇恨，,8302806.002003823,0.0
sdxp-WoHeNi-SiLangTanMu.xml_6,有一桩心腹事不敢明言。,8395270.327601358,0.0
daxp-XiRiLi-LongFengChengXiang.xml_2,暗地堪笑奴兄长，,8408154.922039475,0.0
sdxp-WoHeNi-SiLangTanMu.xml_27,你要见高堂母我不阻拦。,8412189.28194497,0.0
daeh-NaRiFeng-YuanXiaoMi.xml_2,舅父前来出主意，,8414546.385422321,0.0
daeh-CanQiQi-WuLongZuo.xml_0,惨凄凄唤苍天天不应响，,8439894.029517436,0.0
lsxp-ZiCongQian-ZhuLianZhai.xml_5,望千岁恕学生礼貌不周。,8448524.2642098,0.0
lsxp-ZouYingLong-DaYanSong.xml_8,上面坐的是有道君，,8474342.691795176,0.0
lsxp-CiShiJian-HuaiHeYing-2.xml_2,在长安是你夸大话，,8479204.569432985,0.0
lsxp-YiShiWu-YuCangJian.xml_5,信用无极狗奸谗。,8494689.12699192,0.0
sdxp-WoHeNi-SiLangTanMu.xml_29,怕你一去就不回还。,8521623.637033226,0.0
daxp-DiTouLi-NvQiJie.xml_1,将身来在大街前。,8536545.410925446,0.0
lsxp-YiShiWu-YuCangJian.xml_8,实指（喏）望到吴国借兵（呐）转，,8571570.277096795,0.0
daxp-MuQinBu-FengHuanChao.xml_3,女儿清白最为先。,8614647.354916686,0.14285714285714285
daeh-ZiNaRi-ZhuangYuanMei-1.xml_9,宋天子主婚姻此事成全。,8661948.87645314,0.0
daxp-ChunQiuTing-SuoLinNang.xml_27,莫把姓名你信口晓，,8756818.229529526,0.0
lseh-YiLunMing-WenZhaoGuan-1.xml_7,夜夜何曾得安眠。,8809270.884569228,0.14285714285714285
lseh-YiLunMing-WenZhaoGuan-2.xml_7,夜夜何曾得安眠。,8809270.884569228,0.14285714285714285
lseh-LaoZhangBu-WuPenJi.xml_7,望求老丈把冤伸。,8829681.955992505,0.14285714285714285
lseh-XinZhongYou-WenZhaoGuan.xml_14,朝臣待漏五更寒。,8897706.835262982,0.0
daxp-FeiShiWo-TaoHuaCun.xml_12,响一声你就还一掌，,8950266.562744826,0.0
daxp-DangRiLi-SuoLinNang.xml_21,换衣食也够她生活几年。,9001381.597457461,0.14285714285714285
daxp-ChenSanLiang-ChenSanLiangPaTang.xml_2,我本是被骗进的富春院，,9024848.88480207,0.0
lseh-JinZhongXiang-ShangTianTai.xml_5,又听得殿角下大放悲声。,9044513.285430543,0.14285714285714285
lsxp-WeiCengKai-QiYuanBao.xml_6,行至在中途把雨降，,9045894.803642226,0.0
sdxp-DangNianHan-SanJiZhang.xml_6,句句话儿伤父心。,9054800.85289424,0.0
daeh-ZiNaRi-ErJinGong.xml_10,耳边厢又听得朝靴响亮，,9084160.10053089,0.14285714285714285
lseh-TuZeiZuo-SouGuJiuGu.xml_3,大事还要问程婴。,9089503.924922692,0.0
lsxp-ZuoRiLi-YuanMenZhanZi.xml_0,昨日里斩八将头挂营外，,9098050.347349342,0.0
lsxp-TingTaYan-ZhuoFangCao-1.xml_5,这才是花随水水不（哇）能恋（呐）花。,9126968.396130383,0.0
daxp-ChenSanLiang-ChenSanLiangPaTang.xml_0,陈三两在大堂把话云，,9131996.086008647,0.0
daeh-ZaoBuXing-HeHouMaDian.xml_13,你叔王不让位再去骂他。,9141769.312124861,0.0
daxp-FeiShiWo-TaoHuaCun.xml_15,那就是来了我西厢带路的小红娘。,9142874.79031216,0.0
lseh-XiRiLi-BaoLianDeng.xml_9,那叔齐逃出了后宰门，,9162422.087190898,0.0
lsxp-YiShiWu-YuCangJian.xml_2,日月轮流催晓（哇）箭，,9173163.300661083,0.0
lsxp-WeiCengKai-QiYuanBao.xml_7,借宿一宵起祸殃。,9173689.780992504,0.0
daeh-TanHongYan-HuoXiaoYu.xml_4,枕边泪（呀）共（那）阶前雨，,9207137.613268962,0.0
daxp-ErTingDe-SuoLinNang.xml_25,莫把姓名你信口哓。,9221645.839700738,0.0
daxp-ErTingDe-SuoLinNang.xml_11,难免怀疑在心梢。,9224369.848733678,0.0
lsxp-TingTaYan-ZhuoFangCao-2.xml_5,这才是花随水水不（哇）能恋（呐）花。,9225111.799943563,0.0
lseh-NiangZiBu-SouGuJiuGu.xml_9,来年必定降麒麟。,9228005.190235624,0.14285714285714285
lseh-WeiKaiYan-RangXuZhou.xml_5,救生灵（呐）积阴（呐）功也免得我坐卧不宁。,9254742.167099778,0.14285714285714285
lseh-NiangZiBu-SouGuJiuGu.xml_12,无奈何我只得双（呃）膝跪，,9269131.195563126,0.14285714285714285
daeh-NuZiYou-TouJunBieYao.xml_2,但愿得去投军功名有望，,9295167.178179948,0.14285714285714285
lsxp-WoZhuYe-ZhuiHanXin.xml_15,扬尘舞蹈见大王。,9311889.691865135,0.0
lseh-YiLunMing-ZhuoFangCao-2.xml_8,一家人倶丧在宝剑之下，,9313711.996415112,0.0
lseh-YiLunMing-WenZhaoGuan-1.xml_19,叫人难解巧机关，,9320013.967668844,0.0
daxp-MengTingDe-MuiGuiYingGuaShuai.xml_7,我一剑能挡百万兵。,9350010.84937635,0.0
lseh-YiLunMing-WenZhaoGuan-1.xml_21,为何几日他不言。,9361971.807753615,0.0
lsxp-ZheYiFeng-DingJunShan.xml_6,向前各各有赏犒，,9388402.775443146,0.0
lsxp-ZiCongQian-ZhuLianZhai.xml_3,为千岁懒观五凤楼。,9396022.003635652,0.0
lsxp-ZiCongQian-ZhuLianZhai.xml_2,为千岁懒把朝房走，,9406162.13903259,0.0
lseh-YiLunMing-WenZhaoGuan-1.xml_35,父母的冤仇化尘烟，,9429326.653255016,0.0
sdxp-SuLongWei-WuJiaPo.xml_18,我与你露水的夫妻就过几年（呐）。,9437189.270001682,0.14285714285714285
lsxp-ZouYingLong-DaYanSong.xml_11,我本当金（哪）殿奏一本怎奈我官卑职小不能够参大臣。,9438964.262362413,0.0
lsxp-ZuoRiLi-YuanMenZhanZi.xml_1,老娘亲为什么不讲情来？,9446150.763177037,0.14285714285714285
lsxp-JianMaSu-ZhanMaSu.xml_3,失去了街亭差不差。,9461061.669969833,0.0
lseh-XinZhongYou-WenZhaoGuan.xml_19,父母的冤仇化尘烟，,9461413.652204273,0.0
lsxp-WeiCengKai-QiYuanBao.xml_8,赵大夫妻图财害命害我一命亡，,9472089.875461118,0.0
lsxp-DaHeYi-SiLangTanMu.xml_20,见一番汉帐中行。,9505175.13397209,0.0
lsxp-YiShiWu-YuCangJian.xml_4,恨平王无道纲常乱，,9520621.686329994,0.0
lseh-XiRiLi-BaoLianDeng.xml_5,那伯夷尊父命也不能应承，,9528476.08288119,0.0
lsxp-CiShiJian-HuaiHeYing-1.xml_2,在长安是你夸大话，,9530928.860993098,0.0
daxp-ChunQiuTing-SuoLinNang.xml_10,轿内的人儿弹别调，,9579684.703570833,0.0
daeh-ZiNaRi-ZhuangYuanMei-2.xml_9,宋天子主婚姻此事成全。,9640806.666181387,0.0
daxp-TingTaYan-ZuoGong.xml_2,原来是杨家将把名姓改换，,9651200.299075644,0.0
daxp-MuQinBu-FengHuanChao.xml_1,女儿言来听根源。,9680641.106441336,0.14285714285714285
daxp-SuSanLi-NvQiJie.xml_1,将身来在大街前。,9700856.481497763,0.0
daxp-LaoDieDie-YuZhouFeng.xml_4,老爹爹在朝中官高爵显，,9709665.773834446,0.14285714285714285
lsxp-WeiCengKai-QiYuanBao.xml_0,未曾开言泪汪汪，,9713360.6061782,0.0
lsxp-WoBenShi-KongChengJi-2.xml_3,算就了汉家的业鼎足（呃）三分。,9717190.737901002,0.0
daxp-LaoDieDie-DaYuShaJia-1.xml_0,老爹爹清晨起前去出前，,9744727.717304422,0.14285714285714285
sdxp-WoHeNi-SiLangTanMu.xml_4,誓不忘贤公主恩重如山。,9745039.104157904,0.0
sdxp-WoHeNi-SiLangTanMu.xml_28,有心赠你金鈚箭，,9759222.000502003,0.0
sdeh-WenSanNiang-SanNiangJiaoZi.xml_4,背转身来哭嚎啕。,9771755.781400295,0.0
lsxp-DaHeYi-SiLangTanMu.xml_15,六弟下位把兄认，,9797657.578936946,0.0
daxp-ErDeFu-HongNiGuan.xml_5,不想到狠心郎一味猖狂。,9824229.657576792,0.0
daxp-MuQinBu-FengHuanChao.xml_2,自古常言道得好，,9824383.479958322,0.14285714285714285
daxp-MengTingDe-MuiGuiYingGuaShuai.xml_4,有生之日责当尽，,9856514.548498413,0.0
lseh-XinZhongYou-WenZhaoGuan.xml_5,为何几日他不言，,9863539.98724724,0.0
lsxp-JiangShenEr-SanJiaDian.xml_6,舍不得太爷的恩情厚，,9893576.839315481,0.14285714285714285
daxp-LaoDieDie-YuZhouFeng.xml_5,却为何贪富贵不顾羞惭。,9906450.581454452,0.0
daeh-ZiNaRi-ErJinGong.xml_3,太师爷一心心想篡龙楼。,9924642.455289925,0.0
sdxp-SuLongWei-WuJiaPo.xml_21,为军起下不良的意呀，,9925792.126314681,0.0
lseh-YangYanZhao-PengBei.xml_5,又恐怕惊动了年迈之人。,9954935.554739708,0.14285714285714285
lsxp-WoBenShi-KongChengJi-1.xml_7,俺诸（喏）葛怎比得前辈呀的先哪生。,9997852.810844291,0.14285714285714285
lsxp-WeiCengKai-QiYuanBao.xml_3,姓刘名安字世昌。,10017451.187311606,0.0
lseh-XuMaoGong-QinQiongFaPei.xml_5,其中必有这巧（哇）妙高。,10037347.358611258,0.0
lsxp-CiShiJian-HuaiHeYing-1.xml_6,三人同把那鬼门关上踏，,10043105.644629303,0.0
daxp-DangRiLi-SuoLinNang.xml_18,还有那夜明珠粒粒成串，,10058755.40428178,0.0
daeh-ZuoChunGui-XiShi.xml_3,夜不眠朝慵起又向谁言。,10062776.94887358,0.0
sdxp-WoHeNi-SiLangTanMu.xml_3,杨廷辉有一日愁眉得展，,10108111.227062246,0.14285714285714285
daxp-FeiShiWo-TaoHuaCun.xml_6,鼓打二更准时往，,10124965.464443643,0.0
daxp-ChunQiuTing-SuoLinNang.xml_11,必有隐情在心潮。,10134414.288469652,0.0
lsxp-ZiCongQian-ZhuLianZhai.xml_0,自从千岁离朝后，,10143815.855276447,0.0
lsxp-HenPingWang-WenZhaoGuan.xml_0,恨平王无道乱楚宫（兀），,10204478.7696723,0.0
lsxp-ZouYingLong-DaYanSong.xml_12,罢、罢、罢，暂且忍却我的心头恨，,10242492.362184385,0.0
daxp-ErTingDe-SuoLinNang.xml_13,不该词费又滔滔。,10268320.802660044,0.0
lsxp-LiangGuoJiao-ShiJieTing-1.xml_0,两国交（哇）锋龙虎斗，,10273711.554520225,0.0
daxp-FeiShiWo-TaoHuaCun.xml_13,响两声你就凑近身旁。,10276000.319842547,0.0
sdxp-DangNianHan-SanJiZhang.xml_14,在六国封相人上人。,10289053.921272548,0.0
lseh-YiLunMing-WenZhaoGuan-1.xml_3,谁知昭关有阻拦。,10293790.213625602,0.0
lsxp-JiangShenEr-SanJiaDian.xml_7,舍不得衙役们众班头。,10296108.702697054,0.14285714285714285
lsxp-DaHeYi-SiLangTanMu.xml_3,迈步且把宝帐（呀）进，,10319639.241164701,0.0
lsxp-ZiGuDao-HuangHeLou.xml_0,自古道吉人有天相，,10324473.531604504,0.0
lseh-YiLunMing-WenZhaoGuan-1.xml_6,一连几天我的眉不（哇）展，,10343644.716913968,0.0
lseh-NiangZiBu-SouGuJiuGu.xml_0,娘子不（哇）必太烈性，,10362344.665463155,0.0
lsxp-ZouYingLong-DaYanSong.xml_6,我劝顽童你休流泪，免悲声，邹老爷就是尔的报仇人。,10376907.128354298,0.14285714285714285
daxp-MengTingDe-MuiGuiYingGuaShuai.xml_2,想当年桃花马上威风凛凛，,10406984.4228165,0.14285714285714285
lseh-XinZhongYou-WenZhaoGuan.xml_3,叫人难解巧机关。,10412262.703056285,0.0
lseh-XiRiLi-BaoLianDeng.xml_11,留得美名万古存，,10417829.74916135,0.14285714285714285
daxp-ErTingDe-SuoLinNang.xml_5,问那厢因何故痛哭无聊？,10430435.631868845,0.0
lsxp-LiangGuoJiao-ShiJieTing-1.xml_2,管待三（哪）军要宽厚，,10430970.853421466,0.0
sdxp-WoHeNi-SiLangTanMu.xml_11,公主虽然不阻拦，,10432169.69699128,0.0
lsxp-DaHeYi-SiLangTanMu.xml_19,本帅帐中用目睁，,10447765.092761345,0.0
daeh-SunShangXiang-BieHuangGong.xml_8,恨只恨我兄长把事错办，,10470791.046858158,0.0
daeh-ZiNaRi-ErJinGong.xml_7,看一看不觉到八月中秋。,10475224.740953939,0.0
daxp-LaoDieDie-DaYuShaJia-1.xml_2,将身儿坐至在草堂等候，,10481511.088979363,0.0
lseh-XuMaoGong-QinQiongFaPei.xml_1,文韬武略智谋高。,10517565.827286387,0.0
daeh-TanHongYan-HuoXiaoYu.xml_0,叹红颜薄命前生就，,10520526.779840736,0.0
lsxp-JianMaSu-ZhanMaSu.xml_1,不由老夫咬钢牙，,10522190.42027008,0.14285714285714285
lseh-YiLunMing-WenZhaoGuan-2.xml_3,谁知昭关有阻拦。,10529736.920442233,0.0
daeh-NaRiFeng-YuanXiaoMi.xml_5,那厢流泪这厢啼。,10537068.230219813,0.0
lsxp-QingGongYan-FaDongWu.xml_3,又谁知中途两离分。,10551489.875217104,0.0
daxp-LaoDieDie-DaYuShaJia-2.xml_0,老爹爹清晨起前去出首，,10561044.462145215,0.14285714285714285
daxp-ErTingDe-SuoLinNang.xml_6,梅香说话好颠倒，,10567507.4653579,0.0
lseh-YiLunMing-ZhuoFangCao-2.xml_6,又谁知此贼的疑心太大，,10582626.415161302,0.0
daeh-XiaoNuCai-SanNiangJiaoZi.xml_1,闭口无言王春娥。,10636400.680533338,0.0
lsxp-WoZhuYe-ZhuiHanXin.xml_13,但愿得言听计从重整汉家邦、一同回故乡。,10638730.722998498,0.14285714285714285
lsxp-ZuoRiLi-YuanMenZhanZi.xml_4,叫焦赞将宝剑悬挂帐外，,10681603.70949037,0.0
lseh-ZenNengGou-BaDaChui.xml_3,倒不如上公安观看古今。,10691289.609614486,0.0
daeh-WuDuanQiao-BiYuZan.xml_0,无端巧计将人陷，,10703099.194704488,0.0
lseh-YiLunMing-ZhuoFangCao-2.xml_7,拔出剑将他的满门杀。,10711801.441560071,0.0
lsxp-YiShiWu-YuCangJian.xml_9,行至在昭关有阻拦。,10782270.213919453,0.0
daeh-WangChunE-SanNiangJiaoZi.xml_7,等候了薛倚儿转回家园。,10786676.961254269,0.0
sdxp-WoHeNi-SiLangTanMu.xml_19,我若探母不回转，,10853846.255656157,0.0
lsxp-ZouYingLong-DaYanSong.xml_10,他本是我朝中上欺天子下压臣谋朝篡位卖国的奸贼他名叫严嵩，,10874677.379012272,0.0
lseh-YiLunMing-ZhuoFangSuDian.xml_7,拔出剑将他的满门杀，,10891551.193124374,0.0
lseh-YiLunMing-WenZhaoGuan-1.xml_4,幸遇那东皋公行方便，,10896567.513847385,0.0
sdxp-SuLongWei-WuJiaPo.xml_27,三人对面（就）说分明。,10911489.947929118,0.0
daxp-TingTaYan-ZuoGong.xml_6,早晚间休怪我言语怠慢，,10921169.246111646,0.0
daxp-ErTingDe-SuoLinNang.xml_2,莫不是夫郎丑难谐女貌，,10921396.417019801,0.14285714285714285
daeh-NuZiYou-TouJunBieYao.xml_3,也不枉我二人苦度时光。,10924511.38435289,0.0
daeh-LiYanFei-DaBaoGuo.xml_2,太师爷奏一本进贡年下，,10927289.091992136,0.14285714285714285
daeh-NuZiYou-TouJunBieYao.xml_0,奴自幼在闺阁娇生惯养，,10944110.337202683,0.14285714285714285
daxp-DiTouLi-NvQiJie.xml_4,哪一位去往南京转，,10945937.88252954,0.0
daxp-ErTingDe-SuoLinNang.xml_17,满腹骄矜顿雪潇。,10946302.521166451,0.0
daxp-ErTingDe-SuoLinNang.xml_7,不该人前乱解嘲。,10946302.521166451,0.0
lsxp-WeiCengKai-QiYuanBao.xml_9,望求太爷与我作主张（啊）。,10962246.905041425,0.0
lseh-ZiNaRi-HongYangDong.xml_7,去了我左右膀难以飞行。,10967919.977802183,0.0
daxp-SuSanLi-NvQiJie.xml_7,来生变犬马我当报还！,10986260.009775287,0.0
sdxp-DangNianHan-SanJiZhang.xml_7,要退、要退、偏要退！,10998478.27732572,0.0
daeh-SunShangXiang-BieHuangGong.xml_7,阿斗儿行中途被子龙追还。,11000978.974601213,0.0
daeh-ZiNaRi-ZhuangYuanMei-2.xml_4,这桩事闷得我柔肠百转，,11008290.144862868,0.14285714285714285
daxp-ErTingDe-SuoLinNang.xml_9,哪有个袖手旁观在壁上瞧。,11008879.999080153,0.0
daeh-CanQiQi-WuLongZuo.xml_3,担几肩头晕转体若筛糠。,11017683.432874102,0.0
lsxp-JiangShenEr-SanJiaDian.xml_11,儿行千里母担忧。,11024268.624320656,0.0
daeh-LiYanFei-DaBaoGuo.xml_6,写文约我且把玉玺打下，,11025120.665461035,0.0
lsxp-ZhangGongDao-ZhuangYuanPu.xml_3,为儿（喏）女我也曾补路修桥。,11032629.428049037,0.14285714285714285
lsxp-WoZhuYe-ZhuiHanXin.xml_3,两路分（呐）兵定咸阳。,11055097.67581737,0.0
daxp-ErTingDe-SuoLinNang.xml_30,小小囊儿何足道，,11063428.247914627,0.0
lsxp-ZhangGongDao-ZhuangYuanPu.xml_5,眼睁（呐）睁有何人去（呀）把纸烧。,11081291.52667921,0.0
sdxp-DangNianHan-SanJiZhang.xml_11,淮阴漂母救韩信，,11082009.361679021,0.0
lseh-LaoZhangBu-WuPenJi.xml_5,抓一（呀）把沙土扬灰尘。,11102756.916815396,0.0
lsxp-YiZhuangZhuang-QunYingHui.xml_1,请先生到江边即刻登舟。,11103327.756570155,0.0
daeh-TanHongYan-HuoXiaoYu.xml_5,隔着窗儿点滴不休。,11114187.686452609,0.0
lseh-LaoZhangBu-WuPenJi.xml_3,我本屈死一鬼魂。,11131442.421280595,0.0
daeh-XiaoNuCai-SanNiangJiaoZi.xml_4,怒气不息在机房闷坐，,11132741.282351324,0.0
daeh-LiYanFei-DaBaoGuo.xml_1,文站东武列西朝贺哀家。,11145406.069443088,0.0
daxp-ErTingDe-SuoLinNang.xml_21,她为饥寒我为骄。,11150234.268268947,0.0
daeh-ZiNaRi-ZhuangYuanMei-1.xml_11,但愿得杨六郎心如石坚，,11163890.645986188,0.14285714285714285
daeh-ZiNaRi-ErJinGong.xml_5,竟把我孤儿寡母当做了马牛。,11164440.875140315,0.0
daxp-FeiShiWo-TaoHuaCun.xml_9,你必须眼观六路耳听八方。,11184266.975058302,0.0
sdxp-SuLongWei-WuJiaPo.xml_17,买绫罗与绸缎、打首饰和簪环，,11210979.836231343,0.0
sdxp-SuLongWei-WuJiaPo.xml_33,家人小厮有万千。,11226120.82920647,0.0
sdxp-SuLongWei-WuJiaPo.xml_37,欺奴犹如欺了天。,11246105.145500945,0.0
sdxp-DangNianHan-SanJiZhang.xml_2,未央宫斩的是何人？,11248942.131622275,0.0
lseh-YiLunMing-WenZhaoGuan-1.xml_30,朝臣待漏（哇）五更寒，,11257898.051580058,0.0
lsxp-WeiCengKai-QiYuanBao.xml_5,贩卖绸缎转还乡。,11259179.41246786,0.0
lseh-NiangZiBu-SouGuJiuGu.xml_8,你今舍了亲生子，,11273010.148686469,0.0
lseh-XinZhongYou-WenZhaoGuan.xml_9,不能（呃）哎见。,11277485.171720099,0.0
sdxp-DangNianHan-SanJiZhang.xml_12,登台拜帅天下闻。,11307202.804847559,0.0
sdxp-WoHeNi-SiLangTanMu.xml_20,黄沙盖脸尸骨不全。,11320335.023278277,0.0
daeh-SunShangXiang-BieHuangGong.xml_3,留下了孙仲谋执掌江南。,11331901.233889973,0.0
daxp-WoDeNiang-XinAnYi.xml_3,却原来母亲到儿未知情。,11368680.841471765,0.0
daxp-DangRiLi-SuoLinNang.xml_19,还有那赤金链，紫瑛簪，白玉环，双凤錾，八宝钗钏一个个宝孕光含。,11389890.030547133,0.0
daeh-ZiNaRi-ZhuangYuanMei-1.xml_4,这桩事闷得我柔肠百转，,11392003.795500709,0.14285714285714285
sdxp-SuLongWei-WuJiaPo.xml_11,好一个贞节王宝钏，,11393450.39773797,0.0
daeh-ZuoChunGui-XiShi.xml_0,坐春闺只觉得光明似箭，,11403859.870668659,0.14285714285714285
sdxp-WoHeNi-SiLangTanMu.xml_33,你也对苍天就表一番。,11403942.183569457,0.0
lseh-NiangZiBu-SouGuJiuGu.xml_13,哀求娘子（喏）舍亲（呐）生。,11423583.462477343,0.0
daxp-QiaoLouShang-HuangShanLei.xml_7,原来是秋风起扫叶之声。,11429796.554629996,0.0
daxp-LaoDieDie-YuZhouFeng.xml_0,老爹爹发恩德将本修上，,11433868.303727152,0.14285714285714285
daxp-XiRiLi-LongFengChengXiang.xml_4,月老本是乔国丈，,11435307.937462596,0.14285714285714285
lseh-YiLunMing-ZhuoFangCao-1.xml_1,陈宫心（呐）中乱如麻，,11475627.954278603,0.0
lsxp-JiangShenEr-SanJiaDian.xml_9,舍不得老娘（呃）白了头。,11482217.32475036,0.2857142857142857
daxp-LaoDieDie-DaYuShaJia-2.xml_2,将身儿坐至在草堂等候，,11490441.222522179,0.0
daxp-WoZhuYe-SiLangTanMu.xml_2,众卿随忙挂点亲率官员，,11514257.855736496,0.0
daxp-ChunQiuTing-SuoLinNang.xml_14,莫不是夫郎丑难谐女貌？,11516685.924069425,0.14285714285714285
lsxp-CiShiJian-HuaiHeYing-2.xml_0,此时间不可闹笑话，,11521610.197993845,0.0
lseh-YiLunMing-WenZhaoGuan-1.xml_23,你就该把我献与昭关。,11534508.197897773,0.0
lsxp-CiShiJian-HuaiHeYing-1.xml_0,此时间不可闹笑话，,11542033.750092242,0.0
lsxp-DaHeYi-SiLangTanMu.xml_23,本帅开言把他问，,11547494.856954781,0.0
lsxp-DaHeYi-SiLangTanMu.xml_17,弟兄对坐叙寒温。,11580108.369337166,0.0
daeh-LiYanFei-DaBaoGuo.xml_0,李艳妃设早朝龙书案下，,11592405.677026082,0.0
daeh-NaRiFeng-YuanXiaoMi.xml_6,我今绝少人生趣，,11599607.472992467,0.0
lsxp-LiangGuoJiao-ShiJieTing-1.xml_3,赏罚中公（呃）平莫要自由。,11609784.651696494,0.0
lseh-NiangZiBu-SouGuJiuGu.xml_7,老天爷不绝我的后代根。,11615919.145169454,0.14285714285714285
lseh-YiLunMing-WenZhaoGuan-2.xml_1,愁人心（呐）中似箭穿。,11616847.979948731,0.0
lsxp-CiShiJian-HuaiHeYing-1.xml_5,右手再把栾布拉。,11633776.56600566,0.0
lseh-YiLunMing-WenZhaoGuan-1.xml_1,愁人心（哪）中似箭穿。,11639925.133114299,0.0
sdxp-DangNianHan-SanJiZhang.xml_18,大孝之人也受贫。,11665731.923852494,0.0
lseh-YiLunMing-ZhuoFangCao-2.xml_1,陈宫心中乱如麻。,11698036.288097367,0.0
daxp-FeiShiWo-TaoHuaCun.xml_1,只怪你呆头呆脑慌慌张张。,11702902.715158915,0.0
lseh-YiLunMing-ZhuoFangCao-2.xml_9,年迈老丈命染黄沙。,11702996.92132536,0.2857142857142857
lsxp-DaHeYi-SiLangTanMu.xml_24,你是番邦什么人？,11708073.715691622,0.0
daeh-XiaoNuCai-SanNiangJiaoZi.xml_0,小奴才他一言问住我，,11714119.354011014,0.0
daxp-FeiShiWo-TaoHuaCun.xml_16,你把我当做诸葛亮，,11722415.430975543,0.0
daeh-WuDuanQiao-BiYuZan.xml_1,薄命自伤怨红颜。,11730518.934477577,0.0
lseh-YiLunMing-WenZhaoGuan-1.xml_36,对天发不宏誓愿，,11763258.802385345,0.0
lsxp-WoBenShi-KongChengJi-1.xml_3,算就了汉家的业鼎足哇三分。,11763399.986784913,0.0
daeh-WuDuanQiao-BiYuZan.xml_3,落得孤身病恹恹。,11777261.461626213,0.14285714285714285
lsxp-LiangGuoJiao-ShiJieTing-1.xml_1,各为其主统貔貅，,11780956.144586893,0.0
daeh-WuDuanQiao-BiYuZan.xml_7,又怕丑名误流传。,11786993.741745142,0.0
lsxp-YiZhuangZhuang-QunYingHui.xml_0,一桩桩一件件倶已办就，,11790241.225356286,0.0
lseh-YiLunMing-ZhuoFangCao-1.xml_23,我岂肯放虎归山又（哇）把人抓。,11814051.42341622,0.0
lsxp-JiangShenEr-SanJiaDian.xml_0,将身儿来至在大街口，,11819195.488672545,0.0
daeh-LiYanFei-ErJinGong.xml_0,李艳妃坐昭阳自思自想，,11822634.427868392,0.0
lseh-YiLunMing-WenZhaoGuan-1.xml_18,背地里只把东皋公怨，,11830443.29371092,0.0
lseh-YiLunMing-WenZhaoGuan-2.xml_6,一连几天我的眉不（呃）展，,11840642.67475392,0.0
daeh-WuDuanQiao-BiYuZan.xml_2,独处闺房愁无限，,11852843.975383084,0.0
daeh-ZiNaRi-ZhuangYuanMei-1.xml_7,帝王家深宫院似水流年。,11881118.885908492,0.14285714285714285
daeh-ZiNaRi-ErJinGong.xml_8,李艳妃坐昭阳自思自想，,11882661.07316811,0.0
lsxp-DaHeYi-SiLangTanMu.xml_14,失落番邦被贼擒。,11889013.09784878,0.0
lsxp-JiangShenEr-SanJiaDian.xml_3,二不是歹人（呐）把城偷。,11903642.152170137,0.0
daxp-ChunQiuTing-SuoLinNang.xml_33,救她饥渴胜琼瑶。,11917073.791321099,0.0
daeh-WangChunE-SanNiangJiaoZi.xml_0,王春娥坐草堂自思自叹，,11922803.313879369,0.0
lseh-YiLunMing-ZhuoFangSuDian.xml_1,陈宫心（呐）中乱如麻，,11931268.481387457,0.0
daxp-XiRiLiang-LongFengChengXiang.xml_2,暗地堪笑我兄长，,11936070.583978435,0.0
daxp-DuiLingHua-BiYuZan.xml_0,对菱花暗地里芳心自转，,11956173.346713884,0.0
lsxp-DaHeYi-SiLangTanMu.xml_5,弟兄们分别十五春，,11961928.083814066,0.0
daxp-WoHeNi-SangYuanHui.xml_1,谁认你狼心狗肺的人！,11970873.400659092,0.0
daxp-ChunQiuTing-SuoLinNang.xml_19,满腹骄矜顿雪潇，,11972979.881273247,0.0
daxp-FeiShiWo-TaoHuaCun.xml_11,是不是有人拍巴掌。,11989132.922217496,0.0
lsxp-DaHeYi-SiLangTanMu.xml_2,杨家将令鬼神惊。,11991093.63250962,0.0
sdxp-WoHeNi-SiLangTanMu.xml_18,将身跪在地平川。,11995700.057084665,0.0
sdxp-WoHeNi-SiLangTanMu.xml_8,我的娘押粮草来到北番。,11998568.49723607,0.0
lseh-XinZhongYou-WenZhaoGuan.xml_2,背地里只把东皋公怨，,12003234.153184727,0.0
lsxp-ZouYingLong-DaYanSong.xml_1,在朝房来了我这保国忠。,12042351.552455185,0.0
daeh-WuDuanQiao-BiYuZan.xml_6,一心早想寻短见，,12042805.364686958,0.0
daxp-ChunQiuTing-SuoLinNang.xml_23,他为饥寒我为娇。,12062569.010399437,0.14285714285714285
lseh-YiLunMing-WenZhaoGuan-2.xml_4,幸遇那东皋公行方便，,12064281.329491671,0.0
daxp-ErTingDe-SuoLinNang.xml_29,积德才生玉树苗。,12065337.192468854,0.0
lseh-XinZhongYou-WenZhaoGuan.xml_20,对天发下宏誓愿，,12068898.284615858,0.0
lseh-XinZhongYou-WenZhaoGuan.xml_7,你就该把我献与昭关。,12077975.191619113,0.0
daxp-DuiLingHua-BiYuZan.xml_2,果然是成佳偶两心欢恋，,12083745.829515778,0.0
daxp-DangRiLi-SuoLinNang.xml_17,红珊瑚碧翡翠样样倶全。,12099163.62933037,0.0
daxp-DangRiLi-SuoLinNang.xml_8,轿中人必定有一腔幽怨，,12110962.670304868,0.0
lsxp-DaHeYi-SiLangTanMu.xml_13,十五年前沙滩会，,12135703.910976643,0.14285714285714285
daxp-QiaoLouShang-HuangShanLei.xml_11,又思来又想去越不安宁。,12136649.18999149,0.0
sdxp-SuLongWei-WuJiaPo.xml_16,送与大嫂把家安。,12158135.109271985,0.0
lseh-YiLunMing-ZhuoFangCao-1.xml_14,悔不该把家属一（呀）旦撇下，,12170099.834865768,0.0
daeh-ZuoChunGui-XiShi.xml_1,无限的闲愁恨尽上眉尖。,12176459.768471308,0.0
lseh-XinZhongYou-WenZhaoGuan.xml_11,鸡鸣犬吠五更（呃）天，,12193894.350423118,0.0
lseh-YiLunMing-WenZhaoGuan-1.xml_27,鸡鸣犬吠五更（哪）天，,12196631.679817714,0.0
daxp-DangRiLi-SuoLinNang.xml_2,在轿中只觉得天昏地暗。,12199286.176337874,0.14285714285714285
lsxp-DaHeYi-SiLangTanMu.xml_31,走上前来忙松捆，,12199665.32994239,0.0
daeh-ZiNaRi-ErJinGong.xml_1,独坐在寒宫院闷闷悠悠。,12234152.175995102,0.0
daxp-LaoDieDie-SanJiZhang-1.xml_0,老爹爹请息（呀）怒容儿细讲，,12239777.091457684,0.14285714285714285
lseh-YiLunMing-WenZhaoGuan-1.xml_20,若是真心来救我，,12271769.847830001,0.0
lseh-XinZhongYou-WenZhaoGuan.xml_4,若是真心来救我，,12271769.847830001,0.0
sdxp-WoHeNi-SiLangTanMu.xml_14,见母一面即刻还。,12276841.085989637,0.0
lsxp-ShenGongWu-LongFengChengXiang.xml_3,耳听笙歌闹喧哗。,12287175.381676598,0.0
sdeh-WenSanNiang-SanNiangJiaoZi.xml_3,老薛保你不必苦哀告，,12292931.653335433,0.14285714285714285
daxp-ChunQiuTing-SuoLinNang.xml_31,积德才生玉树苗，,12314254.95836055,0.0
daxp-DiTouLi-NvQiJie.xml_7,来生变犬马我当报还。,12317119.010178152,0.0
sdxp-DangNianHan-SanJiZhang.xml_10,都是安邦定国臣，,12322535.22230034,0.0
daxp-QiaoLouShang-HuangShanLei.xml_15,你爹爹到如今未转家门。,12329146.233984023,0.0
daeh-ZaoBuXing-HeHouMaDian.xml_1,贼昏王篡了位谋乱邦家。,12337638.676078504,0.0
lseh-YiLunMing-ZhuoFangSuDian.xml_8,一家人倶丧在宝剑之（喏）下，,12337728.325796984,0.0
lseh-TuZeiZuo-SouGuJiuGu.xml_1,诬杀赵家一满门。,12362351.035123888,0.0
lsxp-JianMaSu-ZhanMaSu.xml_0,见马谡（唩）跪帐下，,12367187.010844583,0.0
lsxp-JiangShenEr-SanJiaDian.xml_15,叫一声解差把店役。,12369326.652390283,0.0
daxp-LaoDieDie-DaYuShaJia-1.xml_3,等候了爹爹回细问根由。,12380383.959259829,0.0
lseh-YiLunMing-ZhuoFangCao-2.xml_5,杀猪沽酒款待与他。,12380677.252980493,0.0
daxp-ChunQiuTing-SuoLinNang.xml_7,世上何尝尽富豪，,12392728.609191269,0.0
daeh-NaRiFeng-YuanXiaoMi.xml_0,那日风波平地起，,12400652.597988322,0.0
daeh-SunShangXiang-BieHuangGong.xml_1,想起了已往事心内痛酸。,12403548.219323672,0.0
daeh-WangChunE-SanNiangJiaoZi.xml_2,春娥女好一此失群孤雁，,12405716.237907335,0.14285714285714285
daxp-ErTingDe-SuoLinNang.xml_4,叫梅香你把那好言相告，,12429998.486214582,0.0
lseh-TanXiongDi-SangYuanJiZi.xml_3,见坟台不见人刀割我心。,12457398.721254202,0.0
lseh-TuZeiZuo-SouGuJiuGu.xml_2,眼见得忠良无救应，,12460769.672487976,0.14285714285714285
daeh-ZiNaRi-ZhuangYuanMei-2.xml_11,但愿得杨六郎心如石坚。,12463114.352018658,0.14285714285714285
daxp-WoZhuYe-SiLangTanMu.xml_5,阅兵书看何人前来何安。,12469258.031353222,0.0
daxp-DangRiLi-SuoLinNang.xml_10,于归日理应当喜形于面，,12484087.73528255,0.0
lsxp-QingGongYan-FaDongWu.xml_0,庆功宴上把酒饮，,12503989.7907421,0.0
daxp-QiaoLouShang-HuangShanLei.xml_14,我不免唤琏儿到街前探问，,12508125.299062783,0.0
daeh-WangChunE-SanNiangJiaoZi.xml_6,将身儿来至在机房织绢，,12513572.276788674,0.0
lsxp-ZhangGongDao-ZhuangYuanPu.xml_2,为（呀）儿（啼）女我也曾朝山拜庙，,12519733.244993022,0.14285714285714285
sdxp-WoHeNi-SiLangTanMu.xml_31,一夜之间你怎能回还。,12529727.909828987,0.0
lseh-XiRiLi-BaoLianDeng.xml_3,传口诏命次子即位为君，,12529882.83477075,0.0
lseh-YiLunMing-ZhuoFangCao-1.xml_15,悔不该弃县今抛却了乌（哇）纱，,12539982.155902045,0.0
sdxp-SuLongWei-WuJiaPo.xml_12,百般调戏也枉然。,12568048.289288616,0.0
lseh-YiLunMing-ZhuoFangCao-1.xml_17,汉室后来贼是个惹祸的根芽。,12573733.527359985,0.0
lseh-ZiNaRi-HongYangDong.xml_3,那乃是萧天佐以（呀）假成真；,12578054.41868028,0.0
lsxp-WoZhuYe-ZhuiHanXin.xml_9,我也曾约法定过三章。,12581101.406371327,0.0
daeh-LiYanFei-DaBaoGuo.xml_8,赐你的上方剑朝房问话，,12588181.398108633,0.0
sdxp-WoHeNi-SiLangTanMu.xml_9,我有心回宋营见母一面，,12614629.775094418,0.0
sdxp-SuLongWei-WuJiaPo.xml_29,府内金银堆如山。,12628477.105292896,0.0
lsxp-LiangGuoJiao-ShiJieTing-1.xml_4,此一番领兵去镇守，,12642457.130643418,0.0
daxp-FeiShiWo-TaoHuaCun.xml_3,关系你患难鸳鸯永宿在池塘。,12660103.45943159,0.0
daeh-ZaoBuXing-HeHouMaDian.xml_11,两旁的文武臣珠泪如麻，,12664200.015064305,0.0
sdxp-SuLongWei-WuJiaPo.xml_6,为军的要人我是不要钱。,12676892.940621365,0.0
daeh-ZiNaRi-ZhuangYuanMei-2.xml_13,但愿得八主贤王从中周旋早成美眷、扫狼烟叫那胡儿不敢进犯、保叔王锦锈江山。,12677789.138785867,0.14285714285714285
lsxp-ZiGuDao-HuangHeLou.xml_2,曾记得当年赴河梁，,12697609.301979879,0.2857142857142857
daxp-SuSanLi-NvQiJie.xml_6,言说苏三把命断，,12704331.915412499,0.0
lsxp-JiangShenEr-SanJiaDian.xml_13,娘想儿来泪双流。,12719773.83534851,0.0
lsxp-ZiGuDao-HuangHeLou.xml_1,主公不必加愁肠。,12733194.25690945,0.0
sdxp-SuLongWei-WuJiaPo.xml_19,是烈女就该在家院，,12748921.404589562,0.14285714285714285
lsxp-WoZhuYe-ZhuiHanXin.xml_11,反将我主贬汉王。,12796907.589879375,0.0
daeh-ZiNaRi-ZhuangYuanMei-1.xml_15,愿天下从此后国泰民安。,12801321.831845593,0.0
daxp-ChunQiuTing-SuoLinNang.xml_25,安他半世凤凰巢。,12834328.44461178,0.0
daxp-ErTingDe-SuoLinNang.xml_23,安她半世凤凰剿。,12834328.44461178,0.0
daeh-ZiNaRi-ErJinGong.xml_0,自那日与徐杨决裂以后，,12838947.906432128,0.0
daxp-FeiShiWo-TaoHuaCun.xml_17,听我的号令上战场。,12840171.70375626,0.0
daeh-XiaoNuCai-SanNiangJiaoZi.xml_5,叹一声不由人珠泪如梭。,12852499.76332505,0.0
daxp-MengJunZi-ChunQiuPei-1.xml_5,莫奈何到荒郊我就来捡芦花。,12854786.242998814,0.0
daeh-WuDuanQiao-BiYuZan.xml_5,满腹冤屈向谁言。,12855430.546753984,0.0
sdxp-SuLongWei-WuJiaPo.xml_42,买绫罗、做衣衫、买白纸、糊白幡、打首饰、做妆奁，,12857736.872717882,0.0
lsxp-JiangShenEr-SanJiaDian.xml_12,儿想娘亲难叩首，,12871683.375329737,0.0
daeh-TanHongYan-HuoXiaoYu.xml_2,薄幸冤家音信无有，,12876717.625883665,0.0
lsxp-CiShiJian-HuaiHeYing-1.xml_4,左手拉住了李左车，,12891130.186495196,0.0
sdxp-WoHeNi-SiLangTanMu.xml_13,公主赠我的金鈚箭，,12895153.663717503,0.0
daeh-CanQiQi-WuLongZuo.xml_1,叹红颜多薄命父母双亡。,12898432.954790253,0.0
lseh-YiLunMing-ZhuoFangCao-1.xml_5,杀猪（喏）沽（哇）酒款待于他，,12905793.136372468,0.0
lsxp-ZiCongQian-ZhuLianZhai.xml_1,满朝中文武臣泪双流。,12920884.31115809,0.0
lseh-YiLunMing-WenZhaoGuan-1.xml_34,寻短（哪）哎见爹娘（兀）！,12934038.146113848,0.0
lseh-YiLunMing-ZhuoFangSuDian.xml_6,又谁知此贼的疑心（呐）太（呀）大，,12947173.674399232,0.0
daeh-ZiNaRi-ZhuangYuanMei-2.xml_5,不知道他与我是否一般。,12977588.135671552,0.0
lseh-TuZeiZuo-SouGuJiuGu.xml_0,屠贼做事心太狠，,12982736.212788697,0.0
lseh-ZiNaRi-HongYangDong.xml_4,二次（喏）里命孟良番营来进，,12988387.469954815,0.0
lsxp-DaHeYi-SiLangTanMu.xml_6,怎知今日回宋营。,12998572.636151278,0.0
daeh-ZiNaRi-ZhuangYuanMei-2.xml_3,乱军中多亏他救我回还。,13011805.736135444,0.0
lsxp-DaHeYi-SiLangTanMu.xml_29,众将与爷忙掩（哪）门，,13012266.299613165,0.0
lsxp-ZhangGongDao-ZhuangYuanPu.xml_0,张公道三十五六（哇）子有靠，,13013541.400839103,0.0
lsxp-WoBenShi-KongChengJi-2.xml_9,我面前却少个知（呃）音的人。,13028029.207074694,0.0
lseh-XinZhongYou-WenZhaoGuan.xml_6,贪图富贵来害我，,13033775.195668101,0.0
lsxp-WoZhuYe-ZhuiHanXin.xml_0,我主爷起义在芒砀，,13047982.724204082,0.0
daxp-ChunQiuTing-SuoLinNang.xml_32,小小囊儿何足道，,13052946.155482396,0.0
daeh-ZiNaRi-ZhuangYuanMei-1.xml_13,但愿得八主贤王从中周旋，早成姻眷，扫狼烟，叫那胡儿不敢进犯保叔王锦绣江山。,13077172.374484105,0.14285714285714285
sdxp-SuLongWei-WuJiaPo.xml_7,大嫂说话礼不端，,13083332.046155717,0.0
daxp-ErDeFu-HongNiGuan.xml_0,儿的父为国家阵前命丧，,13100324.750482595,0.0
lsxp-ZouYingLong-DaYanSong.xml_4,我问顽童啼哭因何故，,13120849.466396363,0.0
daxp-ErTingDe-SuoLinNang.xml_31,救她饥渴胜琼瑶。,13125946.341147324,0.0
lsxp-ZheYiFeng-DingJunShan.xml_3,大小儿郎听根苗，,13132760.810132546,0.0
daxp-ChunQiuTing-SuoLinNang.xml_2,在隔帘只见这一花轿，,13133916.635020286,0.0
lseh-YangYanZhao-PengBei.xml_2,迈虎步我且把宝帐来进，,13134184.340891615,0.0
daxp-DiTouLi-NvQiJie.xml_5,与我那三郎把信传。,13151071.660624024,0.0
sdxp-SuLongWei-WuJiaPo.xml_8,为军哪怕到官前。,13184017.686230173,0.0
daxp-FeiShiWo-TaoHuaCun.xml_14,倘若是你响她也响，,13190857.778465243,0.0
daeh-WangChunE-SanNiangJiaoZi.xml_4,薛倚儿他好比无弓之箭，,13195677.587843124,0.0
sdxp-WoHeNi-SiLangTanMu.xml_7,萧天佐摆天门两国交战，,13201451.848329686,0.0
lseh-XiRiLi-BaoLianDeng.xml_6,弟让兄来兄不能应（呐）允，,13221214.78739267,0.0
daeh-ZiNaRi-ErJinGong.xml_9,想起了老王爷好不惨伤。,13232461.030736726,0.14285714285714285
lsxp-YiShiWu-YuCangJian.xml_7,我与奸贼不共戴天！,13233907.50852334,0.0
daxp-LaoDieDie-YuZhouFeng.xml_2,倘若是有道君皇恩浩荡，,13261116.187588062,0.0
lsxp-ZuoRiLi-YuanMenZhanZi.xml_5,老娘亲再讲情儿自刎头来。,13263101.308633342,0.14285714285714285
lseh-XuMaoGong-QinQiongFaPei.xml_0,徐茂公阴阳多奥妙，,13263650.117559023,0.0
lseh-ZiNaRi-HongYangDong.xml_5,又谁知焦克明他私（呀）自后跟（呐），,13266580.149891645,0.0
lseh-YiLunMing-WenZhaoGuan-1.xml_11,我好比龙游在浅沙滩。,13275091.701423509,0.0
lsxp-JianMaSu-ZhanMaSu.xml_2,大胆不听我的话，,13280089.253360663,0.0
lsxp-ZiCongQian-ZhuLianZhai.xml_4,山高路远少来问候，,13290706.008468388,0.0
lsxp-WoZhuYe-ZhuiHanXin.xml_8,一路上秋毫无犯军威壮，,13292292.437973298,0.0
daeh-ZiNaRi-ZhuangYuanMei-2.xml_15,愿邦家从此后国泰民安。,13292334.562263167,0.0
daeh-SunShangXiang-BieHuangGong.xml_4,与周郎定巧计把皇叔来骗，,13295004.193349333,0.0
daxp-ChunQiuTing-SuoLinNang.xml_8,亦有饥寒悲怀抱，,13300170.395868894,0.0
daxp-QiaoLouShang-HuangShanLei.xml_12,数更等交五鼓空房愈冷，,13316113.638889581,0.0
lsxp-CiShiJian-HuaiHeYing-2.xml_4,左手拉住了李左车，,13332464.699707469,0.0
lsxp-DaHeYi-SiLangTanMu.xml_30,自己骨肉认不清。,13336669.500871126,0.0
daeh-ZiNaRi-ErJinGong.xml_11,想必是徐杨进了昭阳。,13351410.760611555,0.0
daeh-LiYanFei-ErJinGong.xml_2,耳边厢又听得朝靴响亮，,13351723.364165312,0.14285714285714285
lsxp-JiangShenEr-SanJiaDian.xml_8,实难舍街坊四邻与我的好朋友，,13361219.044177655,0.0
daxp-ChunQiuTing-SuoLinNang.xml_16,叫梅香你把那好言相告，,13397051.870706579,0.0
lsxp-HenPingWang-WenZhaoGuan.xml_1,父纳子（呃）妻礼难容，,13417949.068437155,0.0
daxp-DuiLingHua-BiYuZan.xml_3,也算得人世间美满姻缘。,13419287.562183948,0.14285714285714285
daxp-NiDeFu-FenHeWan.xml_1,全仗你打雁养娘亲，,13426745.125085555,0.0
sdxp-SuLongWei-WuJiaPo.xml_41,与你娘做一个安家钱。,13441000.216713302,0.0
lsxp-DaHeYi-SiLangTanMu.xml_4,上面（哪）坐的同胞人。,13459503.556028066,0.0
daeh-ZiNaRi-ErJinGong.xml_13,我只得怀抱太子两泪汪汪口口声声哭的是先王！,13470974.419680053,0.14285714285714285
daeh-ZiNaRi-ZhuangYuanMei-1.xml_3,乱军中多亏他救我回还。,13470998.393943768,0.0
lseh-YiLunMing-WenZhaoGuan-1.xml_22,贪图富贵来害我，,13485790.775436468,0.0
daxp-DangRiLi-SuoLinNang.xml_9,她泪自弹、声续断、似杜鹃、啼别院、巴峡哀猿动人心弦，好不惨然。,13502459.847843613,0.0
lseh-YiLunMing-WenZhaoGuan-2.xml_12,我好（呃）比鱼儿吞了钩线，,13525202.415246066,0.0
lseh-XiRiLi-BaoLianDeng.xml_13,二娇儿也难比那两个贤人。,13526052.17723463,0.14285714285714285
dldeh-ShouBiPo-ChunQiuPei.xml_2,病恹恹身无力难以挣扎。,13546000.032276329,0.0
sdxp-SuLongWei-WuJiaPo.xml_15,这锭银、三两三，,13551055.557701895,0.0
lseh-YiLunMing-WenZhaoGuan-2.xml_11,我好比龙游在浅沙滩。,13558983.416695613,0.0
lsxp-ZheYiFeng-DingJunShan.xml_7,退后的项上吃一刀。,13569039.786650404,0.0
lsxp-QingGongYan-FaDongWu.xml_2,弟兄们创业多艰难，,13591260.788783705,0.0
lsxp-ZiGuDao-HuangHeLou.xml_4,今日主公把宴上，,13599094.1453653,0.0
daeh-WangChunE-SanNiangJiaoZi.xml_1,想起了我老爷好不惨然。,13600041.999312723,0.14285714285714285
lsxp-JiangShenEr-SanJiaDian.xml_4,杨林与我来争斗，,13610862.466013135,0.0
lseh-XiRiLi-BaoLianDeng.xml_10,首阳山前冻饿死（喏）。,13652636.19606015,0.0
lseh-YiLunMing-ZhuoFangCao-1.xml_20,贼好比蛟龙未生鳞甲，,13658611.980237357,0.0
dldeh-ShouBiPo-ChunQiuPei.xml_1,受逼迫去捡柴泪如雨下，,13662415.863874435,0.0
daxp-DiTouLi-NvQiJie.xml_6,就说苏三把命断，,13683756.351264887,0.0
lsxp-DaHeYi-SiLangTanMu.xml_28,原来四哥回宋营。,13697875.226959359,0.0
daeh-ZaoBuXing-HeHouMaDian.xml_7,贼好比那司马师搅乱中华。,13700737.005362887,0.0
daeh-ZiNaRi-ZhuangYuanMei-2.xml_7,帝王家深宫怨似水流年。,13709690.616877541,0.14285714285714285
lsxp-DaHeYi-SiLangTanMu.xml_12,我母佘氏老太君。,13720919.781680524,0.14285714285714285
lseh-WeiKaiYan-RangXuZhou.xml_2,二犬子（呃）皆年幼（哇）难当（呃）重任，,13722555.63792585,0.14285714285714285
lsxp-ZheYiFeng-DingJunShan.xml_8,三军与（呀）爷归营号，,13728135.90986896,0.0
lseh-XuMaoGong-QinQiongFaPei.xml_2,既是为我前来到，,13728867.132057803,0.0
lseh-WeiGuoJia-HongYangDong-1.xml_0,为国家那何曾半日闲空，,13751574.682983065,0.0
dldeh-ShouBiPo-ChunQiuPei.xml_3,奴好比花未开风吹雨打，,13763281.911851564,0.0
lsxp-TingTaYan-ZhuoFangCao-1.xml_7,既同行共（呃）大事必须要劝解于他（呀呃）。,13787398.587289179,0.0
lsxp-TingTaYan-ZhuoFangCao-2.xml_7,既同行共（呃）大事必须要劝解于他（呀呃）。,13787398.587289179,0.0
daeh-ZiNaRi-ZhuangYuanMei-1.xml_5,不知道他与我是否一般。,13802671.86675917,0.0
lsxp-JiangShenEr-SanJiaDian.xml_14,眼见得红日坠落在西山后，,13804935.968150109,0.14285714285714285
lsxp-WoZhuYe-ZhuiHanXin.xml_1,拔剑斩蛇天下扬。,13819543.712715011,0.0
lseh-YiLunMing-ZhuoFangCao-1.xml_9,年迈的老丈命（呐）染黄沙。,13821411.770127267,0.2857142857142857
daxp-SuSanLi-NvQiJie.xml_3,过往的君子听我言。,13829729.557907902,0.0
daxp-NiDeFu-FenHeWan.xml_2,把弓带和鱼镖与儿带定，,13871283.668882878,0.0
lseh-YiLunMing-WenZhaoGuan-1.xml_12,我好（哇）比鱼儿吞了钩线，,13875468.750856798,0.0
daeh-LiYanFei-ErJinGong.xml_5,我只得怀抱太子两泪汪汪口口声声哭的是先王。,13892767.892947683,0.14285714285714285
lsxp-WoBenShi-KongChengJi-1.xml_9,我面前缺少个知呃音的人。,13894250.975055901,0.0
daxp-LaoDieDie-SanJiZhang-2.xml_0,老爹爹请息怒容儿细讲，,13949426.031843057,0.14285714285714285
lseh-XuMaoGong-QinQiongFaPei.xml_4,是是是（呀）来我明白了，,13964708.971994273,0.0
lseh-YiLunMing-WenZhaoGuan-1.xml_25,不能（哪）哎见爹娘（兀）！,13973408.468802445,0.0
daxp-ChunQiuTing-SuoLinNang.xml_28,这都是神话凭空造，,13974706.40708773,0.0
daeh-ZaoBuXing-HeHouMaDian.xml_4,贼好比王莽贼称孤道寡，,13989789.581301183,0.0
daxp-MengJunZi-ChunQiuPei-1.xml_0,蒙君子至殷勤再三问话，,13996473.60994639,0.0
lsxp-ZouYingLong-DaYanSong.xml_3,偶遇见小小的顽童放悲声，,14002574.322036779,0.0
lsxp-DaHeYi-SiLangTanMu.xml_26,要见本帅为何情？,14013849.072378404,0.0
sdxp-WoHeNi-SiLangTanMu.xml_1,我和你好夫妻恩德不浅，,14026966.23299149,0.0
lseh-XinZhongYou-WenZhaoGuan.xml_1,翻来复去睡不安。,14039804.874798229,0.0
lseh-YiLunMing-ZhuoFangSuDian.xml_9,年迈的老丈命（呐）染黄沙。,14054336.440204972,0.2857142857142857
daeh-LiYanFei-DaBaoGuo.xml_3,各国的众王侯朝贺中华。,14056578.576690096,0.0
daxp-SuSanLi-NvQiJie.xml_5,与我那三郎把信传。,14063950.79792739,0.0
lseh-YiLunMing-WenZhaoGuan-1.xml_13,我好（哇）比波浪中失舵的舟船（哪）。,14104910.45572288,0.0
lseh-XiRiLi-BaoLianDeng.xml_15,打死个秦官保父不能担承。,14143436.585505921,0.0
daxp-WoZhuYe-SiLangTanMu.xml_4,叫番儿忙摆驾银安殿，,14156671.435194518,0.0
daeh-NuZiYou-TouJunBieYao.xml_1,为薛郎我父女断绝情长。,14163018.546810964,0.14285714285714285
lseh-YiLunMing-ZhuoFangCao-2.xml_3,悔不该随他人到吕家。,14189499.240440553,0.0
daeh-LiYanFei-ErJinGong.xml_3,想必是徐杨将进了昭阳。,14195764.402243031,0.0
lseh-YiLunMing-WenZhaoGuan-2.xml_13,我好（呃）比波浪中失舵的舟船（喏）。,14204307.871323247,0.0
lseh-YiLunMing-ZhuoFangCao-1.xml_3,悔不该随他人到吕家，,14206893.995172262,0.0
daeh-SunShangXiang-BieHuangGong.xml_6,回荆州未三载诓我回转，,14217728.701063199,0.0
lseh-YiLunMing-WenZhaoGuan-1.xml_24,哭一声爹娘不能相见，,14227295.098182611,0.0
lsxp-WoZhuYe-ZhuiHanXin.xml_10,项羽不遵怀王约，,14229225.737918884,0.0
daeh-LiYanFei-ErJinGong.xml_4,有几句话儿我不好言讲，,14265471.577149384,0.0
lseh-XinZhongYou-WenZhaoGuan.xml_15,到如今夜宿在荒村院，,14288242.515216487,0.0
lseh-YiLunMing-WenZhaoGuan-1.xml_31,到如今夜宿在荒村院，,14288242.515216487,0.0
daxp-QiaoLouShang-HuangShanLei.xml_13,果然是晓鸡唱天已黎明。,14288699.84460358,0.0
lsxp-ZiGuDao-HuangHeLou.xml_5,四将军保架料也无妨。,14289875.989728374,0.0
lsxp-ZheYiFeng-DingJunShan.xml_0,这一封（呃）书信来得巧，,14345729.380120626,0.14285714285714285
lsxp-ZheYiFeng-DingJunShan.xml_1,天助黄忠成功劳。,14353180.662511969,0.0
daeh-LiYanFei-ErJinGong.xml_1,想起了朝中事好不惨伤！,14406396.726880163,0.0
daxp-XiRiLi-LongFengChengXiang.xml_5,纵有大事料无妨。,14415767.999940371,0.0
daeh-LiYanFei-DaBaoGuo.xml_4,将江山让太师权且代贺，,14446759.65710076,0.0
daeh-LiYanFei-DaBaoGuo.xml_9,压定了文武臣均要画押。,14449179.568720527,0.0
lsxp-WoZhuYe-ZhuiHanXin.xml_12,今日里萧何荐良将，,14451379.728868801,0.0
lsxp-DaHeYi-SiLangTanMu.xml_11,我父令公官极品，,14467868.406024614,0.0
lsxp-LiangGuoJiao-ShiJieTing-2.xml_2,管带三（呐）军要宽厚，,14493457.577520251,0.0
daxp-FeiShiWo-TaoHuaCun.xml_8,你不要高声不要嚷，,14496578.997083014,0.0
lseh-YiLunMing-ZhuoFangCao-1.xml_12,听谯楼打罢了二（喏）更鼓下，,14506776.80062931,0.0
daeh-SunShangXiang-BieHuangGong.xml_0,孙尚香坐宫院自思自叹，,14507160.206746187,0.0
lseh-YangYanZhao-PengBei.xml_4,我本当将此事对他来论，,14535850.890904654,0.0
daeh-ZaoBuXing-HeHouMaDian.xml_6,贼好比秦赵高指鹿为马，,14574839.938737826,0.0
sdxp-WoHeNi-SiLangTanMu.xml_2,贤公主又何必过于谦言。,14582623.628402961,0.0
lseh-XinZhongYou-WenZhaoGuan.xml_18,寻短（呃）哎见爹娘（呃）。,14632647.082305467,0.0
lseh-YiLunMing-ZhuoFangCao-1.xml_18,观此贼睡卧真（呐）潇洒，,14641162.212756574,0.0
daeh-ZiNaRi-ZhuangYuanMei-2.xml_14,愿天下有情人都成姻眷，,14648426.224872187,0.0
lseh-WeiGuoJia-HongYangDong-2.xml_0,为国家哪何曾半日闲空，,14650994.356180103,0.0
lsxp-LiangGuoJiao-ShiJieTing-2.xml_1,各为其（呀）主统貔貅。,14655776.521391008,0.0
daxp-ChenSanLiang-ChenSanLiangPaTang.xml_5,最可恨鸨儿叫我接客人。,14682458.897952244,0.0
sdxp-SuLongWei-WuJiaPo.xml_14,将银放在地平川。,14720494.892150998,0.0
lsxp-YiShiWu-YuCangJian.xml_0,一事无成两鬓斑，,14729685.668622732,0.0
daxp-QiaoLouShang-HuangShanLei.xml_2,对孤灯思远道心神不定，,14756062.132128306,0.0
sdxp-SuLongWei-WuJiaPo.xml_5,西凉川四十单八站，,14770383.467891792,0.0
daxp-XiShiNv-XiShi.xml_1,难得有开怀事常锁双眉。,14773093.598238643,0.14285714285714285
lseh-YiLunMing-WenZhaoGuan-2.xml_10,我好（呃）比哀哀长空雁，,14794839.62263843,0.0
daxp-ChunQiuTing-SuoLinNang.xml_3,想必是新婚渡鹊桥，,14822346.255513258,0.0
lsxp-WeiCengKai-QiYuanBao.xml_4,奉母命京城往，,14847829.691642893,0.0
daxp-DangRiLi-SuoLinNang.xml_1,霎时间日色淡似坠西山。,14852074.88205048,0.0
lseh-ZiNaRi-HongYangDong.xml_9,因此上臣的病重（呃）加十分、千岁爷呀！,14857773.219810337,0.0
sdxp-DangNianHan-SanJiZhang.xml_5,我的儿说话言不逊，,14885243.612478152,0.0
lseh-YiLunMing-ZhuoFangSuDian.xml_5,杀猪（喏）沽酒款待与他，,14893443.550495006,0.0
daxp-MengJunZi-ChunQiuPei-2.xml_3,我爹爹名姜绍贸易天涯。,14909374.121774668,0.0
lseh-YiLunMing-WenZhaoGuan-1.xml_9,满腹的含冤我向谁言（哪）！,14913932.324495256,0.0
lseh-YiLunMing-WenZhaoGuan-2.xml_9,满腹的含冤我向谁言（喏）。,14913932.324495256,0.0
daxp-XiShiNv-XiShi.xml_4,怕只怕损玉颜姣容自惜，,14917664.492818894,0.0
lseh-JinZhongXiang-ShangTianTai.xml_3,武仗着姚皇兄保定乾坤。,14929553.310824508,0.0
lseh-YiLunMing-WenZhaoGuan-1.xml_10,我好（哇）比哀哀长空雁，,14933950.067214333,0.0
lseh-YiLunMing-WenZhaoGuan-1.xml_16,心中有事难合眼，,14937880.717673277,0.0
sdxp-DangNianHan-SanJiZhang.xml_4,仙女嫁的又是何人？,14948825.654216906,0.14285714285714285
lsxp-ZuoRiLi-YuanMenZhanZi.xml_2,今日里斩宗保娘把儿怪，,14955960.471763225,0.0
lseh-YiLunMing-WenZhaoGuan-1.xml_14,思来想去我的肝肠断，,15006188.032145768,0.0
daxp-ErDeFu-HongNiGuan.xml_7,又恐怕众将官说短论长。,15016908.123939458,0.0
daeh-ZaoBuXing-HeHouMaDian.xml_9,只骂得贼昏王扭转身驱、闭目合晴、羞羞惭惭一语不发，,15039900.292477036,0.14285714285714285
daxp-QiaoLouShang-HuangShanLei.xml_0,谯楼上二更鼓声声送听，,15048130.937422829,0.0
daxp-LaoDieDie-DaYuShaJia-2.xml_3,等候了爹爹回细问根由。,15051854.397606894,0.0
daxp-DangRiLi-SuoLinNang.xml_13,怎奈我在轿中赤手空拳。,15060354.704570461,0.0
daeh-ZuoRiGong-TaiZhenWaiChuan.xml_3,但不知何日里再沐圣明。,15062737.898305725,0.0
daxp-ChunQiuTing-SuoLinNang.xml_1,何处悲声破寂寥。,15073218.48726171,0.0
lseh-XiRiLi-BaoLianDeng.xml_4,那叔齐分长幼不能担任，,15087018.77462599,0.0
lseh-YiLunMing-ZhuoFangSuDian.xml_3,悔不该随他人到吕家。,15107543.97991041,0.0
lseh-XinZhongYou-WenZhaoGuan.xml_12,越思越想好伤惨，,15112966.419587405,0.0
lseh-YiLunMing-ZhuoFangCao-2.xml_4,吕伯奢可算得义气大，,15117868.486550156,0.14285714285714285
daeh-ZiNaRi-ZhuangYuanMei-1.xml_14,愿天下有情人都成姻眷，,15139339.657138629,0.0
lsxp-HenPingWang-WenZhaoGuan.xml_2,我的（呀）父谏奏反把命（哪）送，,15142078.425276818,0.0
lseh-YiLunMing-ZhuoFangCao-1.xml_8,一家人倶丧在宝剑之（喏）下，,15152208.454023903,0.0
daxp-DiTouLi-NvQiJie.xml_3,过往的君子听我言。,15157129.22265327,0.0
daxp-MuQinBu-FengHuanChao.xml_5,活在世上也枉然。,15160208.297133218,0.0
daeh-SunShangXiang-BieHuangGong.xml_9,叹一声不由人珠泪涟涟。,15169562.818973336,0.0
daeh-WangChunE-SanNiangJiaoZi.xml_5,每日里在书房苦读圣贤。,15244324.10438109,0.0
lsxp-DaHeYi-SiLangTanMu.xml_1,大喝一声（哪）如雷震，,15302455.656237248,0.0
lsxp-LiangGuoJiao-ShiJieTing-2.xml_0,两国交锋龙虎斗，,15313117.992613303,0.0
lseh-YiLunMing-WenZhaoGuan-1.xml_17,翻来覆去睡不（哇）安。,15318395.376287628,0.0
lseh-XinZhongYou-WenZhaoGuan.xml_0,心中有事难合眼，,15343046.304302232,0.0
lseh-YiLunMing-WenZhaoGuan-1.xml_5,他将我隐藏在后花园。,15351308.391190019,0.0
lsxp-CiShiJian-HuaiHeYing-2.xml_7,生死二字（喏）且由他！,15387734.05218501,0.0
lsxp-CiShiJian-HuaiHeYing-1.xml_1,胡言乱语怎瞒（呐）咱。,15451656.09168107,0.0
sdeh-WenSanNiang-SanNiangJiaoZi.xml_6,又谁知平白的闪跌一跤。,15453652.37889096,0.0
lsxp-CiShiJian-HuaiHeYing-2.xml_1,胡言乱语怎瞒（呐）咱！,15458821.631805701,0.0
lseh-JinZhongXiang-ShangTianTai.xml_4,内侍臣忙摆驾九龙口进，,15475396.530418457,0.0
lsxp-ZiGuDao-HuangHeLou.xml_3,二将军保架过长江。,15484034.78879386,0.0
lseh-ZenNengGou-BaDaChui.xml_1,前后话对文龙细说衷情。,15490267.463005941,0.0
lsxp-WoBenShi-KongChengJi-2.xml_8,闲无（呃）事在敌楼（呃）我亮一亮琴（呢）音，,15495500.971006906,0.0
daeh-SunShangXiang-BieHuangGong.xml_2,遭不幸父王爷把驾来晏，,15499405.784433829,0.0
daeh-ZuoRiGong-TaiZhenWaiChuan.xml_1,有谁知一时错被逐宫廷。,15501790.20207557,0.0
daxp-DangRiLi-SuoLinNang.xml_14,急切里想起了锁麟囊一（呀）件，,15518267.646838296,0.0
lseh-YiLunMing-ZhuoFangCao-1.xml_13,越思越想把事来作差。,15524838.846184216,0.0
daxp-TingTaYan-ZuoGong.xml_7,不知者不怪罪你的海量放宽。,15657767.238098202,0.0
daxp-ChunQiuTing-SuoLinNang.xml_24,分我一枝珊瑚宝，,15679824.756036332,0.0
daxp-ChunQiuTing-SuoLinNang.xml_22,我在不足他正少，,15679824.756036332,0.0
daxp-DangRiLi-SuoLinNang.xml_7,哪有这短花帘，旧花幔，参差流苏，残破不全。,15700583.807565045,0.0
lsxp-DaHeYi-SiLangTanMu.xml_27,听罢言来才知情，,15702367.832750421,0.0
daeh-ZuoRiGong-TaiZhenWaiChuan.xml_0,昨日宫中何等宠幸，,15714165.6276961,0.0
daxp-QiaoLouShang-HuangShanLei.xml_9,看娇儿正酣睡恐被风侵。,15728939.584151233,0.14285714285714285
daxp-ErTingDe-SuoLinNang.xml_26,这都是神话凭空造，,15765337.931350663,0.0
lseh-YiLunMing-WenZhaoGuan-1.xml_8,俺伍员好一似丧家犬，,15775831.104158847,0.0
lsxp-DaHeYi-SiLangTanMu.xml_7,将身站在了阶前等，,15787925.473278174,0.0
lsxp-WeiCengKai-QiYuanBao.xml_1,尊一声太爷听端详。,15798562.282537922,0.0
lsxp-ZheYiFeng-DingJunShan.xml_2,站立在营门三军叫，,15800242.043202119,0.0
daeh-NaRiFeng-YuanXiaoMi.xml_7,不如早死命归西。,15804739.988672838,0.0
daxp-QiaoLouShang-HuangShanLei.xml_4,到三更真个是月明人静，,15809363.568948584,0.0
daxp-LaoDieDie-SanJiZhang-2.xml_3,这样人得了志比父还强。,15813589.478636509,0.14285714285714285
daeh-ZaoBuXing-HeHouMaDian.xml_5,贼好比曹阿瞒半点不差，,15819239.602942014,0.0
daeh-LiYanFei-DaBaoGuo.xml_5,候幼主成了龙原业归家。,15848647.772391155,0.0
daeh-WangChunE-SanNiangJiaoZi.xml_3,老薛保好一似浪里舟船。,15884455.601248503,0.14285714285714285
daxp-DangRiLi-SuoLinNang.xml_5,隔帘儿我也曾侧目偷观。,15889506.583496358,0.0
lseh-NiangZiBu-SouGuJiuGu.xml_11,不舍娇儿难救孤身。,15893152.902653474,0.14285714285714285
sdxp-SuLongWei-WuJiaPo.xml_4,咬定牙关他就不认承。,15902418.627930822,0.0
sdxp-SuLongWei-WuJiaPo.xml_43,落得个孝子的名儿在那天下传。,15916985.593886621,0.14285714285714285
sdxp-SuLongWei-WuJiaPo.xml_10,管保大嫂就断与咱。,15921800.962866826,0.0
lseh-YangYanZhao-PengBei.xml_0,杨延昭奉父命巡查大营，,15956030.1470167,0.0
lsxp-ZhangGongDao-ZhuangYuanPu.xml_1,陈伯愚年半百无有后苗。,15972857.081878183,0.14285714285714285
lseh-YiLunMing-WenZhaoGuan-1.xml_28,越思越想好伤惨，,15982571.461196776,0.0
sdxp-SuLongWei-WuJiaPo.xml_35,打板子、上夹棍、丢南牢、坐监禁、管叫你思前容易退后难。,15994158.534792423,0.0
daxp-LaoDieDie-DaYuShaJia-2.xml_1,倒叫我桂英儿挂在心头。,16000647.349337459,0.0
lsxp-ShenGongWu-LongFengChengXiang.xml_2,朝欢暮乐无牵挂，,16020574.733642334,0.0
sdxp-DangNianHan-SanJiZhang.xml_16,难道说文官他就不丧身？,16031403.99087099,0.0
dldeh-ShouBiPo-ChunQiuPei.xml_4,想亲娘和老父心乱如麻。,16031583.596131781,0.14285714285714285
lsxp-HenPingWang-WenZhaoGuan.xml_3,满门的家着血染红。,16047191.280714229,0.0
sdxp-WoHeNi-SiLangTanMu.xml_23,咱与你隔南北千里姻缘。,16150831.417707764,0.0
daeh-ZaoBuXing-HeHouMaDian.xml_3,反倒说为嫂我拦阻有差，,16157994.646872751,0.0
lsxp-TingTaYan-ZhuoFangCao-2.xml_4,马行在来道内我难（呐）以回（呀）马，,16197429.49797728,0.0
lsxp-TingTaYan-ZhuoFangCao-1.xml_4,马行在来道内我难（呐）以回（呀）马，,16197429.49797728,0.0
lsxp-DaHeYi-SiLangTanMu.xml_21,龙行虎步非凡等，,16198212.61250024,0.0
daxp-ChunQiuTing-SuoLinNang.xml_9,也有失意痛哭嚎啕，,16200179.229950435,0.0
daeh-LiYanFei-DaBaoGuo.xml_7,宣太师上金殿披红插花。,16248570.449186062,0.0
lseh-XiRiLi-BaoLianDeng.xml_12,为父的怎比得孤竹君，,16289268.176258225,0.14285714285714285
daeh-ZuoRiGong-TaiZhenWaiChuan.xml_2,思想起从前事心中悔恨，,16291760.293154798,0.0
lseh-YiLunMing-WenZhaoGuan-2.xml_8,俺伍员好一似丧家犬，,16293577.663184881,0.0
lseh-XiRiLi-BaoLianDeng.xml_8,那伯夷出午门无（哇）有踪（呃）影，,16337808.154701823,0.0
lseh-YiLunMing-WenZhaoGuan-2.xml_14,思来想去我的肝肠断，,16390474.786091607,0.0
daxp-TingTaYan-ZuoGong.xml_3,他思家乡想骨肉就不能团圆。,16405380.670962356,0.0
daxp-MengJunZi-ChunQiuPei-1.xml_3,我的父名姜绍贸易天涯。,16438907.201170892,0.0
daxp-ErTingDe-SuoLinNang.xml_19,谁能移动它半分毫。,16461698.530231815,0.0
lseh-ZiNaRi-HongYangDong.xml_8,为此事终（啊）日里忧成疾病，,16466452.481466254,0.0
daxp-LaoDieDie-SanJiZhang-1.xml_3,贫穷人得了志比富还强。,16479946.30706895,0.14285714285714285
lseh-XinZhongYou-WenZhaoGuan.xml_21,我不杀平王我的心怎甘。,16510778.59195802,0.0
daeh-ZiNaRi-ZhuangYuanMei-1.xml_1,行不安坐不宁情态缠绵。,16514843.939954156,0.0
lsxp-WoBenShi-KongChengJi-1.xml_8,闲无哇事在敌楼哇我亮（呃）一亮琴哪音，,16531197.947568914,0.0
lseh-WeiGuoJia-HongYangDong-3.xml_0,为国家哪何曾半日闲空，,16600041.944412552,0.0
daxp-LaoDieDie-SanJiZhang-1.xml_2,父休笑薛平贵是花郎模样，,16606762.799090307,0.0
lsxp-DaHeYi-SiLangTanMu.xml_22,灯光之下看不真。,16640891.189789804,0.0
daxp-LaoDieDie-DaYuShaJia-1.xml_1,到叫我桂英儿挂在心头；,16663547.653434807,0.0
daxp-MengTingDe-MuiGuiYingGuaShuai.xml_5,寸土怎能够属于他人。,16673777.984666554,0.0
lsxp-LiangGuoJiao-ShiJieTing-2.xml_4,此一番领（呃）兵去镇守，,16688529.330716144,0.0
daxp-ErTingDe-SuoLinNang.xml_20,我正不足她正少，,16689789.237559216,0.0
daxp-XiShiNv-XiShi.xml_2,只为着守清寒柴门近水，,16715598.268428829,0.0
lseh-YiLunMing-ZhuoFangCao-1.xml_25,险些儿把事（喏）又（哇）作差。,16736146.373131564,0.0
daeh-ZuoChunGui-XiShi.xml_2,奴这里心中痛玉颜清减，,16761878.958822232,0.0
lsxp-JiangShenEr-SanJiaDian.xml_5,因此上发配到登州。,16800623.41403909,0.14285714285714285
lseh-XinZhongYou-WenZhaoGuan.xml_8,哭一声爹娘不能相见，,16830969.90830095,0.0
daeh-NaRiFeng-YuanXiaoMi.xml_3,我与母亲两分离。,16905642.995542448,0.0
lseh-JinZhongXiang-ShangTianTai.xml_2,文凭着邓先生策划有准，,16929181.322660528,0.0
daxp-DangRiLi-SuoLinNang.xml_3,耳听得风声断，雨声喧，雷声乱，乐声阑珊，人声呐喊，都道说是大雨倾天。,16947176.137363028,0.14285714285714285
sdxp-WoHeNi-SiLangTanMu.xml_10,怎奈我身在番难以过关。,16947504.366066605,0.0
lseh-XiRiLi-BaoLianDeng.xml_14,打死了别家子父能作主，,16981987.573253185,0.0
lseh-ZiNaRi-HongYangDong.xml_6,老军报他二人在洪洋（呃）洞丧（呃）命，,17006061.534955345,0.14285714285714285
daeh-ZiNaRi-ErJinGong.xml_12,有一句话儿不好言讲，,17037999.605681967,0.0
lseh-YiLunMing-ZhuoFangCao-1.xml_16,我只说贼是个宽宏量大，,17040596.83886625,0.0
lseh-XiRiLi-BaoLianDeng.xml_1,伯夷叔齐二大贤人，,17041204.64424936,0.0
lsxp-WoZhuYe-ZhuiHanXin.xml_14,撩袍端带我把金殿上，,17054371.71774414,0.0
lsxp-JiangShenEr-SanJiaDian.xml_1,尊一声过往的宾朋听从头：,17066201.887966815,0.0
lsxp-TingTaYan-ZhuoFangCao-2.xml_6,这时候我只得暂且忍耐在心下，,17176831.66533119,0.14285714285714285
daxp-NiDeFu-FenHeWan.xml_3,不等到日落及早回程。,17182195.42521557,0.0
daxp-MengJunZi-ChunQiuPei-1.xml_4,在家中受不过继母拷打，,17200479.417538326,0.0
lseh-YiLunMing-WenZhaoGuan-1.xml_37,我不杀平王我的心怎甘（哪）。,17210163.850190174,0.0
sdxp-SuLongWei-WuJiaPo.xml_1,苏龙魏虎为媒证，,17222029.8094111,0.0
sdeh-WenSanNiang-SanNiangJiaoZi.xml_5,实指望教训他终身有靠，,17236731.434886053,0.0
lsxp-YiShiWu-YuCangJian.xml_3,靠山绿（哇）水常在面前。,17253957.886015173,0.0
lseh-XinZhongYou-WenZhaoGuan.xml_13,想当初在朝为官宦，,17348741.51649212,0.0
lseh-YiLunMing-WenZhaoGuan-1.xml_29,想当初在朝为官宦，,17348741.51649212,0.0
daxp-ChunQiuTing-SuoLinNang.xml_5,为何鲛珠化泪抛？,17369983.53519181,0.0
lsxp-TingTaYan-ZhuoFangCao-1.xml_3,却原（呐）来贼是个无（哇）义（呀）的冤家！,17373274.91632419,0.0
lsxp-TingTaYan-ZhuoFangCao-2.xml_3,却愿（呐）来贼是个无（哇）义（呀）的冤家！,17373274.91632419,0.0
daxp-FeiShiWo-TaoHuaCun.xml_10,不但要仔细听、还要仔细想，,17427462.18927106,0.0
daxp-FeiShiWo-TaoHuaCun.xml_4,已然错请生波浪，,17432592.501674917,0.0
daxp-TingTaYan-ZuoGong.xml_1,十五载到今日才吐真言。,17488762.327406876,0.0
sdxp-WoHeNi-SiLangTanMu.xml_16,快马加鞭我一夜还。,17498633.656155154,0.0
lseh-YiLunMing-ZhuoFangCao-1.xml_6,又谁知此贼的疑心（呐）太（呀）大，,17509059.162777968,0.0
lsxp-ZheYiFeng-DingJunShan.xml_5,三通鼓刀出鞘四通（呃）鼓把兵交。,17530143.925887085,0.0
daxp-MengJunZi-ChunQiuPei-2.xml_2,家住在罗郡城魁星楼下，,17530493.4094053,0.0
lseh-YiLunMing-WenZhaoGuan-2.xml_5,他将我隐藏在后花园。,17537867.297906864,0.0
sdxp-SuLongWei-WuJiaPo.xml_2,王丞相是我的主婚人（哪）。,17560697.955811255,0.0
daeh-WuDuanQiao-BiYuZan.xml_4,今生若被郎轻贱，,17572546.194569148,0.0
daeh-CanQiQi-WuLongZuo.xml_2,千金休哪曾受磨房景况，,17598514.554147385,0.0
lsxp-TingTaYan-ZhuoFangCao-1.xml_6,这时候我只得暂且忍耐在心下，,17605788.540114537,0.14285714285714285
daxp-ErTingDe-SuoLinNang.xml_24,忙把梅香低声叫，,17630059.836156834,0.0
lsxp-CiShiJian-HuaiHeYing-1.xml_3,为什么事到如今耍奸滑。,17635572.49360796,0.0
lsxp-CiShiJian-HuaiHeYing-2.xml_3,为什么事到如今耍奸滑？,17701213.86491668,0.0
lseh-YiLunMing-ZhuoFangCao-1.xml_19,安眠好似并底之蛙，,17718990.16488677,0.0
lseh-ZiNaRi-HongYangDong.xml_0,自（喏）那日朝罢归身（呐）染重病，,17720741.66089463,0.0
lseh-WeiKaiYan-RangXuZhou.xml_0,未开言不由人（呐）珠泪滚滚，,17721333.55721529,0.0
lsxp-ZouYingLong-DaYanSong.xml_5,他言道严嵩老贼害他的举家一满门。,17756326.50044767,0.14285714285714285
lsxp-ZhangGongDao-ZhuangYuanPu.xml_4,怕将（呃）来老天爷无（哇）有果报，,17772479.91795651,0.14285714285714285
lseh-YangYanZhao-PengBei.xml_3,又只见老爹爹瞌睡沉沉。,17802839.33271195,0.14285714285714285
lsxp-ZheYiFeng-DingJunShan.xml_4,头通（呃）鼓紧战袍，,17837871.661677245,0.0
daxp-XiShiNv-XiShi.xml_5,对清溪时照影自整罗农。,17848704.14786776,0.0
daxp-DangRiLi-SuoLinNang.xml_0,当日里好风光忽觉转变，,17851358.96117998,0.0
lseh-YiLunMing-WenZhaoGuan-1.xml_2,实指（惹）望到吴国借兵回转，,17867038.364457253,0.0
sdxp-SuLongWei-WuJiaPo.xml_31,命人送到（那）西凉川。,17887641.18434649,0.0
lseh-WeiGuoJia-HongYangDong-3.xml_2,官封到节度史（喏）皇王恩重，,17888847.608515307,0.0
lsxp-JiangShenEr-SanJiaDian.xml_10,娘生儿连心肉，,17920806.539111737,0.0
sdxp-WoHeNi-SiLangTanMu.xml_25,有什么心腹事你只管明言。,17930884.59076613,0.0
sdxp-SuLongWei-WuJiaPo.xml_30,本利算来有多少，,18026924.74511679,0.0
daxp-ChunQiuTing-SuoLinNang.xml_21,谁能移动他半分毫。,18043818.736835714,0.0
lseh-NiangZiBu-SouGuJiuGu.xml_10,千言万（哪）语她不肯，,18051421.231034447,0.0
lseh-ZenNengGou-BaDaChui.xml_0,怎能够思一计番营来进，,18053610.866612513,0.0
lsxp-WoZhuYe-ZhuiHanXin.xml_5,后进咸阳扶保在朝纲。,18073978.719966214,0.0
lsxp-CiShiJian-HuaiHeYing-2.xml_6,三人同把那鬼门关上爬，,18123062.37638336,0.0
lsxp-ZouYingLong-DaYanSong.xml_7,站立在殿角用目来观定，,18126443.53174349,0.0
sdxp-SuLongWei-WuJiaPo.xml_13,腰中取出银一锭，,18151104.523787864,0.0
daeh-ZaoBuXing-HeHouMaDian.xml_10,只骂得贼昏王无言对答。,18152352.4532963,0.14285714285714285
sdxp-SuLongWei-WuJiaPo.xml_3,他三人与我有仇恨，,18152652.668473303,0.0
lseh-XiRiLi-BaoLianDeng.xml_0,昔日里有一个孤竹君，,18227596.436962675,0.0
daxp-WoZhuYe-SiLangTanMu.xml_1,众文武扶哀家执掌军房。,18234188.562729113,0.0
daeh-XiaoNuCai-SanNiangJiaoZi.xml_2,哭一声亡故夫在阴曹等我，,18260529.924102526,0.0
daxp-DangRiLi-SuoLinNang.xml_12,那时节奴妆奁不下百万，,18261469.457184557,0.0
lseh-LaoZhangBu-WuPenJi.xml_0,老丈不（哇）必胆怕惊，,18319015.183169767,0.14285714285714285
lsxp-DaHeYi-SiLangTanMu.xml_9,家住后山磁州郡，,18322107.344392765,0.0
lseh-YiLunMing-ZhuoFangCao-2.xml_10,屈死的冤鬼魂休要怨咱，,18329132.07419295,0.0
daeh-ZaoBuXing-HeHouMaDian.xml_0,遭不幸老王爷晏了御驾，,18333711.594742525,0.14285714285714285
lsxp-WoBenShi-KongChengJi-2.xml_6,周文王访姜尚周室大振，,18364240.299267057,0.0
daxp-LaoDieDie-YuZhouFeng.xml_3,观此本免了儿一门祸殃。,18364602.62706603,0.0
lsxp-QingGongYan-FaDongWu.xml_1,想起桃园结拜情。,18409729.319845498,0.0
daxp-DangRiLi-SuoLinNang.xml_4,那花轿必定是因陋就简，,18410934.526464004,0.0
daeh-ZiNaRi-ZhuangYuanMei-2.xml_1,行不安坐不宁情态缠绵。,18441744.9575438,0.0
daxp-DangRiLi-SuoLinNang.xml_11,为什么悲切切哭得可怜。,18448190.73455995,0.14285714285714285
lsxp-LiangGuoJiao-ShiJieTing-2.xml_3,赏罚中公（呃）平莫要自由。,18449117.21728151,0.0
daxp-FeiShiWo-TaoHuaCun.xml_7,桃花村口莫彷徨。,18453720.573271517,0.0
sdxp-DangNianHan-SanJiZhang.xml_3,小奴才真个不孝顺，,18455724.49696854,0.0
lseh-ZiNaRi-HongYangDong.xml_2,我前番命孟良骸骨搬（呐）请，,18490733.749035295,0.0
lseh-YiLunMing-WenZhaoGuan-2.xml_2,实指望到吴国借兵回转，,18547653.14756555,0.0
lsxp-ShenGongWu-LongFengChengXiang.xml_0,深宫无（哇）处不飞花，,18554731.219448224,0.0
lsxp-ZouYingLong-DaYanSong.xml_2,那一日打从大街进，,18572589.725023407,0.0
lseh-YiLunMing-ZhuoFangCao-1.xml_22,虎在笼中我不打，,18595794.314790577,0.0
lsxp-ZouYingLong-DaYanSong.xml_13,在品级台（呀）前臣见君。,18605365.036960553,0.0
sdxp-SuLongWei-WuJiaPo.xml_39,妻儿老小与奴一般。,18607072.296386737,0.14285714285714285
daxp-DangRiLi-SuoLinNang.xml_15,囊虽小却能做续命泉源。,18625921.516011503,0.0
dldeh-ShouBiPo-ChunQiuPei.xml_7,全（呐）不顾你身有病气力不佳。,18694641.981839925,0.0
daeh-TanHongYan-HuoXiaoYu.xml_1,美满姻缘付东流。,18697508.287815835,0.0
daeh-SunShangXiang-BieHuangGong.xml_5,又谁知弄假成真反配凤鸾。,18740395.218566723,0.14285714285714285
lsxp-WoZhuYe-ZhuiHanXin.xml_7,一路上得遇陆贾、郦生与张良。,18742645.049806975,0.14285714285714285
daxp-ChunQiuTing-SuoLinNang.xml_26,忙把梅香低声儿叫，,18787628.657899696,0.0
daxp-SuSanLi-NvQiJie.xml_4,哪一位去往南京转，,18811912.866438806,0.0
daxp-WoZhuYe-SiLangTanMu.xml_3,一心心要夺取宋室江山。,18819424.234824378,0.0
daxp-QiaoLouShang-HuangShanLei.xml_1,父子们去采药未见回程。,18838273.08833011,0.0
lsxp-CiShiJian-HuaiHeYing-2.xml_5,右手再把栾布拉，,18983411.721496273,0.0
lsxp-DaHeYi-SiLangTanMu.xml_16,我是你四哥回宋营。,18991295.65230828,0.0
lseh-LaoZhangBu-WuPenJi.xml_6,我和你远无冤近无有仇恨，,19049406.397985384,0.0
sdxp-WoHeNi-SiLangTanMu.xml_24,因何故终日里愁眉不展，,19068900.829379693,0.0
daxp-WoZhuYe-SiLangTanMu.xml_0,我主爷金沙滩早把命丧，,19197204.194081124,0.0
lseh-YiLunMing-ZhuoFangCao-2.xml_0,一轮明月照窗下，,19208448.522219345,0.0
daeh-ZaoBuXing-HeHouMaDian.xml_8,只骂得贼昏王装聋作哑，,19243183.575681612,0.14285714285714285
daeh-ZiNaRi-ErJinGong.xml_6,徐小姐把守在宫门口，,19247035.24520295,0.0
daeh-ZiNaRi-ZhuangYuanMei-2.xml_0,自那日与六郎阵前相见，,19261080.207982384,0.0
lsxp-WoBenShi-KongChengJi-1.xml_5,东西战南北剿博古通呃今。,19299870.681648556,0.0
daxp-MengTingDe-MuiGuiYingGuaShuai.xml_3,敌血飞溅石榴裙。,19306937.88197952,0.0
daeh-ZaoBuXing-HeHouMaDian.xml_2,把一个皇太子逼死殿下，,19309747.990770772,0.0
daxp-ErDeFu-HongNiGuan.xml_3,倒不如与伯党匹配鸾凰。,19312860.92774038,0.14285714285714285
lseh-YiLunMing-ZhuoFangSuDian.xml_4,吕伯奢可算得义气（呀）大，,19322798.983080257,0.14285714285714285
lsxp-WoBenShi-KongChengJi-2.xml_5,东西战南北剿博古（呃）通（哦）今。,19336152.62741903,0.0
daxp-FeiShiWo-TaoHuaCun.xml_2,今夜晚非比那西厢待月、你懂提防、莫轻狂，,19396726.09335606,0.0
daxp-QiaoLouShang-HuangShanLei.xml_5,猛听得窗儿外似有人行。,19431751.056041166,0.14285714285714285
sdxp-WoHeNi-SiLangTanMu.xml_22,讲什么夫妻情恩德不浅，,19486085.984779835,0.0
lseh-YiLunMing-WenZhaoGuan-1.xml_33,我本当拔宝剑自寻短见，,19507549.39145302,0.0
daeh-ZaoBuXing-HeHouMaDian.xml_12,搬一把金交椅娘且坐下，,19530019.857800532,0.0
lseh-WeiGuoJia-HongYangDong-2.xml_2,官封到节度使（喏）皇王恩重，,19539390.046305012,0.0
lsxp-DaHeYi-SiLangTanMu.xml_25,家住哪州并哪郡？,19541912.043696955,0.0
lseh-YiLunMing-WenZhaoGuan-2.xml_0,一轮明月照窗前，,19610374.283048928,0.0
daxp-QiaoLouShang-HuangShanLei.xml_8,听画鼓报四更愈添凄冷，,19674266.58161641,0.0
lseh-YiLunMing-WenZhaoGuan-1.xml_0,一轮明月照窗前，,19675306.17944237,0.0
lsxp-TingTaYan-ZhuoFangCao-1.xml_2,我先前只望他宽宏量（呃）大，,19675409.07337013,0.0
lsxp-TingTaYan-ZhuoFangCao-2.xml_2,我先前只望他宽宏量（呃）大，,19675409.07337013,0.0
daeh-ZiNaRi-ErJinGong.xml_4,他那里父女情全然无有，,19721036.421533488,0.14285714285714285
lsxp-WoBenShi-KongChengJi-1.xml_6,周文王访姜尚周室大振，,19812650.38166198,0.0
sdxp-SuLongWei-WuJiaPo.xml_34,将你带到官衙内，,19832442.550671786,0.0
daxp-NiDeFu-FenHeWan.xml_0,你的父去投军无音信，,19833500.741809707,0.0
daxp-ChenSanLiang-ChenSanLiangPaTang.xml_4,诗书易礼都学会，,19910002.842426457,0.0
lseh-YiLunMing-ZhuoFangSuDian.xml_0,一轮明月照窗下，,20099302.60565514,0.0
lsxp-WoZhuYe-ZhuiHanXin.xml_2,怀王也曾把旨降，,20108906.50337428,0.0
daxp-LaoDieDie-SanJiZhang-2.xml_1,儿命苦怎配着状元才郎？,20147553.15331444,0.14285714285714285
lseh-TanXiongDi-SangYuanJiZi.xml_0,叹兄兀弟遭不幸一旦丧命，,20181770.63033102,0.0
lseh-WeiGuoJia-HongYangDong-1.xml_2,官封到节度使（喏）皇王恩重，,20188152.24853259,0.0
lseh-LaoZhangBu-WuPenJi.xml_4,我忙将树（呃）枝摆摇（哇）动，,20289804.230020534,0.0
daxp-XiRiLiang-LongFengChengXiang.xml_0,昔日梁鸿配孟光，,20318694.764594104,0.14285714285714285
daxp-ErTingDe-SuoLinNang.xml_22,分我一枝珊瑚宝，,20329733.95958401,0.0
sdxp-DangNianHan-SanJiZhang.xml_13,商鞅不中苏季子，,20329733.95958401,0.0
lseh-YiLunMing-ZhuoFangSuDian.xml_10,屈死的怨鬼魂休要怨（呐）咱，,20329935.924444526,0.0
daxp-XiRiLi-LongFengChengXiang.xml_0,昔日里梁鸿配孟光，,20340040.03105816,0.14285714285714285
daxp-XiRiLi-LongFengChengXiang.xml_3,安排虎计害刘王。,20418722.362463612,0.0
daxp-ChunQiuTing-SuoLinNang.xml_12,耳听得悲声惨心中如捣，,20482888.248020656,0.14285714285714285
lseh-LaoZhangBu-WuPenJi.xml_2,休把我当作了妖魔论，,20499132.538991235,0.0
lsxp-JiangShenEr-SanJiaDian.xml_2,一不是响马与贼寇，,20622903.517288387,0.0
lsxp-TingTaYan-ZhuoFangCao-1.xml_0,听他言听得我心（呐）惊胆怕，,20629052.658538535,0.14285714285714285
lsxp-TingTaYan-ZhuoFangCao-2.xml_0,听他言吓得我心（呐）惊胆怕，,20629052.658538535,0.14285714285714285
daxp-WoDeNiang-XinAnYi.xml_0,我的娘她忘了女生外姓，,20704947.130959228,0.14285714285714285
daxp-MengJunZi-ChunQiuPei-1.xml_2,家住在罗郡城魁星楼下，,20715124.742481004,0.0
daeh-NaRiFeng-YuanXiaoMi.xml_4,母女隔断三千里，,20784902.04815856,0.14285714285714285
lsxp-DaHeYi-SiLangTanMu.xml_8,问我一言答一声。,20786622.00080135,0.0
daeh-XiaoNuCai-SanNiangJiaoZi.xml_3,等候了你妻子同见阎罗。,20802695.23071854,0.0
daxp-ErTingDe-SuoLinNang.xml_0,耳听得悲声惨心中如捣，,20831448.632830642,0.14285714285714285
daxp-MengJunZi-ChunQiuPei-1.xml_1,虽然是男女别不得不答。,20917740.960075144,0.2857142857142857
lseh-NiangZiBu-SouGuJiuGu.xml_3,三百余口命赴幽冥。,21003329.48464992,0.0
daxp-ErTingDe-SuoLinNang.xml_16,听薛良一语来相告，,21058346.837555826,0.0
daeh-ZiNaRi-ZhuangYuanMei-1.xml_0,自那日与六郎姻缘相见，,21070781.48062346,0.0
sdxp-WoHeNi-SiLangTanMu.xml_17,公主叫我盟誓愿，,21076736.479476124,0.0
sdxp-WoHeNi-SiLangTanMu.xml_5,非是我这几日愁眉不展，,21088027.083853804,0.0
lseh-ZiNaRi-HongYangDong.xml_1,三更时梦（呃）见（呐）了年迈爹尊（呐）。,21124984.36973714,0.14285714285714285
daxp-ErDeFu-HongNiGuan.xml_4,清早起我和他一度商量，,21133958.08477099,0.0
daxp-ErDeFu-HongNiGuan.xml_2,奴这里只把那结婚思量，,21165342.915307123,0.0
daxp-ChunQiuTing-SuoLinNang.xml_18,听薛良一语来相告，,21221501.56915041,0.0
daxp-MengJunZi-ChunQiuPei-2.xml_5,因此上到郊外来捡芦花（呀）。,21263580.708737485,0.0
daxp-DangRiLi-SuoLinNang.xml_6,虽然是古青庐以朴为俭，,21284485.52090063,0.0
lseh-YiLunMing-ZhuoFangSuDian.xml_2,悔不该心猿并意马，,21336175.244498238,0.0
lsxp-DaHeYi-SiLangTanMu.xml_10,火堪寨上有家门。,21363148.061059862,0.0
sdxp-WoHeNi-SiLangTanMu.xml_12,无有令箭怎过关。,21751962.517360725,0.0
sdxp-DangNianHan-SanJiZhang.xml_1,登台拜帅是韩信，,21809875.934444588,0.0
sdxp-WoHeNi-SiLangTanMu.xml_32,适才叫咱盟誓愿，,21824301.285029847,0.0
lseh-WeiKaiYan-RangXuZhou.xml_4,望使君放开怀慨然（呐）应（呐）允，,21857761.478468753,0.0
daeh-ZiNaRi-ZhuangYuanMei-1.xml_12,但愿得状元媒月老引线，,21861832.992828406,0.2857142857142857
daxp-TingTaYan-ZuoGong.xml_4,我这里走向前再把礼见，,21921786.0139059,0.0
daeh-NaRiFeng-YuanXiaoMi.xml_1,死里逃生甚惨凄。,21954361.339782726,0.0
lseh-ZenNengGou-BaDaChui.xml_2,前也思（喏）后又想无有计定，,21964010.254101932,0.0
daxp-QiaoLouShang-HuangShanLei.xml_3,不知他在荒山何处安身。,22056241.68980763,0.0
lsxp-WoZhuYe-ZhuiHanXin.xml_6,也是我主洪福广，,22069543.918194123,0.0
lseh-YiLunMing-ZhuoFangCao-2.xml_11,自有那神灵儿天地鉴察。,22177946.30940147,0.0
daeh-ZiNaRi-ErJinGong.xml_2,先王爷晏驾后太子年幼，,22203142.547359247,0.14285714285714285
lseh-XinZhongYou-WenZhaoGuan.xml_16,我冷冷清清向谁言（呃）。,22274824.15709929,0.0
lseh-XiRiLi-BaoLianDeng.xml_7,兄（呃）推弟来两不能够担承。,22277203.89677956,0.0
lseh-YiLunMing-WenZhaoGuan-1.xml_32,我冷冷清清向谁言（哪）。,22286088.93062741,0.0
lseh-NiangZiBu-SouGuJiuGu.xml_6,舍子搭救忠（呃）良的后，,22299865.95646693,0.0
dldeh-ShouBiPo-ChunQiuPei.xml_6,你继母心毒狠将你打骂，,22498615.612008315,0.0
lseh-YiLunMing-WenZhaoGuan-1.xml_26,要相逢陈非是梦（兀）里团圆。,22513746.718961217,0.0
daxp-MengJunZi-ChunQiuPei-2.xml_0,蒙君子至诚心再三问话，,22572406.847399723,0.0
daeh-TanHongYan-HuoXiaoYu.xml_3,啼花泣月在暗里（呀）添愁。,22697814.2411248,0.0
lseh-JinZhongXiang-ShangTianTai.xml_1,寡人喜的是五谷丰登。,22779297.146255292,0.0
lseh-YiLunMing-ZhuoFangCao-1.xml_11,自有那神灵（啊）天地鉴察。,22810999.78725321,0.0
lseh-NiangZiBu-SouGuJiuGu.xml_4,我与那公孙杵臼把计定，,22899650.661167104,0.0
lseh-YangYanZhao-PengBei.xml_1,在中途得一信甚是不明。,22913756.87997132,0.14285714285714285
lseh-WeiKaiYan-RangXuZhou.xml_1,天卸重任我就要（哇）你担承。,22917814.926573265,0.0
daxp-DangRiLi-SuoLinNang.xml_16,有金珠和珍宝光华灿烂，,22944296.732296817,0.0
sdxp-DangNianHan-SanJiZhang.xml_20,爹爹为何你要退婚？,22952438.179751445,0.0
lsxp-ZheYiFeng-DingJunShan.xml_9,到明天午时三刻要成功劳。,22955936.145190343,0.0
daxp-ErTingDe-SuoLinNang.xml_28,麟儿哪有神送到，,22964491.840961475,0.0
daeh-ZiNaRi-ZhuangYuanMei-2.xml_10,但愿得令公令婆别无意见，,22974912.788629957,0.14285714285714285
daxp-QiaoLouShang-HuangShanLei.xml_6,忙移步隔花荫留神听定，,23009327.362097517,0.0
lseh-WeiGuoJia-HongYangDong-1.xml_3,身不爽不由人瞌睡朦胧（呃）。,23019093.51144542,0.0
lseh-WeiGuoJia-HongYangDong-3.xml_3,身不爽不由人瞌睡朦胧。,23030791.056806415,0.0
lsxp-ZouYingLong-DaYanSong.xml_0,忽听得万岁宣应龙，,23088128.535335302,0.14285714285714285
daxp-DuiLingHua-BiYuZan.xml_1,听她言不由人喜上眉尖。,23128503.98910405,0.0
lseh-YiLunMing-ZhuoFangSuDian.xml_11,自有那神灵儿天地鉴察。,23181100.069328528,0.0
sdxp-SuLongWei-WuJiaPo.xml_28,我父在朝为官宦，,23260314.267019846,0.0
daxp-XiShiNv-XiShi.xml_0,西施女生长在苎萝村里，,23338103.222472373,0.14285714285714285
lseh-XiRiLi-BaoLianDeng.xml_2,都只为孤（哇）竹君身染重病（哪），,23406442.751120307,0.0
sdxp-SuLongWei-WuJiaPo.xml_25,苏龙魏虎是内亲。,23454432.430545915,0.0
daxp-ChunQiuTing-SuoLinNang.xml_0,春秋亭外风雨暴，,23496065.89104435,0.0
daxp-MengJunZi-ChunQiuPei-2.xml_4,身有病还受那继母拷打，,23544626.68077325,0.0
daxp-XiShiNv-XiShi.xml_3,每日里浣纱去又傍清溪。,23633952.29424058,0.0
daxp-ErTingDe-SuoLinNang.xml_18,人情冷暖凭空造，,23672769.229174044,0.0
lseh-WeiGuoJia-HongYangDong-1.xml_1,我也曾平服了塞北西东。,23802095.62312958,0.0
daeh-ZiNaRi-ZhuangYuanMei-2.xml_12,但愿得状元媒月老引线，,23836247.07345717,0.2857142857142857
lsxp-ZuoRiLi-YuanMenZhanZi.xml_3,哭啼啼坐宝帐所为何来。,23847912.71707318,0.0
lsxp-CiShiJian-HuaiHeYing-1.xml_7,（啊）生死二字（喏）且由他。,23921059.687023822,0.0
daeh-ZiNaRi-ZhuangYuanMei-2.xml_6,百姓们闺房乐如花美眷，,23975135.169156484,0.0
daxp-LaoDieDie-YuZhouFeng.xml_1,明早朝上金殿面奏吾皇。,24066020.830402374,0.0
daxp-ErDeFu-HongNiGuan.xml_1,撇下了奴一人好不悲凉。,24266911.27069373,0.0
lseh-XinZhongYou-WenZhaoGuan.xml_17,我本当拔宝剑自寻短见，,24273395.504588824,0.0
lseh-WeiGuoJia-HongYangDong-2.xml_3,身不爽不由人瞌睡朦胧（呃）（哪）。,24295802.41693199,0.0
lseh-YiLunMing-ZhuoFangCao-1.xml_0,一轮明月照窗下，,24344966.39159967,0.0
daxp-ChenSanLiang-ChenSanLiangPaTang.xml_1,公正的老爷细听分明。,24578353.721176032,0.14285714285714285
daxp-ErTingDe-SuoLinNang.xml_14,休要噪且站了，,24610654.953809988,0.0
sdxp-DangNianHan-SanJiZhang.xml_9,当年韩信与苏秦，,24650029.439953465,0.14285714285714285
sdxp-SuLongWei-WuJiaPo.xml_38,西凉的鞑子将你斩，,24665181.016100414,0.0
lseh-WeiGuoJia-HongYangDong-3.xml_1,我也曾平服了塞北西东。,24746234.81882543,0.0
daeh-ZiNaRi-ZhuangYuanMei-1.xml_10,但愿得令公令婆别无异见，,24812837.249323122,0.14285714285714285
daxp-ChunQiuTing-SuoLinNang.xml_20,人情冷暖凭天造，,24853477.97389857,0.0
daxp-FeiShiWo-TaoHuaCun.xml_0,非是我嘱咐叮咛把话讲，,24870388.38358238,0.0
sdeh-WenSanNiang-SanNiangJiaoZi.xml_1,问三娘发雷霆却是为何？,24871501.878421657,0.0
daxp-XiRiLiang-LongFengChengXiang.xml_3,安排巧计害刘王。,24957040.910623115,0.0
lsxp-YiShiWu-YuCangJian.xml_6,他害我满门（呐）真悲惨，,24996426.225513574,0.0
daxp-ErTingDe-SuoLinNang.xml_15,薛良与我去问一遭。,25060850.98638641,0.0
daeh-ZiNaRi-ZhuangYuanMei-1.xml_6,百姓们闺房乐如花美眷，,25222647.28006983,0.0
daxp-WoDeNiang-XinAnYi.xml_2,这几日身不爽心中烦闷，,25241729.16891133,0.0
lsxp-WoBenShi-KongChengJi-2.xml_4,官封到武乡侯（呃）执掌帅印，,25394624.51747442,0.0
lseh-TanXiongDi-SangYuanJiZi.xml_1,丢下了年幼儿好不伤情。,25498331.15883779,0.14285714285714285
lsxp-WoBenShi-KongChengJi-2.xml_2,先帝（呀）爷下南阳（呃）御驾三（呃）请，,25514074.84867819,0.0
lseh-XinZhongYou-WenZhaoGuan.xml_10,爹娘（呃）要相逢除非是梦（呃）里团圆。,25539441.115757078,0.0
lsxp-WoBenShi-KongChengJi-2.xml_0,我本是卧龙岗散淡（呐）的人，,25643447.76497867,0.0
lseh-WeiKaiYan-RangXuZhou.xml_3,老朽年迈我也不能够担承。,25734734.82823081,0.2857142857142857
lsxp-WoBenShi-KongChengJi-1.xml_4,官封到武乡侯哇执掌帅印，,25826128.357451238,0.0
daeh-ZiNaRi-ZhuangYuanMei-2.xml_8,幸喜得珍珠衫称心如愿，,25900472.240108844,0.14285714285714285
daxp-ChunQiuTing-SuoLinNang.xml_30,麟儿那有神送到，,25903653.837880522,0.0
lseh-TanXiongDi-SangYuanJiZi.xml_2,眼望着孤坟台珠泪难忍，,26253131.39043709,0.0
daxp-MengTingDe-MuiGuiYingGuaShuai.xml_0,猛听得金鼓响画角声震，,26377183.162928753,0.14285714285714285
daxp-MengTingDe-MuiGuiYingGuaShuai.xml_6,番王小丑何足论，,26386877.228101492,0.0
lseh-JinZhongXiang-ShangTianTai.xml_0,金钟响玉磬应王登龙庭，,26470536.86176133,0.0
daeh-ZiNaRi-ZhuangYuanMei-1.xml_8,幸喜得珍珠衫称心如愿，,27005487.74321653,0.14285714285714285
lsxp-WeiCengKai-QiYuanBao.xml_2,家住在南阳太平庄，,27068331.15601713,0.0
daxp-MuQinBu-FengHuanChao.xml_4,人生不知顾脸面，,27323626.262350675,0.0
lseh-WeiGuoJia-HongYangDong-2.xml_1,我也曾平服了塞北西东。,27343682.10039846,0.0
daxp-ChunQiuTing-SuoLinNang.xml_15,莫不是强婚配鸦占鸾巢？,27515172.3466477,0.14285714285714285
daxp-ChunQiuTing-SuoLinNang.xml_6,此时却又明白了，,27528524.052825596,0.0
sdxp-WoHeNi-SiLangTanMu.xml_26,你那里休得要巧言舌辨，,27609512.339622665,0.14285714285714285
lsxp-WoBenShi-KongChengJi-1.xml_0,我本是卧龙岗散淡哪的人，,27734000.60750359,0.0
daxp-ErTingDe-SuoLinNang.xml_3,莫不是强婚配鸦占鸾巢。,27886012.13279904,0.14285714285714285
daxp-XiRiLi-LongFengChengXiang.xml_1,今朝仙女会襄王。,28007299.20311288,0.14285714285714285
lsxp-ZouYingLong-DaYanSong.xml_9,那一旁坐的就是严阁老，,28068773.083290208,0.14285714285714285
daxp-MengJunZi-ChunQiuPei-2.xml_1,虽然是不相识我就不得不答。,28251805.185463898,0.14285714285714285
lsxp-WoBenShi-KongChengJi-1.xml_1,论阴阳如反掌保定乾坤。,28378835.74564069,0.0
sdxp-SuLongWei-WuJiaPo.xml_24,提起了旁人我不晓，,28382511.00738515,0.0
lsxp-WoZhuYe-ZhuiHanXin.xml_4,先进咸阳为皇上，,28431776.528446622,0.0
lseh-NiangZiBu-SouGuJiuGu.xml_1,卑（呀）人言来你是（喏）听。,28541913.9635771,0.0
daxp-TingTaYan-ZuoGong.xml_5,尊一声驸马爷细听咱言。,28761493.64353306,0.0
daxp-TingTaYan-ZuoGong.xml_0,听他言吓得我浑身是汗，,28983452.354802568,0.14285714285714285
lseh-YiLunMing-WenZhaoGuan-1.xml_15,今夜晚怎能够盼到明天。,29492003.84413797,0.0
sdxp-WoHeNi-SiLangTanMu.xml_30,宋营离此路途远，,29510265.21195656,0.0
daxp-ErTingDe-SuoLinNang.xml_8,怜贫济困是正道，,29527923.962972127,0.0
lseh-YiLunMing-ZhuoFangCao-1.xml_24,执宝剑将贼的（呀）头割下，,29688173.552621532,0.0
daxp-LaoDieDie-SanJiZhang-1.xml_1,我立志不嫁那状元才郎。,29698305.96628848,0.0
lseh-YiLunMing-WenZhaoGuan-2.xml_15,今夜晚怎能够盼到明天。,29813597.48782647,0.0
daxp-LaoDieDie-SanJiZhang-2.xml_2,父道那薛平贵是那化郎模样，,29969652.84947025,0.0
lseh-NiangZiBu-SouGuJiuGu.xml_5,他舍命来你我舍亲生。,30039361.916900866,0.0
lsxp-WoBenShi-KongChengJi-1.xml_2,先帝呀爷下南阳御呀驾三请，,30337510.109149665,0.0
lsxp-WoBenShi-KongChengJi-2.xml_1,凭阴阳如反掌保定乾坤。,30452799.43400493,0.0
sdxp-SuLongWei-WuJiaPo.xml_9,衙里衙外我打点，,30457792.33357032,0.0
daxp-WoHeNi-SangYuanHui.xml_0,我和你有什么夫妻的情，,30547305.018872157,0.0
daxp-WoDeNiang-XinAnYi.xml_1,奴年交十九岁还守闺门。,30877121.997431654,0.14285714285714285
daxp-ChenSanLiang-ChenSanLiangPaTang.xml_3,发奋自强日夜读诗文。,31151843.1180641,0.0
lseh-YiLunMing-ZhuoFangCao-2.xml_2,悔不该心猿并意马，,31673233.05038532,0.0
sdxp-SuLongWei-WuJiaPo.xml_26,你我同把相府进，,32014917.253801867,0.0
sdxp-SuLongWei-WuJiaPo.xml_40,这锭银子奴不要，,32869400.607146934,0.0
sdxp-SuLongWei-WuJiaPo.xml_32,我进相府对父言，,32869400.607146934,0.0
daxp-ErDeFu-HongNiGuan.xml_6,奴本当把关印付他执掌，,33008844.199455317,0.0
sdxp-SuLongWei-WuJiaPo.xml_36,军爷说话理不端，,33133397.903335273,0.0
lseh-LaoZhangBu-WuPenJi.xml_1,我有言来你是（喏）听。,33784543.89166233,0.0
sdxp-WoHeNi-SiLangTanMu.xml_15,宋营（哪）虽然路途远，,34125075.042875506,0.0
sdxp-DangNianHan-SanJiZhang.xml_19,非是女儿言不逊，,34549616.28420338,0.14285714285714285
daxp-DiTouLi-NvQiJie.xml_0,低头离了洪洞县，,35520679.12604337,0.0
daxp-SuSanLi-NvQiJie.xml_0,苏三离了洪洞县，,35783978.92383493,0.0
sdxp-DangNianHan-SanJiZhang.xml_17,仙女配的是董永，,35783978.92383493,0.2857142857142857
sdxp-DangNianHan-SanJiZhang.xml_15,未央宫斩的是韩信，,36439373.213503174,0.0
daxp-XiRiLiang-LongFengChengXiang.xml_1,今朝仙女会襄王。,36642724.18120378,0.14285714285714285
daxp-QiaoLouShang-HuangShanLei.xml_10,我不免引寒机伴奴坐等，,39881265.41285965,0.0
