算当初曾记得几晌温存,0,算当初曾经得几晌温存。
danbz-BeiJiuChan-ChunGuiMeng.xml_1,算当初曾经得几晌温存。,1131655.6989990522,0.9
daeh-ZiNaRi-ZhuangYuanMei-2.xml_1,行不安坐不宁情态缠绵。,4575291.2220664471,0.0
daxp-JiaoZhangSheng-HongNiang.xml_1,我步步行来你步步爬。,4644816.2944703707,0.0
daxp-FeiShiWo-TaoHuaCun.xml_7,桃花村口莫彷徨。,4821312.2892774036,0.0
daeh-ZaoBuXing-HeHouMaDian.xml_1,贼昏王篡了位谋乱邦家。,4845107.1578073818,0.0
daxp-DangRiLi-SuoLinNang.xml_13,怎奈我在轿中赤手空拳。,5360506.8012056695,0.0
daxp-ErDeFu-HongNiGuan.xml_5,不想到狠心郎一味猖狂。,5535872.5146898972,0.0
daxp-FeiShiWo-TaoHuaCun.xml_11,是不是有人拍巴掌。,5608123.6629219381,0.0
daxp-LaoDieDie-SanJiZhang-2.xml_3,这样人得了志比父还强。,5707673.4163991166,0.1
daxp-MengTingDe-MuiGuiYingGuaShuai.xml_3,敌血飞溅石榴裙。,5756693.5088055423,0.0
daxp-LaoDieDie-DaYuShaJia-1.xml_3,等候了爹爹回细问根由。,5873029.7589764865,0.0
daxp-ZhiJianTa-WangJiangTing.xml_2,何人来把书信寄？,5873796.8355820738,0.0
daxp-ChunQiuTing-SuoLinNang.xml_24,分我一枝珊瑚宝，,5980251.2318976093,0.0
daxp-ChunQiuTing-SuoLinNang.xml_22,我在不足他正少，,5980251.2318976093,0.0
daxp-DiTouLi-NvQiJie.xml_5,与我那三郎把信传。,5994947.7217755355,0.0
daeh-ZaoBuXing-HeHouMaDian.xml_7,贼好比那司马师搅乱中华。,6002829.7801151788,0.0
daxp-DiTouLi-NvQiJie.xml_4,哪一位去往南京转，,6056393.6374090146,0.0
daxp-XiRiLi-LongFengChengXiang.xml_5,纵有大事料无妨。,6107718.3088097228,0.0
daeh-SunShangXiang-BieHuangGong.xml_5,又谁知弄假成真反配凤鸾。,6129077.5772510944,0.0
daxp-LaoDieDie-DaYuShaJia-2.xml_0,老爹爹清晨起前去出首，,6272422.9748865012,0.0
daxp-ErTingDe-SuoLinNang.xml_20,我正不足她正少，,6280342.8188571548,0.0
daxp-ChunQiuTing-SuoLinNang.xml_33,救她饥渴胜琼瑶。,6334854.3146645436,0.0
daeh-WangChunE-SanNiangJiaoZi.xml_7,等候了薛倚儿转回家园。,6356977.2849908518,0.0
daxp-ChunQiuTing-SuoLinNang.xml_23,他为饥寒我为娇。,6369198.0800293423,0.0
daeh-XiaoNuCai-SanNiangJiaoZi.xml_5,叹一声不由人珠泪如梭。,6388857.2999432608,0.0
daeh-ZiNaRi-ZhuangYuanMei-2.xml_5,不知道他与我是否一般。,6411701.0430167802,0.0
daeh-ZiNaRi-ZhuangYuanMei-1.xml_1,行不安坐不宁情态缠绵。,6412853.4860272165,0.0
sdxp-SuLongWei-WuJiaPo.xml_29,府内金银堆如山。,6413148.2430255162,0.0
daxp-ChunQiuTing-SuoLinNang.xml_25,安他半世凤凰巢。,6427971.0299901059,0.0
daxp-ErTingDe-SuoLinNang.xml_23,安她半世凤凰剿。,6427971.0299901059,0.0
daxp-ChunQiuTing-SuoLinNang.xml_31,积德才生玉树苗，,6476008.1091552405,0.0
daeh-ZaoBuXing-HeHouMaDian.xml_11,两旁的文武臣珠泪如麻，,6496091.1767533021,0.0
daxp-NiDeFu-FenHeWan.xml_1,全仗你打雁养娘亲，,6532075.5674737198,0.0
daeh-TanHongYan-HuoXiaoYu.xml_3,啼花泣月在暗里（呀）添愁。,6554549.6988389334,0.0
daxp-WoHeNi-SangYuanHui.xml_1,谁认你狼心狗肺的人！,6565703.7592985509,0.0
daeh-ZiNaRi-ErJinGong.xml_11,想必是徐杨进了昭阳。,6578955.8159032287,0.0
daeh-ZiNaRi-ZhuangYuanMei-2.xml_11,但愿得杨六郎心如石坚。,6662972.1060309736,0.1
daeh-WangChunE-SanNiangJiaoZi.xml_5,每日里在书房苦读圣贤。,6699631.6603653543,0.0
daeh-ZiNaRi-ZhuangYuanMei-2.xml_9,宋天子主婚姻此事成全。,6721964.7120032161,0.0
daxp-DangRiLi-SuoLinNang.xml_1,霎时间日色淡似坠西山。,6741281.5558614451,0.0
daxp-MengJunZi-ChunQiuPei-1.xml_5,莫奈何到荒郊我就来捡芦花。,6759332.9287988394,0.0
sdxp-DangNianHan-SanJiZhang.xml_9,当年韩信与苏秦，,6766075.5279619023,0.1
daxp-SuSanLi-NvQiJie.xml_5,与我那三郎把信传。,6833252.4895701474,0.0
daxp-SuSanLi-NvQiJie.xml_3,过往的君子听我言。,6880883.4743895605,0.0
danbz-BeiJiuChan-ChunGuiMeng.xml_0,被纠缠陡想起婚时情景，,6901886.4524933267,0.0
daxp-WoDeNiang-XinAnYi.xml_3,却原来母亲到儿未知情。,6911147.3132414483,0.0
daxp-QiaoLouShang-HuangShanLei.xml_9,看娇儿正酣睡恐被风侵。,6953116.5809784085,0.0
daxp-DangRiLi-SuoLinNang.xml_15,囊虽小却能做续命泉源。,6983134.0473205457,0.0
danbz-KanDaWang-BaWangBieJi.xml_2,轻移步走向前荒郊站定，,7005859.788295825,0.0
daeh-NuZiYou-TouJunBieYao.xml_1,为薛郎我父女断绝情长。,7029380.6318756435,0.0
daeh-XiaoNuCai-SanNiangJiaoZi.xml_3,等候了你妻子同见阎罗。,7044944.8837222392,0.0
daeh-SunShangXiang-BieHuangGong.xml_7,阿斗儿行中途被子龙追还。,7077329.2436353285,0.0
daeh-ZuoChunGui-XiShi.xml_3,夜不眠朝慵起又向谁言。,7095642.8853482883,0.0
daxp-DangRiLi-SuoLinNang.xml_17,红珊瑚碧翡翠样样倶全。,7111325.1286742659,0.0
daeh-NuZiYou-TouJunBieYao.xml_3,也不枉我二人苦度时光。,7150527.2386119906,0.0
daxp-WoDeNiang-XinAnYi.xml_0,我的娘她忘了女生外姓，,7154755.9544827295,0.0
daxp-WoZhuYe-SiLangTanMu.xml_1,众文武扶哀家执掌军房。,7157478.4562324211,0.0
sdxp-SuLongWei-WuJiaPo.xml_28,我父在朝为官宦，,7164929.9197178185,0.0
daeh-WangChunE-SanNiangJiaoZi.xml_1,想起了我老爷好不惨然。,7171070.1313665509,0.0
daeh-ZiNaRi-ZhuangYuanMei-2.xml_4,这桩事闷得我柔肠百转，,7201317.6997627625,0.1
daxp-FeiShiWo-TaoHuaCun.xml_16,你把我当做诸葛亮，,7207556.9582731174,0.1
daeh-WangChunE-SanNiangJiaoZi.xml_3,老薛保好一似浪里舟船。,7223520.1294968743,0.0
daxp-LaoDieDie-DaYuShaJia-2.xml_3,等候了爹爹回细问根由。,7232603.5374943614,0.0
daxp-XiShiNv-XiShi.xml_5,对清溪时照影自整罗农。,7269397.653678759,0.0
daxp-ErTingDe-SuoLinNang.xml_16,听薛良一语来相告，,7272738.0576813761,0.0
daeh-ZiNaRi-ZhuangYuanMei-1.xml_4,这桩事闷得我柔肠百转，,7281445.3818077827,0.1
daxp-MengJunZi-ChunQiuPei-2.xml_5,因此上到郊外来捡芦花（呀）。,7291179.5531803779,0.0
daxp-ErTingDe-SuoLinNang.xml_18,人情冷暖凭空造，,7312435.6499953242,0.0
daxp-ChunQiuTing-SuoLinNang.xml_19,满腹骄矜顿雪潇，,7321500.0496102897,0.0
dldeh-ShouBiPo-ChunQiuPei.xml_2,病恹恹身无力难以挣扎。,7327351.6756894281,0.0
sdxp-SuLongWei-WuJiaPo.xml_34,将你带到官衙内，,7367888.8928070161,0.0
daxp-LaoDieDie-DaYuShaJia-1.xml_0,老爹爹清晨起前去出前，,7373025.6862317184,0.0
daeh-WuDuanQiao-BiYuZan.xml_4,今生若被郎轻贱，,7402927.1975087402,0.0
daxp-QiaoLouShang-HuangShanLei.xml_7,原来是秋风起扫叶之声。,7418173.3803180186,0.0
daxp-ChunQiuTing-SuoLinNang.xml_18,听薛良一语来相告，,7433673.6729106018,0.0
daxp-DangRiLi-SuoLinNang.xml_0,当日里好风光忽觉转变，,7440241.4690679004,0.1
daxp-TingTaYan-ZuoGong.xml_0,听他言吓得我浑身是汗，,7444746.1829729602,0.1
daeh-CanQiQi-WuLongZuo.xml_1,叹红颜多薄命父母双亡。,7486578.2136489879,0.0
daxp-ChunQiuTing-SuoLinNang.xml_17,问那厢因何故痛哭无聊。,7511230.8057436673,0.0
daxp-GuanShiYin-TianNvSanHua.xml_0,观世音满月面珠开妙相，,7564514.106760269,0.0
daxp-ErTingDe-SuoLinNang.xml_31,救她饥渴胜琼瑶。,7590232.5832405547,0.0
daxp-LaoDieDie-SanJiZhang-1.xml_3,贫穷人得了志比富还强。,7611096.0897232238,0.1
daxp-LaoDieDie-SanJiZhang-2.xml_2,父道那薛平贵是那化郎模样，,7619566.7096507382,0.0
daxp-WoZhuYe-SiLangTanMu.xml_4,叫番儿忙摆驾银安殿，,7659452.5033867089,0.0
daeh-LiYanFei-DaBaoGuo.xml_5,候幼主成了龙原业归家。,7662301.8412089711,0.0
daeh-SunShangXiang-BieHuangGong.xml_3,留下了孙仲谋执掌江南。,7679777.4639093671,0.0
danbz-KanDaWang-BaWangBieJi.xml_3,猛抬头见碧落月色清明。,7689528.7839727579,0.0
daxp-ZhiJianTa-WangJiangTing.xml_4,莫不是平地风波起，,7719496.9252350442,0.0
daeh-ZiNaRi-ZhuangYuanMei-1.xml_11,但愿得杨六郎心如石坚，,7737106.8502936335,0.1
daxp-ErTingDe-SuoLinNang.xml_5,问那厢因何故痛哭无聊？,7755269.1215499882,0.0
daeh-ZaoBuXing-HeHouMaDian.xml_3,反倒说为嫂我拦阻有差，,7839344.4661128446,0.0
daxp-ChenSanLiang-ChenSanLiangPaTang.xml_4,诗书易礼都学会，,7844241.7720546462,0.0
daeh-CanQiQi-WuLongZuo.xml_3,担几肩头晕转体若筛糠。,7847213.4290484069,0.1
daeh-ZiNaRi-ErJinGong.xml_5,竟把我孤儿寡母当做了马牛。,7874948.2643663334,0.1
daxp-MengTingDe-MuiGuiYingGuaShuai.xml_7,我一剑能挡百万兵。,7892638.2705070507,0.0
daspd-HaiDaoBing-GuiFeiZuiJiu.xml_2,那冰轮离海岛，,7911247.1203762684,0.0
daeh-LiYanFei-ErJinGong.xml_3,想必是徐杨将进了昭阳。,7912330.4668432232,0.0
daeh-ZuoRiGong-TaiZhenWaiChuan.xml_2,思想起从前事心中悔恨，,7913406.0138037438,0.0
daxp-LaoDieDie-YuZhouFeng.xml_3,观此本免了儿一门祸殃。,7917477.1414548568,0.0
daxp-ChunQiuTing-SuoLinNang.xml_2,在隔帘只见这一花轿，,7925547.8600507444,0.0
daxp-ErTingDe-SuoLinNang.xml_27,自把珠玉夸富豪。,7942967.9061996816,0.0
daxp-DangRiLi-SuoLinNang.xml_8,轿中人必定有一腔幽怨，,7949918.154774907,0.0
daxp-DangRiLi-SuoLinNang.xml_16,有金珠和珍宝光华灿烂，,7965514.6867551357,0.0
daeh-ZiNaRi-ZhuangYuanMei-1.xml_5,不知道他与我是否一般。,7975851.9945631186,0.0
daxp-LaoDieDie-DaYuShaJia-1.xml_1,到叫我桂英儿挂在心头；,7999679.5076371068,0.0
sdxp-SuLongWei-WuJiaPo.xml_37,欺奴犹如欺了天。,8018677.0860776696,0.0
sdeh-WenSanNiang-SanNiangJiaoZi.xml_6,又谁知平白的闪跌一跤。,8024646.7424858529,0.0
danbz-BeiJiuChan-ChunGuiMeng.xml_2,我不免去安排罗衾绣枕，,8042788.7638249425,0.0
sdxp-SuLongWei-WuJiaPo.xml_27,三人对面（就）说分明。,8043572.603572852,0.0
daxp-ErDeFu-HongNiGuan.xml_7,又恐怕众将官说短论长。,8065876.7335380707,0.0
daxp-LaoDieDie-SanJiZhang-1.xml_0,老爹爹请息（呀）怒容儿细讲，,8066236.8239448462,0.0
daxp-ErDeFu-HongNiGuan.xml_0,儿的父为国家阵前命丧，,8103000.065349522,0.0
daeh-LiYanFei-DaBaoGuo.xml_1,文站东武列西朝贺哀家。,8106958.9347344982,0.0
daxp-MengTingDe-MuiGuiYingGuaShuai.xml_4,有生之日责当尽，,8156870.8925659349,0.1
daeh-WuDuanQiao-BiYuZan.xml_7,又怕丑名误流传。,8164356.1427085381,0.0
daxp-ChunQiuTing-SuoLinNang.xml_7,世上何尝尽富豪，,8188965.9957217732,0.0
daxp-ChunQiuTing-SuoLinNang.xml_20,人情冷暖凭天造，,8196860.9231612617,0.0
daxp-LaoDieDie-SanJiZhang-2.xml_0,老爹爹请息怒容儿细讲，,8199961.8024660219,0.0
sdxp-SuLongWei-WuJiaPo.xml_33,家人小厮有万千。,8205164.0080516813,0.0
daeh-ZiNaRi-ZhuangYuanMei-1.xml_9,宋天子主婚姻此事成全。,8208342.2207919545,0.0
daeh-NaRiFeng-YuanXiaoMi.xml_1,死里逃生甚惨凄。,8216932.4724953715,0.0
daxp-WoZhuYe-SiLangTanMu.xml_0,我主爷金沙滩早把命丧，,8229997.5473401984,0.0
daeh-ZaoBuXing-HeHouMaDian.xml_5,贼好比曹阿瞒半点不差，,8259934.8860140787,0.0
daxp-SuSanLi-NvQiJie.xml_1,将身来在大街前。,8288889.0185033288,0.0
daxp-NiDeFu-FenHeWan.xml_3,不等到日落及早回程。,8341622.1153431945,0.0
daxp-MengTingDe-MuiGuiYingGuaShuai.xml_6,番王小丑何足论，,8351167.8744444177,0.0
daeh-ZiNaRi-ErJinGong.xml_3,太师爷一心心想篡龙楼。,8364981.9661368486,0.0
daxp-JiaoZhangSheng-HongNiang.xml_0,叫张生隐藏在棋盘之下，,8379888.2828513328,0.0
daxp-DangRiLi-SuoLinNang.xml_9,她泪自弹、声续断、似杜鹃、啼别院、巴峡哀猿动人心弦，好不惨然。,8381132.4323329851,0.0
daxp-ChenSanLiang-ChenSanLiangPaTang.xml_5,最可恨鸨儿叫我接客人。,8390371.1423793584,0.0
daeh-ZaoBuXing-HeHouMaDian.xml_9,只骂得贼昏王扭转身驱、闭目合晴、羞羞惭惭一语不发，,8395498.6419154759,0.1
sdxp-DangNianHan-SanJiZhang.xml_12,登台拜帅天下闻。,8397136.5864219796,0.0
sdxp-DangNianHan-SanJiZhang.xml_20,爹爹为何你要退婚？,8403480.4857482836,0.0
daspd-HaiDaoBing-GuiFeiZuiJiu.xml_1,见玉兔（哇）玉兔又早东升。,8407947.9343984593,0.0
daxp-QiaoLouShang-HuangShanLei.xml_2,对孤灯思远道心神不定，,8449568.0577325784,0.0
daxp-MengJunZi-ChunQiuPei-1.xml_3,我的父名姜绍贸易天涯。,8470821.2806291562,0.0
daxp-JiaoZhangSheng-HongNiang.xml_3,这件事倒叫我心乱如麻。,8482164.0246237926,0.0
daeh-SunShangXiang-BieHuangGong.xml_2,遭不幸父王爷把驾来晏，,8520166.4665300138,0.0
daxp-ChunQiuTing-SuoLinNang.xml_32,小小囊儿何足道，,8529141.9105119798,0.0
daxp-MuQinBu-FengHuanChao.xml_5,活在世上也枉然。,8549590.2093032915,0.0
daxp-ErTingDe-SuoLinNang.xml_30,小小囊儿何足道，,8603681.4429877587,0.0
daeh-LiYanFei-DaBaoGuo.xml_3,各国的众王侯朝贺中华。,8616906.4989530928,0.0
sdxp-WoHeNi-SiLangTanMu.xml_23,咱与你隔南北千里姻缘。,8620753.4086399376,0.0
daxp-LaoDieDie-DaYuShaJia-2.xml_1,倒叫我桂英儿挂在心头。,8624043.571601145,0.0
daxp-QiaoLouShang-HuangShanLei.xml_0,谯楼上二更鼓声声送听，,8632647.4022494741,0.0
daxp-QiaoLouShang-HuangShanLei.xml_11,又思来又想去越不安宁。,8639157.6506862454,0.0
daeh-TanHongYan-HuoXiaoYu.xml_1,美满姻缘付东流。,8641048.1325490251,0.0
daxp-DangRiLi-SuoLinNang.xml_2,在轿中只觉得天昏地暗。,8665368.3550415542,0.1
daxp-DangRiLi-SuoLinNang.xml_7,哪有这短花帘，旧花幔，参差流苏，残破不全。,8666574.6934687849,0.0
daeh-WuDuanQiao-BiYuZan.xml_0,无端巧计将人陷，,8683786.4726867657,0.0
daxp-DuiLingHua-BiYuZan.xml_3,也算得人世间美满姻缘。,8707573.5237107445,0.2
daspd-DuShouKong-WangJiangTing.xml_2,孀居愁苦泪洗面，,8709467.8656173404,0.0
daxp-DiTouLi-NvQiJie.xml_7,来生变犬马我当报还。,8741521.6931677088,0.1
daxp-MuQinBu-FengHuanChao.xml_1,女儿言来听根源。,8746527.8840211183,0.0
daxp-XiRiLiang-LongFengChengXiang.xml_0,昔日梁鸿配孟光，,8755123.4983427506,0.0
daeh-NaRiFeng-YuanXiaoMi.xml_7,不如早死命归西。,8771965.6334993541,0.0
daxp-ChenSanLiang-ChenSanLiangPaTang.xml_2,我本是被骗进的富春院，,8790488.8621138912,0.0
daxp-QiaoLouShang-HuangShanLei.xml_5,猛听得窗儿外似有人行。,8805063.9371502958,0.1
daxp-MengJunZi-ChunQiuPei-1.xml_0,蒙君子至殷勤再三问话，,8806011.8537836857,0.0
daxp-XiShiNv-XiShi.xml_2,只为着守清寒柴门近水，,8806174.2700807229,0.0
daxp-WoDeNiang-XinAnYi.xml_1,奴年交十九岁还守闺门。,8824608.4028726667,0.0
daxp-ErTingDe-SuoLinNang.xml_14,休要噪且站了，,8840763.2887647897,0.0
daspd-DuShouKong-WangJiangTing.xml_1,芳心寂寞有谁怜，,8842686.3717636559,0.0
danbz-BeiJiuChan-ChunGuiMeng.xml_3,莫负他好春宵一刻千金。,8847459.5793138221,0.0
daxp-LaoDieDie-YuZhouFeng.xml_0,老爹爹发恩德将本修上，,8849816.2263694163,0.0
daxp-XiRiLiang-LongFengChengXiang.xml_2,暗地堪笑我兄长，,8856071.256669892,0.0
daxp-DangRiLi-SuoLinNang.xml_5,隔帘儿我也曾侧目偷观。,8857474.5493270438,0.1
daxp-QiaoLouShang-HuangShanLei.xml_15,你爹爹到如今未转家门。,8876369.5370366257,0.0
sdeh-WenSanNiang-SanNiangJiaoZi.xml_5,实指望教训他终身有靠，,8912560.7665087879,0.0
daeh-ZiNaRi-ErJinGong.xml_12,有一句话儿不好言讲，,8916569.1087321788,0.0
daxp-DangRiLi-SuoLinNang.xml_3,耳听得风声断，雨声喧，雷声乱，乐声阑珊，人声呐喊，都道说是大雨倾天。,8935643.3871937376,0.1
daxp-TingTaYan-ZuoGong.xml_1,十五载到今日才吐真言。,8984506.7961423974,0.0
daxp-XiShiNv-XiShi.xml_0,西施女生长在苎萝村里，,8992529.8678671252,0.0
daxp-NiDeFu-FenHeWan.xml_0,你的父去投军无音信，,9015612.1202748939,0.0
daxp-DangRiLi-SuoLinNang.xml_21,换衣食也够她生活几年。,9017090.3676697798,0.1
daxp-MengJunZi-ChunQiuPei-2.xml_0,蒙君子至诚心再三问话，,9046978.7387888059,0.0
daeh-NaRiFeng-YuanXiaoMi.xml_0,那日风波平地起，,9047501.9958169032,0.0
danbz-KanDaWang-BaWangBieJi.xml_0,看大王在帐中和衣睡稳，,9070259.0516283028,0.0
daxp-DiTouLi-NvQiJie.xml_1,将身来在大街前。,9081690.2184769418,0.0
daxp-TingTaYan-ZuoGong.xml_3,他思家乡想骨肉就不能团圆。,9084607.2796423342,0.0
daxp-MengTingDe-MuiGuiYingGuaShuai.xml_0,猛听得金鼓响画角声震，,9095259.9937360678,0.1
daxp-ErTingDe-SuoLinNang.xml_11,难免怀疑在心梢。,9145134.4379990194,0.0
daxp-ZheCaiShi-SuoLinNang.xml_1,不想团圆在今朝。,9145134.4379990194,0.0
daxp-FeiShiWo-TaoHuaCun.xml_17,听我的号令上战场。,9153320.8625791669,0.0
dldeh-ShouBiPo-ChunQiuPei.xml_1,受逼迫去捡柴泪如雨下，,9157351.2853509393,0.0
daxp-WoZhuYe-SiLangTanMu.xml_2,众卿随忙挂点亲率官员，,9182031.6477812566,0.0
daxp-ChunQiuTing-SuoLinNang.xml_30,麟儿那有神送到，,9239632.777392339,0.0
daeh-ZuoRiGong-TaiZhenWaiChuan.xml_1,有谁知一时错被逐宫廷。,9258762.6434820257,0.0
daxp-ErTingDe-SuoLinNang.xml_28,麟儿哪有神送到，,9260760.722098479,0.0
daxp-XiRiLi-LongFengChengXiang.xml_0,昔日里梁鸿配孟光，,9274624.5171178095,0.0
daeh-WuDuanQiao-BiYuZan.xml_5,满腹冤屈向谁言。,9284715.8256543241,0.0
sdxp-SuLongWei-WuJiaPo.xml_43,落得个孝子的名儿在那天下传。,9297877.2184530403,0.1
daxp-ErDeFu-HongNiGuan.xml_2,奴这里只把那结婚思量，,9327136.141086299,0.0
daeh-WangChunE-SanNiangJiaoZi.xml_0,王春娥坐草堂自思自叹，,9328514.7498939782,0.0
daxp-GuanShiYin-TianNvSanHua.xml_7,催祥云驾瑞彩速赴佛场。,9328861.6661451645,0.0
daxp-ErTingDe-SuoLinNang.xml_26,这都是神话凭空造，,9330291.9127819669,0.0
daxp-XiRiLi-LongFengChengXiang.xml_3,安排虎计害刘王。,9337442.1947121192,0.0
daxp-ErTingDe-SuoLinNang.xml_0,耳听得悲声惨心中如捣，,9338490.1480033677,0.1
sdeh-WenSanNiang-SanNiangJiaoZi.xml_4,背转身来哭嚎啕。,9340927.268793676,0.0
daxp-ChunQiuTing-SuoLinNang.xml_3,想必是新婚渡鹊桥，,9344487.4755041581,0.0
daeh-ZiNaRi-ZhuangYuanMei-2.xml_15,愿邦家从此后国泰民安。,9347187.0461237449,0.0
daxp-JiaoZhangSheng-HongNiang.xml_5,听号令且莫要惊动了她。,9364344.6272188723,0.0
daxp-FeiShiWo-TaoHuaCun.xml_14,倘若是你响她也响，,9383189.8838024884,0.0
daxp-ChunQiuTing-SuoLinNang.xml_6,此时却又明白了，,9385527.3797364105,0.0
daxp-DuiLingHua-BiYuZan.xml_0,对菱花暗地里芳心自转，,9390605.3964374978,0.0
daeh-WangChunE-SanNiangJiaoZi.xml_4,薛倚儿他好比无弓之箭，,9418286.3102753963,0.0
daxp-SuSanLi-NvQiJie.xml_7,来生变犬马我当报还！,9421566.838522641,0.1
daxp-ChunQiuTing-SuoLinNang.xml_28,这都是神话凭空造，,9451394.6484783292,0.0
daxp-ChunQiuTing-SuoLinNang.xml_10,轿内的人儿弹别调，,9453459.4722945802,0.0
daxp-MengJunZi-ChunQiuPei-2.xml_4,身有病还受那继母拷打，,9455063.5611594915,0.0
daxp-ZhiJianTa-WangJiangTing.xml_3,害得儿夫犯焦急；,9471097.7408803049,0.1
daxp-ChunQiuTing-SuoLinNang.xml_12,耳听得悲声惨心中如捣，,9488470.7095953301,0.1
daeh-ZiNaRi-ErJinGong.xml_7,看一看不觉到八月中秋。,9489182.7397204991,0.0
sdxp-DangNianHan-SanJiZhang.xml_14,在六国封相人上人。,9495786.9017355647,0.0
daeh-ZuoRiGong-TaiZhenWaiChuan.xml_0,昨日宫中何等宠幸，,9498970.4108671267,0.0
daxp-TingTaYan-ZuoGong.xml_7,不知者不怪罪你的海量放宽。,9520541.9645296205,0.0
daxp-ErTingDe-SuoLinNang.xml_9,哪有个袖手旁观在壁上瞧。,9533634.2493188996,0.0
daeh-ZuoChunGui-XiShi.xml_1,无限的闲愁恨尽上眉尖。,9603870.007775072,0.0
daeh-ZiNaRi-ZhuangYuanMei-2.xml_8,幸喜得珍珠衫称心如愿，,9611063.3283800203,0.1
daxp-MengJunZi-ChunQiuPei-2.xml_1,虽然是不相识我就不得不答。,9641318.1274643559,0.1
daxp-DangRiLi-SuoLinNang.xml_11,为什么悲切切哭得可怜。,9655281.5212966446,0.1
daxp-MengJunZi-ChunQiuPei-1.xml_4,在家中受不过继母拷打，,9656381.4184841216,0.0
daxp-TingTaYan-ZuoGong.xml_2,原来是杨家将把名姓改换，,9659069.5752749685,0.0
daxp-ZhiJianTa-WangJiangTing.xml_5,隐情不敢实告妻。,9660676.049813455,0.0
daeh-LiYanFei-DaBaoGuo.xml_9,压定了文武臣均要画押。,9663424.3913773466,0.0
daxp-XiShiNv-XiShi.xml_1,难得有开怀事常锁双眉。,9665465.8398593292,0.1
sdxp-WoHeNi-SiLangTanMu.xml_22,讲什么夫妻情恩德不浅，,9680968.4407105036,0.0
daxp-ZhiJianTa-WangJiangTing.xml_1,长吁短叹语声低。,9713250.1830996275,0.0
daxp-ZheCaiShi-SuoLinNang.xml_6,种福得福如此报，,9733867.1813934445,0.1
daeh-ZiNaRi-ErJinGong.xml_10,耳边厢又听得朝靴响亮，,9756779.5078508891,0.1
daxp-FeiShiWo-TaoHuaCun.xml_10,不但要仔细听、还要仔细想，,9791474.579909889,0.0
daxp-LaoDieDie-DaYuShaJia-2.xml_2,将身儿坐至在草堂等候，,9793099.5437204726,0.0
daeh-NaRiFeng-YuanXiaoMi.xml_5,那厢流泪这厢啼。,9820203.7622464169,0.0
daeh-ZiNaRi-ZhuangYuanMei-2.xml_6,百姓们闺房乐如花美眷，,9824653.956377754,0.0
daxp-XiRiLiang-LongFengChengXiang.xml_3,安排巧计害刘王。,9826401.1050027609,0.0
daxp-MengJunZi-ChunQiuPei-2.xml_3,我爹爹名姜绍贸易天涯。,9844540.7633753661,0.0
daeh-TanHongYan-HuoXiaoYu.xml_4,枕边泪（呀）共（那）阶前雨，,9851943.3937274572,0.0
daxp-ErDeFu-HongNiGuan.xml_4,清早起我和他一度商量，,9852424.2086556442,0.0
daxp-MengTingDe-MuiGuiYingGuaShuai.xml_5,寸土怎能够属于他人。,9853047.7009156924,0.0
daxp-QiaoLouShang-HuangShanLei.xml_4,到三更真个是月明人静，,9854248.2828522474,0.0
daeh-XiaoNuCai-SanNiangJiaoZi.xml_4,怒气不息在机房闷坐，,9864675.1204201281,0.0
daxp-QiaoLouShang-HuangShanLei.xml_8,听画鼓报四更愈添凄冷，,9885635.1806745082,0.0
daxp-ChunQiuTing-SuoLinNang.xml_13,同遇人为什么这样嚎啕？,9934215.435473593,0.0
daspd-DuShouKong-WangJiangTing.xml_0,独守空帏暗长叹，,9950818.7558198608,0.0
daxp-ChunQiuTing-SuoLinNang.xml_1,何处悲声破寂寥。,9958240.1981220637,0.0
daeh-ZiNaRi-ErJinGong.xml_4,他那里父女情全然无有，,9969584.3907811046,0.0
daeh-SunShangXiang-BieHuangGong.xml_4,与周郎定巧计把皇叔来骗，,9970613.0001450777,0.0
daxp-DangRiLi-SuoLinNang.xml_19,还有那赤金链，紫瑛簪，白玉环，双凤錾，八宝钗钏一个个宝孕光含。,9989533.2587935235,0.0
daxp-MengJunZi-ChunQiuPei-2.xml_2,家住在罗郡城魁星楼下，,9996900.7259736564,0.0
daxp-SuSanLi-NvQiJie.xml_4,哪一位去往南京转，,10037493.392898822,0.0
daeh-ZuoRiGong-TaiZhenWaiChuan.xml_3,但不知何日里再沐圣明。,10044434.687176475,0.0
daeh-ZiNaRi-ZhuangYuanMei-1.xml_6,百姓们闺房乐如花美眷，,10046142.72040751,0.0
daxp-TingTaYan-ZuoGong.xml_5,尊一声驸马爷细听咱言。,10091404.909642307,0.0
daxp-ErTingDe-SuoLinNang.xml_22,分我一枝珊瑚宝，,10091596.7364475,0.0
sdxp-DangNianHan-SanJiZhang.xml_13,商鞅不中苏季子，,10091596.7364475,0.0
daeh-SunShangXiang-BieHuangGong.xml_6,回荆州未三载诓我回转，,10117144.553276731,0.0
daeh-ZiNaRi-ZhuangYuanMei-1.xml_3,乱军中多亏他救我回还。,10131052.605430502,0.0
daxp-MuQinBu-FengHuanChao.xml_2,自古常言道得好，,10178753.384099703,0.1
daxp-ZheCaiShi-SuoLinNang.xml_2,回首繁华如梦渺，,10225426.931290567,0.0
daxp-ZhiJianTa-WangJiangTing.xml_9,相公你为何不歇息？,10254539.813160252,0.0
daxp-FeiShiWo-TaoHuaCun.xml_3,关系你患难鸳鸯永宿在池塘。,10268367.076226542,0.0
sdxp-SuLongWei-WuJiaPo.xml_30,本利算来有多少，,10293238.684085334,0.1
daeh-ZiNaRi-ErJinGong.xml_1,独坐在寒宫院闷闷悠悠。,10318975.584154677,0.0
daxp-WoZhuYe-SiLangTanMu.xml_3,一心心要夺取宋室江山。,10331649.148565147,0.0
daxp-ErTingDe-SuoLinNang.xml_10,蠢才问话太潦草，,10334999.402929403,0.0
daxp-ChunQiuTing-SuoLinNang.xml_5,为何鲛珠化泪抛？,10353913.562838385,0.0
daxp-ChunQiuTing-SuoLinNang.xml_16,叫梅香你把那好言相告，,10353926.59420401,0.0
daxp-ChunQiuTing-SuoLinNang.xml_8,亦有饥寒悲怀抱，,10372465.433655517,0.0
dldeh-ShouBiPo-ChunQiuPei.xml_6,你继母心毒狠将你打骂，,10374171.30627854,0.0
daxp-ZhiJianTa-WangJiangTing.xml_0,只见他一封书信握手里，,10376893.085087143,0.0
daxp-LaoDieDie-YuZhouFeng.xml_4,老爹爹在朝中官高爵显，,10387098.21753332,0.0
daxp-FeiShiWo-TaoHuaCun.xml_9,你必须眼观六路耳听八方。,10413442.705604834,0.0
daxp-LaoDieDie-YuZhouFeng.xml_1,明早朝上金殿面奏吾皇。,10423484.004341897,0.0
sdxp-SuLongWei-WuJiaPo.xml_40,这锭银子奴不要，,10426337.894713996,0.0
sdxp-SuLongWei-WuJiaPo.xml_32,我进相府对父言，,10426337.894713996,0.0
daxp-DangRiLi-SuoLinNang.xml_10,于归日理应当喜形于面，,10450597.281241693,0.1
daxp-GuanShiYin-TianNvSanHua.xml_5,好似我散天花就纷落十方；,10453160.783858951,0.0
daxp-ChunQiuTing-SuoLinNang.xml_0,春秋亭外风雨暴，,10456632.700086979,0.0
daxp-DuiLingHua-BiYuZan.xml_2,果然是成佳偶两心欢恋，,10491944.312086888,0.0
sdxp-DangNianHan-SanJiZhang.xml_11,淮阴漂母救韩信，,10513859.88071657,0.0
daxp-LaoDieDie-DaYuShaJia-1.xml_2,将身儿坐至在草堂等候，,10553980.638316313,0.0
daeh-ZuoChunGui-XiShi.xml_0,坐春闺只觉得光明似箭，,10575533.024616057,0.1
daxp-ZhiJianTa-WangJiangTing.xml_8,出二堂深施礼，,10580426.643350359,0.0
daxp-ZhiJianTa-WangJiangTing.xml_6,低下头心生计，,10593863.851293877,0.0
daxp-GuanShiYin-TianNvSanHua.xml_6,满眼中清妙景灵光万丈，,10613168.455893345,0.0
daxp-FeiShiWo-TaoHuaCun.xml_0,非是我嘱咐叮咛把话讲，,10644011.780955242,0.0
daxp-MengTingDe-MuiGuiYingGuaShuai.xml_1,唤起我破天门状志凌云。,10664951.315861799,0.0
sdxp-WoHeNi-SiLangTanMu.xml_24,因何故终日里愁眉不展，,10672978.681388386,0.0
daeh-ZiNaRi-ZhuangYuanMei-1.xml_15,愿天下从此后国泰民安。,10673606.365497187,0.0
daxp-MengTingDe-MuiGuiYingGuaShuai.xml_2,想当年桃花马上威风凛凛，,10709849.902127236,0.1
daxp-ZhiJianTa-WangJiangTing.xml_7,何必独自就暗猜疑。,10741521.26802169,0.0
sdxp-WoHeNi-SiLangTanMu.xml_29,怕你一去就不回还。,10743751.902193502,0.0
daeh-SunShangXiang-BieHuangGong.xml_1,想起了已往事心内痛酸。,10745725.514851125,0.0
daeh-LiYanFei-DaBaoGuo.xml_2,太师爷奏一本进贡年下，,10754104.450033823,0.0
sdxp-WoHeNi-SiLangTanMu.xml_33,你也对苍天就表一番。,10756329.019725515,0.0
daeh-ZiNaRi-ErJinGong.xml_2,先王爷晏驾后太子年幼，,10781254.487595271,0.0
daxp-FeiShiWo-TaoHuaCun.xml_8,你不要高声不要嚷，,10783913.947083483,0.0
daeh-NaRiFeng-YuanXiaoMi.xml_6,我今绝少人生趣，,10794990.81703137,0.0
sdxp-SuLongWei-WuJiaPo.xml_36,军爷说话理不端，,10806799.123021796,0.0
daeh-WangChunE-SanNiangJiaoZi.xml_2,春娥女好一此失群孤雁，,10829531.686312221,0.0
daeh-LiYanFei-DaBaoGuo.xml_4,将江山让太师权且代贺，,10832916.209667323,0.0
daeh-WuDuanQiao-BiYuZan.xml_1,薄命自伤怨红颜。,10844221.396337716,0.0
daxp-LaoDieDie-YuZhouFeng.xml_2,倘若是有道君皇恩浩荡，,10844722.103965888,0.0
daeh-NaRiFeng-YuanXiaoMi.xml_3,我与母亲两分离。,10865433.421722887,0.0
daxp-GuanShiYin-TianNvSanHua.xml_1,有善才和龙女站立两厢；,10887059.375118049,0.0
daeh-ZiNaRi-ZhuangYuanMei-2.xml_3,乱军中多亏他救我回还。,10907628.953737097,0.0
daeh-ZiNaRi-ZhuangYuanMei-1.xml_12,但愿得状元媒月老引线，,10911950.937219296,0.1
sdxp-SuLongWei-WuJiaPo.xml_42,买绫罗、做衣衫、买白纸、糊白幡、打首饰、做妆奁，,10969500.03179843,0.0
daeh-ZiNaRi-ErJinGong.xml_9,想起了老王爷好不惨伤。,10999168.901932281,0.0
daeh-ZiNaRi-ZhuangYuanMei-2.xml_10,但愿得令公令婆别无意见，,11018144.596719686,0.1
daxp-QiaoLouShang-HuangShanLei.xml_12,数更等交五鼓空房愈冷，,11062236.482062368,0.0
daxp-GuanShiYin-TianNvSanHua.xml_2,菩提树薝卜花千枝掩映，,11120127.029910468,0.0
daxp-XiShiNv-XiShi.xml_4,怕只怕损玉颜姣容自惜，,11148823.377924455,0.0
daeh-LiYanFei-ErJinGong.xml_2,耳边厢又听得朝靴响亮，,11167610.634701136,0.1
daxp-FeiShiWo-TaoHuaCun.xml_4,已然错请生波浪，,11172548.396819264,0.0
sdxp-WoHeNi-SiLangTanMu.xml_26,你那里休得要巧言舌辨，,11235423.335803399,0.1
daeh-ZaoBuXing-HeHouMaDian.xml_4,贼好比王莽贼称孤道寡，,11242323.799529072,0.0
daeh-ZiNaRi-ZhuangYuanMei-1.xml_7,帝王家深宫院似水流年。,11244096.958550168,0.0
daeh-SunShangXiang-BieHuangGong.xml_0,孙尚香坐宫院自思自叹，,11253558.209197093,0.0
sdxp-DangNianHan-SanJiZhang.xml_16,难道说文官他就不丧身？,11261146.910210287,0.0
daxp-MengJunZi-ChunQiuPei-1.xml_2,家住在罗郡城魁星楼下，,11290412.593421599,0.0
daxp-QiaoLouShang-HuangShanLei.xml_1,父子们去采药未见回程。,11333824.089601936,0.0
daxp-ErTingDe-SuoLinNang.xml_4,叫梅香你把那好言相告，,11354126.514709434,0.0
daxp-ErTingDe-SuoLinNang.xml_1,同遇人为什么这样嚎啕。,11358450.899802053,0.0
daxp-DangRiLi-SuoLinNang.xml_14,急切里想起了锁麟囊一（呀）件，,11366570.548005573,0.0
daxp-ErDeFu-HongNiGuan.xml_3,倒不如与伯党匹配鸾凰。,11372788.482342919,0.0
daeh-XiaoNuCai-SanNiangJiaoZi.xml_2,哭一声亡故夫在阴曹等我，,11379867.613965085,0.0
daxp-ErTingDe-SuoLinNang.xml_6,梅香说话好颠倒，,11381670.533958144,0.0
sdxp-WoHeNi-SiLangTanMu.xml_25,有什么心腹事你只管明言。,11384992.004655732,0.0
daeh-ZaoBuXing-HeHouMaDian.xml_6,贼好比秦赵高指鹿为马，,11415074.291859634,0.0
dldeh-ShouBiPo-ChunQiuPei.xml_4,想亲娘和老父心乱如麻。,11417136.908559944,0.0
daxp-WoZhuYe-SiLangTanMu.xml_5,阅兵书看何人前来何安。,11418863.373909954,0.0
daxp-FeiShiWo-TaoHuaCun.xml_1,只怪你呆头呆脑慌慌张张。,11428187.585542809,0.0
daxp-FeiShiWo-TaoHuaCun.xml_2,今夜晚非比那西厢待月、你懂提防、莫轻狂，,11434116.358605878,0.0
danbz-BeiJiuChan-ChunGuiMeng.xml_5,待我来搀扶（哇）你重订鸳盟。,11434458.771808138,0.0
daxp-MuQinBu-FengHuanChao.xml_3,女儿清白最为先。,11455563.100112176,0.0
daeh-XiaoNuCai-SanNiangJiaoZi.xml_0,小奴才他一言问住我，,11462463.810462071,0.0
daxp-XiRiLi-LongFengChengXiang.xml_2,暗地堪笑奴兄长，,11463099.157986792,0.0
daxp-ChunQiuTing-SuoLinNang.xml_14,莫不是夫郎丑难谐女貌？,11482634.230177624,0.0
daxp-ErTingDe-SuoLinNang.xml_2,莫不是夫郎丑难谐女貌，,11483341.411963148,0.0
sdxp-SuLongWei-WuJiaPo.xml_41,与你娘做一个安家钱。,11484299.377531646,0.0
daeh-XiaoNuCai-SanNiangJiaoZi.xml_1,闭口无言王春娥。,11500800.251935452,0.0
daeh-ZaoBuXing-HeHouMaDian.xml_12,搬一把金交椅娘且坐下，,11508945.399247888,0.0
daxp-ErTingDe-SuoLinNang.xml_19,谁能移动它半分毫。,11509760.028649343,0.0
daeh-ZiNaRi-ErJinGong.xml_0,自那日与徐杨决裂以后，,11561614.196560932,0.0
dldeh-ShouBiPo-ChunQiuPei.xml_3,奴好比花未开风吹雨打，,11575706.133457223,0.0
sdxp-SuLongWei-WuJiaPo.xml_31,命人送到（那）西凉川。,11596323.087125875,0.0
daeh-NuZiYou-TouJunBieYao.xml_0,奴自幼在闺阁娇生惯养，,11663852.255614268,0.0
daxp-SuSanLi-NvQiJie.xml_0,苏三离了洪洞县，,11678092.959869234,0.0
sdxp-DangNianHan-SanJiZhang.xml_17,仙女配的是董永，,11678092.959869234,0.0
daeh-WuDuanQiao-BiYuZan.xml_2,独处闺房愁无限，,11681805.351637829,0.0
daxp-ErDeFu-HongNiGuan.xml_1,撇下了奴一人好不悲凉。,11683254.119489998,0.0
daxp-QiaoLouShang-HuangShanLei.xml_6,忙移步隔花荫留神听定，,11694908.936011298,0.0
daxp-ErTingDe-SuoLinNang.xml_24,忙把梅香低声叫，,11743133.266563624,0.0
daxp-ErTingDe-SuoLinNang.xml_13,不该词费又滔滔。,11771327.456883924,0.0
daxp-NiDeFu-FenHeWan.xml_2,把弓带和鱼镖与儿带定，,11783582.80564375,0.0
sdxp-SuLongWei-WuJiaPo.xml_35,打板子、上夹棍、丢南牢、坐监禁、管叫你思前容易退后难。,11804424.700313421,0.0
daeh-CanQiQi-WuLongZuo.xml_0,惨凄凄唤苍天天不应响，,11815812.657365529,0.0
sdeh-WenSanNiang-SanNiangJiaoZi.xml_3,老薛保你不必苦哀告，,11827548.153407559,0.0
daeh-ZiNaRi-ZhuangYuanMei-2.xml_12,但愿得状元媒月老引线，,11832875.991776299,0.1
daxp-ErTingDe-SuoLinNang.xml_17,满腹骄矜顿雪潇。,11848524.417379314,0.0
daxp-ErTingDe-SuoLinNang.xml_7,不该人前乱解嘲。,11848524.417379314,0.0
daxp-FeiShiWo-TaoHuaCun.xml_12,响一声你就还一掌，,11855396.000451006,0.0
daxp-ChunQiuTing-SuoLinNang.xml_29,自把珠玉夸富豪，,11904586.174417898,0.0
dldeh-ShouBiPo-ChunQiuPei.xml_7,全（呐）不顾你身有病气力不佳。,11929843.044295309,0.0
daeh-ZuoChunGui-XiShi.xml_2,奴这里心中痛玉颜清减，,11932879.272015506,0.0
daxp-DangRiLi-SuoLinNang.xml_18,还有那夜明珠粒粒成串，,11976843.920802349,0.0
daxp-TingTaYan-ZuoGong.xml_4,我这里走向前再把礼见，,11989880.544608008,0.0
sdxp-SuLongWei-WuJiaPo.xml_24,提起了旁人我不晓，,11996677.605890611,0.0
daxp-WoDeNiang-XinAnYi.xml_2,这几日身不爽心中烦闷，,12009028.177857807,0.1
sdxp-WoHeNi-SiLangTanMu.xml_32,适才叫咱盟誓愿，,12025309.223881774,0.0
daeh-ZiNaRi-ZhuangYuanMei-1.xml_2,在潼台被贼擒在命好险，,12043333.666862823,0.0
sdxp-DangNianHan-SanJiZhang.xml_21,不能、不能、是万不能！,12052517.616353875,0.0
sdxp-WoHeNi-SiLangTanMu.xml_30,宋营离此路途远，,12061978.42932076,0.0
daeh-ZiNaRi-ZhuangYuanMei-2.xml_2,在潼台被贼擒性命好险，,12064124.442494413,0.0
sdxp-WoHeNi-SiLangTanMu.xml_31,一夜之间你怎能回还。,12064655.797511179,0.0
daeh-CanQiQi-WuLongZuo.xml_2,千金休哪曾受磨房景况，,12097506.774176659,0.1
daeh-NuZiYou-TouJunBieYao.xml_2,但愿得去投军功名有望，,12139893.61455621,0.1
daxp-DiTouLi-NvQiJie.xml_3,过往的君子听我言。,12143124.702326838,0.0
daxp-ErTingDe-SuoLinNang.xml_21,她为饥寒我为骄。,12199717.942816161,0.0
daeh-LiYanFei-DaBaoGuo.xml_8,赐你的上方剑朝房问话，,12213749.614483237,0.0
daxp-ChenSanLiang-ChenSanLiangPaTang.xml_1,公正的老爷细听分明。,12230158.34017081,0.0
daxp-ErTingDe-SuoLinNang.xml_25,莫把姓名你信口哓。,12244125.889552779,0.0
daxp-ZheCaiShi-SuoLinNang.xml_3,残生一线付惊涛。,12253743.93729648,0.0
daeh-ZiNaRi-ZhuangYuanMei-2.xml_7,帝王家深宫怨似水流年。,12305832.049449332,0.0
daxp-LaoDieDie-SanJiZhang-1.xml_1,我立志不嫁那状元才郎。,12313749.177227017,0.0
daeh-LiYanFei-DaBaoGuo.xml_0,李艳妃设早朝龙书案下，,12314598.596781664,0.0
daxp-DuiLingHua-BiYuZan.xml_1,听她言不由人喜上眉尖。,12379561.352419747,0.0
daeh-LiYanFei-ErJinGong.xml_4,有几句话儿我不好言讲，,12404927.258248398,0.1
daxp-ChunQiuTing-SuoLinNang.xml_21,谁能移动他半分毫。,12441570.996880872,0.0
daeh-ZaoBuXing-HeHouMaDian.xml_8,只骂得贼昏王装聋作哑，,12446926.554879129,0.1
daeh-ZiNaRi-ZhuangYuanMei-1.xml_8,幸喜得珍珠衫称心如愿，,12469778.041752931,0.1
daspd-HaiDaoBing-GuiFeiZuiJiu.xml_5,恰便似嫦娥离月宫，,12475037.275597587,0.0
daxp-XiRiLi-LongFengChengXiang.xml_1,今朝仙女会襄王。,12485764.434959108,0.0
daxp-ErTingDe-SuoLinNang.xml_29,积德才生玉树苗。,12507199.297067665,0.0
sdxp-DangNianHan-SanJiZhang.xml_10,都是安邦定国臣，,12511389.90235961,0.0
daeh-ZaoBuXing-HeHouMaDian.xml_10,只骂得贼昏王无言对答。,12517520.241732525,0.1
daxp-XiRiLi-LongFengChengXiang.xml_4,月老本是乔国丈，,12527294.672437387,0.0
daeh-ZaoBuXing-HeHouMaDian.xml_0,遭不幸老王爷晏了御驾，,12588662.344737802,0.0
daxp-DangRiLi-SuoLinNang.xml_4,那花轿必定是因陋就简，,12622938.29572353,0.0
danbz-BeiJiuChan-ChunGuiMeng.xml_4,原来是不耐烦已经睡困，,12673105.464531589,0.0
daxp-LaoDieDie-SanJiZhang-2.xml_1,儿命苦怎配着状元才郎？,12691847.636386948,0.0
daeh-ZiNaRi-ErJinGong.xml_13,我只得怀抱太子两泪汪汪口口声声哭的是先王！,12744207.361686764,0.1
danbz-KanDaWang-BaWangBieJi.xml_1,我这里出帐外且散愁情。,12756168.347972129,0.0
daeh-TanHongYan-HuoXiaoYu.xml_5,隔着窗儿点滴不休。,12783069.760394845,0.0
daxp-ChunQiuTing-SuoLinNang.xml_26,忙把梅香低声儿叫，,12822445.24297845,0.0
daeh-ZiNaRi-ZhuangYuanMei-2.xml_0,自那日与六郎阵前相见，,12823143.401824879,0.0
sdxp-SuLongWei-WuJiaPo.xml_25,苏龙魏虎是内亲。,12829069.407988267,0.0
daeh-WuDuanQiao-BiYuZan.xml_6,一心早想寻短见，,12849366.982888952,0.0
sdxp-WoHeNi-SiLangTanMu.xml_27,你要见高堂母我不阻拦。,12955374.875014381,0.0
daxp-ErTingDe-SuoLinNang.xml_12,你不该人前逞骄傲，,12963396.850783391,0.0
daxp-FeiShiWo-TaoHuaCun.xml_13,响两声你就凑近身旁。,13020376.783387344,0.0
daeh-LiYanFei-DaBaoGuo.xml_6,写文约我且把玉玺打下，,13024869.486135537,0.0
daxp-ErTingDe-SuoLinNang.xml_8,怜贫济困是正道，,13035524.189396113,0.0
daxp-GuanShiYin-TianNvSanHua.xml_3,白鹦鹉与仙鸟在灵岩神岘上下飞翔；,13054125.016063035,0.0
daeh-LiYanFei-ErJinGong.xml_5,我只得怀抱太子两泪汪汪口口声声哭的是先王。,13086982.66859116,0.1
daeh-ZaoBuXing-HeHouMaDian.xml_2,把一个皇太子逼死殿下，,13101693.905679455,0.0
daeh-SunShangXiang-BieHuangGong.xml_8,恨只恨我兄长把事错办，,13141725.463659462,0.0
daxp-ChunQiuTing-SuoLinNang.xml_9,也有失意痛哭嚎啕，,13209845.261459436,0.0
daeh-LiYanFei-ErJinGong.xml_0,李艳妃坐昭阳自思自想，,13217360.112498876,0.0
daeh-ZiNaRi-ZhuangYuanMei-1.xml_13,但愿得八主贤王从中周旋，早成姻眷，扫狼烟，叫那胡儿不敢进犯保叔王锦绣江山。,13227976.905601682,0.1
daxp-ZheCaiShi-SuoLinNang.xml_0,这才是人生难预料，,13245946.307463894,0.0
daspd-HaiDaoBing-GuiFeiZuiJiu.xml_6,奴似嫦娥离月宫。,13250793.666625667,0.0
daxp-FeiShiWo-TaoHuaCun.xml_15,那就是来了我西厢带路的小红娘。,13270251.745514899,0.0
daeh-ZaoBuXing-HeHouMaDian.xml_13,你叔王不让位再去骂他。,13379475.805216851,0.0
daxp-DangRiLi-SuoLinNang.xml_6,虽然是古青庐以朴为俭，,13392833.925012391,0.0
daxp-LaoDieDie-SanJiZhang-1.xml_2,父休笑薛平贵是花郎模样，,13403933.463636255,0.0
daeh-ZiNaRi-ZhuangYuanMei-2.xml_13,但愿得八主贤王从中周旋早成美眷、扫狼烟叫那胡儿不敢进犯、保叔王锦锈江山。,13418191.335666107,0.1
daxp-MengJunZi-ChunQiuPei-1.xml_1,虽然是男女别不得不答。,13453198.255059475,0.1
daxp-ChunQiuTing-SuoLinNang.xml_15,莫不是强婚配鸦占鸾巢？,13487004.581730716,0.0
daxp-ChunQiuTing-SuoLinNang.xml_11,必有隐情在心潮。,13518981.237606829,0.0
daeh-TanHongYan-HuoXiaoYu.xml_2,薄幸冤家音信无有，,13567501.414744286,0.0
daxp-ChunQiuTing-SuoLinNang.xml_27,莫把姓名你信口晓，,13596840.909585215,0.0
daeh-WangChunE-SanNiangJiaoZi.xml_6,将身儿来至在机房织绢，,13630295.939343454,0.0
daxp-ErTingDe-SuoLinNang.xml_3,莫不是强婚配鸦占鸾巢。,13759752.072356891,0.0
daspd-DuShouKong-WangJiangTing.xml_3,为避狂徒到此间。,13771119.358813662,0.0
daspd-HaiDaoBing-GuiFeiZuiJiu.xml_0,海岛冰轮初转腾；,13778078.309695613,0.1
sdxp-SuLongWei-WuJiaPo.xml_26,你我同把相府进，,13793451.06409527,0.0
daxp-SuSanLi-NvQiJie.xml_2,未曾开言心内惨，,13810505.093533374,0.1
daxp-QiaoLouShang-HuangShanLei.xml_14,我不免唤琏儿到街前探问，,13836423.09728675,0.0
daeh-WuDuanQiao-BiYuZan.xml_3,落得孤身病恹恹。,13850215.395328464,0.1
sdxp-DangNianHan-SanJiZhang.xml_19,非是女儿言不逊，,13963278.546226202,0.0
daxp-TingTaYan-ZuoGong.xml_6,早晚间休怪我言语怠慢，,14025094.762328008,0.0
daeh-ZiNaRi-ZhuangYuanMei-2.xml_14,愿天下有情人都成姻眷，,14042433.068975603,0.0
daxp-FeiShiWo-TaoHuaCun.xml_6,鼓打二更准时往，,14048074.636833277,0.0
daeh-ZiNaRi-ZhuangYuanMei-1.xml_0,自那日与六郎姻缘相见，,14075353.516280137,0.0
daxp-MuQinBu-FengHuanChao.xml_4,人生不知顾脸面，,14204336.965992464,0.0
daeh-ZiNaRi-ErJinGong.xml_6,徐小姐把守在宫门口，,14232277.658981627,0.0
daeh-TanHongYan-HuoXiaoYu.xml_0,叹红颜薄命前生就，,14244601.415214133,0.0
daeh-LiYanFei-ErJinGong.xml_1,想起了朝中事好不惨伤！,14297391.853278289,0.0
daeh-NaRiFeng-YuanXiaoMi.xml_2,舅父前来出主意，,14328240.311881214,0.0
daxp-MuQinBu-FengHuanChao.xml_0,母亲不必心太偏，,14345357.673923235,0.0
daeh-LiYanFei-DaBaoGuo.xml_7,宣太师上金殿披红插花。,14354601.342875147,0.0
daxp-DangRiLi-SuoLinNang.xml_12,那时节奴妆奁不下百万，,14460655.411954202,0.0
daxp-LaoDieDie-YuZhouFeng.xml_5,却为何贪富贵不顾羞惭。,14484608.715623468,0.0
daxp-QiaoLouShang-HuangShanLei.xml_3,不知他在荒山何处安身。,14546839.940549044,0.0
sdxp-WoHeNi-SiLangTanMu.xml_28,有心赠你金鈚箭，,14620182.388936928,0.0
daxp-DiTouLi-NvQiJie.xml_0,低头离了洪洞县，,14622063.065742835,0.0
daeh-ZiNaRi-ErJinGong.xml_8,李艳妃坐昭阳自思自想，,14846613.843335869,0.0
daxp-XiRiLiang-LongFengChengXiang.xml_1,今朝仙女会襄王。,14987500.659878395,0.0
daxp-QiaoLouShang-HuangShanLei.xml_13,果然是晓鸡唱天已黎明。,15018579.332711283,0.0
daxp-ErTingDe-SuoLinNang.xml_15,薛良与我去问一遭。,15299945.873461355,0.0
daxp-WoHeNi-SangYuanHui.xml_0,我和你有什么夫妻的情，,15325356.499416532,0.0
sdxp-SuLongWei-WuJiaPo.xml_39,妻儿老小与奴一般。,15346182.422901457,0.0
daxp-DiTouLi-NvQiJie.xml_2,未曾开言我心好惨，,15447825.485980706,0.1
daxp-GuanShiYin-TianNvSanHua.xml_4,绿柳枝酒甘露三千界上，,15592491.31730617,0.0
sdxp-DangNianHan-SanJiZhang.xml_18,大孝之人也受贫。,15782735.176620008,0.0
daeh-ZiNaRi-ZhuangYuanMei-1.xml_14,愿天下有情人都成姻眷，,15817448.9481622,0.0
daxp-SuSanLi-NvQiJie.xml_6,言说苏三把命断，,15923723.024822155,0.0
daxp-DangRiLi-SuoLinNang.xml_20,这囊儿虽非是千古罕见，,15957334.928212103,0.0
daeh-NaRiFeng-YuanXiaoMi.xml_4,母女隔断三千里，,15958291.425989417,0.0
daeh-ZiNaRi-ZhuangYuanMei-1.xml_10,但愿得令公令婆别无异见，,16302043.939684318,0.1
daxp-XiShiNv-XiShi.xml_3,每日里浣纱去又傍清溪。,16306519.825218195,0.0
daxp-JiaoZhangSheng-HongNiang.xml_2,放大胆忍气吞声休害怕，,16344707.690122899,0.0
daxp-ErDeFu-HongNiGuan.xml_6,奴本当把关印付他执掌，,16516044.724925278,0.1
daxp-ZheCaiShi-SuoLinNang.xml_7,愧我当初赠木桃。,16557770.364533445,0.2
daxp-ZheCaiShi-SuoLinNang.xml_5,善果心花可自豪。,16644918.954962661,0.0
sdxp-DangNianHan-SanJiZhang.xml_15,未央宫斩的是韩信，,16755360.011503728,0.0
daxp-FeiShiWo-TaoHuaCun.xml_5,怎能够粗心大意你再荒唐。,16902132.231785145,0.0
daxp-JiaoZhangSheng-HongNiang.xml_4,这也算是一段风流佳话，,16995365.084033068,0.1
daxp-DiTouLi-NvQiJie.xml_6,就说苏三把命断，,17485918.704249725,0.0
sdxp-SuLongWei-WuJiaPo.xml_38,西凉的鞑子将你斩，,17651039.453576341,0.0
daxp-QiaoLouShang-HuangShanLei.xml_10,我不免引寒机伴奴坐等，,18029647.636050701,0.0
daxp-ChenSanLiang-ChenSanLiangPaTang.xml_3,发奋自强日夜读诗文。,18634525.319040723,0.0
daspd-HaiDaoBing-GuiFeiZuiJiu.xml_3,乾坤分外明，,19015379.03062227,0.0
daxp-ChunQiuTing-SuoLinNang.xml_4,吉日良辰当欢笑，,19171668.492141627,0.1
daxp-ZheCaiShi-SuoLinNang.xml_4,柳暗花明休啼笑，,19523005.440512262,0.0
daspd-HaiDaoBing-GuiFeiZuiJiu.xml_4,皓月当空，,22907842.170456871,0.1
daxp-ChenSanLiang-ChenSanLiangPaTang.xml_0,陈三两在大堂把话云，,23090047.445187107,0.0
daeh-SunShangXiang-BieHuangGong.xml_9,叹一声不由人珠泪涟涟。,37210248.007598512,0.0
sdxp-SuLongWei-WuJiaPo.xml_8,为军哪怕到官前。,2178260470.0415511,0.0
lseh-ZiNaRi-HongYangDong.xml_2,我前番命孟良骸骨搬（呐）请，,2844290489.1999235,0.0
lsxp-JiangShenEr-SanJiaDian.xml_1,尊一声过往的宾朋听从头：,3074384067.6065011,0.0
lsxp-WoBenShi-KongChengJi-1.xml_5,东西战南北剿博古通呃今。,3148961416.0290766,0.0
lsxp-ZhangGongDao-ZhuangYuanPu.xml_5,眼睁（呐）睁有何人去（呀）把纸烧。,3153122167.8393908,0.0
lsxp-ShenGongWu-LongFengChengXiang.xml_0,深宫无（哇）处不飞花，,3194762912.7357392,0.0
lsxp-WoZhuYe-ZhuiHanXin.xml_1,拔剑斩蛇天下扬。,3244628385.0995746,0.0
lsxp-ZiCongQian-ZhuLianZhai.xml_4,山高路远少来问候，,3296152934.4930129,0.0
lseh-TanXiongDi-SangYuanJiZi.xml_0,叹兄兀弟遭不幸一旦丧命，,3340828440.8860664,0.0
sdxp-DangNianHan-SanJiZhang.xml_5,我的儿说话言不逊，,3352932931.5955448,0.0
lsxp-LiangGuoJiao-ShiJieTing-1.xml_2,管待三（哪）军要宽厚，,3374074266.0474601,0.0
lsxp-ZheYiFeng-DingJunShan.xml_2,站立在营门三军叫，,3390248809.6841121,0.0
sdxp-WoHeNi-SiLangTanMu.xml_12,无有令箭怎过关。,3416383444.9484143,0.0
lsxp-WoZhuYe-ZhuiHanXin.xml_11,反将我主贬汉王。,3422661560.7466908,0.0
lseh-WeiGuoJia-HongYangDong-2.xml_1,我也曾平服了塞北西东。,3460668713.4175777,0.1
lsxp-WoBenShi-KongChengJi-2.xml_5,东西战南北剿博古（呃）通（哦）今。,3500864496.0537791,0.0
lseh-WeiGuoJia-HongYangDong-3.xml_1,我也曾平服了塞北西东。,3516325014.0771952,0.1
lsxp-QingGongYan-FaDongWu.xml_2,弟兄们创业多艰难，,3560405445.9942479,0.0
lsxp-WoZhuYe-ZhuiHanXin.xml_15,扬尘舞蹈见大王。,3576137588.4060187,0.0
lseh-JinZhongXiang-ShangTianTai.xml_2,文凭着邓先生策划有准，,3603457800.4534197,0.0
lseh-WeiGuoJia-HongYangDong-1.xml_1,我也曾平服了塞北西东。,3645939266.3179932,0.1
lseh-YiLunMing-ZhuoFangSuDian.xml_1,陈宫心（呐）中乱如麻，,3664630993.6634302,0.0
lsxp-WoBenShi-KongChengJi-2.xml_0,我本是卧龙岗散淡（呐）的人，,3666095211.4825315,0.0
lsxp-TingTaYan-ZhuoFangCao-1.xml_0,听他言听得我心（呐）惊胆怕，,3685654965.4930453,0.1
lsxp-TingTaYan-ZhuoFangCao-2.xml_0,听他言吓得我心（呐）惊胆怕，,3685654965.4930453,0.1
lsxp-WoBenShi-KongChengJi-2.xml_2,先帝（呀）爷下南阳（呃）御驾三（呃）请，,3708130178.9051371,0.0
lseh-XinZhongYou-WenZhaoGuan.xml_7,你就该把我献与昭关。,3765786890.9594641,0.0
lseh-XuMaoGong-QinQiongFaPei.xml_1,文韬武略智谋高。,3788089405.292563,0.0
lsxp-YiZhuangZhuang-QunYingHui.xml_0,一桩桩一件件倶已办就，,3852564139.0024271,0.0
lsxp-TingTaYan-ZhuoFangCao-2.xml_4,马行在来道内我难（呐）以回（呀）马，,3881814894.8584867,0.0
lsxp-TingTaYan-ZhuoFangCao-1.xml_4,马行在来道内我难（呐）以回（呀）马，,3881814894.8584867,0.0
lseh-YiLunMing-ZhuoFangCao-2.xml_1,陈宫心中乱如麻。,3888189249.75388,0.0
lsxp-WoBenShi-KongChengJi-1.xml_2,先帝呀爷下南阳御呀驾三请，,3888934195.5306935,0.0
sdxp-WoHeNi-SiLangTanMu.xml_19,我若探母不回转，,3890593712.3556585,0.0
lseh-XinZhongYou-WenZhaoGuan.xml_20,对天发下宏誓愿，,3910151187.1972609,0.0
lseh-XinZhongYou-WenZhaoGuan.xml_13,想当初在朝为官宦，,3920413737.6976428,0.2
lseh-YiLunMing-WenZhaoGuan-1.xml_29,想当初在朝为官宦，,3920413737.6976428,0.2
sdxp-DangNianHan-SanJiZhang.xml_4,仙女嫁的又是何人？,3925469030.0596395,0.0
lseh-YiLunMing-WenZhaoGuan-1.xml_36,对天发不宏誓愿，,3930811681.1935072,0.0
lsxp-YiShiWu-YuCangJian.xml_7,我与奸贼不共戴天！,3934905808.4700284,0.0
lseh-ZiNaRi-HongYangDong.xml_1,三更时梦（呃）见（呐）了年迈爹尊（呐）。,3941586934.1799002,0.0
lsxp-ZiCongQian-ZhuLianZhai.xml_0,自从千岁离朝后，,3946219549.3872871,0.0
lseh-YiLunMing-WenZhaoGuan-1.xml_24,哭一声爹娘不能相见，,3951793525.4700193,0.0
lsxp-JiangShenEr-SanJiaDian.xml_9,舍不得老娘（呃）白了头。,3983965482.2237639,0.1
lsxp-ZiGuDao-HuangHeLou.xml_5,四将军保架料也无妨。,3997421513.745954,0.0
lseh-YiLunMing-ZhuoFangCao-1.xml_19,安眠好似并底之蛙，,4001828693.4665422,0.0
lsxp-DaHeYi-SiLangTanMu.xml_3,迈步且把宝帐（呀）进，,4009376355.4908595,0.0
lseh-YiLunMing-ZhuoFangCao-1.xml_1,陈宫心（呐）中乱如麻，,4012471300.9468513,0.0
lseh-LaoZhangBu-WuPenJi.xml_5,抓一（呀）把沙土扬灰尘。,4026274932.7016506,0.0
lsxp-WoZhuYe-ZhuiHanXin.xml_8,一路上秋毫无犯军威壮，,4037566715.8934803,0.0
lsxp-CiShiJian-HuaiHeYing-2.xml_1,胡言乱语怎瞒（呐）咱！,4046581931.00945,0.0
lsxp-JiangShenEr-SanJiaDian.xml_7,舍不得衙役们众班头。,4055601939.624392,0.1
lsxp-LiangGuoJiao-ShiJieTing-1.xml_0,两国交（哇）锋龙虎斗，,4063666837.4862256,0.0
lsxp-DaHeYi-SiLangTanMu.xml_29,众将与爷忙掩（哪）门，,4068501090.4434943,0.0
lsxp-LiangGuoJiao-ShiJieTing-2.xml_2,管带三（呐）军要宽厚，,4092182460.1724267,0.0
lseh-YiLunMing-WenZhaoGuan-2.xml_13,我好（呃）比波浪中失舵的舟船（喏）。,4100702066.5440493,0.0
lsxp-YiShiWu-YuCangJian.xml_8,实指（喏）望到吴国借兵（呐）转，,4105416602.7327414,0.0
lseh-NiangZiBu-SouGuJiuGu.xml_7,老天爷不绝我的后代根。,4111527908.5446835,0.0
lseh-YiLunMing-WenZhaoGuan-1.xml_3,谁知昭关有阻拦。,4116759809.6195769,0.0
lseh-YangYanZhao-PengBei.xml_1,在中途得一信甚是不明。,4158028778.8289137,0.1
lsxp-QingGongYan-FaDongWu.xml_0,庆功宴上把酒饮，,4166840056.5123477,0.0
lsxp-WeiCengKai-QiYuanBao.xml_4,奉母命京城往，,4167875708.5421166,0.0
lseh-YiLunMing-ZhuoFangCao-1.xml_18,观此贼睡卧真（呐）潇洒，,4171083427.8111787,0.0
lsxp-ZouYingLong-DaYanSong.xml_11,我本当金（哪）殿奏一本怎奈我官卑职小不能够参大臣。,4183933607.487781,0.1
lseh-XuMaoGong-QinQiongFaPei.xml_0,徐茂公阴阳多奥妙，,4191853241.6053476,0.0
lsxp-DaHeYi-SiLangTanMu.xml_21,龙行虎步非凡等，,4193146888.29951,0.0
lseh-YiLunMing-WenZhaoGuan-1.xml_27,鸡鸣犬吠五更（哪）天，,4203204355.4079728,0.0
lseh-YiLunMing-WenZhaoGuan-1.xml_13,我好（哇）比波浪中失舵的舟船（哪）。,4206483877.0342135,0.0
lsxp-WeiCengKai-QiYuanBao.xml_6,行至在中途把雨降，,4242713230.8299975,0.0
lsxp-DaHeYi-SiLangTanMu.xml_9,家住后山磁州郡，,4244584212.8195643,0.0
lseh-XinZhongYou-WenZhaoGuan.xml_19,父母的冤仇化尘烟，,4249086767.1785817,0.0
lsxp-WoBenShi-KongChengJi-1.xml_0,我本是卧龙岗散淡哪的人，,4253613216.0936007,0.0
lsxp-JiangShenEr-SanJiaDian.xml_3,二不是歹人（呐）把城偷。,4260858187.9281225,0.0
lseh-YiLunMing-WenZhaoGuan-2.xml_3,谁知昭关有阻拦。,4267376604.9772391,0.0
sdxp-SuLongWei-WuJiaPo.xml_22,一马双跨到西凉。,4275249787.9869533,0.0
lseh-XiRiLi-BaoLianDeng.xml_13,二娇儿也难比那两个贤人。,4278185772.4629927,0.0
lseh-YiLunMing-WenZhaoGuan-1.xml_23,你就该把我献与昭关。,4300544208.3843222,0.0
lseh-XinZhongYou-WenZhaoGuan.xml_11,鸡鸣犬吠五更（呃）天，,4308064028.5541039,0.0
lsxp-ZheYiFeng-DingJunShan.xml_3,大小儿郎听根苗，,4326188609.523942,0.0
lseh-YiLunMing-WenZhaoGuan-1.xml_35,父母的冤仇化尘烟，,4336910547.4192352,0.0
lsxp-WoBenShi-KongChengJi-2.xml_6,周文王访姜尚周室大振，,4337883747.9251356,0.0
lseh-NiangZiBu-SouGuJiuGu.xml_3,三百余口命赴幽冥。,4349300743.7005167,0.0
lseh-WeiGuoJia-HongYangDong-3.xml_0,为国家哪何曾半日闲空，,4354320698.4054251,0.1
lsxp-DaHeYi-SiLangTanMu.xml_26,要见本帅为何情？,4355165497.0177612,0.0
lseh-YangYanZhao-PengBei.xml_2,迈虎步我且把宝帐来进，,4357982486.8184967,0.0
lsxp-ZhangGongDao-ZhuangYuanPu.xml_0,张公道三十五六（哇）子有靠，,4377344246.2676773,0.0
lseh-XinZhongYou-WenZhaoGuan.xml_8,哭一声爹娘不能相见，,4411724681.8569918,0.0
lsxp-ZuoRiLi-YuanMenZhanZi.xml_2,今日里斩宗保娘把儿怪，,4432005175.3691692,0.0
lseh-YiLunMing-WenZhaoGuan-1.xml_22,贪图富贵来害我，,4433676877.3373413,0.0
lsxp-ShenGongWu-LongFengChengXiang.xml_3,耳听笙歌闹喧哗。,4442486526.619915,0.0
lsxp-WoZhuYe-ZhuiHanXin.xml_4,先进咸阳为皇上，,4450006936.3596067,0.0
sdxp-SuLongWei-WuJiaPo.xml_20,为何来在大道边。,4456524760.822135,0.0
lseh-TuZeiZuo-SouGuJiuGu.xml_2,眼见得忠良无救应，,4490535682.5069456,0.1
lseh-XinZhongYou-WenZhaoGuan.xml_6,贪图富贵来害我，,4496902656.9072723,0.0
lsxp-YiShiWu-YuCangJian.xml_0,一事无成两鬓斑，,4515017584.9781189,0.0
sdxp-SuLongWei-WuJiaPo.xml_6,为军的要人我是不要钱。,4520186040.4142408,0.0
lsxp-ShenGongWu-LongFengChengXiang.xml_2,朝欢暮乐无牵挂，,4529280799.8681564,0.0
lseh-YiLunMing-WenZhaoGuan-2.xml_15,今夜晚怎能够盼到明天。,4529411059.8797779,0.0
lsxp-DaHeYi-SiLangTanMu.xml_10,火堪寨上有家门。,4535178517.4675159,0.0
lseh-WeiKaiYan-RangXuZhou.xml_3,老朽年迈我也不能够担承。,4538290447.6668015,0.0
lseh-YiLunMing-WenZhaoGuan-1.xml_7,夜夜何曾得安眠。,4560016903.615489,0.2
lseh-YiLunMing-WenZhaoGuan-2.xml_7,夜夜何曾得安眠。,4560016903.615489,0.2
lseh-WeiKaiYan-RangXuZhou.xml_2,二犬子（呃）皆年幼（哇）难当（呃）重任，,4565360581.6388483,0.1
lsxp-LiangGuoJiao-ShiJieTing-2.xml_0,两国交锋龙虎斗，,4570150558.1875429,0.0
lseh-YiLunMing-WenZhaoGuan-1.xml_15,今夜晚怎能够盼到明天。,4571390152.6678715,0.0
sdxp-SuLongWei-WuJiaPo.xml_1,苏龙魏虎为媒证，,4576758191.7034817,0.0
lsxp-CiShiJian-HuaiHeYing-2.xml_2,在长安是你夸大话，,4577751293.3032675,0.0
lsxp-ZouYingLong-DaYanSong.xml_0,忽听得万岁宣应龙，,4586944615.8494692,0.1
lseh-YiLunMing-WenZhaoGuan-1.xml_9,满腹的含冤我向谁言（哪）！,4592824261.5955458,0.0
lseh-YiLunMing-WenZhaoGuan-2.xml_9,满腹的含冤我向谁言（喏）。,4592824261.5955458,0.0
lseh-ZiNaRi-HongYangDong.xml_9,因此上臣的病重（呃）加十分、千岁爷呀！,4599149715.3609247,0.0
lsxp-WeiCengKai-QiYuanBao.xml_8,赵大夫妻图财害命害我一命亡，,4613489207.9251528,0.0
lsxp-WoZhuYe-ZhuiHanXin.xml_9,我也曾约法定过三章。,4619878824.2102261,0.1
lsxp-DaHeYi-SiLangTanMu.xml_14,失落番邦被贼擒。,4622026433.0189295,0.0
lsxp-LiangGuoJiao-ShiJieTing-1.xml_4,此一番领兵去镇守，,4629213007.003253,0.0
lseh-YiLunMing-WenZhaoGuan-1.xml_10,我好（哇）比哀哀长空雁，,4637226051.0425224,0.0
lseh-WeiGuoJia-HongYangDong-2.xml_0,为国家哪何曾半日闲空，,4648312456.0938616,0.1
sdxp-SuLongWei-WuJiaPo.xml_5,西凉川四十单八站，,4649397825.792942,0.0
lseh-XiRiLi-BaoLianDeng.xml_7,兄（呃）推弟来两不能够担承。,4649643695.8429108,0.0
sdxp-WoHeNi-SiLangTanMu.xml_10,怎奈我身在番难以过关。,4672881864.1234179,0.0
sdxp-WoHeNi-SiLangTanMu.xml_14,见母一面即刻还。,4674611760.0991583,0.0
lsxp-LiangGuoJiao-ShiJieTing-2.xml_3,赏罚中公（呃）平莫要自由。,4684182403.244935,0.0
sdxp-SuLongWei-WuJiaPo.xml_15,这锭银、三两三，,4691804914.9084749,0.0
lseh-YiLunMing-WenZhaoGuan-1.xml_0,一轮明月照窗前，,4707702788.5502176,0.0
lsxp-LiangGuoJiao-ShiJieTing-1.xml_3,赏罚中公（呃）平莫要自由。,4712278251.0967922,0.0
sdxp-SuLongWei-WuJiaPo.xml_4,咬定牙关他就不认承。,4713379246.2029161,0.0
lsxp-ZheYiFeng-DingJunShan.xml_8,三军与（呀）爷归营号，,4734175023.5839901,0.0
lsxp-DaHeYi-SiLangTanMu.xml_17,弟兄对坐叙寒温。,4736408028.8340368,0.1
sdxp-SuLongWei-WuJiaPo.xml_17,买绫罗与绸缎、打首饰和簪环，,4742833130.6904774,0.0
lsxp-ZheYiFeng-DingJunShan.xml_4,头通（呃）鼓紧战袍，,4742862237.0198364,0.0
lseh-XiRiLi-BaoLianDeng.xml_3,传口诏命次子即位为君，,4748680694.0330334,0.0
lseh-TanXiongDi-SangYuanJiZi.xml_3,见坟台不见人刀割我心。,4753274309.1881475,0.0
lsxp-JiangShenEr-SanJiaDian.xml_13,娘想儿来泪双流。,4764819413.1573849,0.0
lseh-XinZhongYou-WenZhaoGuan.xml_2,背地里只把东皋公怨，,4765311200.376298,0.0
lseh-XuMaoGong-QinQiongFaPei.xml_4,是是是（呀）来我明白了，,4769715688.4386368,0.0
lseh-YiLunMing-ZhuoFangSuDian.xml_0,一轮明月照窗下，,4772344962.2979326,0.0
lseh-XinZhongYou-WenZhaoGuan.xml_12,越思越想好伤惨，,4783250655.473774,0.0
lseh-YiLunMing-ZhuoFangCao-1.xml_12,听谯楼打罢了二（喏）更鼓下，,4799416991.7233438,0.0
lsxp-ZiCongQian-ZhuLianZhai.xml_1,满朝中文武臣泪双流。,4822470060.4207277,0.0
lseh-YiLunMing-ZhuoFangCao-2.xml_11,自有那神灵儿天地鉴察。,4823746638.1055193,0.0
lseh-TanXiongDi-SangYuanJiZi.xml_2,眼望着孤坟台珠泪难忍，,4838252776.0372515,0.0
lseh-ZiNaRi-HongYangDong.xml_7,去了我左右膀难以飞行。,4858421858.8818216,0.0
lsxp-CiShiJian-HuaiHeYing-2.xml_5,右手再把栾布拉，,4859600524.0923548,0.0
sdxp-WoHeNi-SiLangTanMu.xml_11,公主虽然不阻拦，,4866125079.4380608,0.0
sdxp-SuLongWei-WuJiaPo.xml_12,百般调戏也枉然。,4867899278.5480442,0.0
lseh-YiLunMing-WenZhaoGuan-2.xml_0,一轮明月照窗前，,4870505236.1884975,0.0
lsxp-ZouYingLong-DaYanSong.xml_8,上面坐的是有道君，,4871520184.6480894,0.0
lsxp-DaHeYi-SiLangTanMu.xml_4,上面（哪）坐的同胞人。,4874642757.2097788,0.0
lsxp-LiangGuoJiao-ShiJieTing-2.xml_4,此一番领（呃）兵去镇守，,4878169401.1141796,0.0
lseh-NiangZiBu-SouGuJiuGu.xml_13,哀求娘子（喏）舍亲（呐）生。,4881284982.2971401,0.0
lseh-YiLunMing-WenZhaoGuan-2.xml_5,他将我隐藏在后花园。,4902092290.5470562,0.0
lseh-XiRiLi-BaoLianDeng.xml_15,打死个秦官保父不能担承。,4916172909.2301235,0.0
lseh-YiLunMing-WenZhaoGuan-2.xml_12,我好（呃）比鱼儿吞了钩线，,4924734592.2022247,0.0
lsxp-CiShiJian-HuaiHeYing-2.xml_0,此时间不可闹笑话，,4925082092.9882011,0.0
lsxp-JiangShenEr-SanJiaDian.xml_5,因此上发配到登州。,4929743146.5792208,0.0
lsxp-WeiCengKai-QiYuanBao.xml_1,尊一声太爷听端详。,4931487109.1054049,0.0
sdxp-WoHeNi-SiLangTanMu.xml_5,非是我这几日愁眉不展，,4932906034.3509064,0.1
sdxp-WoHeNi-SiLangTanMu.xml_7,萧天佐摆天门两国交战，,4941819006.6074724,0.0
lseh-XuMaoGong-QinQiongFaPei.xml_2,既是为我前来到，,4950039365.3032961,0.0
lsxp-ZiCongQian-ZhuLianZhai.xml_5,望千岁恕学生礼貌不周。,4952933338.5500689,0.0
lseh-YiLunMing-WenZhaoGuan-1.xml_16,心中有事难合眼，,4959144595.5547266,0.0
lseh-YiLunMing-WenZhaoGuan-1.xml_12,我好（哇）比鱼儿吞了钩线，,4961558878.8458853,0.0
lseh-YiLunMing-ZhuoFangSuDian.xml_11,自有那神灵儿天地鉴察。,4962407702.6882048,0.0
lsxp-YiZhuangZhuang-QunYingHui.xml_1,请先生到江边即刻登舟。,4966592013.2405653,0.0
lsxp-CiShiJian-HuaiHeYing-2.xml_4,左手拉住了李左车，,4972918022.9333029,0.0
lseh-YiLunMing-WenZhaoGuan-1.xml_34,寻短（哪）哎见爹娘（兀）！,4973780685.4548674,0.0
lseh-XiRiLi-BaoLianDeng.xml_0,昔日里有一个孤竹君，,4981732165.1042032,0.0
lsxp-CiShiJian-HuaiHeYing-1.xml_3,为什么事到如今耍奸滑。,5005562240.7457724,0.0
lsxp-CiShiJian-HuaiHeYing-1.xml_1,胡言乱语怎瞒（呐）咱。,5010894202.6457872,0.0
lseh-YiLunMing-WenZhaoGuan-1.xml_11,我好比龙游在浅沙滩。,5016687672.2106895,0.0
lseh-JinZhongXiang-ShangTianTai.xml_3,武仗着姚皇兄保定乾坤。,5020407366.4818878,0.0
lseh-YiLunMing-WenZhaoGuan-1.xml_5,他将我隐藏在后花园。,5024897135.969924,0.0
lseh-WeiGuoJia-HongYangDong-1.xml_0,为国家那何曾半日闲空，,5030259612.5039349,0.1
lsxp-WoBenShi-KongChengJi-1.xml_6,周文王访姜尚周室大振，,5035586841.368659,0.0
lsxp-ZiCongQian-ZhuLianZhai.xml_2,为千岁懒把朝房走，,5037440387.3782997,0.0
lseh-XinZhongYou-WenZhaoGuan.xml_0,心中有事难合眼，,5045296545.2680531,0.0
lsxp-ZiGuDao-HuangHeLou.xml_2,曾记得当年赴河梁，,5049793287.7155876,0.4
lsxp-DaHeYi-SiLangTanMu.xml_31,走上前来忙松捆，,5052444852.800662,0.0
lsxp-DaHeYi-SiLangTanMu.xml_7,将身站在了阶前等，,5053869215.7632647,0.0
lseh-YiLunMing-WenZhaoGuan-2.xml_11,我好比龙游在浅沙滩。,5059632065.6627083,0.0
lseh-YiLunMing-ZhuoFangCao-1.xml_11,自有那神灵（啊）天地鉴察。,5070444360.143486,0.0
lsxp-LiangGuoJiao-ShiJieTing-2.xml_1,各为其（呀）主统貔貅。,5074730421.1109877,0.0
lsxp-JianMaSu-ZhanMaSu.xml_2,大胆不听我的话，,5095123761.7589531,0.0
lsxp-YiShiWu-YuCangJian.xml_4,恨平王无道纲常乱，,5104018583.2595711,0.0
lseh-WeiKaiYan-RangXuZhou.xml_0,未开言不由人（呐）珠泪滚滚，,5113655533.9093132,0.0
lsxp-ZouYingLong-DaYanSong.xml_1,在朝房来了我这保国忠。,5118921594.0452089,0.0
lseh-YiLunMing-WenZhaoGuan-1.xml_2,实指（惹）望到吴国借兵回转，,5119182827.9565916,0.0
lseh-YiLunMing-WenZhaoGuan-2.xml_10,我好（呃）比哀哀长空雁，,5126696091.4654226,0.0
sdxp-WoHeNi-SiLangTanMu.xml_2,贤公主又何必过于谦言。,5129945148.8347301,0.0
lsxp-ZhangGongDao-ZhuangYuanPu.xml_1,陈伯愚年半百无有后苗。,5135334375.0390472,0.0
lseh-NiangZiBu-SouGuJiuGu.xml_0,娘子不（哇）必太烈性，,5140731093.262969,0.0
lsxp-TingTaYan-ZhuoFangCao-1.xml_6,这时候我只得暂且忍耐在心下，,5142674073.4579096,0.1
lsxp-QingGongYan-FaDongWu.xml_3,又谁知中途两离分。,5159939181.0301294,0.0
lseh-YiLunMing-WenZhaoGuan-2.xml_2,实指望到吴国借兵回转，,5160531762.1318245,0.0
lseh-TuZeiZuo-SouGuJiuGu.xml_1,诬杀赵家一满门。,5169501821.181427,0.0
lsxp-CiShiJian-HuaiHeYing-1.xml_2,在长安是你夸大话，,5173840043.9496994,0.0
lseh-YiLunMing-ZhuoFangCao-2.xml_8,一家人倶丧在宝剑之下，,5184899060.7306471,0.0
lsxp-DaHeYi-SiLangTanMu.xml_11,我父令公官极品，,5197036275.3725586,0.0
lseh-YiLunMing-ZhuoFangCao-1.xml_17,汉室后来贼是个惹祸的根芽。,5197749932.8063517,0.0
lsxp-ZuoRiLi-YuanMenZhanZi.xml_4,叫焦赞将宝剑悬挂帐外，,5199626114.3818693,0.0
lsxp-LiangGuoJiao-ShiJieTing-2.xml_5,靠山近水把管收。,5205922509.3547649,0.0
lseh-YiLunMing-WenZhaoGuan-1.xml_20,若是真心来救我，,5209490287.1983271,0.0
lseh-XinZhongYou-WenZhaoGuan.xml_4,若是真心来救我，,5209490287.1983271,0.0
lsxp-ZiGuDao-HuangHeLou.xml_1,主公不必加愁肠。,5213900192.2896948,0.0
lseh-XinZhongYou-WenZhaoGuan.xml_17,我本当拔宝剑自寻短见，,5224514983.4150591,0.1
lsxp-YiShiWu-YuCangJian.xml_2,日月轮流催晓（哇）箭，,5228316089.0396099,0.0
lsxp-ZheYiFeng-DingJunShan.xml_5,三通鼓刀出鞘四通（呃）鼓把兵交。,5229177212.0801611,0.0
lseh-YiLunMing-ZhuoFangCao-2.xml_0,一轮明月照窗下，,5233256923.2680454,0.0
lsxp-JianMaSu-ZhanMaSu.xml_3,失去了街亭差不差。,5244875196.6580544,0.0
lseh-YiLunMing-WenZhaoGuan-1.xml_28,越思越想好伤惨，,5245758420.0775414,0.0
lseh-WeiGuoJia-HongYangDong-1.xml_2,官封到节度使（喏）皇王恩重，,5264217060.361948,0.0
lseh-XiRiLi-BaoLianDeng.xml_6,弟让兄来兄不能应（呐）允，,5266056092.7309895,0.0
lseh-YiLunMing-WenZhaoGuan-2.xml_1,愁人心（呐）中似箭穿。,5266932162.7768488,0.0
lseh-ZiNaRi-HongYangDong.xml_3,那乃是萧天佐以（呀）假成真；,5273068801.8088331,0.0
lsxp-DaHeYi-SiLangTanMu.xml_12,我母佘氏老太君。,5274679016.0973721,0.0
lsxp-LiangGuoJiao-ShiJieTing-1.xml_5,靠山近水把营收。,5274743948.7689981,0.0
lseh-YiLunMing-ZhuoFangSuDian.xml_3,悔不该随他人到吕家。,5278552745.3607826,0.0
lsxp-ZheYiFeng-DingJunShan.xml_6,向前各各有赏犒，,5295948111.130477,0.0
lsxp-ZheYiFeng-DingJunShan.xml_9,到明天午时三刻要成功劳。,5296182800.9290237,0.0
sdxp-SuLongWei-WuJiaPo.xml_13,腰中取出银一锭，,5301560392.4750061,0.0
lseh-ZenNengGou-BaDaChui.xml_2,前也思（喏）后又想无有计定，,5302636884.6410809,0.0
lseh-YiLunMing-ZhuoFangCao-1.xml_5,杀猪（喏）沽（哇）酒款待于他，,5327014433.2518244,0.0
lsxp-TingTaYan-ZhuoFangCao-2.xml_6,这时候我只得暂且忍耐在心下，,5338507831.4693995,0.1
lsxp-DaHeYi-SiLangTanMu.xml_6,怎知今日回宋营。,5339193738.3341074,0.0
sdxp-SuLongWei-WuJiaPo.xml_14,将银放在地平川。,5342573625.6419964,0.0
lsxp-LiangGuoJiao-ShiJieTing-1.xml_1,各为其主统貔貅，,5347711578.7145157,0.0
lseh-YiLunMing-WenZhaoGuan-1.xml_1,愁人心（哪）中似箭穿。,5357443512.3466921,0.0
lsxp-ZiGuDao-HuangHeLou.xml_3,二将军保架过长江。,5361780086.9889202,0.0
lsxp-DaHeYi-SiLangTanMu.xml_28,原来四哥回宋营。,5366946483.5477982,0.0
lsxp-WeiCengKai-QiYuanBao.xml_2,家住在南阳太平庄，,5371879466.8963261,0.0
lseh-LaoZhangBu-WuPenJi.xml_2,休把我当作了妖魔论，,5372498502.418829,0.1
lsxp-DaHeYi-SiLangTanMu.xml_15,六弟下位把兄认，,5395346205.3089886,0.0
sdxp-SuLongWei-WuJiaPo.xml_10,管保大嫂就断与咱。,5421807085.4271784,0.0
lseh-YiLunMing-ZhuoFangCao-2.xml_3,悔不该随他人到吕家。,5429614464.0292139,0.0
lsxp-JiangShenEr-SanJiaDian.xml_15,叫一声解差把店役。,5440935324.5658951,0.0
lsxp-DaHeYi-SiLangTanMu.xml_1,大喝一声（哪）如雷震，,5458512075.01161,0.0
lseh-LaoZhangBu-WuPenJi.xml_4,我忙将树（呃）枝摆摇（哇）动，,5490256252.5164995,0.0
lsxp-DaHeYi-SiLangTanMu.xml_8,问我一言答一声。,5497099615.4005337,0.0
sdxp-DangNianHan-SanJiZhang.xml_3,小奴才真个不孝顺，,5515263232.2250452,0.0
lseh-XiRiLi-BaoLianDeng.xml_14,打死了别家子父能作主，,5519327178.047576,0.0
lseh-WeiKaiYan-RangXuZhou.xml_1,天卸重任我就要（哇）你担承。,5527085775.5073366,0.0
lsxp-DaHeYi-SiLangTanMu.xml_30,自己骨肉认不清。,5528429996.8742361,0.0
sdxp-WoHeNi-SiLangTanMu.xml_13,公主赠我的金鈚箭，,5531040826.0169582,0.0
lseh-WeiGuoJia-HongYangDong-2.xml_2,官封到节度使（喏）皇王恩重，,5533610469.8021116,0.0
lsxp-WoBenShi-KongChengJi-2.xml_9,我面前却少个知（呃）音的人。,5548938918.9064531,0.0
lsxp-WoBenShi-KongChengJi-2.xml_4,官封到武乡侯（呃）执掌帅印，,5552291720.1405516,0.0
lseh-TanXiongDi-SangYuanJiZi.xml_1,丢下了年幼儿好不伤情。,5559603713.6999598,0.0
lseh-XinZhongYou-WenZhaoGuan.xml_18,寻短（呃）哎见爹娘（呃）。,5577950565.1483755,0.0
lseh-XinZhongYou-WenZhaoGuan.xml_21,我不杀平王我的心怎甘。,5577968971.9211464,0.0
lsxp-DaHeYi-SiLangTanMu.xml_5,弟兄们分别十五春，,5580234567.4261627,0.0
sdeh-WenSanNiang-SanNiangJiaoZi.xml_1,问三娘发雷霆却是为何？,5582627919.9084606,0.0
sdxp-DangNianHan-SanJiZhang.xml_1,登台拜帅是韩信，,5585815774.8710747,0.0
lsxp-CiShiJian-HuaiHeYing-2.xml_3,为什么事到如今耍奸滑？,5619316834.7001257,0.0
lsxp-WeiCengKai-QiYuanBao.xml_9,望求太爷与我作主张（啊）。,5624612015.7376347,0.0
lsxp-JianMaSu-ZhanMaSu.xml_1,不由老夫咬钢牙，,5629936791.9708986,0.0
lseh-YiLunMing-WenZhaoGuan-1.xml_8,俺伍员好一似丧家犬，,5656932753.9930248,0.0
lseh-YiLunMing-ZhuoFangCao-1.xml_0,一轮明月照窗下，,5663469571.195261,0.0
lseh-NiangZiBu-SouGuJiuGu.xml_2,赵屠二家有仇恨，,5674897395.2499866,0.0
lsxp-DaHeYi-SiLangTanMu.xml_27,听罢言来才知情，,5702029302.7483816,0.0
lsxp-YiShiWu-YuCangJian.xml_3,靠山绿（哇）水常在面前。,5704180358.1900959,0.0
lseh-YiLunMing-WenZhaoGuan-1.xml_26,要相逢陈非是梦（兀）里团圆。,5719754903.264575,0.0
lsxp-WoBenShi-KongChengJi-2.xml_8,闲无（呃）事在敌楼（呃）我亮一亮琴（呢）音，,5719869853.7521048,0.0
lseh-YiLunMing-ZhuoFangSuDian.xml_2,悔不该心猿并意马，,5728809981.5223904,0.0
lseh-ZenNengGou-BaDaChui.xml_3,倒不如上公安观看古今。,5730031011.3192587,0.0
lseh-YiLunMing-ZhuoFangCao-1.xml_8,一家人倶丧在宝剑之（喏）下，,5739164918.1826611,0.0
lseh-YangYanZhao-PengBei.xml_0,杨延昭奉父命巡查大营，,5745056772.2214155,0.0
lsxp-ZiGuDao-HuangHeLou.xml_4,今日主公把宴上，,5756514816.5138893,0.0
lsxp-DaHeYi-SiLangTanMu.xml_25,家住哪州并哪郡？,5758463254.6738596,0.0
sdxp-SuLongWei-WuJiaPo.xml_3,他三人与我有仇恨，,5759002289.8618822,0.0
lseh-WeiGuoJia-HongYangDong-3.xml_2,官封到节度史（喏）皇王恩重，,5769803044.6808138,0.0
lsxp-ZouYingLong-DaYanSong.xml_12,罢、罢、罢，暂且忍却我的心头恨，,5783026532.6373549,0.0
lseh-NiangZiBu-SouGuJiuGu.xml_8,你今舍了亲生子，,5801480753.9073753,0.0
lseh-XinZhongYou-WenZhaoGuan.xml_15,到如今夜宿在荒村院，,5804418123.8348455,0.0
lseh-YiLunMing-WenZhaoGuan-1.xml_31,到如今夜宿在荒村院，,5804418123.8348455,0.0
lsxp-ZuoRiLi-YuanMenZhanZi.xml_5,老娘亲再讲情儿自刎头来。,5818518060.5054111,0.0
lsxp-ZuoRiLi-YuanMenZhanZi.xml_0,昨日里斩八将头挂营外，,5827217986.4519987,0.0
lsxp-HenPingWang-WenZhaoGuan.xml_3,满门的家着血染红。,5844211704.0758944,0.0
lsxp-DaHeYi-SiLangTanMu.xml_13,十五年前沙滩会，,5872262988.1038361,0.0
lseh-YiLunMing-WenZhaoGuan-1.xml_37,我不杀平王我的心怎甘（哪）。,5876212135.051424,0.0
lsxp-CiShiJian-HuaiHeYing-2.xml_6,三人同把那鬼门关上爬，,5880543955.5128021,0.0
sdxp-WoHeNi-SiLangTanMu.xml_20,黄沙盖脸尸骨不全。,5887092392.6331167,0.0
lseh-YiLunMing-WenZhaoGuan-1.xml_18,背地里只把东皋公怨，,5889218459.1554928,0.0
lseh-NiangZiBu-SouGuJiuGu.xml_10,千言万（哪）语她不肯，,5895686233.1312265,0.0
sdxp-WoHeNi-SiLangTanMu.xml_17,公主叫我盟誓愿，,5903776212.1104822,0.0
sdxp-DangNianHan-SanJiZhang.xml_7,要退、要退、偏要退！,5916338973.6896486,0.0
lsxp-ZuoRiLi-YuanMenZhanZi.xml_1,老娘亲为什么不讲情来？,5931868729.9790421,0.0
lsxp-WoZhuYe-ZhuiHanXin.xml_7,一路上得遇陆贾、郦生与张良。,5940863506.1435165,0.1
lseh-WeiKaiYan-RangXuZhou.xml_5,救生灵（呐）积阴（呐）功也免得我坐卧不宁。,5975637519.8969812,0.1
lsxp-ZiGuDao-HuangHeLou.xml_0,自古道吉人有天相，,5977551974.1495008,0.0
sdxp-SuLongWei-WuJiaPo.xml_9,衙里衙外我打点，,5980050803.9008789,0.0
lsxp-WoBenShi-KongChengJi-1.xml_9,我面前缺少个知呃音的人。,5983258620.7436342,0.0
lseh-YiLunMing-ZhuoFangCao-1.xml_14,悔不该把家属一（呀）旦撇下，,6002348665.6555433,0.0
lsxp-YiShiWu-YuCangJian.xml_6,他害我满门（呐）真悲惨，,6009183139.1230173,0.0
lsxp-ZouYingLong-DaYanSong.xml_4,我问顽童啼哭因何故，,6017936868.6175461,0.0
lsxp-CiShiJian-HuaiHeYing-1.xml_7,生死二字（喏）且由他。,6030229130.9624205,0.0
lsxp-WoZhuYe-ZhuiHanXin.xml_0,我主爷起义在芒砀，,6036604870.8902225,0.0
lsxp-CiShiJian-HuaiHeYing-1.xml_6,三人同把那鬼门关上踏（啊），,6040959680.8176432,0.0
lseh-XinZhongYou-WenZhaoGuan.xml_10,爹娘（呃）要相逢除非是梦（呃）里团圆。,6080393887.1418133,0.0
lseh-YiLunMing-ZhuoFangCao-1.xml_22,虎在笼中我不打，,6081619860.4183168,0.0
lsxp-JiangShenEr-SanJiaDian.xml_11,儿行千里母担忧。,6092050037.8532085,0.0
lsxp-ZouYingLong-DaYanSong.xml_13,在品级台（呀）前臣见君。,6113001795.4091015,0.0
lsxp-WoBenShi-KongChengJi-1.xml_8,闲无哇事在敌楼哇我亮（呃）一亮琴哪音，,6123209991.0465269,0.0
lseh-LaoZhangBu-WuPenJi.xml_3,我本屈死一鬼魂。,6172792348.2753487,0.0
lseh-YiLunMing-WenZhaoGuan-2.xml_8,俺伍员好一似丧家犬，,6178488318.1494083,0.0
lseh-NiangZiBu-SouGuJiuGu.xml_5,他舍命来你我舍亲生。,6179239754.0087786,0.0
lsxp-WoBenShi-KongChengJi-1.xml_4,官封到武乡侯哇执掌帅印，,6210456023.1160345,0.0
sdxp-WoHeNi-SiLangTanMu.xml_6,有一桩心腹事不敢明言。,6236680449.2602386,0.0
lseh-YiLunMing-ZhuoFangCao-1.xml_24,执宝剑将贼的（呀）头割下，,6263673385.7280121,0.0
lseh-YiLunMing-ZhuoFangSuDian.xml_8,一家人倶丧在宝剑之（喏）下，,6302826414.1592894,0.0
lsxp-WoBenShi-KongChengJi-1.xml_1,论阴阳如反掌保定乾坤。,6304655238.7241554,0.0
lseh-YiLunMing-WenZhaoGuan-1.xml_14,思来想去我的肝肠断，,6304898564.1760597,0.0
lseh-YiLunMing-ZhuoFangCao-1.xml_23,我岂肯放虎归山又（哇）把人抓。,6306155924.9054785,0.0
lsxp-WeiCengKai-QiYuanBao.xml_0,未曾开言泪汪汪，,6336027152.2899351,0.1
lsxp-CiShiJian-HuaiHeYing-1.xml_4,左手拉住了李左车，,6336070563.6844063,0.0
lseh-YangYanZhao-PengBei.xml_4,我本当将此事对他来论，,6337361853.8154211,0.1
lseh-WeiGuoJia-HongYangDong-2.xml_3,身不爽不由人瞌睡朦胧（呃）（哪）。,6338427383.1049614,0.0
lseh-YiLunMing-WenZhaoGuan-2.xml_14,思来想去我的肝肠断，,6343334270.9299231,0.0
lsxp-DaHeYi-SiLangTanMu.xml_19,本帅帐中用目睁，,6352384092.9010153,0.0
lseh-YiLunMing-ZhuoFangCao-1.xml_15,悔不该弃县今抛却了乌（哇）纱，,6352418527.3136225,0.0
lseh-ZiNaRi-HongYangDong.xml_8,为此事终（啊）日里忧成疾病，,6388269936.8081455,0.0
lseh-YiLunMing-ZhuoFangCao-1.xml_3,悔不该随他人到吕家，,6396356033.3976994,0.0
lseh-LaoZhangBu-WuPenJi.xml_0,老丈不（哇）必胆怕惊，,6426376411.0173073,0.0
lsxp-WoZhuYe-ZhuiHanXin.xml_5,后进咸阳扶保在朝纲。,6431811205.7310772,0.0
lsxp-DaHeYi-SiLangTanMu.xml_20,见一番汉帐中行。,6456162469.3847542,0.0
sdxp-SuLongWei-WuJiaPo.xml_21,为军起下不良的意呀，,6460182157.020669,0.0
lsxp-YiShiWu-YuCangJian.xml_5,信用无极狗奸谗。,6502852391.7244062,0.0
lsxp-ShenGongWu-LongFengChengXiang.xml_1,年老得配女娇娃。,6531238388.4902039,0.1
lsxp-WoBenShi-KongChengJi-1.xml_3,算就了汉家的业鼎足哇三分。,6532265168.2741728,0.1
sdxp-WoHeNi-SiLangTanMu.xml_18,将身跪在地平川。,6545092003.3998899,0.0
lsxp-DaHeYi-SiLangTanMu.xml_23,本帅开言把他问，,6595789301.0796013,0.0
lseh-YiLunMing-ZhuoFangSuDian.xml_5,杀猪（喏）沽酒款待与他，,6605857246.2997799,0.0
lseh-WeiGuoJia-HongYangDong-1.xml_3,身不爽不由人瞌睡朦胧（呃）。,6624885535.5908594,0.0
lsxp-HenPingWang-WenZhaoGuan.xml_2,我的（呀）父谏奏反把命（哪）送，,6640555630.3567209,0.0
sdxp-DangNianHan-SanJiZhang.xml_2,未央宫斩的是何人？,6645074028.3353233,0.0
lseh-YiLunMing-WenZhaoGuan-1.xml_33,我本当拔宝剑自寻短见，,6647410536.9395142,0.1
lsxp-ZouYingLong-DaYanSong.xml_3,偶遇见小小的顽童放悲声，,6648796212.3149395,0.0
lseh-YiLunMing-ZhuoFangSuDian.xml_9,年迈的老丈命（呐）染黄沙。,6683378800.3779449,0.0
lsxp-CiShiJian-HuaiHeYing-1.xml_0,此时间不可闹笑话，,6684364637.0547047,0.0
lseh-YiLunMing-ZhuoFangCao-1.xml_9,年迈的老丈命（呐）染黄沙。,6762544389.7299118,0.0
lseh-WeiGuoJia-HongYangDong-3.xml_3,身不爽不由人瞌睡朦胧。,6769666698.0093994,0.0
lsxp-ZhangGongDao-ZhuangYuanPu.xml_2,为（呀）儿（啼）女我也曾朝山拜庙，,6790703963.5566483,0.1
sdxp-WoHeNi-SiLangTanMu.xml_15,宋营（哪）虽然路途远，,6794219118.4110489,0.0
lseh-YiLunMing-ZhuoFangCao-2.xml_9,年迈老丈命染黄沙。,6794928585.7027693,0.0
lsxp-ZiCongQian-ZhuLianZhai.xml_3,为千岁懒观五凤楼。,6796629744.212182,0.0
sdxp-SuLongWei-WuJiaPo.xml_11,好一个贞节王宝钏，,6800731676.2161503,0.0
lsxp-YiShiWu-YuCangJian.xml_1,叹光明一去不回还（呐）；,6810961279.5757341,0.0
lseh-WeiKaiYan-RangXuZhou.xml_4,望使君放开怀慨然（呐）应（呐）允，,6814669760.6971684,0.0
lseh-LaoZhangBu-WuPenJi.xml_6,我和你远无冤近无有仇恨，,6864773670.1079159,0.0
lsxp-TingTaYan-ZhuoFangCao-2.xml_5,这才是花随水水不（哇）能恋（呐）花。,6905506763.9270134,0.0
lseh-TuZeiZuo-SouGuJiuGu.xml_0,屠贼做事心太狠，,6918192026.4878874,0.0
lsxp-TingTaYan-ZhuoFangCao-1.xml_3,却原（呐）来贼是个无（哇）义（呀）的冤家！,6924628507.4953136,0.0
lsxp-TingTaYan-ZhuoFangCao-2.xml_3,却愿（呐）来贼是个无（哇）义（呀）的冤家！,6924628507.4953136,0.0
lsxp-ZheYiFeng-DingJunShan.xml_1,天助黄忠成功劳。,6929594984.3797359,0.0
lseh-JinZhongXiang-ShangTianTai.xml_4,内侍臣忙摆驾九龙口进，,6935325411.6578646,0.0
lseh-YiLunMing-ZhuoFangSuDian.xml_10,屈死的怨鬼魂休要怨（呐）咱，,6944955631.9398813,0.0
lseh-ZiNaRi-HongYangDong.xml_0,自（喏）那日朝罢归身（呐）染重病，,6953415451.0890207,0.0
sdxp-WoHeNi-SiLangTanMu.xml_1,我和你好夫妻恩德不浅，,6971688840.2959099,0.0
lseh-JinZhongXiang-ShangTianTai.xml_1,寡人喜的是五谷丰登。,6986310493.0446491,0.0
sdxp-SuLongWei-WuJiaPo.xml_7,大嫂说话礼不端，,7000864583.2900076,0.0
sdxp-DangNianHan-SanJiZhang.xml_6,句句话儿伤父心。,7043612122.5046911,0.0
lsxp-ZheYiFeng-DingJunShan.xml_7,退后的项上吃一刀。,7063731873.0691137,0.0
lseh-NiangZiBu-SouGuJiuGu.xml_12,无奈何我只得双（呃）膝跪，,7079997056.871417,0.1
lsxp-ZheYiFeng-DingJunShan.xml_0,这一封（呃）书信来得巧，,7082604428.1816435,0.1
lseh-LaoZhangBu-WuPenJi.xml_1,我有言来你是（喏）听。,7092929469.7520971,0.0
lsxp-ZouYingLong-DaYanSong.xml_5,他言道严嵩老贼害他的举家一满门。,7133473439.0549068,0.0
lseh-NiangZiBu-SouGuJiuGu.xml_4,我与那公孙杵臼把计定，,7141720010.1504869,0.0
lseh-YiLunMing-ZhuoFangSuDian.xml_4,吕伯奢可算得义气（呀）大，,7145778904.1858425,0.2
lseh-YiLunMing-ZhuoFangCao-1.xml_25,险些儿把事（喏）又（哇）作差。,7160342948.3141489,0.0
sdxp-SuLongWei-WuJiaPo.xml_18,我与你露水的夫妻就过几年（呐）。,7160913882.9030724,0.1
lsxp-TingTaYan-ZhuoFangCao-1.xml_5,这才是花随水水不（哇）能恋（呐）花。,7166036605.4575472,0.0
sdxp-SuLongWei-WuJiaPo.xml_16,送与大嫂把家安。,7176217500.5190744,0.0
lsxp-WeiCengKai-QiYuanBao.xml_7,借宿一宵起祸殃。,7183622724.882556,0.0
lseh-XuMaoGong-QinQiongFaPei.xml_5,其中必有这巧（哇）妙高。,7196470672.0507784,0.0
lsxp-WoZhuYe-ZhuiHanXin.xml_12,今日里萧何荐良将，,7199733606.3998518,0.0
lseh-YiLunMing-ZhuoFangCao-1.xml_6,又谁知此贼的疑心（呐）太（呀）大，,7225008623.4344664,0.0
lseh-TuZeiZuo-SouGuJiuGu.xml_3,大事还要问程婴。,7228315609.407815,0.0
lsxp-DaHeYi-SiLangTanMu.xml_24,你是番邦什么人？,7256201263.7300215,0.0
sdxp-WoHeNi-SiLangTanMu.xml_9,我有心回宋营见母一面，,7265282092.5782776,0.0
sdxp-SuLongWei-WuJiaPo.xml_2,王丞相是我的主婚人（哪）。,7272768855.8751192,0.0
lsxp-WeiCengKai-QiYuanBao.xml_3,姓刘名安字世昌。,7285667002.5720844,0.0
lseh-YiLunMing-WenZhaoGuan-1.xml_32,我冷冷清清向谁言（哪）。,7299916720.0741901,0.0
lseh-YiLunMing-ZhuoFangCao-1.xml_20,贼好比蛟龙未生鳞甲，,7304798960.7310543,0.0
lsxp-ZouYingLong-DaYanSong.xml_6,我劝顽童你休流泪，免悲声，邹老爷就是尔的报仇人。,7320471872.1094265,0.0
lseh-YiLunMing-ZhuoFangCao-2.xml_2,悔不该心猿并意马，,7321362749.4263926,0.0
lseh-NiangZiBu-SouGuJiuGu.xml_6,舍子搭救忠（呃）良的后，,7338562329.1518555,0.0
lsxp-QingGongYan-FaDongWu.xml_1,想起桃园结拜情。,7364819502.640255,0.0
lseh-XinZhongYou-WenZhaoGuan.xml_16,我冷冷清清向谁言（呃）。,7390086650.2513447,0.0
sdxp-WoHeNi-SiLangTanMu.xml_4,誓不忘贤公主恩重如山。,7405362797.9231186,0.0
lseh-XiRiLi-BaoLianDeng.xml_10,首阳山前冻饿死（喏）。,7429309183.529295,0.0
lseh-ZenNengGou-BaDaChui.xml_0,怎能够思一计番营来进，,7432294788.9491673,0.0
lseh-XiRiLi-BaoLianDeng.xml_1,伯夷叔齐二大贤人，,7449853142.5133982,0.0
lsxp-ZuoRiLi-YuanMenZhanZi.xml_3,哭啼啼坐宝帐所为何来。,7461514985.0730791,0.0
lseh-ZiNaRi-HongYangDong.xml_6,老军报他二人在洪洋（呃）洞丧（呃）命，,7469371851.5840387,0.0
lseh-YangYanZhao-PengBei.xml_3,又只见老爹爹瞌睡沉沉。,7501661058.5557518,0.0
lsxp-JiangShenEr-SanJiaDian.xml_2,一不是响马与贼寇，,7532230913.6983128,0.0
lsxp-DaHeYi-SiLangTanMu.xml_22,灯光之下看不真。,7548701388.2623339,0.0
lseh-YiLunMing-ZhuoFangCao-2.xml_10,屈死的冤鬼魂休要怨咱，,7552112394.4453726,0.0
lseh-JinZhongXiang-ShangTianTai.xml_0,金钟响玉磬应王登龙庭，,7553800722.3894196,0.0
lsxp-YiShiWu-YuCangJian.xml_9,行至在昭关有阻拦。,7556856303.3094406,0.0
lsxp-HenPingWang-WenZhaoGuan.xml_0,恨平王无道乱楚宫（兀），,7563982791.2684422,0.0
lseh-XiRiLi-BaoLianDeng.xml_9,那叔齐逃出了后宰门，,7573065974.0336876,0.0
lseh-ZiNaRi-HongYangDong.xml_4,二次（喏）里命孟良番营来进，,7605791149.7103815,0.0
lsxp-WoZhuYe-ZhuiHanXin.xml_3,两路分（呐）兵定咸阳。,7629610328.6481838,0.0
lsxp-HenPingWang-WenZhaoGuan.xml_1,父纳子（呃）妻礼难容，,7662407725.4636803,0.0
lseh-XiRiLi-BaoLianDeng.xml_8,那伯夷出午门无（哇）有踪（呃）影，,7670681287.0699368,0.0
lsxp-TingTaYan-ZhuoFangCao-2.xml_1,背转身自埋怨我自（呃）已做差。,7679727031.4069109,0.0
lsxp-TingTaYan-ZhuoFangCao-1.xml_1,背转身只埋怨我自（呃）己作差，,7679727031.4069109,0.0
lseh-XiRiLi-BaoLianDeng.xml_4,那叔齐分长幼不能担任，,7689975356.7535877,0.0
lseh-YangYanZhao-PengBei.xml_5,又恐怕惊动了年迈之人。,7690761983.4446936,0.0
lsxp-JiangShenEr-SanJiaDian.xml_8,实难舍街坊四邻与我的好朋友，,7694394246.7102718,0.0
lsxp-CiShiJian-HuaiHeYing-1.xml_5,右手再把栾布拉。,7725656332.7278347,0.0
lseh-YiLunMing-ZhuoFangCao-1.xml_7,拔出剑将他的满门杀，,7727487987.9333849,0.0
lseh-XiRiLi-BaoLianDeng.xml_5,那伯夷尊父命也不能应承，,7739796583.1444063,0.0
lseh-YiLunMing-WenZhaoGuan-1.xml_25,不能（哪）哎见爹娘（兀）！,7742734949.5898323,0.0
lseh-YiLunMing-ZhuoFangSuDian.xml_7,拔出剑将他的满门杀，,7745183534.6524611,0.0
lsxp-ZhangGongDao-ZhuangYuanPu.xml_3,为儿（喏）女我也曾补路修桥。,7784316093.404459,0.1
lseh-XinZhongYou-WenZhaoGuan.xml_9,不能（呃）哎见。,7804449819.5956364,0.0
lseh-YiLunMing-WenZhaoGuan-2.xml_4,幸遇那东皋公行方便，,7810228339.822814,0.0
lsxp-JianMaSu-ZhanMaSu.xml_0,见马谡（唩）跪帐下，,7816489417.0034914,0.0
lseh-YiLunMing-ZhuoFangCao-2.xml_6,又谁知此贼的疑心太大，,7823339389.2117338,0.0
sdxp-WoHeNi-SiLangTanMu.xml_3,杨廷辉有一日愁眉得展，,7836770890.7521009,0.1
lsxp-TingTaYan-ZhuoFangCao-1.xml_7,既同行共（呃）大事必须要劝解于他（呀呃）。,7868353471.2496052,0.0
lsxp-TingTaYan-ZhuoFangCao-2.xml_7,既同行共（呃）大事必须要劝解于他（呀呃）。,7868353471.2496052,0.0
lseh-YiLunMing-ZhuoFangCao-1.xml_21,贼好比猛虎未（呀）曾长牙，,7905757851.3315601,0.1
lseh-XiRiLi-BaoLianDeng.xml_12,为父的怎比得孤竹君，,7921841604.358902,0.1
lseh-ZiNaRi-HongYangDong.xml_5,又谁知焦克明他私（呀）自后跟（呐），,7922792233.2174492,0.0
lseh-YiLunMing-WenZhaoGuan-1.xml_4,幸遇那东皋公行方便，,7983416449.0332565,0.0
lsxp-DaHeYi-SiLangTanMu.xml_16,我是你四哥回宋营。,7989560414.9806461,0.0
lseh-YiLunMing-ZhuoFangSuDian.xml_6,又谁知此贼的疑心（呐）太（呀）大，,8011684338.8359337,0.0
lseh-XuMaoGong-QinQiongFaPei.xml_3,缘何不救我出笼牢。,8064505712.5152369,0.0
lsxp-WoBenShi-KongChengJi-2.xml_7,我诸葛怎比得前辈（呃）的先（呃）生。,8075186889.9197464,0.1
lseh-NiangZiBu-SouGuJiuGu.xml_1,卑（呀）人言来你是（喏）听。,8081582976.9985285,0.0
lsxp-DaHeYi-SiLangTanMu.xml_2,杨家将令鬼神惊。,8116383659.7900534,0.0
lseh-YiLunMing-ZhuoFangCao-1.xml_13,越思越想把事来作差。,8157376913.0313969,0.0
lseh-XinZhongYou-WenZhaoGuan.xml_3,叫人难解巧机关。,8174957917.5439844,0.0
lseh-JinZhongXiang-ShangTianTai.xml_5,又听得殿角下大放悲声。,8188386811.8405943,0.1
lseh-XinZhongYou-WenZhaoGuan.xml_5,为何几日他不言，,8203406221.5378704,0.1
lsxp-WeiCengKai-QiYuanBao.xml_5,贩卖绸缎转还乡。,8210209010.9911842,0.0
lseh-XiRiLi-BaoLianDeng.xml_2,都只为孤（哇）竹君身染重病（哪），,8229101427.1758432,0.0
lseh-YiLunMing-WenZhaoGuan-1.xml_6,一连几天我的眉不（哇）展，,8354333646.0604343,0.1
lsxp-ZouYingLong-DaYanSong.xml_9,那一旁坐的就是严阁老，,8441976983.6261721,0.0
lsxp-WoBenShi-KongChengJi-2.xml_3,算就了汉家的业鼎足（呃）三分。,8445784074.3969564,0.1
lsxp-CiShiJian-HuaiHeYing-2.xml_7,生死二字（喏）且由他！,8500673898.4175854,0.0
lsxp-ZhangGongDao-ZhuangYuanPu.xml_4,怕将（呃）来老天爷无（哇）有果报，,8677218929.6117725,0.0
sdxp-SuLongWei-WuJiaPo.xml_19,是烈女就该在家院，,8681110786.205862,0.0
lsxp-JiangShenEr-SanJiaDian.xml_0,将身儿来至在大街口，,8836816421.298069,0.0
lseh-YiLunMing-WenZhaoGuan-1.xml_19,叫人难解巧机关，,8884221889.2248249,0.0
lsxp-ZouYingLong-DaYanSong.xml_7,站立在殿角用目来观定，,8903803222.3331947,0.0
lsxp-JiangShenEr-SanJiaDian.xml_6,舍不得太爷的恩情厚，,8967337051.8368893,0.1
lseh-XiRiLi-BaoLianDeng.xml_11,留得美名万古存，,9044501640.923193,0.2
lseh-YiLunMing-ZhuoFangCao-2.xml_4,吕伯奢可算得义气大，,9056706249.4968815,0.2
lseh-YiLunMing-WenZhaoGuan-1.xml_21,为何几日他不言。,9110939603.2112522,0.1
lsxp-JiangShenEr-SanJiaDian.xml_14,眼见得红日坠落在西山后，,9110975174.4846401,0.1
lseh-NiangZiBu-SouGuJiuGu.xml_11,不舍娇儿难救孤身。,9116140181.0871162,0.0
lsxp-WoBenShi-KongChengJi-2.xml_1,凭阴阳如反掌保定乾坤。,9130699575.9569435,0.0
lseh-YiLunMing-ZhuoFangCao-2.xml_5,杀猪沽酒款待与他。,9166132954.7964973,0.0
lseh-NiangZiBu-SouGuJiuGu.xml_9,来年必定降麒麟。,9189949243.5583858,0.0
lsxp-ZouYingLong-DaYanSong.xml_2,那一日打从大街进，,9197397008.4966278,0.0
lseh-XinZhongYou-WenZhaoGuan.xml_1,翻来复去睡不安。,9271923384.7998295,0.0
sdxp-WoHeNi-SiLangTanMu.xml_8,我的娘押粮草来到北番。,9317119939.5015259,0.0
lseh-YiLunMing-WenZhaoGuan-1.xml_17,翻来覆去睡不（哇）安。,9330925264.9370022,0.0
lsxp-WoBenShi-KongChengJi-1.xml_7,俺诸（喏）葛怎比得前辈呀的先哪生。,9356061397.4113121,0.1
lsxp-TingTaYan-ZhuoFangCao-1.xml_2,我先前只望他宽宏量（呃）大，,9365910891.1662083,0.0
lsxp-TingTaYan-ZhuoFangCao-2.xml_2,我先前只望他宽宏量（呃）大，,9365910891.1662083,0.0
lsxp-ZouYingLong-DaYanSong.xml_10,他本是我朝中上欺天子下压臣谋朝篡位卖国的奸贼他名叫严嵩，,9688465018.8059559,0.0
lseh-XinZhongYou-WenZhaoGuan.xml_14,朝臣待漏五更寒。,9753045288.0546455,0.0
lseh-YiLunMing-ZhuoFangCao-2.xml_7,拔出剑将他的满门杀。,9963184224.9232121,0.0
lsxp-WoZhuYe-ZhuiHanXin.xml_13,但愿得言听计从重整汉家邦、一同回故乡。,9974983912.5037498,0.1
lseh-YiLunMing-WenZhaoGuan-2.xml_6,一连几天我的眉不（呃）展，,10129417359.483721,0.1
lsxp-WoZhuYe-ZhuiHanXin.xml_14,撩袍端带我把金殿上，,10275186046.581308,0.0
lseh-YiLunMing-WenZhaoGuan-1.xml_30,朝臣待漏（哇）五更寒，,10479700538.376844,0.0
lseh-YiLunMing-ZhuoFangCao-1.xml_16,我只说贼是个宽宏量大，,10964538921.062395,0.0
lsxp-JiangShenEr-SanJiaDian.xml_12,儿想娘亲难叩首，,11030602563.992279,0.0
lsxp-WoZhuYe-ZhuiHanXin.xml_2,怀王也曾把旨降，,11046181800.263504,0.1
lseh-ZenNengGou-BaDaChui.xml_1,前后话对文龙细说衷情。,11354434311.072115,0.0
lsxp-JiangShenEr-SanJiaDian.xml_10,娘生儿连心肉，,11767030155.058659,0.0
lsxp-WoZhuYe-ZhuiHanXin.xml_6,也是我主洪福广，,11875083868.918598,0.0
lsxp-JiangShenEr-SanJiaDian.xml_4,杨林与我来争斗，,12802366128.748287,0.0
lseh-LaoZhangBu-WuPenJi.xml_7,望求老丈把冤伸。,13068034545.234934,0.0
lsxp-WoZhuYe-ZhuiHanXin.xml_10,项羽不遵怀王约，,13473143030.956861,0.0
sdxp-WoHeNi-SiLangTanMu.xml_16,快马加鞭我一夜还。,14263959295.727707,0.0
