轻移步走向前荒郊站定,0,轻移步走向前荒郊站定，
danbz-KanDaWang-BaWangBieJi.xml_2,轻移步走向前荒郊站定，,1018178.5369237781,1.0
danbz-KanDaWang-BaWangBieJi.xml_3,猛抬头见碧落月色清明。,3710445.3786287182,0.0
daeh-ZuoRiGong-TaiZhenWaiChuan.xml_2,思想起从前事心中悔恨，,3724946.8047962557,0.1
daeh-NuZiYou-TouJunBieYao.xml_2,但愿得去投军功名有望，,3746063.5385078755,0.0
sdxp-WoHeNi-SiLangTanMu.xml_24,因何故终日里愁眉不展，,3870715.5267098835,0.0
sdeh-WenSanNiang-SanNiangJiaoZi.xml_6,又谁知平白的闪跌一跤。,4115801.6899079047,0.0
daxp-FeiShiWo-TaoHuaCun.xml_17,听我的号令上战场。,4178466.2808667812,0.0
sdxp-WoHeNi-SiLangTanMu.xml_23,咱与你隔南北千里姻缘。,4200633.7971823299,0.0
daxp-MuQinBu-FengHuanChao.xml_5,活在世上也枉然。,4244879.2839845112,0.0
daeh-WangChunE-SanNiangJiaoZi.xml_2,春娥女好一此失群孤雁，,4275654.5991975944,0.0
daeh-LiYanFei-DaBaoGuo.xml_3,各国的众王侯朝贺中华。,4282532.515390682,0.0
daeh-LiYanFei-DaBaoGuo.xml_9,压定了文武臣均要画押。,4405664.4348826632,0.1
daeh-SunShangXiang-BieHuangGong.xml_0,孙尚香坐宫院自思自叹，,4446097.3356748428,0.0
daeh-ZaoBuXing-HeHouMaDian.xml_3,反倒说为嫂我拦阻有差，,4458147.5271700248,0.0
daeh-ZiNaRi-ZhuangYuanMei-1.xml_1,行不安坐不宁情态缠绵。,4471811.6215894511,0.0
daeh-TanHongYan-HuoXiaoYu.xml_4,枕边泪（呀）共（那）阶前雨，,4476336.2362960232,0.1
daxp-MengJunZi-ChunQiuPei-2.xml_0,蒙君子至诚心再三问话，,4501342.4689336736,0.0
daeh-ZuoChunGui-XiShi.xml_0,坐春闺只觉得光明似箭，,4550027.5056912247,0.0
daxp-ChunQiuTing-SuoLinNang.xml_19,满腹骄矜顿雪潇，,4622450.661214781,0.0
daxp-DangRiLi-SuoLinNang.xml_1,霎时间日色淡似坠西山。,4646341.2035379168,0.0
daxp-JiaoZhangSheng-HongNiang.xml_3,这件事倒叫我心乱如麻。,4685633.5495620295,0.0
daeh-ZaoBuXing-HeHouMaDian.xml_7,贼好比那司马师搅乱中华。,4686086.9819038212,0.0
daeh-ZaoBuXing-HeHouMaDian.xml_5,贼好比曹阿瞒半点不差，,4713150.4070007754,0.0
daeh-ZuoRiGong-TaiZhenWaiChuan.xml_0,昨日宫中何等宠幸，,4755387.9442714378,0.0
daxp-QiaoLouShang-HuangShanLei.xml_8,听画鼓报四更愈添凄冷，,4766391.0113697639,0.0
daxp-MengJunZi-ChunQiuPei-1.xml_3,我的父名姜绍贸易天涯。,4778313.4129926898,0.0
daxp-QiaoLouShang-HuangShanLei.xml_0,谯楼上二更鼓声声送听，,4782770.7525824821,0.0
daspd-HaiDaoBing-GuiFeiZuiJiu.xml_2,那冰轮离海岛，,4838292.4069639444,0.0
daeh-WangChunE-SanNiangJiaoZi.xml_0,王春娥坐草堂自思自叹，,4955676.6552201668,0.0
daeh-NuZiYou-TouJunBieYao.xml_0,奴自幼在闺阁娇生惯养，,4961626.1558786053,0.0
daxp-DangRiLi-SuoLinNang.xml_9,她泪自弹、声续断、似杜鹃、啼别院、巴峡哀猿动人心弦，好不惨然。,4970202.6677683536,0.0
daeh-ZaoBuXing-HeHouMaDian.xml_9,只骂得贼昏王扭转身驱、闭目合晴、羞羞惭惭一语不发，,4971103.0343293361,0.0
daxp-NiDeFu-FenHeWan.xml_0,你的父去投军无音信，,4971170.0290552126,0.0
daxp-SuSanLi-NvQiJie.xml_7,来生变犬马我当报还！,4972584.9413964506,0.0
daxp-ErTingDe-SuoLinNang.xml_28,麟儿哪有神送到，,4986612.2660262818,0.0
daxp-LaoDieDie-SanJiZhang-1.xml_3,贫穷人得了志比富还强。,4994333.3826602902,0.0
daxp-ErTingDe-SuoLinNang.xml_19,谁能移动它半分毫。,5029388.437321458,0.1
dldeh-ShouBiPo-ChunQiuPei.xml_3,奴好比花未开风吹雨打，,5041324.8867483474,0.0
daxp-WoZhuYe-SiLangTanMu.xml_0,我主爷金沙滩早把命丧，,5044949.6267269198,0.0
daxp-MengJunZi-ChunQiuPei-1.xml_5,莫奈何到荒郊我就来捡芦花。,5050693.974154029,0.2
daeh-ZiNaRi-ZhuangYuanMei-1.xml_11,但愿得杨六郎心如石坚，,5052603.5986594483,0.0
daeh-WangChunE-SanNiangJiaoZi.xml_4,薛倚儿他好比无弓之箭，,5068615.7313829046,0.0
daeh-WangChunE-SanNiangJiaoZi.xml_3,老薛保好一似浪里舟船。,5074735.8513732292,0.0
daeh-NaRiFeng-YuanXiaoMi.xml_3,我与母亲两分离。,5091660.1893554451,0.0
daxp-ErTingDe-SuoLinNang.xml_20,我正不足她正少，,5105633.9995091567,0.0
daxp-ChunQiuTing-SuoLinNang.xml_11,必有隐情在心潮。,5114206.2357950788,0.0
daxp-DangRiLi-SuoLinNang.xml_0,当日里好风光忽觉转变，,5117067.4134424515,0.0
daxp-ChunQiuTing-SuoLinNang.xml_7,世上何尝尽富豪，,5118138.0009878427,0.0
daeh-NaRiFeng-YuanXiaoMi.xml_1,死里逃生甚惨凄。,5180006.6912444504,0.0
daxp-MengJunZi-ChunQiuPei-2.xml_2,家住在罗郡城魁星楼下，,5194807.2220486039,0.0
daeh-ZuoChunGui-XiShi.xml_2,奴这里心中痛玉颜清减，,5220896.905644008,0.0
daeh-SunShangXiang-BieHuangGong.xml_2,遭不幸父王爷把驾来晏，,5225101.2481623553,0.0
daeh-ZaoBuXing-HeHouMaDian.xml_11,两旁的文武臣珠泪如麻，,5226313.3967469931,0.0
daeh-LiYanFei-DaBaoGuo.xml_0,李艳妃设早朝龙书案下，,5241277.7454321291,0.0
sdxp-DangNianHan-SanJiZhang.xml_14,在六国封相人上人。,5259108.0819686558,0.0
daxp-QiaoLouShang-HuangShanLei.xml_11,又思来又想去越不安宁。,5277020.0439750599,0.0
daxp-LaoDieDie-SanJiZhang-2.xml_3,这样人得了志比父还强。,5283679.3310728949,0.0
daxp-FeiShiWo-TaoHuaCun.xml_7,桃花村口莫彷徨。,5296051.9959407654,0.0
daeh-ZiNaRi-ZhuangYuanMei-2.xml_1,行不安坐不宁情态缠绵。,5299361.6994289132,0.0
daxp-WoZhuYe-SiLangTanMu.xml_2,众卿随忙挂点亲率官员，,5305016.8988933982,0.0
daeh-LiYanFei-ErJinGong.xml_3,想必是徐杨将进了昭阳。,5311799.8890208462,0.0
daeh-WuDuanQiao-BiYuZan.xml_0,无端巧计将人陷，,5332063.358099441,0.0
daxp-LaoDieDie-DaYuShaJia-1.xml_1,到叫我桂英儿挂在心头；,5333262.2934535444,0.0
daxp-ErTingDe-SuoLinNang.xml_21,她为饥寒我为骄。,5342277.2176276259,0.0
daxp-XiRiLi-LongFengChengXiang.xml_5,纵有大事料无妨。,5375816.7306669923,0.0
daxp-ErTingDe-SuoLinNang.xml_17,满腹骄矜顿雪潇。,5383095.7948345337,0.0
daxp-ErTingDe-SuoLinNang.xml_7,不该人前乱解嘲。,5383095.7948345337,0.1
daspd-DuShouKong-WangJiangTing.xml_0,独守空帏暗长叹，,5387024.1924884515,0.0
daxp-QiaoLouShang-HuangShanLei.xml_15,你爹爹到如今未转家门。,5388182.751187087,0.0
daeh-ZiNaRi-ErJinGong.xml_9,想起了老王爷好不惨伤。,5400072.0624525994,0.0
daxp-WoDeNiang-XinAnYi.xml_0,我的娘她忘了女生外姓，,5421945.6613300191,0.0
daxp-DiTouLi-NvQiJie.xml_7,来生变犬马我当报还。,5446276.8916522991,0.0
daxp-WoHeNi-SangYuanHui.xml_1,谁认你狼心狗肺的人！,5446598.9151699608,0.0
daxp-ChunQiuTing-SuoLinNang.xml_23,他为饥寒我为娇。,5453033.2515518172,0.0
daxp-SuSanLi-NvQiJie.xml_3,过往的君子听我言。,5499889.3360656621,0.0
dldeh-ShouBiPo-ChunQiuPei.xml_1,受逼迫去捡柴泪如雨下，,5514892.5892959088,0.0
daxp-ChunQiuTing-SuoLinNang.xml_31,积德才生玉树苗，,5522319.060991534,0.0
daxp-FeiShiWo-TaoHuaCun.xml_3,关系你患难鸳鸯永宿在池塘。,5529193.9527629521,0.0
daxp-LaoDieDie-DaYuShaJia-1.xml_3,等候了爹爹回细问根由。,5564502.3705602018,0.0
daxp-ZhiJianTa-WangJiangTing.xml_9,相公你为何不歇息？,5570138.9615694871,0.0
daxp-JiaoZhangSheng-HongNiang.xml_1,我步步行来你步步爬。,5570356.1600637492,0.1
daeh-LiYanFei-DaBaoGuo.xml_5,候幼主成了龙原业归家。,5574737.1822879063,0.0
daxp-ZhiJianTa-WangJiangTing.xml_5,隐情不敢实告妻。,5581945.659861465,0.0
sdxp-SuLongWei-WuJiaPo.xml_31,命人送到（那）西凉川。,5593943.110755018,0.0
daxp-ZhiJianTa-WangJiangTing.xml_1,长吁短叹语声低。,5595179.3014715808,0.0
daspd-DuShouKong-WangJiangTing.xml_1,芳心寂寞有谁怜，,5610327.9559075013,0.0
sdxp-SuLongWei-WuJiaPo.xml_34,将你带到官衙内，,5629309.2275867173,0.0
sdxp-SuLongWei-WuJiaPo.xml_33,家人小厮有万千。,5668986.235643914,0.0
daxp-ChunQiuTing-SuoLinNang.xml_6,此时却又明白了，,5673786.8907920383,0.0
sdxp-SuLongWei-WuJiaPo.xml_37,欺奴犹如欺了天。,5683920.8734160401,0.0
daxp-ChunQiuTing-SuoLinNang.xml_25,安他半世凤凰巢。,5691419.0755650112,0.0
daxp-ErTingDe-SuoLinNang.xml_23,安她半世凤凰剿。,5691419.0755650112,0.0
daeh-ZiNaRi-ErJinGong.xml_2,先王爷晏驾后太子年幼，,5739146.2852961235,0.0
daxp-ErTingDe-SuoLinNang.xml_9,哪有个袖手旁观在壁上瞧。,5753903.4682520963,0.0
daxp-ChunQiuTing-SuoLinNang.xml_3,想必是新婚渡鹊桥，,5754060.4706785288,0.0
daxp-LaoDieDie-DaYuShaJia-1.xml_2,将身儿坐至在草堂等候，,5756363.2042594785,0.0
daeh-SunShangXiang-BieHuangGong.xml_8,恨只恨我兄长把事错办，,5777747.3010819573,0.0
daxp-ErDeFu-HongNiGuan.xml_7,又恐怕众将官说短论长。,5781810.2202277649,0.0
daxp-MengTingDe-MuiGuiYingGuaShuai.xml_7,我一剑能挡百万兵。,5799792.3973011607,0.0
daxp-QiaoLouShang-HuangShanLei.xml_9,看娇儿正酣睡恐被风侵。,5828607.8115136074,0.0
daeh-CanQiQi-WuLongZuo.xml_0,惨凄凄唤苍天天不应响，,5834116.62479515,0.0
daxp-WoZhuYe-SiLangTanMu.xml_4,叫番儿忙摆驾银安殿，,5835319.6381915268,0.0
daxp-ZhiJianTa-WangJiangTing.xml_7,何必独自就暗猜疑。,5841128.5122798262,0.0
daspd-DuShouKong-WangJiangTing.xml_2,孀居愁苦泪洗面，,5886748.4926818218,0.0
sdxp-SuLongWei-WuJiaPo.xml_29,府内金银堆如山。,5936262.1019487558,0.0
sdxp-SuLongWei-WuJiaPo.xml_27,三人对面（就）说分明。,5942654.6460844968,0.0
daxp-LaoDieDie-DaYuShaJia-2.xml_1,倒叫我桂英儿挂在心头。,5948486.9212239608,0.0
daeh-LiYanFei-DaBaoGuo.xml_6,写文约我且把玉玺打下，,5970126.4115915252,0.0
daeh-ZiNaRi-ZhuangYuanMei-2.xml_11,但愿得杨六郎心如石坚。,5973931.1555153476,0.0
daxp-ChunQiuTing-SuoLinNang.xml_5,为何鲛珠化泪抛？,5983374.2952251323,0.0
sdxp-DangNianHan-SanJiZhang.xml_10,都是安邦定国臣，,5990166.8835212607,0.1
daxp-TingTaYan-ZuoGong.xml_4,我这里走向前再把礼见，,6010622.9094494078,0.3
sdxp-SuLongWei-WuJiaPo.xml_43,落得个孝子的名儿在那天下传。,6030513.3331364235,0.0
daxp-ErTingDe-SuoLinNang.xml_29,积德才生玉树苗。,6043475.1892146328,0.0
daxp-ErDeFu-HongNiGuan.xml_4,清早起我和他一度商量，,6044746.6153645013,0.0
sdxp-DangNianHan-SanJiZhang.xml_12,登台拜帅天下闻。,6049222.0326024508,0.0
daeh-NaRiFeng-YuanXiaoMi.xml_0,那日风波平地起，,6052831.7390847681,0.0
daeh-NaRiFeng-YuanXiaoMi.xml_7,不如早死命归西。,6075051.1055991296,0.0
daeh-LiYanFei-DaBaoGuo.xml_8,赐你的上方剑朝房问话，,6087252.5642311294,0.0
daxp-LaoDieDie-SanJiZhang-1.xml_0,老爹爹请息（呀）怒容儿细讲，,6099353.0892561655,0.0
daeh-LiYanFei-ErJinGong.xml_0,李艳妃坐昭阳自思自想，,6100174.0835175617,0.0
daxp-TingTaYan-ZuoGong.xml_1,十五载到今日才吐真言。,6103243.9991094051,0.0
daxp-JiaoZhangSheng-HongNiang.xml_5,听号令且莫要惊动了她。,6106061.8913800307,0.0
sdxp-SuLongWei-WuJiaPo.xml_35,打板子、上夹棍、丢南牢、坐监禁、管叫你思前容易退后难。,6116257.3388700141,0.1
daxp-ErDeFu-HongNiGuan.xml_2,奴这里只把那结婚思量，,6133697.5539446259,0.0
daeh-TanHongYan-HuoXiaoYu.xml_2,薄幸冤家音信无有，,6137345.781176053,0.0
daxp-FeiShiWo-TaoHuaCun.xml_11,是不是有人拍巴掌。,6145505.6873963261,0.0
danbz-KanDaWang-BaWangBieJi.xml_0,看大王在帐中和衣睡稳，,6146483.8298293827,0.0
daxp-FeiShiWo-TaoHuaCun.xml_2,今夜晚非比那西厢待月、你懂提防、莫轻狂，,6153547.5352066513,0.1
daxp-FeiShiWo-TaoHuaCun.xml_1,只怪你呆头呆脑慌慌张张。,6156581.4154809313,0.0
daxp-XiShiNv-XiShi.xml_0,西施女生长在苎萝村里，,6161684.9178831307,0.0
daxp-DiTouLi-NvQiJie.xml_5,与我那三郎把信传。,6168268.4851250192,0.0
daxp-XiRiLiang-LongFengChengXiang.xml_2,暗地堪笑我兄长，,6175153.9851341527,0.0
daeh-XiaoNuCai-SanNiangJiaoZi.xml_5,叹一声不由人珠泪如梭。,6178610.9273713334,0.0
danbz-BeiJiuChan-ChunGuiMeng.xml_3,莫负他好春宵一刻千金。,6182449.4748589844,0.0
daxp-LaoDieDie-DaYuShaJia-2.xml_3,等候了爹爹回细问根由。,6232760.6449832441,0.0
daxp-NiDeFu-FenHeWan.xml_1,全仗你打雁养娘亲，,6234154.5629509706,0.0
daxp-ChunQiuTing-SuoLinNang.xml_33,救她饥渴胜琼瑶。,6251511.1755576059,0.0
daxp-XiRiLiang-LongFengChengXiang.xml_0,昔日梁鸿配孟光，,6277825.4246638939,0.0
daxp-SuSanLi-NvQiJie.xml_5,与我那三郎把信传。,6280316.0079829153,0.0
daspd-HaiDaoBing-GuiFeiZuiJiu.xml_6,奴似嫦娥离月宫。,6295258.7281227736,0.0
daxp-ZhiJianTa-WangJiangTing.xml_6,低下头心生计，,6339520.8047657823,0.0
daxp-DuiLingHua-BiYuZan.xml_2,果然是成佳偶两心欢恋，,6350057.3340083025,0.0
daxp-ChenSanLiang-ChenSanLiangPaTang.xml_4,诗书易礼都学会，,6366400.0055355262,0.0
daxp-LaoDieDie-YuZhouFeng.xml_4,老爹爹在朝中官高爵显，,6395082.2921013748,0.0
sdxp-DangNianHan-SanJiZhang.xml_21,不能、不能、是万不能！,6401691.5429492034,0.0
daxp-MengTingDe-MuiGuiYingGuaShuai.xml_3,敌血飞溅石榴裙。,6405971.7584040174,0.0
daxp-XiRiLi-LongFengChengXiang.xml_0,昔日里梁鸿配孟光，,6427898.7343243314,0.0
daeh-ZiNaRi-ZhuangYuanMei-2.xml_8,幸喜得珍珠衫称心如愿，,6453250.716043883,0.0
daxp-MengTingDe-MuiGuiYingGuaShuai.xml_5,寸土怎能够属于他人。,6469050.1946923919,0.0
daxp-ChunQiuTing-SuoLinNang.xml_30,麟儿那有神送到，,6474718.6569055459,0.0
daeh-LiYanFei-ErJinGong.xml_1,想起了朝中事好不惨伤！,6477279.456983461,0.0
daxp-MengTingDe-MuiGuiYingGuaShuai.xml_6,番王小丑何足论，,6478923.9432340944,0.0
daeh-SunShangXiang-BieHuangGong.xml_5,又谁知弄假成真反配凤鸾。,6483442.1015785933,0.0
daxp-ChenSanLiang-ChenSanLiangPaTang.xml_5,最可恨鸨儿叫我接客人。,6495205.4797656024,0.0
daeh-XiaoNuCai-SanNiangJiaoZi.xml_2,哭一声亡故夫在阴曹等我，,6510501.4938096264,0.0
danbz-BeiJiuChan-ChunGuiMeng.xml_5,待我来搀扶（哇）你重订鸳盟。,6513670.7656917628,0.0
daxp-LaoDieDie-YuZhouFeng.xml_1,明早朝上金殿面奏吾皇。,6517648.6073044697,0.0
daeh-ZiNaRi-ErJinGong.xml_0,自那日与徐杨决裂以后，,6520011.5602247892,0.0
daxp-XiRiLiang-LongFengChengXiang.xml_3,安排巧计害刘王。,6528254.6848940449,0.0
daxp-DangRiLi-SuoLinNang.xml_13,怎奈我在轿中赤手空拳。,6541158.0937826158,0.0
daeh-ZiNaRi-ErJinGong.xml_3,太师爷一心心想篡龙楼。,6546775.3865203271,0.0
daxp-DuiLingHua-BiYuZan.xml_0,对菱花暗地里芳心自转，,6548696.1500731045,0.0
daxp-ChunQiuTing-SuoLinNang.xml_21,谁能移动他半分毫。,6550785.0890241554,0.1
daeh-ZiNaRi-ZhuangYuanMei-2.xml_4,这桩事闷得我柔肠百转，,6557533.3198122596,0.0
daeh-ZaoBuXing-HeHouMaDian.xml_1,贼昏王篡了位谋乱邦家。,6584474.4595139073,0.0
daxp-FeiShiWo-TaoHuaCun.xml_8,你不要高声不要嚷，,6591073.066091042,0.0
daeh-SunShangXiang-BieHuangGong.xml_6,回荆州未三载诓我回转，,6598080.0691693677,0.0
daxp-ChunQiuTing-SuoLinNang.xml_0,春秋亭外风雨暴，,6599594.8526511183,0.0
daeh-ZiNaRi-ErJinGong.xml_4,他那里父女情全然无有，,6611523.3476166567,0.0
daxp-SuSanLi-NvQiJie.xml_4,哪一位去往南京转，,6621743.1437600795,0.0
daxp-DangRiLi-SuoLinNang.xml_11,为什么悲切切哭得可怜。,6628301.6824741112,0.0
daxp-MengJunZi-ChunQiuPei-2.xml_3,我爹爹名姜绍贸易天涯。,6632231.9204119677,0.0
daxp-ErDeFu-HongNiGuan.xml_5,不想到狠心郎一味猖狂。,6670731.0660019889,0.0
daxp-ErTingDe-SuoLinNang.xml_6,梅香说话好颠倒，,6676600.13399434,0.0
daeh-TanHongYan-HuoXiaoYu.xml_1,美满姻缘付东流。,6685611.5240430646,0.0
daeh-WuDuanQiao-BiYuZan.xml_2,独处闺房愁无限，,6687982.0377229759,0.0
daxp-GuanShiYin-TianNvSanHua.xml_3,白鹦鹉与仙鸟在灵岩神岘上下飞翔；,6730833.297803035,0.0
daxp-NiDeFu-FenHeWan.xml_3,不等到日落及早回程。,6737909.0119106499,0.0
daeh-CanQiQi-WuLongZuo.xml_2,千金休哪曾受磨房景况，,6741072.4401628394,0.0
daeh-WuDuanQiao-BiYuZan.xml_6,一心早想寻短见，,6753034.9280226259,0.0
daxp-FeiShiWo-TaoHuaCun.xml_4,已然错请生波浪，,6758941.4534462346,0.0
daeh-LiYanFei-ErJinGong.xml_5,我只得怀抱太子两泪汪汪口口声声哭的是先王。,6760190.3824498085,0.0
daxp-DangRiLi-SuoLinNang.xml_15,囊虽小却能做续命泉源。,6797768.5569189237,0.0
daxp-LaoDieDie-YuZhouFeng.xml_3,观此本免了儿一门祸殃。,6801783.5872151824,0.0
daeh-ZiNaRi-ErJinGong.xml_11,想必是徐杨进了昭阳。,6804032.3443382559,0.0
daxp-ZhiJianTa-WangJiangTing.xml_0,只见他一封书信握手里，,6806714.5513222702,0.0
daeh-ZiNaRi-ZhuangYuanMei-2.xml_10,但愿得令公令婆别无意见，,6810594.6615059758,0.0
daxp-JiaoZhangSheng-HongNiang.xml_0,叫张生隐藏在棋盘之下，,6833741.2681891406,0.0
daxp-ErTingDe-SuoLinNang.xml_4,叫梅香你把那好言相告，,6847627.8461240074,0.0
daeh-ZaoBuXing-HeHouMaDian.xml_0,遭不幸老王爷晏了御驾，,6861436.0633915672,0.0
daxp-DangRiLi-SuoLinNang.xml_10,于归日理应当喜形于面，,6906419.0372639531,0.0
daeh-XiaoNuCai-SanNiangJiaoZi.xml_0,小奴才他一言问住我，,6912636.503562456,0.0
daeh-ZiNaRi-ErJinGong.xml_6,徐小姐把守在宫门口，,6915136.9499260616,0.0
daeh-NuZiYou-TouJunBieYao.xml_1,为薛郎我父女断绝情长。,6933793.7401852217,0.0
daxp-ChunQiuTing-SuoLinNang.xml_24,分我一枝珊瑚宝，,6935194.4777789079,0.0
daxp-ChunQiuTing-SuoLinNang.xml_22,我在不足他正少，,6935194.4777789079,0.0
daxp-ErDeFu-HongNiGuan.xml_0,儿的父为国家阵前命丧，,6942087.0763569577,0.1
daeh-LiYanFei-ErJinGong.xml_2,耳边厢又听得朝靴响亮，,6949850.8413442858,0.0
daxp-LaoDieDie-DaYuShaJia-1.xml_0,老爹爹清晨起前去出前，,6952754.6682837177,0.1
sdxp-WoHeNi-SiLangTanMu.xml_22,讲什么夫妻情恩德不浅，,6954039.8009551559,0.0
daxp-DangRiLi-SuoLinNang.xml_16,有金珠和珍宝光华灿烂，,6956943.7177688638,0.0
daeh-ZaoBuXing-HeHouMaDian.xml_10,只骂得贼昏王无言对答。,6958807.8852537451,0.0
daxp-XiRiLi-LongFengChengXiang.xml_3,安排虎计害刘王。,6970960.847520682,0.0
daxp-QiaoLouShang-HuangShanLei.xml_5,猛听得窗儿外似有人行。,6978538.8814895954,0.0
daxp-ChunQiuTing-SuoLinNang.xml_10,轿内的人儿弹别调，,6998491.8759835521,0.0
daxp-GuanShiYin-TianNvSanHua.xml_2,菩提树薝卜花千枝掩映，,6999760.336138363,0.0
daeh-WangChunE-SanNiangJiaoZi.xml_5,每日里在书房苦读圣贤。,7042096.1312530618,0.0
daeh-ZiNaRi-ZhuangYuanMei-1.xml_12,但愿得状元媒月老引线，,7050754.7600413105,0.0
daxp-ChunQiuTing-SuoLinNang.xml_16,叫梅香你把那好言相告，,7061601.897953934,0.0
daeh-ZiNaRi-ZhuangYuanMei-1.xml_4,这桩事闷得我柔肠百转，,7074472.1869546343,0.0
daxp-ChunQiuTing-SuoLinNang.xml_20,人情冷暖凭天造，,7077005.5504738074,0.0
daxp-MengJunZi-ChunQiuPei-1.xml_0,蒙君子至殷勤再三问话，,7078732.1161097782,0.0
daxp-LaoDieDie-DaYuShaJia-2.xml_0,老爹爹清晨起前去出首，,7079584.5059524169,0.1
daxp-ErTingDe-SuoLinNang.xml_22,分我一枝珊瑚宝，,7097753.6708968645,0.0
sdxp-DangNianHan-SanJiZhang.xml_13,商鞅不中苏季子，,7097753.6708968645,0.0
daeh-ZuoRiGong-TaiZhenWaiChuan.xml_3,但不知何日里再沐圣明。,7104425.553369429,0.0
daeh-ZuoChunGui-XiShi.xml_1,无限的闲愁恨尽上眉尖。,7115735.4107260983,0.0
daxp-MengTingDe-MuiGuiYingGuaShuai.xml_1,唤起我破天门状志凌云。,7120574.8153842958,0.0
daeh-ZiNaRi-ZhuangYuanMei-2.xml_5,不知道他与我是否一般。,7147594.4571712753,0.0
sdxp-DangNianHan-SanJiZhang.xml_16,难道说文官他就不丧身？,7169632.3158700345,0.0
daxp-MengTingDe-MuiGuiYingGuaShuai.xml_0,猛听得金鼓响画角声震，,7172360.483086789,0.0
daeh-SunShangXiang-BieHuangGong.xml_7,阿斗儿行中途被子龙追还。,7182162.0293304306,0.0
danbz-BeiJiuChan-ChunGuiMeng.xml_0,被纠缠陡想起婚时情景，,7184700.8706935644,0.0
daeh-ZiNaRi-ZhuangYuanMei-1.xml_9,宋天子主婚姻此事成全。,7184794.6241515726,0.0
daeh-XiaoNuCai-SanNiangJiaoZi.xml_3,等候了你妻子同见阎罗。,7185000.8648059703,0.0
daeh-NaRiFeng-YuanXiaoMi.xml_6,我今绝少人生趣，,7226451.9161138823,0.0
danbz-BeiJiuChan-ChunGuiMeng.xml_2,我不免去安排罗衾绣枕，,7243843.9747182326,0.0
daxp-ZhiJianTa-WangJiangTing.xml_3,害得儿夫犯焦急；,7250885.8181148227,0.0
daeh-LiYanFei-DaBaoGuo.xml_2,太师爷奏一本进贡年下，,7252537.1522212336,0.0
daxp-ErTingDe-SuoLinNang.xml_18,人情冷暖凭空造，,7256837.7685040552,0.0
daxp-DangRiLi-SuoLinNang.xml_8,轿中人必定有一腔幽怨，,7266400.2137826532,0.1
daxp-FeiShiWo-TaoHuaCun.xml_16,你把我当做诸葛亮，,7266853.769074711,0.0
daxp-DiTouLi-NvQiJie.xml_4,哪一位去往南京转，,7268913.5590417525,0.0
daeh-ZiNaRi-ErJinGong.xml_8,李艳妃坐昭阳自思自想，,7274091.5015666354,0.0
daxp-XiShiNv-XiShi.xml_5,对清溪时照影自整罗农。,7290668.9562968416,0.0
daxp-TingTaYan-ZuoGong.xml_7,不知者不怪罪你的海量放宽。,7291484.2909562523,0.0
daeh-CanQiQi-WuLongZuo.xml_1,叹红颜多薄命父母双亡。,7291665.9421038292,0.0
daxp-DangRiLi-SuoLinNang.xml_3,耳听得风声断，雨声喧，雷声乱，乐声阑珊，人声呐喊，都道说是大雨倾天。,7304635.1036753999,0.0
daeh-WangChunE-SanNiangJiaoZi.xml_6,将身儿来至在机房织绢，,7328530.6674192594,0.0
daxp-ErTingDe-SuoLinNang.xml_14,休要噪且站了，,7328816.1027340861,0.1
daxp-ZheCaiShi-SuoLinNang.xml_3,残生一线付惊涛。,7341800.0585011523,0.0
daeh-ZaoBuXing-HeHouMaDian.xml_8,只骂得贼昏王装聋作哑，,7344099.839038007,0.0
daxp-MengJunZi-ChunQiuPei-1.xml_1,虽然是男女别不得不答。,7359639.0746359043,0.0
daeh-ZiNaRi-ErJinGong.xml_10,耳边厢又听得朝靴响亮，,7374946.5637438893,0.0
daeh-ZaoBuXing-HeHouMaDian.xml_12,搬一把金交椅娘且坐下，,7388494.7177816415,0.0
daeh-ZiNaRi-ErJinGong.xml_7,看一看不觉到八月中秋。,7390797.9268574249,0.0
daxp-FeiShiWo-TaoHuaCun.xml_14,倘若是你响她也响，,7433158.2310260702,0.0
daxp-LaoDieDie-SanJiZhang-2.xml_0,老爹爹请息怒容儿细讲，,7434667.4417788498,0.0
daxp-DangRiLi-SuoLinNang.xml_7,哪有这短花帘，旧花幔，参差流苏，残破不全。,7446692.4485375797,0.0
daeh-ZiNaRi-ZhuangYuanMei-1.xml_5,不知道他与我是否一般。,7481317.8926097555,0.0
sdeh-WenSanNiang-SanNiangJiaoZi.xml_5,实指望教训他终身有靠，,7507564.3574356185,0.0
daxp-DuiLingHua-BiYuZan.xml_3,也算得人世间美满姻缘。,7509872.8075642958,0.0
daeh-ZiNaRi-ErJinGong.xml_12,有一句话儿不好言讲，,7516278.3669234198,0.0
daxp-QiaoLouShang-HuangShanLei.xml_14,我不免唤琏儿到街前探问，,7527434.6616601441,0.1
daxp-XiShiNv-XiShi.xml_1,难得有开怀事常锁双眉。,7531637.7685314007,0.0
daxp-MengJunZi-ChunQiuPei-2.xml_5,因此上到郊外来捡芦花（呀）。,7548689.9665274248,0.1
daxp-LaoDieDie-DaYuShaJia-2.xml_2,将身儿坐至在草堂等候，,7593057.5112836706,0.0
daxp-ErTingDe-SuoLinNang.xml_10,蠢才问话太潦草，,7593752.4021027163,0.0
daxp-ErTingDe-SuoLinNang.xml_1,同遇人为什么这样嚎啕。,7604057.2952383319,0.0
daxp-DangRiLi-SuoLinNang.xml_18,还有那夜明珠粒粒成串，,7607534.6332729226,0.0
daeh-ZiNaRi-ZhuangYuanMei-2.xml_6,百姓们闺房乐如花美眷，,7609157.7851257175,0.0
daxp-ChunQiuTing-SuoLinNang.xml_2,在隔帘只见这一花轿，,7612883.1886633234,0.0
daxp-MengJunZi-ChunQiuPei-1.xml_2,家住在罗郡城魁星楼下，,7613491.1715361094,0.0
daxp-XiRiLi-LongFengChengXiang.xml_2,暗地堪笑奴兄长，,7633966.7496150844,0.0
daxp-ChunQiuTing-SuoLinNang.xml_18,听薛良一语来相告，,7642775.9437478194,0.0
daeh-XiaoNuCai-SanNiangJiaoZi.xml_4,怒气不息在机房闷坐，,7650371.7656457545,0.0
daxp-DangRiLi-SuoLinNang.xml_17,红珊瑚碧翡翠样样倶全。,7657984.7740634773,0.0
daxp-GuanShiYin-TianNvSanHua.xml_5,好似我散天花就纷落十方；,7664276.4059753306,0.0
daeh-ZiNaRi-ZhuangYuanMei-1.xml_6,百姓们闺房乐如花美眷，,7664303.0774369426,0.0
daxp-ErTingDe-SuoLinNang.xml_16,听薛良一语来相告，,7680070.914781319,0.0
daxp-ErTingDe-SuoLinNang.xml_27,自把珠玉夸富豪。,7708977.4260028694,0.0
daeh-LiYanFei-DaBaoGuo.xml_4,将江山让太师权且代贺，,7715522.9082063222,0.0
daeh-NuZiYou-TouJunBieYao.xml_3,也不枉我二人苦度时光。,7721597.7784661399,0.0
daeh-ZaoBuXing-HeHouMaDian.xml_13,你叔王不让位再去骂他。,7728402.4437629804,0.0
daxp-ChenSanLiang-ChenSanLiangPaTang.xml_2,我本是被骗进的富春院，,7741959.8137034159,0.0
daxp-DiTouLi-NvQiJie.xml_3,过往的君子听我言。,7745072.822720171,0.0
daxp-ErTingDe-SuoLinNang.xml_31,救她饥渴胜琼瑶。,7750629.9666482387,0.0
daeh-WangChunE-SanNiangJiaoZi.xml_1,想起了我老爷好不惨然。,7754516.1377832852,0.0
daeh-ZuoRiGong-TaiZhenWaiChuan.xml_1,有谁知一时错被逐宫廷。,7767895.7113982877,0.0
daxp-ChunQiuTing-SuoLinNang.xml_1,何处悲声破寂寥。,7769073.2964959843,0.0
daxp-MengTingDe-MuiGuiYingGuaShuai.xml_4,有生之日责当尽，,7775618.5399582461,0.0
sdxp-WoHeNi-SiLangTanMu.xml_31,一夜之间你怎能回还。,7816680.8414632576,0.0
daxp-ErTingDe-SuoLinNang.xml_2,莫不是夫郎丑难谐女貌，,7824990.5492300773,0.0
daeh-TanHongYan-HuoXiaoYu.xml_0,叹红颜薄命前生就，,7875660.4555183947,0.1
daxp-ChunQiuTing-SuoLinNang.xml_14,莫不是夫郎丑难谐女貌？,7962345.6029385487,0.0
daeh-ZiNaRi-ZhuangYuanMei-1.xml_7,帝王家深宫院似水流年。,7971596.6654764516,0.0
daeh-LiYanFei-ErJinGong.xml_4,有几句话儿我不好言讲，,7985346.6699525407,0.0
sdxp-WoHeNi-SiLangTanMu.xml_33,你也对苍天就表一番。,8049382.9988288675,0.0
daeh-ZiNaRi-ZhuangYuanMei-2.xml_12,但愿得状元媒月老引线，,8055092.0937904045,0.0
daxp-DiTouLi-NvQiJie.xml_1,将身来在大街前。,8065314.7598805549,0.1
daxp-MengJunZi-ChunQiuPei-2.xml_1,虽然是不相识我就不得不答。,8108041.4902132666,0.0
daxp-DuiLingHua-BiYuZan.xml_1,听她言不由人喜上眉尖。,8119653.6949861133,0.0
daxp-ChunQiuTing-SuoLinNang.xml_29,自把珠玉夸富豪，,8120958.5727353543,0.0
daxp-FeiShiWo-TaoHuaCun.xml_15,那就是来了我西厢带路的小红娘。,8121316.4886321193,0.0
daspd-HaiDaoBing-GuiFeiZuiJiu.xml_1,见玉兔（哇）玉兔又早东升。,8131195.1210526247,0.0
daxp-QiaoLouShang-HuangShanLei.xml_2,对孤灯思远道心神不定，,8131740.6956066769,0.1
daeh-ZiNaRi-ErJinGong.xml_13,我只得怀抱太子两泪汪汪口口声声哭的是先王！,8143000.4972686907,0.0
daxp-DangRiLi-SuoLinNang.xml_5,隔帘儿我也曾侧目偷观。,8146917.5123205194,0.0
daxp-DangRiLi-SuoLinNang.xml_14,急切里想起了锁麟囊一（呀）件，,8200149.6448047468,0.0
sdxp-SuLongWei-WuJiaPo.xml_28,我父在朝为官宦，,8204530.8046653084,0.0
daxp-GuanShiYin-TianNvSanHua.xml_1,有善才和龙女站立两厢；,8206998.661232654,0.1
daeh-ZiNaRi-ErJinGong.xml_1,独坐在寒宫院闷闷悠悠。,8227414.4357697321,0.0
daxp-ChunQiuTing-SuoLinNang.xml_13,同遇人为什么这样嚎啕？,8236322.648340527,0.0
daxp-NiDeFu-FenHeWan.xml_2,把弓带和鱼镖与儿带定，,8271779.7691480787,0.1
daxp-FeiShiWo-TaoHuaCun.xml_10,不但要仔细听、还要仔细想，,8272912.6308022337,0.0
daeh-WuDuanQiao-BiYuZan.xml_1,薄命自伤怨红颜。,8277793.3727129754,0.0
daxp-ErTingDe-SuoLinNang.xml_30,小小囊儿何足道，,8297603.7195344158,0.0
daeh-LiYanFei-DaBaoGuo.xml_1,文站东武列西朝贺哀家。,8324326.6706343796,0.1
daeh-CanQiQi-WuLongZuo.xml_3,担几肩头晕转体若筛糠。,8327212.3395527583,0.0
daxp-MengJunZi-ChunQiuPei-1.xml_4,在家中受不过继母拷打，,8331255.8039926421,0.0
daxp-XiRiLi-LongFengChengXiang.xml_4,月老本是乔国丈，,8337620.1229232326,0.0
daxp-ErDeFu-HongNiGuan.xml_1,撇下了奴一人好不悲凉。,8345736.4739202298,0.0
daxp-TingTaYan-ZuoGong.xml_6,早晚间休怪我言语怠慢，,8347414.4317928189,0.0
daxp-LaoDieDie-YuZhouFeng.xml_0,老爹爹发恩德将本修上，,8352877.7294186829,0.0
dldeh-ShouBiPo-ChunQiuPei.xml_2,病恹恹身无力难以挣扎。,8358076.2380969385,0.0
daxp-GuanShiYin-TianNvSanHua.xml_0,观世音满月面珠开妙相，,8359938.5275075641,0.0
daxp-QiaoLouShang-HuangShanLei.xml_1,父子们去采药未见回程。,8368052.2400832381,0.0
daeh-ZiNaRi-ZhuangYuanMei-2.xml_9,宋天子主婚姻此事成全。,8416868.9880055934,0.0
daxp-ChunQiuTing-SuoLinNang.xml_9,也有失意痛哭嚎啕，,8421801.8826328404,0.0
daeh-SunShangXiang-BieHuangGong.xml_1,想起了已往事心内痛酸。,8496216.2330000419,0.0
daxp-ZhiJianTa-WangJiangTing.xml_8,出二堂深施礼，,8528664.6324159466,0.0
daxp-ChunQiuTing-SuoLinNang.xml_12,耳听得悲声惨心中如捣，,8558864.9937793091,0.0
daeh-SunShangXiang-BieHuangGong.xml_4,与周郎定巧计把皇叔来骗，,8572847.7778623533,0.1
daeh-ZiNaRi-ZhuangYuanMei-1.xml_10,但愿得令公令婆别无异见，,8573123.1537849475,0.0
daxp-WoZhuYe-SiLangTanMu.xml_5,阅兵书看何人前来何安。,8584787.0607601553,0.1
daeh-ZaoBuXing-HeHouMaDian.xml_2,把一个皇太子逼死殿下，,8589153.938432198,0.0
daxp-LaoDieDie-YuZhouFeng.xml_2,倘若是有道君皇恩浩荡，,8593584.2753435746,0.0
daspd-HaiDaoBing-GuiFeiZuiJiu.xml_5,恰便似嫦娥离月宫，,8632624.1664091647,0.0
daxp-DangRiLi-SuoLinNang.xml_2,在轿中只觉得天昏地暗。,8635980.1704843175,0.0
daxp-WoZhuYe-SiLangTanMu.xml_3,一心心要夺取宋室江山。,8638959.5027364343,0.0
daeh-WuDuanQiao-BiYuZan.xml_5,满腹冤屈向谁言。,8647487.0456377193,0.1
daxp-XiShiNv-XiShi.xml_2,只为着守清寒柴门近水，,8670323.4203723464,0.0
daeh-ZuoChunGui-XiShi.xml_3,夜不眠朝慵起又向谁言。,8675120.0414695311,0.1
sdeh-WenSanNiang-SanNiangJiaoZi.xml_3,老薛保你不必苦哀告，,8678167.1379680373,0.0
daxp-ErTingDe-SuoLinNang.xml_12,你不该人前逞骄傲，,8682909.5091080125,0.1
daxp-FeiShiWo-TaoHuaCun.xml_9,你必须眼观六路耳听八方。,8704341.2682065945,0.0
daxp-ChenSanLiang-ChenSanLiangPaTang.xml_1,公正的老爷细听分明。,8715269.7761967834,0.0
daeh-WuDuanQiao-BiYuZan.xml_7,又怕丑名误流传。,8723110.9594539907,0.0
daeh-TanHongYan-HuoXiaoYu.xml_3,啼花泣月在暗里（呀）添愁。,8727347.0832753778,0.0
daxp-MengJunZi-ChunQiuPei-2.xml_4,身有病还受那继母拷打，,8727680.7080875747,0.0
daxp-ErTingDe-SuoLinNang.xml_0,耳听得悲声惨心中如捣，,8755753.7462690845,0.0
daeh-ZiNaRi-ZhuangYuanMei-1.xml_3,乱军中多亏他救我回还。,8799920.2186982073,0.0
sdxp-WoHeNi-SiLangTanMu.xml_25,有什么心腹事你只管明言。,8807281.2820662055,0.0
daxp-WoDeNiang-XinAnYi.xml_1,奴年交十九岁还守闺门。,8843017.9044115264,0.0
daxp-SuSanLi-NvQiJie.xml_1,将身来在大街前。,8866187.536911156,0.1
daspd-HaiDaoBing-GuiFeiZuiJiu.xml_0,海岛冰轮初转腾；,8883267.1089160368,0.0
daxp-ChunQiuTing-SuoLinNang.xml_17,问那厢因何故痛哭无聊。,8908286.6850870438,0.0
sdxp-DangNianHan-SanJiZhang.xml_9,当年韩信与苏秦，,8951931.0605775025,0.0
daxp-GuanShiYin-TianNvSanHua.xml_7,催祥云驾瑞彩速赴佛场。,8974129.5332170948,0.0
daxp-DangRiLi-SuoLinNang.xml_19,还有那赤金链，紫瑛簪，白玉环，双凤錾，八宝钗钏一个个宝孕光含。,8992883.2739307638,0.0
sdxp-WoHeNi-SiLangTanMu.xml_32,适才叫咱盟誓愿，,8998848.3933468703,0.0
sdxp-WoHeNi-SiLangTanMu.xml_27,你要见高堂母我不阻拦。,9016456.9681521896,0.0
daxp-MuQinBu-FengHuanChao.xml_4,人生不知顾脸面，,9016673.7281543538,0.0
daeh-WangChunE-SanNiangJiaoZi.xml_7,等候了薛倚儿转回家园。,9051534.7404778618,0.0
daxp-ErTingDe-SuoLinNang.xml_11,难免怀疑在心梢。,9065020.3366829678,0.0
daxp-ZheCaiShi-SuoLinNang.xml_1,不想团圆在今朝。,9065020.3366829678,0.0
daxp-MuQinBu-FengHuanChao.xml_3,女儿清白最为先。,9099836.7126943972,0.0
sdxp-DangNianHan-SanJiZhang.xml_20,爹爹为何你要退婚？,9132514.8164046146,0.0
daeh-SunShangXiang-BieHuangGong.xml_3,留下了孙仲谋执掌江南。,9209934.3118869998,0.0
daeh-ZiNaRi-ZhuangYuanMei-1.xml_0,自那日与六郎姻缘相见，,9228344.3947314974,0.0
daxp-QiaoLouShang-HuangShanLei.xml_7,原来是秋风起扫叶之声。,9341488.1945812013,0.0
daxp-ErTingDe-SuoLinNang.xml_25,莫把姓名你信口哓。,9360868.0763874929,0.0
daxp-XiShiNv-XiShi.xml_4,怕只怕损玉颜姣容自惜，,9378617.831487501,0.0
daeh-ZiNaRi-ZhuangYuanMei-1.xml_8,幸喜得珍珠衫称心如愿，,9404147.6360208727,0.0
daxp-MuQinBu-FengHuanChao.xml_1,女儿言来听根源。,9439912.9057436679,0.0
daxp-JiaoZhangSheng-HongNiang.xml_4,这也算是一段风流佳话，,9452836.2446848098,0.0
daeh-ZiNaRi-ZhuangYuanMei-2.xml_0,自那日与六郎阵前相见，,9455203.6085000932,0.1
daxp-ZhiJianTa-WangJiangTing.xml_4,莫不是平地风波起，,9514952.317507403,0.0
sdeh-WenSanNiang-SanNiangJiaoZi.xml_4,背转身来哭嚎啕。,9523180.1804303266,0.0
daxp-ChunQiuTing-SuoLinNang.xml_27,莫把姓名你信口晓，,9528342.1159503907,0.0
daxp-QiaoLouShang-HuangShanLei.xml_12,数更等交五鼓空房愈冷，,9558957.6639890559,0.0
daeh-NaRiFeng-YuanXiaoMi.xml_5,那厢流泪这厢啼。,9630036.4957823083,0.0
sdxp-WoHeNi-SiLangTanMu.xml_28,有心赠你金鈚箭，,9633783.5076803658,0.0
daxp-ErTingDe-SuoLinNang.xml_5,问那厢因何故痛哭无聊？,9729935.5224965326,0.0
daeh-ZiNaRi-ZhuangYuanMei-2.xml_13,但愿得八主贤王从中周旋早成美眷、扫狼烟叫那胡儿不敢进犯、保叔王锦锈江山。,9755616.6529086437,0.0
daeh-ZiNaRi-ZhuangYuanMei-2.xml_7,帝王家深宫怨似水流年。,9772485.4718563575,0.0
danbz-BeiJiuChan-ChunGuiMeng.xml_1,算当初曾经得几晌温存。,9773080.4029927421,0.0
daeh-NaRiFeng-YuanXiaoMi.xml_4,母女隔断三千里，,9784770.0304860026,0.0
daeh-ZiNaRi-ErJinGong.xml_5,竟把我孤儿寡母当做了马牛。,9785625.3074622713,0.0
daxp-FeiShiWo-TaoHuaCun.xml_13,响两声你就凑近身旁。,9803611.446013201,0.0
daxp-ErTingDe-SuoLinNang.xml_8,怜贫济困是正道，,9823443.3495265562,0.0
daxp-ChunQiuTing-SuoLinNang.xml_32,小小囊儿何足道，,9894356.2789033037,0.0
daxp-QiaoLouShang-HuangShanLei.xml_13,果然是晓鸡唱天已黎明。,9901424.6019876748,0.0
daxp-QiaoLouShang-HuangShanLei.xml_4,到三更真个是月明人静，,9904918.3721515406,0.0
daxp-TingTaYan-ZuoGong.xml_3,他思家乡想骨肉就不能团圆。,9911698.4763001986,0.0
daxp-WoDeNiang-XinAnYi.xml_3,却原来母亲到儿未知情。,9920312.0291706808,0.0
daxp-DiTouLi-NvQiJie.xml_2,未曾开言我心好惨，,9953191.0363239571,0.0
sdxp-SuLongWei-WuJiaPo.xml_30,本利算来有多少，,9965501.0875229258,0.0
daeh-ZiNaRi-ZhuangYuanMei-1.xml_13,但愿得八主贤王从中周旋，早成姻眷，扫狼烟，叫那胡儿不敢进犯保叔王锦绣江山。,9979442.5615696479,0.0
dldeh-ShouBiPo-ChunQiuPei.xml_4,想亲娘和老父心乱如麻。,10016424.857280044,0.0
daxp-TingTaYan-ZuoGong.xml_5,尊一声驸马爷细听咱言。,10032419.898132304,0.0
sdxp-SuLongWei-WuJiaPo.xml_40,这锭银子奴不要，,10050141.483296674,0.0
sdxp-SuLongWei-WuJiaPo.xml_32,我进相府对父言，,10050141.483296674,0.0
daxp-QiaoLouShang-HuangShanLei.xml_3,不知他在荒山何处安身。,10070872.212034589,0.1
daxp-ZhiJianTa-WangJiangTing.xml_2,何人来把书信寄？,10074714.371092496,0.0
daxp-TingTaYan-ZuoGong.xml_2,原来是杨家将把名姓改换，,10081574.133111008,0.0
daxp-ErDeFu-HongNiGuan.xml_3,倒不如与伯党匹配鸾凰。,10122657.459712014,0.0
daxp-TingTaYan-ZuoGong.xml_0,听他言吓得我浑身是汗，,10238749.298223047,0.0
dldeh-ShouBiPo-ChunQiuPei.xml_6,你继母心毒狠将你打骂，,10240420.861124828,0.0
sdxp-SuLongWei-WuJiaPo.xml_25,苏龙魏虎是内亲。,10285821.746832414,0.0
daxp-ZheCaiShi-SuoLinNang.xml_5,善果心花可自豪。,10355884.716618337,0.0
daxp-LaoDieDie-SanJiZhang-1.xml_2,父休笑薛平贵是花郎模样，,10376506.371832354,0.0
daxp-XiShiNv-XiShi.xml_3,每日里浣纱去又傍清溪。,10420264.377331337,0.0
daxp-LaoDieDie-SanJiZhang-2.xml_1,儿命苦怎配着状元才郎？,10450777.028431902,0.0
daxp-ZheCaiShi-SuoLinNang.xml_7,愧我当初赠木桃。,10520395.781522483,0.0
daxp-ErTingDe-SuoLinNang.xml_15,薛良与我去问一遭。,10521577.95525663,0.0
sdxp-WoHeNi-SiLangTanMu.xml_26,你那里休得要巧言舌辨，,10608419.267456168,0.0
daxp-ChunQiuTing-SuoLinNang.xml_8,亦有饥寒悲怀抱，,10621356.590362955,0.0
daxp-MuQinBu-FengHuanChao.xml_0,母亲不必心太偏，,10639472.404409107,0.0
sdxp-SuLongWei-WuJiaPo.xml_39,妻儿老小与奴一般。,10649203.407458527,0.0
danbz-KanDaWang-BaWangBieJi.xml_1,我这里出帐外且散愁情。,10670205.788099283,0.0
daxp-DangRiLi-SuoLinNang.xml_21,换衣食也够她生活几年。,10691529.029585216,0.0
daeh-ZiNaRi-ZhuangYuanMei-1.xml_15,愿天下从此后国泰民安。,10794136.406833144,0.0
daxp-WoZhuYe-SiLangTanMu.xml_1,众文武扶哀家执掌军房。,10800776.852644265,0.0
daxp-ZheCaiShi-SuoLinNang.xml_6,种福得福如此报，,10810813.897598118,0.0
daeh-NaRiFeng-YuanXiaoMi.xml_2,舅父前来出主意，,10831084.237548597,0.1
sdxp-SuLongWei-WuJiaPo.xml_24,提起了旁人我不晓，,10934794.564089073,0.0
sdxp-WoHeNi-SiLangTanMu.xml_30,宋营离此路途远，,10949374.010218088,0.0
daxp-GuanShiYin-TianNvSanHua.xml_4,绿柳枝酒甘露三千界上，,10965352.266099961,0.0
daxp-MengTingDe-MuiGuiYingGuaShuai.xml_2,想当年桃花马上威风凛凛，,10978162.517374484,0.0
sdxp-WoHeNi-SiLangTanMu.xml_29,怕你一去就不回还。,10996758.812755434,0.0
daeh-WuDuanQiao-BiYuZan.xml_4,今生若被郎轻贱，,11034801.636534512,0.1
daxp-DangRiLi-SuoLinNang.xml_6,虽然是古青庐以朴为俭，,11038656.411499055,0.0
sdxp-SuLongWei-WuJiaPo.xml_36,军爷说话理不端，,11049089.39529014,0.0
sdxp-SuLongWei-WuJiaPo.xml_38,西凉的鞑子将你斩，,11058014.432768119,0.0
dldeh-ShouBiPo-ChunQiuPei.xml_7,全（呐）不顾你身有病气力不佳。,11089378.21850168,0.0
daxp-ErTingDe-SuoLinNang.xml_13,不该词费又滔滔。,11093157.558523379,0.0
daxp-LaoDieDie-SanJiZhang-1.xml_1,我立志不嫁那状元才郎。,11117204.474296991,0.0
daxp-JiaoZhangSheng-HongNiang.xml_2,放大胆忍气吞声休害怕，,11143076.138145356,0.0
danbz-BeiJiuChan-ChunGuiMeng.xml_4,原来是不耐烦已经睡困，,11164672.188541032,0.0
daxp-DangRiLi-SuoLinNang.xml_12,那时节奴妆奁不下百万，,11193403.478426911,0.0
daxp-LaoDieDie-YuZhouFeng.xml_5,却为何贪富贵不顾羞惭。,11234050.25864709,0.0
daxp-DangRiLi-SuoLinNang.xml_20,这囊儿虽非是千古罕见，,11273776.999894999,0.0
daxp-XiRiLi-LongFengChengXiang.xml_1,今朝仙女会襄王。,11277914.88729756,0.0
daxp-FeiShiWo-TaoHuaCun.xml_12,响一声你就还一掌，,11321797.890524868,0.0
daeh-ZiNaRi-ZhuangYuanMei-2.xml_14,愿天下有情人都成姻眷，,11359739.455835039,0.0
sdxp-DangNianHan-SanJiZhang.xml_18,大孝之人也受贫。,11389330.171472101,0.0
daxp-FeiShiWo-TaoHuaCun.xml_0,非是我嘱咐叮咛把话讲，,11428143.596879091,0.0
daeh-ZiNaRi-ZhuangYuanMei-2.xml_3,乱军中多亏他救我回还。,11437294.98436396,0.0
daeh-LiYanFei-DaBaoGuo.xml_7,宣太师上金殿披红插花。,11442401.044839432,0.0
daxp-LaoDieDie-SanJiZhang-2.xml_2,父道那薛平贵是那化郎模样，,11533648.492198672,0.0
daeh-XiaoNuCai-SanNiangJiaoZi.xml_1,闭口无言王春娥。,11584837.409452779,0.0
daeh-ZaoBuXing-HeHouMaDian.xml_4,贼好比王莽贼称孤道寡，,11735125.929010924,0.0
daeh-ZiNaRi-ZhuangYuanMei-2.xml_15,愿邦家从此后国泰民安。,11814830.692073356,0.0
daxp-ZheCaiShi-SuoLinNang.xml_2,回首繁华如梦渺，,11815732.213681223,0.0
sdxp-SuLongWei-WuJiaPo.xml_42,买绫罗、做衣衫、买白纸、糊白幡、打首饰、做妆奁，,11830535.638465138,0.0
daxp-GuanShiYin-TianNvSanHua.xml_6,满眼中清妙景灵光万丈，,11854502.192272875,0.0
daeh-WuDuanQiao-BiYuZan.xml_3,落得孤身病恹恹。,11856354.193883011,0.0
daxp-ZheCaiShi-SuoLinNang.xml_0,这才是人生难预料，,11973139.607273992,0.0
daxp-ChunQiuTing-SuoLinNang.xml_4,吉日良辰当欢笑，,12107414.771531001,0.0
daxp-DangRiLi-SuoLinNang.xml_4,那花轿必定是因陋就简，,12164705.499908535,0.1
daspd-DuShouKong-WangJiangTing.xml_3,为避狂徒到此间。,12235620.706356445,0.0
daxp-ErTingDe-SuoLinNang.xml_26,这都是神话凭空造，,12254641.970974661,0.0
daxp-ErTingDe-SuoLinNang.xml_3,莫不是强婚配鸦占鸾巢。,12281450.967423324,0.0
sdxp-SuLongWei-WuJiaPo.xml_41,与你娘做一个安家钱。,12287631.619502956,0.0
daeh-TanHongYan-HuoXiaoYu.xml_5,隔着窗儿点滴不休。,12304045.398251597,0.0
daxp-ChunQiuTing-SuoLinNang.xml_15,莫不是强婚配鸦占鸾巢？,12469802.007555757,0.0
daxp-QiaoLouShang-HuangShanLei.xml_6,忙移步隔花荫留神听定，,12488547.505106287,0.3
daxp-MuQinBu-FengHuanChao.xml_2,自古常言道得好，,12587097.798061337,0.0
daeh-ZiNaRi-ZhuangYuanMei-1.xml_2,在潼台被贼擒在命好险，,12742024.574137373,0.0
daxp-WoHeNi-SangYuanHui.xml_0,我和你有什么夫妻的情，,12867645.174148113,0.0
daxp-ZheCaiShi-SuoLinNang.xml_4,柳暗花明休啼笑，,12946637.770883394,0.0
sdxp-SuLongWei-WuJiaPo.xml_26,你我同把相府进，,12954834.457532948,0.0
daxp-FeiShiWo-TaoHuaCun.xml_6,鼓打二更准时往，,12978549.689868135,0.0
daxp-SuSanLi-NvQiJie.xml_0,苏三离了洪洞县，,13089080.605846217,0.0
sdxp-DangNianHan-SanJiZhang.xml_17,仙女配的是董永，,13089080.605846217,0.0
daeh-ZiNaRi-ZhuangYuanMei-2.xml_2,在潼台被贼擒性命好险，,13096161.901775705,0.0
daxp-ChunQiuTing-SuoLinNang.xml_28,这都是神话凭空造，,13410357.892376855,0.0
daxp-ChenSanLiang-ChenSanLiangPaTang.xml_0,陈三两在大堂把话云，,13465260.416571973,0.0
daxp-XiRiLiang-LongFengChengXiang.xml_1,今朝仙女会襄王。,13497614.29544686,0.0
sdxp-DangNianHan-SanJiZhang.xml_11,淮阴漂母救韩信，,13545211.681454608,0.0
daeh-ZiNaRi-ZhuangYuanMei-1.xml_14,愿天下有情人都成姻眷，,13584167.88524388,0.0
daxp-FeiShiWo-TaoHuaCun.xml_5,怎能够粗心大意你再荒唐。,13672847.159858216,0.1
daeh-ZaoBuXing-HeHouMaDian.xml_6,贼好比秦赵高指鹿为马，,13931437.754341431,0.0
daxp-SuSanLi-NvQiJie.xml_2,未曾开言心内惨，,13965070.863551943,0.0
daxp-ChenSanLiang-ChenSanLiangPaTang.xml_3,发奋自强日夜读诗文。,14168356.393561125,0.0
daxp-ErDeFu-HongNiGuan.xml_6,奴本当把关印付他执掌，,14347509.142520793,0.0
daxp-WoDeNiang-XinAnYi.xml_2,这几日身不爽心中烦闷，,14553239.954589806,0.0
sdxp-DangNianHan-SanJiZhang.xml_19,非是女儿言不逊，,14885919.46055581,0.0
daxp-SuSanLi-NvQiJie.xml_6,言说苏三把命断，,14931411.05619132,0.0
daspd-HaiDaoBing-GuiFeiZuiJiu.xml_4,皓月当空，,15006924.187624313,0.0
daxp-ErTingDe-SuoLinNang.xml_24,忙把梅香低声叫，,15528613.814151041,0.0
daxp-DiTouLi-NvQiJie.xml_0,低头离了洪洞县，,15600939.260863254,0.0
sdxp-DangNianHan-SanJiZhang.xml_15,未央宫斩的是韩信，,15848995.54868849,0.0
daxp-ChunQiuTing-SuoLinNang.xml_26,忙把梅香低声儿叫，,16370121.526597645,0.0
daspd-HaiDaoBing-GuiFeiZuiJiu.xml_3,乾坤分外明，,16808951.631093014,0.0
daxp-DiTouLi-NvQiJie.xml_6,就说苏三把命断，,16856769.652644202,0.0
daxp-QiaoLouShang-HuangShanLei.xml_10,我不免引寒机伴奴坐等，,17199990.507638391,0.0
daeh-SunShangXiang-BieHuangGong.xml_9,叹一声不由人珠泪涟涟。,22934375.419941772,0.0
lsxp-ZhangGongDao-ZhuangYuanPu.xml_0,张公道三十五六（哇）子有靠，,2719294068.0709896,0.0
lseh-YangYanZhao-PengBei.xml_2,迈虎步我且把宝帐来进，,2769773391.0817571,0.1
lseh-YiLunMing-WenZhaoGuan-1.xml_9,满腹的含冤我向谁言（哪）！,2815616801.2935019,0.1
lseh-YiLunMing-WenZhaoGuan-2.xml_9,满腹的含冤我向谁言（喏）。,2815616801.2935019,0.1
lseh-YangYanZhao-PengBei.xml_0,杨延昭奉父命巡查大营，,2900082508.1925821,0.0
lsxp-JiangShenEr-SanJiaDian.xml_1,尊一声过往的宾朋听从头：,2960391460.6208711,0.0
sdxp-WoHeNi-SiLangTanMu.xml_7,萧天佐摆天门两国交战，,3084016004.3633647,0.0
lseh-TuZeiZuo-SouGuJiuGu.xml_2,眼见得忠良无救应，,3085025390.2732563,0.0
lseh-XuMaoGong-QinQiongFaPei.xml_0,徐茂公阴阳多奥妙，,3119750020.1169953,0.0
lsxp-ShenGongWu-LongFengChengXiang.xml_0,深宫无（哇）处不飞花，,3208296781.6273475,0.0
lsxp-ZhangGongDao-ZhuangYuanPu.xml_5,眼睁（呐）睁有何人去（呀）把纸烧。,3223337012.2656317,0.0
lsxp-ZouYingLong-DaYanSong.xml_11,我本当金（哪）殿奏一本怎奈我官卑职小不能够参大臣。,3251008639.1268153,0.0
lseh-XinZhongYou-WenZhaoGuan.xml_6,贪图富贵来害我，,3315340843.9299726,0.0
lseh-TuZeiZuo-SouGuJiuGu.xml_0,屠贼做事心太狠，,3385911662.9739261,0.0
lseh-NiangZiBu-SouGuJiuGu.xml_0,娘子不（哇）必太烈性，,3418617502.8514581,0.0
lseh-YiLunMing-WenZhaoGuan-1.xml_16,心中有事难合眼，,3439484217.7426453,0.0
sdxp-SuLongWei-WuJiaPo.xml_5,西凉川四十单八站，,3450770198.5677929,0.1
lseh-XinZhongYou-WenZhaoGuan.xml_0,心中有事难合眼，,3484941273.2688208,0.0
lseh-YiLunMing-WenZhaoGuan-2.xml_13,我好（呃）比波浪中失舵的舟船（喏）。,3508199250.7512722,0.0
lseh-YiLunMing-WenZhaoGuan-1.xml_22,贪图富贵来害我，,3512883044.0721607,0.0
lseh-YiLunMing-WenZhaoGuan-1.xml_13,我好（哇）比波浪中失舵的舟船（哪）。,3576501116.8688102,0.0
lsxp-ZiGuDao-HuangHeLou.xml_5,四将军保架料也无妨。,3629716125.2639699,0.0
lsxp-WoBenShi-KongChengJi-2.xml_9,我面前却少个知（呃）音的人。,3631830620.7129049,0.1
lseh-YiLunMing-ZhuoFangCao-2.xml_3,悔不该随他人到吕家。,3669399508.8128085,0.0
lseh-XiRiLi-BaoLianDeng.xml_15,打死个秦官保父不能担承。,3706518706.0120463,0.0
lseh-YiLunMing-WenZhaoGuan-1.xml_14,思来想去我的肝肠断，,3706938615.7992153,0.0
lsxp-QingGongYan-FaDongWu.xml_2,弟兄们创业多艰难，,3718083352.4578462,0.0
lseh-WeiGuoJia-HongYangDong-1.xml_0,为国家那何曾半日闲空，,3749367758.2946391,0.0
lseh-WeiGuoJia-HongYangDong-2.xml_0,为国家哪何曾半日闲空，,3758053962.6636763,0.0
sdxp-SuLongWei-WuJiaPo.xml_18,我与你露水的夫妻就过几年（呐）。,3767296633.7082047,0.0
sdxp-DangNianHan-SanJiZhang.xml_4,仙女嫁的又是何人？,3851108879.1925259,0.0
lsxp-DaHeYi-SiLangTanMu.xml_21,龙行虎步非凡等，,3856047540.2575326,0.1
lsxp-ZuoRiLi-YuanMenZhanZi.xml_0,昨日里斩八将头挂营外，,3874195311.3466711,0.0
lsxp-YiShiWu-YuCangJian.xml_0,一事无成两鬓斑，,3883757635.935421,0.0
lsxp-ZiCongQian-ZhuLianZhai.xml_1,满朝中文武臣泪双流。,3895199545.4031501,0.0
lseh-XinZhongYou-WenZhaoGuan.xml_2,背地里只把东皋公怨，,3899392032.9605479,0.0
lsxp-YiShiWu-YuCangJian.xml_8,实指（喏）望到吴国借兵（呐）转，,3920268660.3676858,0.0
lseh-YiLunMing-WenZhaoGuan-2.xml_14,思来想去我的肝肠断，,3937508099.3484197,0.0
lsxp-JiangShenEr-SanJiaDian.xml_15,叫一声解差把店役。,3945337257.4658537,0.0
lsxp-CiShiJian-HuaiHeYing-1.xml_1,胡言乱语怎瞒（呐）咱。,3951150227.3560081,0.0
sdxp-WoHeNi-SiLangTanMu.xml_19,我若探母不回转，,3963048331.8277407,0.0
lseh-XiRiLi-BaoLianDeng.xml_0,昔日里有一个孤竹君，,3969755275.4982882,0.0
lsxp-LiangGuoJiao-ShiJieTing-2.xml_4,此一番领（呃）兵去镇守，,3972362196.4744773,0.0
sdxp-WoHeNi-SiLangTanMu.xml_13,公主赠我的金鈚箭，,3986601480.7142005,0.0
lseh-YiLunMing-ZhuoFangSuDian.xml_2,悔不该心猿并意马，,4003518860.378737,0.0
lseh-YiLunMing-ZhuoFangSuDian.xml_3,悔不该随他人到吕家。,4018659216.1649079,0.0
lseh-YiLunMing-WenZhaoGuan-1.xml_18,背地里只把东皋公怨，,4019033995.2058735,0.0
lseh-YiLunMing-ZhuoFangCao-1.xml_12,听谯楼打罢了二（喏）更鼓下，,4050057864.7094212,0.0
sdxp-WoHeNi-SiLangTanMu.xml_11,公主虽然不阻拦，,4052677855.2836061,0.0
lsxp-LiangGuoJiao-ShiJieTing-2.xml_0,两国交锋龙虎斗，,4073669642.6327133,0.0
lsxp-DaHeYi-SiLangTanMu.xml_17,弟兄对坐叙寒温。,4079865916.1505914,0.0
lseh-LaoZhangBu-WuPenJi.xml_0,老丈不（哇）必胆怕惊，,4080239784.1909142,0.0
sdxp-DangNianHan-SanJiZhang.xml_5,我的儿说话言不逊，,4081665266.0453405,0.0
lsxp-DaHeYi-SiLangTanMu.xml_28,原来四哥回宋营。,4099439701.9184036,0.0
lsxp-DaHeYi-SiLangTanMu.xml_27,听罢言来才知情，,4104342411.4071164,0.0
lseh-NiangZiBu-SouGuJiuGu.xml_10,千言万（哪）语她不肯，,4106566947.5190668,0.0
lseh-WeiGuoJia-HongYangDong-3.xml_0,为国家哪何曾半日闲空，,4138171815.6229134,0.0
sdxp-SuLongWei-WuJiaPo.xml_2,王丞相是我的主婚人（哪）。,4143598019.8876848,0.0
lseh-YiLunMing-ZhuoFangCao-1.xml_3,悔不该随他人到吕家，,4147267211.7194405,0.0
lsxp-DaHeYi-SiLangTanMu.xml_10,火堪寨上有家门。,4190238164.9331021,0.0
lseh-XuMaoGong-QinQiongFaPei.xml_1,文韬武略智谋高。,4199710128.0147133,0.0
lseh-XinZhongYou-WenZhaoGuan.xml_11,鸡鸣犬吠五更（呃）天，,4227925288.1824226,0.0
lsxp-ZuoRiLi-YuanMenZhanZi.xml_5,老娘亲再讲情儿自刎头来。,4243989548.1129961,0.0
lseh-YiLunMing-WenZhaoGuan-1.xml_27,鸡鸣犬吠五更（哪）天，,4245098023.723722,0.0
lseh-NiangZiBu-SouGuJiuGu.xml_13,哀求娘子（喏）舍亲（呐）生。,4252732931.1711121,0.0
lsxp-DaHeYi-SiLangTanMu.xml_9,家住后山磁州郡，,4262608041.7767558,0.0
lseh-ZenNengGou-BaDaChui.xml_2,前也思（喏）后又想无有计定，,4266080352.3659291,0.2
lsxp-DaHeYi-SiLangTanMu.xml_7,将身站在了阶前等，,4286566199.6211257,0.2
sdxp-WoHeNi-SiLangTanMu.xml_10,怎奈我身在番难以过关。,4298439560.9887466,0.0
sdxp-SuLongWei-WuJiaPo.xml_4,咬定牙关他就不认承。,4303299220.8059044,0.1
lseh-YiLunMing-WenZhaoGuan-1.xml_11,我好比龙游在浅沙滩。,4328373264.7654066,0.0
lsxp-ZiGuDao-HuangHeLou.xml_1,主公不必加愁肠。,4329697677.022687,0.0
lseh-YiLunMing-ZhuoFangCao-1.xml_18,观此贼睡卧真（呐）潇洒，,4347866102.8994579,0.0
lsxp-ZiGuDao-HuangHeLou.xml_3,二将军保架过长江。,4351032961.4013386,0.0
lsxp-CiShiJian-HuaiHeYing-2.xml_1,胡言乱语怎瞒（呐）咱！,4364107023.8386831,0.0
lsxp-DaHeYi-SiLangTanMu.xml_3,迈步且把宝帐（呀）进，,4392192039.5235195,0.1
sdxp-WoHeNi-SiLangTanMu.xml_1,我和你好夫妻恩德不浅，,4396150856.4896955,0.0
sdxp-SuLongWei-WuJiaPo.xml_12,百般调戏也枉然。,4476411336.0985966,0.0
lsxp-WoBenShi-KongChengJi-1.xml_9,我面前缺少个知呃音的人。,4501229870.4725275,0.1
lseh-NiangZiBu-SouGuJiuGu.xml_3,三百余口命赴幽冥。,4501917495.1027079,0.0
lsxp-ZiGuDao-HuangHeLou.xml_2,曾记得当年赴河梁，,4513645942.1127596,0.0
lseh-YiLunMing-WenZhaoGuan-2.xml_11,我好比龙游在浅沙滩。,4523471944.0486412,0.0
lsxp-QingGongYan-FaDongWu.xml_1,想起桃园结拜情。,4532239686.6088943,0.0
lsxp-YiShiWu-YuCangJian.xml_3,靠山绿（哇）水常在面前。,4542602723.382061,0.1
lseh-ZiNaRi-HongYangDong.xml_2,我前番命孟良骸骨搬（呐）请，,4569416242.2071848,0.1
lseh-ZiNaRi-HongYangDong.xml_7,去了我左右膀难以飞行。,4579150069.2773266,0.0
lsxp-DaHeYi-SiLangTanMu.xml_31,走上前来忙松捆，,4579823830.6605434,0.2
lsxp-LiangGuoJiao-ShiJieTing-2.xml_2,管带三（呐）军要宽厚，,4613717160.1857252,0.0
lseh-YangYanZhao-PengBei.xml_4,我本当将此事对他来论，,4614976447.0205574,0.0
lsxp-QingGongYan-FaDongWu.xml_3,又谁知中途两离分。,4622506179.3607578,0.0
lsxp-ZiCongQian-ZhuLianZhai.xml_4,山高路远少来问候，,4658409653.3078976,0.0
lsxp-ZheYiFeng-DingJunShan.xml_2,站立在营门三军叫，,4673980241.5199022,0.1
lsxp-ShenGongWu-LongFengChengXiang.xml_2,朝欢暮乐无牵挂，,4743496429.3849659,0.0
lsxp-CiShiJian-HuaiHeYing-2.xml_3,为什么事到如今耍奸滑？,4748935684.9299984,0.0
lsxp-ZiGuDao-HuangHeLou.xml_4,今日主公把宴上，,4756378318.981514,0.0
lsxp-CiShiJian-HuaiHeYing-1.xml_3,为什么事到如今耍奸滑。,4766486734.5806036,0.0
lseh-XiRiLi-BaoLianDeng.xml_7,兄（呃）推弟来两不能够担承。,4787832518.1777267,0.0
sdxp-SuLongWei-WuJiaPo.xml_8,为军哪怕到官前。,4799385859.2545471,0.1
lsxp-ZheYiFeng-DingJunShan.xml_8,三军与（呀）爷归营号，,4804957468.8179884,0.0
sdxp-WoHeNi-SiLangTanMu.xml_17,公主叫我盟誓愿，,4832071810.4088955,0.0
sdxp-WoHeNi-SiLangTanMu.xml_5,非是我这几日愁眉不展，,4849402047.3772602,0.0
sdxp-SuLongWei-WuJiaPo.xml_17,买绫罗与绸缎、打首饰和簪环，,4852852690.9426718,0.0
lsxp-LiangGuoJiao-ShiJieTing-2.xml_5,靠山近水把管收。,4856872688.4442825,0.0
lsxp-ZouYingLong-DaYanSong.xml_0,忽听得万岁宣应龙，,4859079427.7860022,0.0
lsxp-YiShiWu-YuCangJian.xml_4,恨平王无道纲常乱，,4862419164.2429819,0.0
lsxp-DaHeYi-SiLangTanMu.xml_11,我父令公官极品，,4889954509.2720757,0.0
lsxp-WoZhuYe-ZhuiHanXin.xml_8,一路上秋毫无犯军威壮，,4891850525.9785318,0.0
lseh-WeiGuoJia-HongYangDong-3.xml_2,官封到节度史（喏）皇王恩重，,4892888904.2532406,0.0
lsxp-WeiCengKai-QiYuanBao.xml_9,望求太爷与我作主张（啊）。,4899883517.659956,0.0
sdxp-SuLongWei-WuJiaPo.xml_15,这锭银、三两三，,4905108861.5704222,0.0
lseh-XinZhongYou-WenZhaoGuan.xml_13,想当初在朝为官宦，,4929444890.4675131,0.0
lseh-YiLunMing-WenZhaoGuan-1.xml_29,想当初在朝为官宦，,4929444890.4675131,0.0
lsxp-JiangShenEr-SanJiaDian.xml_5,因此上发配到登州。,4930828684.3377905,0.0
lsxp-DaHeYi-SiLangTanMu.xml_15,六弟下位把兄认，,4951703322.2290764,0.0
sdxp-SuLongWei-WuJiaPo.xml_6,为军的要人我是不要钱。,4992569977.8409843,0.0
lsxp-WoBenShi-KongChengJi-2.xml_6,周文王访姜尚周室大振，,4994511667.158185,0.0
lseh-XiRiLi-BaoLianDeng.xml_14,打死了别家子父能作主，,5009675897.2385769,0.0
lsxp-JiangShenEr-SanJiaDian.xml_7,舍不得衙役们众班头。,5028063857.2153196,0.0
lsxp-WoZhuYe-ZhuiHanXin.xml_7,一路上得遇陆贾、郦生与张良。,5036898288.4943237,0.0
sdxp-WoHeNi-SiLangTanMu.xml_2,贤公主又何必过于谦言。,5037273024.1148958,0.0
lseh-YiLunMing-ZhuoFangSuDian.xml_0,一轮明月照窗下，,5039536473.1708031,0.0
lseh-YiLunMing-WenZhaoGuan-1.xml_0,一轮明月照窗前，,5052830249.3416176,0.1
lsxp-ZuoRiLi-YuanMenZhanZi.xml_2,今日里斩宗保娘把儿怪，,5057388481.9443531,0.0
lseh-LaoZhangBu-WuPenJi.xml_5,抓一（呀）把沙土扬灰尘。,5072970182.3482113,0.0
lsxp-WeiCengKai-QiYuanBao.xml_4,奉母命京城往，,5091799862.6261082,0.0
lseh-NiangZiBu-SouGuJiuGu.xml_12,无奈何我只得双（呃）膝跪，,5106943367.6374006,0.0
lseh-XuMaoGong-QinQiongFaPei.xml_4,是是是（呀）来我明白了，,5163883685.9514122,0.0
lseh-JinZhongXiang-ShangTianTai.xml_2,文凭着邓先生策划有准，,5218464141.1745377,0.0
lsxp-DaHeYi-SiLangTanMu.xml_25,家住哪州并哪郡？,5237659437.3098402,0.0
lsxp-JiangShenEr-SanJiaDian.xml_9,舍不得老娘（呃）白了头。,5245963003.6100569,0.0
lsxp-JianMaSu-ZhanMaSu.xml_2,大胆不听我的话，,5252643886.2589273,0.0
lseh-YiLunMing-WenZhaoGuan-1.xml_2,实指（惹）望到吴国借兵回转，,5252691054.2760181,0.0
lsxp-LiangGuoJiao-ShiJieTing-1.xml_2,管待三（哪）军要宽厚，,5254461698.3562593,0.0
lseh-XinZhongYou-WenZhaoGuan.xml_7,你就该把我献与昭关。,5268644635.4176655,0.0
sdxp-WoHeNi-SiLangTanMu.xml_6,有一桩心腹事不敢明言。,5285814962.0469599,0.0
lsxp-ZiGuDao-HuangHeLou.xml_0,自古道吉人有天相，,5306177447.871109,0.0
lsxp-LiangGuoJiao-ShiJieTing-1.xml_4,此一番领兵去镇守，,5313243748.3488197,0.0
sdxp-SuLongWei-WuJiaPo.xml_21,为军起下不良的意呀，,5313806920.2082958,0.0
lseh-YiLunMing-WenZhaoGuan-1.xml_23,你就该把我献与昭关。,5340460260.4251938,0.0
lsxp-LiangGuoJiao-ShiJieTing-1.xml_0,两国交（哇）锋龙虎斗，,5351060165.2589979,0.0
lsxp-DaHeYi-SiLangTanMu.xml_1,大喝一声（哪）如雷震，,5368858371.4580336,0.0
lsxp-ShenGongWu-LongFengChengXiang.xml_3,耳听笙歌闹喧哗。,5369989848.3676653,0.0
lseh-LaoZhangBu-WuPenJi.xml_2,休把我当作了妖魔论，,5383225434.5832634,0.0
lseh-YiLunMing-ZhuoFangCao-1.xml_25,险些儿把事（喏）又（哇）作差。,5385605189.3436975,0.0
lseh-YiLunMing-WenZhaoGuan-1.xml_26,要相逢陈非是梦（兀）里团圆。,5390707393.9646425,0.0
lsxp-ZouYingLong-DaYanSong.xml_13,在品级台（呀）前臣见君。,5397437844.1850042,0.1
lsxp-DaHeYi-SiLangTanMu.xml_13,十五年前沙滩会，,5430499319.9328308,0.1
sdxp-DangNianHan-SanJiZhang.xml_7,要退、要退、偏要退！,5434994352.0854521,0.0
lseh-YiLunMing-ZhuoFangCao-2.xml_0,一轮明月照窗下，,5437251016.8608236,0.0
lseh-XinZhongYou-WenZhaoGuan.xml_19,父母的冤仇化尘烟，,5438530217.172431,0.0
lseh-YiLunMing-WenZhaoGuan-1.xml_35,父母的冤仇化尘烟，,5462176958.5327463,0.0
lsxp-YiZhuangZhuang-QunYingHui.xml_0,一桩桩一件件倶已办就，,5468150554.2679195,0.0
lseh-YiLunMing-WenZhaoGuan-2.xml_0,一轮明月照窗前，,5485157930.8136282,0.1
lsxp-ZiCongQian-ZhuLianZhai.xml_5,望千岁恕学生礼貌不周。,5490340688.6007509,0.0
sdxp-SuLongWei-WuJiaPo.xml_13,腰中取出银一锭，,5495717820.1279221,0.0
lseh-WeiKaiYan-RangXuZhou.xml_0,未开言不由人（呐）珠泪滚滚，,5513157332.7498293,0.0
lsxp-TingTaYan-ZhuoFangCao-1.xml_0,听他言听得我心（呐）惊胆怕，,5518820476.1780891,0.0
lsxp-TingTaYan-ZhuoFangCao-2.xml_0,听他言吓得我心（呐）惊胆怕，,5518820476.1780891,0.0
lsxp-LiangGuoJiao-ShiJieTing-2.xml_3,赏罚中公（呃）平莫要自由。,5520246933.9343948,0.0
lsxp-ZiCongQian-ZhuLianZhai.xml_0,自从千岁离朝后，,5531725532.7790117,0.0
sdxp-SuLongWei-WuJiaPo.xml_20,为何来在大道边。,5550650683.30758,0.0
lsxp-ZouYingLong-DaYanSong.xml_1,在朝房来了我这保国忠。,5555501461.0789175,0.0
lsxp-ZheYiFeng-DingJunShan.xml_9,到明天午时三刻要成功劳。,5569377819.5159273,0.0
lseh-YiLunMing-WenZhaoGuan-1.xml_5,他将我隐藏在后花园。,5595966144.746686,0.0
lseh-XiRiLi-BaoLianDeng.xml_13,二娇儿也难比那两个贤人。,5599269756.2992563,0.0
lseh-WeiGuoJia-HongYangDong-1.xml_2,官封到节度使（喏）皇王恩重，,5601792722.8502989,0.0
lsxp-LiangGuoJiao-ShiJieTing-2.xml_1,各为其（呀）主统貔貅。,5619833992.8789015,0.0
lsxp-YiZhuangZhuang-QunYingHui.xml_1,请先生到江边即刻登舟。,5620091209.3099403,0.0
lsxp-HenPingWang-WenZhaoGuan.xml_3,满门的家着血染红。,5620507360.71134,0.0
lsxp-ZuoRiLi-YuanMenZhanZi.xml_1,老娘亲为什么不讲情来？,5636928523.2093887,0.0
lseh-XuMaoGong-QinQiongFaPei.xml_2,既是为我前来到，,5636992469.7173576,0.1
lseh-ZiNaRi-HongYangDong.xml_1,三更时梦（呃）见（呐）了年迈爹尊（呐）。,5637583602.281847,0.0
lsxp-DaHeYi-SiLangTanMu.xml_20,见一番汉帐中行。,5645425342.3207226,0.0
lseh-XinZhongYou-WenZhaoGuan.xml_15,到如今夜宿在荒村院，,5650406680.514782,0.1
lseh-YiLunMing-WenZhaoGuan-1.xml_31,到如今夜宿在荒村院，,5650406680.514782,0.1
lseh-TanXiongDi-SangYuanJiZi.xml_0,叹兄兀弟遭不幸一旦丧命，,5653805173.5897856,0.0
lsxp-DaHeYi-SiLangTanMu.xml_24,你是番邦什么人？,5660964081.5069618,0.0
lsxp-CiShiJian-HuaiHeYing-2.xml_7,生死二字（喏）且由他！,5677420081.8029604,0.0
lseh-YiLunMing-WenZhaoGuan-2.xml_2,实指望到吴国借兵回转，,5678958852.9394522,0.0
lsxp-ZheYiFeng-DingJunShan.xml_5,三通鼓刀出鞘四通（呃）鼓把兵交。,5701607368.9951181,0.0
lsxp-WeiCengKai-QiYuanBao.xml_6,行至在中途把雨降，,5704484755.7464056,0.0
lseh-JinZhongXiang-ShangTianTai.xml_0,金钟响玉磬应王登龙庭，,5711394123.690485,0.0
lsxp-JianMaSu-ZhanMaSu.xml_1,不由老夫咬钢牙，,5712152996.5271559,0.0
lsxp-WoZhuYe-ZhuiHanXin.xml_1,拔剑斩蛇天下扬。,5718823297.5933228,0.0
lseh-YiLunMing-ZhuoFangCao-1.xml_0,一轮明月照窗下，,5731342942.0690918,0.0
lseh-XiRiLi-BaoLianDeng.xml_3,传口诏命次子即位为君，,5752363995.2628441,0.0
lsxp-ZouYingLong-DaYanSong.xml_8,上面坐的是有道君，,5776934547.3255424,0.0
sdxp-SuLongWei-WuJiaPo.xml_14,将银放在地平川。,5795969955.8644276,0.0
lseh-WeiGuoJia-HongYangDong-3.xml_3,身不爽不由人瞌睡朦胧。,5799110878.2674274,0.0
lsxp-WoBenShi-KongChengJi-2.xml_2,先帝（呀）爷下南阳（呃）御驾三（呃）请，,5807661339.2721424,0.0
lsxp-ZiCongQian-ZhuLianZhai.xml_2,为千岁懒把朝房走，,5813243884.3743076,0.1
lseh-YiLunMing-WenZhaoGuan-1.xml_20,若是真心来救我，,5820983762.6499529,0.0
lseh-XinZhongYou-WenZhaoGuan.xml_4,若是真心来救我，,5820983762.6499529,0.0
lsxp-DaHeYi-SiLangTanMu.xml_12,我母佘氏老太君。,5822852561.686162,0.0
sdxp-WoHeNi-SiLangTanMu.xml_18,将身跪在地平川。,5857590930.9729729,0.0
lsxp-LiangGuoJiao-ShiJieTing-1.xml_1,各为其主统貔貅，,5877652808.9515209,0.0
lsxp-YiShiWu-YuCangJian.xml_7,我与奸贼不共戴天！,5880494825.4431562,0.0
lsxp-LiangGuoJiao-ShiJieTing-1.xml_3,赏罚中公（呃）平莫要自由。,5882113515.4681606,0.0
lseh-WeiGuoJia-HongYangDong-2.xml_2,官封到节度使（喏）皇王恩重，,5893319462.8823977,0.0
lsxp-WoBenShi-KongChengJi-2.xml_8,闲无（呃）事在敌楼（呃）我亮一亮琴（呢）音，,5900581494.4626589,0.0
lsxp-CiShiJian-HuaiHeYing-1.xml_2,在长安是你夸大话，,5911477972.4720249,0.0
lsxp-ShenGongWu-LongFengChengXiang.xml_1,年老得配女娇娃。,5915737816.6450386,0.0
lsxp-WoZhuYe-ZhuiHanXin.xml_11,反将我主贬汉王。,5919256286.4990215,0.0
lsxp-WoZhuYe-ZhuiHanXin.xml_15,扬尘舞蹈见大王。,5929658693.2307243,0.0
lseh-YiLunMing-ZhuoFangCao-1.xml_19,安眠好似并底之蛙，,5951979441.8681898,0.0
lsxp-CiShiJian-HuaiHeYing-2.xml_4,左手拉住了李左车，,5953055583.1154575,0.0
lsxp-LiangGuoJiao-ShiJieTing-1.xml_5,靠山近水把营收。,5956189475.6743937,0.0
lsxp-HenPingWang-WenZhaoGuan.xml_0,恨平王无道乱楚宫（兀），,5956724098.0456438,0.0
lsxp-ZiCongQian-ZhuLianZhai.xml_3,为千岁懒观五凤楼。,5976348401.5959826,0.0
lsxp-WoBenShi-KongChengJi-1.xml_2,先帝呀爷下南阳御呀驾三请，,5985381722.87708,0.0
lseh-YangYanZhao-PengBei.xml_1,在中途得一信甚是不明。,5996905072.5957193,0.0
lsxp-JianMaSu-ZhanMaSu.xml_3,失去了街亭差不差。,5997671200.917305,0.0
lsxp-ZouYingLong-DaYanSong.xml_4,我问顽童啼哭因何故，,6028327388.9309578,0.0
lseh-ZiNaRi-HongYangDong.xml_8,为此事终（啊）日里忧成疾病，,6030636972.6896467,0.0
sdxp-WoHeNi-SiLangTanMu.xml_20,黄沙盖脸尸骨不全。,6048982457.2934952,0.0
sdxp-SuLongWei-WuJiaPo.xml_10,管保大嫂就断与咱。,6051483625.0624866,0.0
lsxp-CiShiJian-HuaiHeYing-2.xml_2,在长安是你夸大话，,6052323988.7140064,0.0
lseh-ZenNengGou-BaDaChui.xml_0,怎能够思一计番营来进，,6061143403.0934763,0.0
lseh-JinZhongXiang-ShangTianTai.xml_3,武仗着姚皇兄保定乾坤。,6070769302.1436348,0.1
sdxp-DangNianHan-SanJiZhang.xml_6,句句话儿伤父心。,6093555870.2805071,0.0
sdxp-DangNianHan-SanJiZhang.xml_2,未央宫斩的是何人？,6108729435.7852631,0.0
lsxp-ZouYingLong-DaYanSong.xml_3,偶遇见小小的顽童放悲声，,6110803803.821969,0.0
lsxp-WeiCengKai-QiYuanBao.xml_1,尊一声太爷听端详。,6115972272.0928297,0.0
lsxp-ZheYiFeng-DingJunShan.xml_6,向前各各有赏犒，,6132222580.9129696,0.2
lseh-YiLunMing-WenZhaoGuan-2.xml_5,他将我隐藏在后花园。,6133754275.341424,0.0
lseh-NiangZiBu-SouGuJiuGu.xml_2,赵屠二家有仇恨，,6140093713.0733137,0.0
lseh-WeiGuoJia-HongYangDong-3.xml_1,我也曾平服了塞北西东。,6141822398.5922852,0.0
lsxp-WoBenShi-KongChengJi-1.xml_4,官封到武乡侯哇执掌帅印，,6171954792.8416948,0.0
lseh-WeiGuoJia-HongYangDong-1.xml_3,身不爽不由人瞌睡朦胧（呃）。,6172519777.4660501,0.0
lsxp-WeiCengKai-QiYuanBao.xml_2,家住在南阳太平庄，,6195276481.4166727,0.0
lsxp-CiShiJian-HuaiHeYing-2.xml_0,此时间不可闹笑话，,6197238229.1760025,0.0
lseh-YiLunMing-WenZhaoGuan-2.xml_12,我好（呃）比鱼儿吞了钩线，,6201298341.7157974,0.0
lsxp-WoBenShi-KongChengJi-1.xml_8,闲无哇事在敌楼哇我亮（呃）一亮琴哪音，,6210578544.4101629,0.0
lseh-YiLunMing-ZhuoFangCao-2.xml_8,一家人倶丧在宝剑之下，,6210601238.44314,0.0
lsxp-ZhangGongDao-ZhuangYuanPu.xml_1,陈伯愚年半百无有后苗。,6233174674.7552433,0.0
lseh-LaoZhangBu-WuPenJi.xml_6,我和你远无冤近无有仇恨，,6242241214.6146049,0.0
lseh-LaoZhangBu-WuPenJi.xml_4,我忙将树（呃）枝摆摇（哇）动，,6243796290.7849159,0.0
sdxp-DangNianHan-SanJiZhang.xml_3,小奴才真个不孝顺，,6246120643.3734045,0.0
lseh-XinZhongYou-WenZhaoGuan.xml_1,翻来复去睡不安。,6255125791.8988171,0.0
lsxp-DaHeYi-SiLangTanMu.xml_29,众将与爷忙掩（哪）门，,6315395757.1351748,0.0
lseh-YiLunMing-WenZhaoGuan-1.xml_24,哭一声爹娘不能相见，,6325181732.8534603,0.0
lseh-YiLunMing-WenZhaoGuan-1.xml_28,越思越想好伤惨，,6364826344.9485855,0.0
lseh-WeiKaiYan-RangXuZhou.xml_5,救生灵（呐）积阴（呐）功也免得我坐卧不宁。,6386289220.0915585,0.0
lsxp-WoBenShi-KongChengJi-1.xml_6,周文王访姜尚周室大振，,6388683113.6368275,0.0
lseh-YiLunMing-WenZhaoGuan-1.xml_12,我好（哇）比鱼儿吞了钩线，,6411939991.352108,0.0
lsxp-QingGongYan-FaDongWu.xml_0,庆功宴上把酒饮，,6425713673.5114231,0.0
lseh-YiLunMing-WenZhaoGuan-1.xml_36,对天发不宏誓愿，,6445580514.3184786,0.0
sdxp-SuLongWei-WuJiaPo.xml_3,他三人与我有仇恨，,6446297923.2955408,0.0
lseh-XinZhongYou-WenZhaoGuan.xml_20,对天发下宏誓愿，,6466229541.2100487,0.0
sdxp-SuLongWei-WuJiaPo.xml_22,一马双跨到西凉。,6491285998.1442404,0.0
lseh-TanXiongDi-SangYuanJiZi.xml_2,眼望着孤坟台珠泪难忍，,6491382834.6229267,0.0
lseh-XinZhongYou-WenZhaoGuan.xml_12,越思越想好伤惨，,6498237463.3447037,0.0
lseh-XinZhongYou-WenZhaoGuan.xml_21,我不杀平王我的心怎甘。,6504938426.3317394,0.0
lseh-YiLunMing-WenZhaoGuan-1.xml_37,我不杀平王我的心怎甘（哪）。,6522542218.3742056,0.0
lsxp-CiShiJian-HuaiHeYing-1.xml_0,此时间不可闹笑话，,6532058375.0408735,0.0
lsxp-CiShiJian-HuaiHeYing-2.xml_5,右手再把栾布拉，,6547711625.9142284,0.0
lsxp-WoBenShi-KongChengJi-2.xml_4,官封到武乡侯（呃）执掌帅印，,6555028249.4113007,0.0
lsxp-DaHeYi-SiLangTanMu.xml_8,问我一言答一声。,6559186970.8326569,0.0
lsxp-DaHeYi-SiLangTanMu.xml_6,怎知今日回宋营。,6560665350.0628891,0.0
lseh-YiLunMing-ZhuoFangCao-1.xml_15,悔不该弃县今抛却了乌（哇）纱，,6580324245.6194611,0.0
lsxp-TingTaYan-ZhuoFangCao-2.xml_4,马行在来道内我难（呐）以回（呀）马，,6583480345.5643816,0.0
lsxp-TingTaYan-ZhuoFangCao-1.xml_4,马行在来道内我难（呐）以回（呀）马，,6583480345.5643816,0.0
lseh-WeiGuoJia-HongYangDong-1.xml_1,我也曾平服了塞北西东。,6591920801.739954,0.0
lsxp-CiShiJian-HuaiHeYing-1.xml_7,生死二字（喏）且由他。,6599724233.1097136,0.0
sdxp-DangNianHan-SanJiZhang.xml_1,登台拜帅是韩信，,6661373615.6529264,0.0
lsxp-ZouYingLong-DaYanSong.xml_10,他本是我朝中上欺天子下压臣谋朝篡位卖国的奸贼他名叫严嵩，,6667250004.6380997,0.0
lsxp-TingTaYan-ZhuoFangCao-2.xml_6,这时候我只得暂且忍耐在心下，,6684110340.2385645,0.0
lsxp-TingTaYan-ZhuoFangCao-1.xml_6,这时候我只得暂且忍耐在心下，,6690844720.5186615,0.0
lsxp-ZouYingLong-DaYanSong.xml_12,罢、罢、罢，暂且忍却我的心头恨，,6702353059.403944,0.0
lsxp-DaHeYi-SiLangTanMu.xml_23,本帅开言把他问，,6703973045.4000359,0.0
lseh-YiLunMing-WenZhaoGuan-1.xml_8,俺伍员好一似丧家犬，,6703995094.2624969,0.0
lseh-YiLunMing-WenZhaoGuan-1.xml_17,翻来覆去睡不（哇）安。,6719551338.2466488,0.0
lsxp-ZouYingLong-DaYanSong.xml_6,我劝顽童你休流泪，免悲声，邹老爷就是尔的报仇人。,6747677495.9131107,0.0
sdxp-WoHeNi-SiLangTanMu.xml_12,无有令箭怎过关。,6748807029.2543221,0.0
lsxp-YiShiWu-YuCangJian.xml_5,信用无极狗奸谗。,6758084159.3474894,0.0
lsxp-WoZhuYe-ZhuiHanXin.xml_9,我也曾约法定过三章。,6777297875.2537928,0.1
lsxp-ZouYingLong-DaYanSong.xml_5,他言道严嵩老贼害他的举家一满门。,6780859969.2861719,0.0
lseh-YiLunMing-WenZhaoGuan-1.xml_15,今夜晚怎能够盼到明天。,6798191996.5623245,0.0
lsxp-DaHeYi-SiLangTanMu.xml_5,弟兄们分别十五春，,6809612141.7730856,0.0
lsxp-DaHeYi-SiLangTanMu.xml_14,失落番邦被贼擒。,6824300700.2579546,0.0
sdxp-WoHeNi-SiLangTanMu.xml_9,我有心回宋营见母一面，,6871381840.4899902,0.0
lsxp-DaHeYi-SiLangTanMu.xml_22,灯光之下看不真。,6878089104.2509956,0.0
lseh-JinZhongXiang-ShangTianTai.xml_1,寡人喜的是五谷丰登。,6890693496.1832714,0.0
lsxp-WoBenShi-KongChengJi-2.xml_0,我本是卧龙岗散淡（呐）的人，,6907916523.5849037,0.0
lsxp-JiangShenEr-SanJiaDian.xml_14,眼见得红日坠落在西山后，,6934896854.2120533,0.0
lseh-YiLunMing-WenZhaoGuan-2.xml_15,今夜晚怎能够盼到明天。,6949162588.6519747,0.0
lsxp-YiShiWu-YuCangJian.xml_2,日月轮流催晓（哇）箭，,6962721965.5394564,0.0
lseh-ZiNaRi-HongYangDong.xml_6,老军报他二人在洪洋（呃）洞丧（呃）命，,6972067806.3732805,0.0
lseh-YiLunMing-WenZhaoGuan-1.xml_34,寻短（哪）哎见爹娘（兀）！,6985683251.5610323,0.0
lsxp-WeiCengKai-QiYuanBao.xml_0,未曾开言泪汪汪，,7005774440.280139,0.0
lsxp-WoBenShi-KongChengJi-1.xml_5,东西战南北剿博古通呃今。,7008984905.3978071,0.0
lseh-NiangZiBu-SouGuJiuGu.xml_7,老天爷不绝我的后代根。,7010278875.2696676,0.0
lseh-WeiGuoJia-HongYangDong-2.xml_3,身不爽不由人瞌睡朦胧（呃）（哪）。,7019100119.6201277,0.0
lsxp-WeiCengKai-QiYuanBao.xml_8,赵大夫妻图财害命害我一命亡，,7031768785.2496471,0.0
lseh-YiLunMing-ZhuoFangCao-1.xml_21,贼好比猛虎未（呀）曾长牙，,7068695952.9756355,0.0
lsxp-DaHeYi-SiLangTanMu.xml_19,本帅帐中用目睁，,7084402409.0852633,0.0
lsxp-TingTaYan-ZhuoFangCao-1.xml_3,却原（呐）来贼是个无（哇）义（呀）的冤家！,7094193456.7661266,0.0
lsxp-TingTaYan-ZhuoFangCao-2.xml_3,却愿（呐）来贼是个无（哇）义（呀）的冤家！,7094193456.7661266,0.0
lsxp-JiangShenEr-SanJiaDian.xml_13,娘想儿来泪双流。,7103485097.3084641,0.0
lsxp-CiShiJian-HuaiHeYing-1.xml_4,左手拉住了李左车，,7114955705.6347771,0.0
lseh-NiangZiBu-SouGuJiuGu.xml_8,你今舍了亲生子，,7200572925.6448765,0.0
lsxp-ZheYiFeng-DingJunShan.xml_4,头通（呃）鼓紧战袍，,7218549448.7707376,0.0
sdxp-SuLongWei-WuJiaPo.xml_16,送与大嫂把家安。,7244424012.615283,0.0
lsxp-WoBenShi-KongChengJi-2.xml_5,东西战南北剿博古（呃）通（哦）今。,7277121982.7464657,0.0
sdeh-WenSanNiang-SanNiangJiaoZi.xml_1,问三娘发雷霆却是为何？,7280037361.7599764,0.0
sdxp-SuLongWei-WuJiaPo.xml_1,苏龙魏虎为媒证，,7281344313.5693617,0.0
lseh-WeiGuoJia-HongYangDong-2.xml_1,我也曾平服了塞北西东。,7324569136.0808592,0.0
lsxp-WoZhuYe-ZhuiHanXin.xml_3,两路分（呐）兵定咸阳。,7365696117.5277815,0.1
lseh-XinZhongYou-WenZhaoGuan.xml_3,叫人难解巧机关。,7388166677.5138397,0.0
sdxp-WoHeNi-SiLangTanMu.xml_8,我的娘押粮草来到北番。,7420323658.8484945,0.0
lsxp-CiShiJian-HuaiHeYing-2.xml_6,三人同把那鬼门关上爬，,7427651591.9352274,0.0
lsxp-YiShiWu-YuCangJian.xml_6,他害我满门（呐）真悲惨，,7453488148.7142611,0.0
lsxp-YiShiWu-YuCangJian.xml_1,叹光明一去不回还（呐）；,7477055968.6664581,0.0
lsxp-ZheYiFeng-DingJunShan.xml_1,天助黄忠成功劳。,7510453324.0832481,0.0
lseh-YiLunMing-ZhuoFangCao-1.xml_22,虎在笼中我不打，,7515106484.804575,0.0
lseh-YiLunMing-WenZhaoGuan-2.xml_8,俺伍员好一似丧家犬，,7520291962.6540194,0.0
lsxp-CiShiJian-HuaiHeYing-1.xml_5,右手再把栾布拉。,7535908575.5980892,0.0
lseh-YiLunMing-ZhuoFangSuDian.xml_10,屈死的怨鬼魂休要怨（呐）咱，,7576243606.9159994,0.0
lsxp-JiangShenEr-SanJiaDian.xml_3,二不是歹人（呐）把城偷。,7625062381.7341766,0.0
lseh-WeiKaiYan-RangXuZhou.xml_3,老朽年迈我也不能够担承。,7641936349.1707582,0.0
lsxp-CiShiJian-HuaiHeYing-1.xml_6,三人同把那鬼门关上踏（啊），,7654177375.5405426,0.0
lseh-ZiNaRi-HongYangDong.xml_9,因此上臣的病重（呃）加十分、千岁爷呀！,7658176354.3313103,0.0
lseh-ZiNaRi-HongYangDong.xml_3,那乃是萧天佐以（呀）假成真；,7742122176.0773745,0.0
lsxp-WoZhuYe-ZhuiHanXin.xml_0,我主爷起义在芒砀，,7746413428.8416567,0.0
lsxp-ZhangGongDao-ZhuangYuanPu.xml_4,怕将（呃）来老天爷无（哇）有果报，,7753769758.5493145,0.0
lseh-YiLunMing-WenZhaoGuan-1.xml_10,我好（哇）比哀哀长空雁，,7754402287.9892883,0.0
lseh-YiLunMing-ZhuoFangCao-1.xml_24,执宝剑将贼的（呀）头割下，,7756715833.9088774,0.0
lseh-YiLunMing-ZhuoFangCao-2.xml_9,年迈老丈命染黄沙。,7810399680.3610439,0.0
lseh-YiLunMing-WenZhaoGuan-1.xml_3,谁知昭关有阻拦。,7833174028.5792522,0.0
lseh-YiLunMing-WenZhaoGuan-2.xml_1,愁人心（呐）中似箭穿。,7863833379.2625132,0.0
lsxp-DaHeYi-SiLangTanMu.xml_30,自己骨肉认不清。,7888410572.3035107,0.0
lsxp-DaHeYi-SiLangTanMu.xml_4,上面（哪）坐的同胞人。,7895897194.4076023,0.0
lseh-NiangZiBu-SouGuJiuGu.xml_6,舍子搭救忠（呃）良的后，,7897847553.0740347,0.0
lseh-TanXiongDi-SangYuanJiZi.xml_3,见坟台不见人刀割我心。,7903616482.3515444,0.0
lseh-XinZhongYou-WenZhaoGuan.xml_18,寻短（呃）哎见爹娘（呃）。,7920588122.0332088,0.0
lseh-YiLunMing-ZhuoFangCao-1.xml_5,杀猪（喏）沽（哇）酒款待于他，,7940182998.613554,0.0
lseh-YiLunMing-WenZhaoGuan-1.xml_19,叫人难解巧机关，,7950953757.9090843,0.0
lseh-XiRiLi-BaoLianDeng.xml_2,都只为孤（哇）竹君身染重病（哪），,8025504303.8457346,0.0
lsxp-ZouYingLong-DaYanSong.xml_7,站立在殿角用目来观定，,8044381382.5486336,0.2
lseh-YiLunMing-WenZhaoGuan-2.xml_3,谁知昭关有阻拦。,8075519584.1553249,0.0
lseh-YiLunMing-WenZhaoGuan-2.xml_10,我好（呃）比哀哀长空雁，,8129893647.3871346,0.0
lseh-YiLunMing-ZhuoFangCao-2.xml_10,屈死的冤鬼魂休要怨咱，,8208616937.7196741,0.0
lseh-XinZhongYou-WenZhaoGuan.xml_8,哭一声爹娘不能相见，,8241211236.877758,0.0
lseh-NiangZiBu-SouGuJiuGu.xml_9,来年必定降麒麟。,8249801046.7449417,0.1
lseh-YiLunMing-WenZhaoGuan-1.xml_1,愁人心（哪）中似箭穿。,8255775867.2663507,0.0
lseh-YiLunMing-ZhuoFangCao-2.xml_1,陈宫心中乱如麻。,8259046148.5030174,0.0
lseh-WeiKaiYan-RangXuZhou.xml_4,望使君放开怀慨然（呐）应（呐）允，,8310213704.943224,0.0
lseh-YiLunMing-WenZhaoGuan-1.xml_7,夜夜何曾得安眠。,8370890025.3019257,0.0
lseh-YiLunMing-WenZhaoGuan-2.xml_7,夜夜何曾得安眠。,8370890025.3019257,0.0
lseh-YiLunMing-ZhuoFangCao-1.xml_14,悔不该把家属一（呀）旦撇下，,8380907657.8709106,0.0
lsxp-DaHeYi-SiLangTanMu.xml_16,我是你四哥回宋营。,8409341952.872241,0.0
lseh-TanXiongDi-SangYuanJiZi.xml_1,丢下了年幼儿好不伤情。,8415784165.887867,0.0
lseh-XiRiLi-BaoLianDeng.xml_11,留得美名万古存，,8424735723.3010883,0.0
lseh-YiLunMing-ZhuoFangSuDian.xml_4,吕伯奢可算得义气（呀）大，,8453726377.5073318,0.0
sdxp-WoHeNi-SiLangTanMu.xml_4,誓不忘贤公主恩重如山。,8474341640.2166166,0.0
lseh-TuZeiZuo-SouGuJiuGu.xml_1,诬杀赵家一满门。,8494765590.8407125,0.0
lseh-LaoZhangBu-WuPenJi.xml_1,我有言来你是（喏）听。,8518081036.8251705,0.0
lseh-NiangZiBu-SouGuJiuGu.xml_4,我与那公孙杵臼把计定，,8560920214.7807178,0.1
lsxp-WoBenShi-KongChengJi-1.xml_1,论阴阳如反掌保定乾坤。,8599273378.2191067,0.1
sdxp-WoHeNi-SiLangTanMu.xml_3,杨廷辉有一日愁眉得展，,8621099328.4599991,0.0
lseh-YiLunMing-WenZhaoGuan-1.xml_30,朝臣待漏（哇）五更寒，,8673177187.7113361,0.0
lseh-YiLunMing-WenZhaoGuan-1.xml_4,幸遇那东皋公行方便，,8686211154.4973774,0.0
lsxp-ZheYiFeng-DingJunShan.xml_3,大小儿郎听根苗，,8688671962.9725685,0.0
lseh-YiLunMing-ZhuoFangCao-1.xml_23,我岂肯放虎归山又（哇）把人抓。,8734275677.0802727,0.0
lsxp-WoZhuYe-ZhuiHanXin.xml_4,先进咸阳为皇上，,8743623927.5969009,0.0
lseh-XinZhongYou-WenZhaoGuan.xml_5,为何几日他不言，,8768916946.3572407,0.0
lseh-XuMaoGong-QinQiongFaPei.xml_3,缘何不救我出笼牢。,8780306354.5044155,0.0
lseh-XiRiLi-BaoLianDeng.xml_10,首阳山前冻饿死（喏）。,8806161981.2062454,0.1
lsxp-DaHeYi-SiLangTanMu.xml_26,要见本帅为何情？,8807798004.2422562,0.0
lsxp-HenPingWang-WenZhaoGuan.xml_2,我的（呀）父谏奏反把命（哪）送，,8810680451.203476,0.0
lseh-ZenNengGou-BaDaChui.xml_3,倒不如上公安观看古今。,8810969649.9482822,0.0
lseh-YiLunMing-ZhuoFangCao-2.xml_6,又谁知此贼的疑心太大，,8833161990.0484409,0.0
lsxp-JianMaSu-ZhanMaSu.xml_0,见马谡（唩）跪帐下，,8849222261.8322029,0.0
lsxp-ZuoRiLi-YuanMenZhanZi.xml_3,哭啼啼坐宝帐所为何来。,8894241380.5860405,0.0
lseh-XiRiLi-BaoLianDeng.xml_5,那伯夷尊父命也不能应承，,8939019920.0438843,0.0
lseh-YiLunMing-WenZhaoGuan-1.xml_21,为何几日他不言。,8980231572.6105595,0.0
sdxp-WoHeNi-SiLangTanMu.xml_14,见母一面即刻还。,9025441361.8376026,0.0
lsxp-WoZhuYe-ZhuiHanXin.xml_12,今日里萧何荐良将，,9059679085.9393787,0.0
lseh-YiLunMing-ZhuoFangSuDian.xml_9,年迈的老丈命（呐）染黄沙。,9063001022.2455406,0.0
sdxp-SuLongWei-WuJiaPo.xml_9,衙里衙外我打点，,9111801042.2622013,0.0
lseh-YiLunMing-ZhuoFangCao-1.xml_20,贼好比蛟龙未生鳞甲，,9114929405.455246,0.0
lseh-XinZhongYou-WenZhaoGuan.xml_14,朝臣待漏五更寒。,9151492026.4030361,0.0
lsxp-ZuoRiLi-YuanMenZhanZi.xml_4,叫焦赞将宝剑悬挂帐外，,9165224201.6915207,0.0
lseh-XinZhongYou-WenZhaoGuan.xml_10,爹娘（呃）要相逢除非是梦（呃）里团圆。,9167707852.4039898,0.0
lsxp-TingTaYan-ZhuoFangCao-2.xml_1,背转身自埋怨我自（呃）已做差。,9183314316.5017929,0.0
lsxp-TingTaYan-ZhuoFangCao-1.xml_1,背转身只埋怨我自（呃）己作差，,9183314316.5017929,0.0
lsxp-YiShiWu-YuCangJian.xml_9,行至在昭关有阻拦。,9199188091.4598141,0.0
lseh-YangYanZhao-PengBei.xml_3,又只见老爹爹瞌睡沉沉。,9206422449.8637486,0.0
lsxp-WeiCengKai-QiYuanBao.xml_7,借宿一宵起祸殃。,9236451036.9219093,0.0
lseh-LaoZhangBu-WuPenJi.xml_3,我本屈死一鬼魂。,9255245976.7710609,0.0
lsxp-WeiCengKai-QiYuanBao.xml_3,姓刘名安字世昌。,9265685304.6896248,0.0
lsxp-ZhangGongDao-ZhuangYuanPu.xml_2,为（呀）儿（啼）女我也曾朝山拜庙，,9298650454.5165138,0.0
sdxp-SuLongWei-WuJiaPo.xml_11,好一个贞节王宝钏，,9303914027.0215797,0.0
lseh-XinZhongYou-WenZhaoGuan.xml_9,不能（呃）哎见。,9351900903.8220558,0.0
lseh-JinZhongXiang-ShangTianTai.xml_5,又听得殿角下大放悲声。,9367365199.8226986,0.0
lseh-YiLunMing-ZhuoFangCao-1.xml_1,陈宫心（呐）中乱如麻，,9371633591.9423904,0.0
lseh-WeiKaiYan-RangXuZhou.xml_2,二犬子（呃）皆年幼（哇）难当（呃）重任，,9384568485.2105579,0.0
lseh-YiLunMing-WenZhaoGuan-1.xml_33,我本当拔宝剑自寻短见，,9408189252.1038151,0.0
lseh-ZiNaRi-HongYangDong.xml_4,二次（喏）里命孟良番营来进，,9437808801.4906673,0.0
lseh-YiLunMing-WenZhaoGuan-1.xml_25,不能（哪）哎见爹娘（兀）！,9454583211.9716091,0.0
lseh-YiLunMing-ZhuoFangCao-1.xml_13,越思越想把事来作差。,9462103147.6180325,0.0
lseh-YiLunMing-ZhuoFangCao-1.xml_6,又谁知此贼的疑心（呐）太（呀）大，,9464858520.3869457,0.0
lsxp-WoBenShi-KongChengJi-1.xml_3,算就了汉家的业鼎足哇三分。,9490299071.7027893,0.0
lseh-YiLunMing-ZhuoFangCao-1.xml_9,年迈的老丈命（呐）染黄沙。,9500679808.3585701,0.0
lsxp-JiangShenEr-SanJiaDian.xml_11,儿行千里母担忧。,9513443214.1474781,0.0
lseh-ZiNaRi-HongYangDong.xml_0,自（喏）那日朝罢归身（呐）染重病，,9526530793.2868938,0.0
sdxp-WoHeNi-SiLangTanMu.xml_15,宋营（哪）虽然路途远，,9544835754.5154037,0.0
lseh-YiLunMing-ZhuoFangSuDian.xml_8,一家人倶丧在宝剑之（喏）下，,9548922655.2584648,0.0
lsxp-JiangShenEr-SanJiaDian.xml_6,舍不得太爷的恩情厚，,9557265101.766407,0.0
lsxp-WoBenShi-KongChengJi-1.xml_0,我本是卧龙岗散淡哪的人，,9575654468.6220608,0.0
lseh-XinZhongYou-WenZhaoGuan.xml_17,我本当拔宝剑自寻短见，,9714921590.3610687,0.0
lseh-WeiKaiYan-RangXuZhou.xml_1,天卸重任我就要（哇）你担承。,9726749305.8337479,0.0
lsxp-ZheYiFeng-DingJunShan.xml_7,退后的项上吃一刀。,9772163803.9881554,0.0
lseh-YiLunMing-ZhuoFangSuDian.xml_1,陈宫心（呐）中乱如麻，,9922838974.8825588,0.0
lseh-YiLunMing-ZhuoFangSuDian.xml_5,杀猪（喏）沽酒款待与他，,9978646379.8951683,0.0
lseh-YangYanZhao-PengBei.xml_5,又恐怕惊动了年迈之人。,9988702915.2162952,0.0
sdxp-SuLongWei-WuJiaPo.xml_19,是烈女就该在家院，,10103770790.278763,0.0
lseh-YiLunMing-ZhuoFangCao-2.xml_11,自有那神灵儿天地鉴察。,10140154133.433214,0.0
lseh-YiLunMing-WenZhaoGuan-2.xml_4,幸遇那东皋公行方便，,10143720880.854921,0.0
lseh-YiLunMing-ZhuoFangSuDian.xml_7,拔出剑将他的满门杀，,10144322429.631413,0.0
lseh-YiLunMing-ZhuoFangCao-1.xml_8,一家人倶丧在宝剑之（喏）下，,10201086632.641399,0.0
lsxp-HenPingWang-WenZhaoGuan.xml_1,父纳子（呃）妻礼难容，,10239623614.99424,0.0
lseh-YiLunMing-ZhuoFangCao-1.xml_7,拔出剑将他的满门杀，,10255422138.585478,0.0
lseh-XiRiLi-BaoLianDeng.xml_6,弟让兄来兄不能应（呐）允，,10288155413.317884,0.0
lsxp-JiangShenEr-SanJiaDian.xml_8,实难舍街坊四邻与我的好朋友，,10306648333.793156,0.0
lsxp-ZheYiFeng-DingJunShan.xml_0,这一封（呃）书信来得巧，,10325276445.679033,0.0
lseh-YiLunMing-WenZhaoGuan-1.xml_6,一连几天我的眉不（哇）展，,10327783067.164642,0.0
lseh-YiLunMing-ZhuoFangCao-1.xml_17,汉室后来贼是个惹祸的根芽。,10345452276.65065,0.0
lseh-YiLunMing-ZhuoFangSuDian.xml_11,自有那神灵儿天地鉴察。,10362816591.037916,0.0
lsxp-WeiCengKai-QiYuanBao.xml_5,贩卖绸缎转还乡。,10363827863.23247,0.0
lsxp-JiangShenEr-SanJiaDian.xml_2,一不是响马与贼寇，,10396355329.517118,0.0
lseh-YiLunMing-ZhuoFangCao-1.xml_11,自有那神灵（啊）天地鉴察。,10547072491.984917,0.0
lseh-NiangZiBu-SouGuJiuGu.xml_1,卑（呀）人言来你是（喏）听。,10559419258.848461,0.0
lseh-XiRiLi-BaoLianDeng.xml_1,伯夷叔齐二大贤人，,10591302760.220081,0.0
lseh-XiRiLi-BaoLianDeng.xml_9,那叔齐逃出了后宰门，,10619251223.588966,0.0
lsxp-WoZhuYe-ZhuiHanXin.xml_13,但愿得言听计从重整汉家邦、一同回故乡。,10675490613.381752,0.0
lseh-YiLunMing-ZhuoFangCao-2.xml_2,悔不该心猿并意马，,10728914967.13258,0.0
lseh-YiLunMing-ZhuoFangSuDian.xml_6,又谁知此贼的疑心（呐）太（呀）大，,10795111837.656637,0.0
lseh-YiLunMing-ZhuoFangCao-1.xml_16,我只说贼是个宽宏量大，,10839095603.797459,0.0
lsxp-JiangShenEr-SanJiaDian.xml_12,儿想娘亲难叩首，,10976148493.613264,0.0
lseh-XiRiLi-BaoLianDeng.xml_4,那叔齐分长幼不能担任，,10980812743.287563,0.0
lseh-YiLunMing-ZhuoFangCao-2.xml_7,拔出剑将他的满门杀。,10995720793.797049,0.0
lsxp-WoBenShi-KongChengJi-2.xml_1,凭阴阳如反掌保定乾坤。,11210294687.508215,0.1
lsxp-JiangShenEr-SanJiaDian.xml_0,将身儿来至在大街口，,11281060682.907248,0.0
lseh-NiangZiBu-SouGuJiuGu.xml_5,他舍命来你我舍亲生。,11306916749.381973,0.0
lsxp-DaHeYi-SiLangTanMu.xml_2,杨家将令鬼神惊。,11338345903.483429,0.0
lsxp-WoBenShi-KongChengJi-2.xml_7,我诸葛怎比得前辈（呃）的先（呃）生。,11364043627.175213,0.1
lseh-TuZeiZuo-SouGuJiuGu.xml_3,大事还要问程婴。,11381968856.707315,0.0
lseh-XinZhongYou-WenZhaoGuan.xml_16,我冷冷清清向谁言（呃）。,11397706537.466171,0.1
lsxp-ZhangGongDao-ZhuangYuanPu.xml_3,为儿（喏）女我也曾补路修桥。,11437954922.772961,0.0
lsxp-ZouYingLong-DaYanSong.xml_9,那一旁坐的就是严阁老，,11458753916.445269,0.0
lsxp-TingTaYan-ZhuoFangCao-1.xml_7,既同行共（呃）大事必须要劝解于他（呀呃）。,11475683386.390219,0.0
lsxp-TingTaYan-ZhuoFangCao-2.xml_7,既同行共（呃）大事必须要劝解于他（呀呃）。,11475683386.390219,0.0
lseh-ZenNengGou-BaDaChui.xml_1,前后话对文龙细说衷情。,11513732129.287003,0.1
lseh-YiLunMing-ZhuoFangCao-2.xml_4,吕伯奢可算得义气大，,11540582109.720339,0.0
lseh-YiLunMing-WenZhaoGuan-2.xml_6,一连几天我的眉不（呃）展，,11570900998.794439,0.0
lseh-YiLunMing-WenZhaoGuan-1.xml_32,我冷冷清清向谁言（哪）。,11575071865.918646,0.1
sdxp-SuLongWei-WuJiaPo.xml_7,大嫂说话礼不端，,11622845533.275511,0.0
lseh-XiRiLi-BaoLianDeng.xml_12,为父的怎比得孤竹君，,11763374898.226007,0.0
lsxp-WoBenShi-KongChengJi-2.xml_3,算就了汉家的业鼎足（呃）三分。,11943595964.736935,0.0
lseh-XiRiLi-BaoLianDeng.xml_8,那伯夷出午门无（哇）有踪（呃）影，,12059992886.419001,0.0
lsxp-WoZhuYe-ZhuiHanXin.xml_5,后进咸阳扶保在朝纲。,12227252384.172855,0.0
lseh-XuMaoGong-QinQiongFaPei.xml_5,其中必有这巧（哇）妙高。,12286203691.879677,0.0
lseh-JinZhongXiang-ShangTianTai.xml_4,内侍臣忙摆驾九龙口进，,12333152181.301662,0.0
lsxp-TingTaYan-ZhuoFangCao-2.xml_5,这才是花随水水不（哇）能恋（呐）花。,12438704531.741577,0.0
lsxp-WoBenShi-KongChengJi-1.xml_7,俺诸（喏）葛怎比得前辈呀的先哪生。,12478663794.033474,0.1
lseh-YiLunMing-ZhuoFangCao-2.xml_5,杀猪沽酒款待与他。,12531998128.881971,0.0
lsxp-JiangShenEr-SanJiaDian.xml_4,杨林与我来争斗，,12535116375.264828,0.0
lsxp-TingTaYan-ZhuoFangCao-1.xml_5,这才是花随水水不（哇）能恋（呐）花。,12580206541.559338,0.0
lseh-LaoZhangBu-WuPenJi.xml_7,望求老丈把冤伸。,13009643283.400272,0.0
lseh-NiangZiBu-SouGuJiuGu.xml_11,不舍娇儿难救孤身。,13272172999.363037,0.0
lsxp-WoZhuYe-ZhuiHanXin.xml_14,撩袍端带我把金殿上，,13644172581.951674,0.0
lsxp-ZouYingLong-DaYanSong.xml_2,那一日打从大街进，,13834518829.059837,0.0
lsxp-WoZhuYe-ZhuiHanXin.xml_2,怀王也曾把旨降，,13995135199.453726,0.0
lsxp-TingTaYan-ZhuoFangCao-1.xml_2,我先前只望他宽宏量（呃）大，,14002916926.620922,0.1
lsxp-TingTaYan-ZhuoFangCao-2.xml_2,我先前只望他宽宏量（呃）大，,14002916926.620922,0.1
lsxp-JiangShenEr-SanJiaDian.xml_10,娘生儿连心肉，,14233257956.788849,0.0
lseh-ZiNaRi-HongYangDong.xml_5,又谁知焦克明他私（呀）自后跟（呐），,14684368325.282261,0.0
lsxp-WoZhuYe-ZhuiHanXin.xml_10,项羽不遵怀王约，,14969141391.152441,0.0
lsxp-WoZhuYe-ZhuiHanXin.xml_6,也是我主洪福广，,17357730895.467747,0.0
sdxp-WoHeNi-SiLangTanMu.xml_16,快马加鞭我一夜还。,17899190062.458839,0.0
