那冰轮离海岛,4,那冰轮离海岛，
daxp-ErTingDe-SuoLinNang.xml_22,分我一枝珊瑚宝，,2541541.2309769685,0.0
sdxp-DangNianHan-SanJiZhang.xml_13,商鞅不中苏季子，,2541541.2309769685,0.0
daxp-ErTingDe-SuoLinNang.xml_20,我正不足她正少，,2990678.808133875,0.0
daspd-DuShouKong-WangJiangTing.xml_2,孀居愁苦泪洗面，,3149011.6123430748,0.0
daspd-HaiDaoBing-GuiFeiZuiJiu.xml_2,那冰轮离海岛，,3214488.5596887777,1.0
daeh-ZuoRiGong-TaiZhenWaiChuan.xml_0,昨日宫中何等宠幸，,3299187.8126234915,0.0
daxp-FeiShiWo-TaoHuaCun.xml_7,桃花村口莫彷徨。,3457691.2247443427,0.0
daeh-ZuoRiGong-TaiZhenWaiChuan.xml_2,思想起从前事心中悔恨，,3500379.7877329006,0.0
daxp-MengTingDe-MuiGuiYingGuaShuai.xml_6,番王小丑何足论，,3560873.9081340157,0.0
daxp-ChunQiuTing-SuoLinNang.xml_5,为何鲛珠化泪抛？,3612337.7893065717,0.0
daxp-MengTingDe-MuiGuiYingGuaShuai.xml_3,敌血飞溅石榴裙。,3656808.8883484518,0.0
daxp-ErTingDe-SuoLinNang.xml_28,麟儿哪有神送到，,3702017.0147383451,0.0
sdxp-SuLongWei-WuJiaPo.xml_31,命人送到（那）西凉川。,3720052.4275345155,0.16666666666666666
daxp-FeiShiWo-TaoHuaCun.xml_11,是不是有人拍巴掌。,3722509.6769640669,0.0
daxp-NiDeFu-FenHeWan.xml_0,你的父去投军无音信，,3788605.172352117,0.0
daxp-MengJunZi-ChunQiuPei-2.xml_0,蒙君子至诚心再三问话，,3806351.1175980275,0.0
daeh-XiaoNuCai-SanNiangJiaoZi.xml_5,叹一声不由人珠泪如梭。,3811438.8734356756,0.0
daxp-DangRiLi-SuoLinNang.xml_1,霎时间日色淡似坠西山。,3818584.6433892474,0.0
daxp-DiTouLi-NvQiJie.xml_7,来生变犬马我当报还。,3826628.6971462402,0.0
daxp-XiRiLiang-LongFengChengXiang.xml_0,昔日梁鸿配孟光，,3851187.0268906327,0.0
daxp-QiaoLouShang-HuangShanLei.xml_8,听画鼓报四更愈添凄冷，,3884442.6225335244,0.0
sdxp-DangNianHan-SanJiZhang.xml_20,爹爹为何你要退婚？,3897581.7037244299,0.0
daxp-DangRiLi-SuoLinNang.xml_0,当日里好风光忽觉转变，,3958320.4649251457,0.0
daxp-MuQinBu-FengHuanChao.xml_5,活在世上也枉然。,3978224.1915563028,0.0
daeh-NaRiFeng-YuanXiaoMi.xml_7,不如早死命归西。,4026785.6444638078,0.0
sdeh-WenSanNiang-SanNiangJiaoZi.xml_6,又谁知平白的闪跌一跤。,4032145.3606137391,0.0
dldeh-ShouBiPo-ChunQiuPei.xml_3,奴好比花未开风吹雨打，,4049817.4561848459,0.0
danbz-KanDaWang-BaWangBieJi.xml_3,猛抬头见碧落月色清明。,4129388.7498883558,0.0
daeh-NaRiFeng-YuanXiaoMi.xml_3,我与母亲两分离。,4159328.1273891856,0.16666666666666666
daxp-ChunQiuTing-SuoLinNang.xml_3,想必是新婚渡鹊桥，,4221291.2115504742,0.0
daeh-SunShangXiang-BieHuangGong.xml_2,遭不幸父王爷把驾来晏，,4227653.8478587028,0.0
daxp-JiaoZhangSheng-HongNiang.xml_3,这件事倒叫我心乱如麻。,4270996.3267649692,0.0
daxp-DangRiLi-SuoLinNang.xml_16,有金珠和珍宝光华灿烂，,4274583.3468512734,0.0
sdxp-SuLongWei-WuJiaPo.xml_33,家人小厮有万千。,4333683.0445180591,0.0
daxp-ChunQiuTing-SuoLinNang.xml_24,分我一枝珊瑚宝，,4352795.1190925455,0.0
daxp-ChunQiuTing-SuoLinNang.xml_22,我在不足他正少，,4352795.1190925455,0.0
daspd-DuShouKong-WangJiangTing.xml_1,芳心寂寞有谁怜，,4355066.2690858571,0.0
daxp-JiaoZhangSheng-HongNiang.xml_5,听号令且莫要惊动了她。,4421090.3736491324,0.0
sdxp-SuLongWei-WuJiaPo.xml_37,欺奴犹如欺了天。,4444419.5907025235,0.0
daxp-ErTingDe-SuoLinNang.xml_14,休要噪且站了，,4445802.5844381563,0.0
daxp-SuSanLi-NvQiJie.xml_4,哪一位去往南京转，,4461007.254733976,0.0
daxp-QiaoLouShang-HuangShanLei.xml_15,你爹爹到如今未转家门。,4487103.0238875002,0.0
daxp-XiShiNv-XiShi.xml_0,西施女生长在苎萝村里，,4490154.0080901505,0.0
daxp-WoZhuYe-SiLangTanMu.xml_0,我主爷金沙滩早把命丧，,4573464.113972825,0.0
sdxp-SuLongWei-WuJiaPo.xml_43,落得个孝子的名儿在那天下传。,4591022.4303467236,0.16666666666666666
daspd-HaiDaoBing-GuiFeiZuiJiu.xml_6,奴似嫦娥离月宫。,4595935.8780270601,0.16666666666666666
daxp-JiaoZhangSheng-HongNiang.xml_1,我步步行来你步步爬。,4634820.9296351895,0.0
daxp-FeiShiWo-TaoHuaCun.xml_3,关系你患难鸳鸯永宿在池塘。,4652571.3340571141,0.0
daxp-LaoDieDie-YuZhouFeng.xml_3,观此本免了儿一门祸殃。,4668629.4390419545,0.0
daeh-WangChunE-SanNiangJiaoZi.xml_4,薛倚儿他好比无弓之箭，,4670662.7065933477,0.0
daxp-WoDeNiang-XinAnYi.xml_0,我的娘她忘了女生外姓，,4673482.7927516829,0.0
daxp-LaoDieDie-DaYuShaJia-1.xml_3,等候了爹爹回细问根由。,4694771.9757967861,0.0
daxp-XiRiLiang-LongFengChengXiang.xml_3,安排巧计害刘王。,4714024.8684489373,0.0
daeh-LiYanFei-DaBaoGuo.xml_9,压定了文武臣均要画押。,4722760.4913806869,0.0
sdxp-WoHeNi-SiLangTanMu.xml_25,有什么心腹事你只管明言。,4741170.5552828554,0.0
sdxp-DangNianHan-SanJiZhang.xml_12,登台拜帅天下闻。,4770935.6842685593,0.0
daxp-SuSanLi-NvQiJie.xml_7,来生变犬马我当报还！,4772614.9037922919,0.0
danbz-KanDaWang-BaWangBieJi.xml_2,轻移步走向前荒郊站定，,4775686.6415694673,0.0
daxp-FeiShiWo-TaoHuaCun.xml_17,听我的号令上战场。,4781266.3529740768,0.0
daxp-ChunQiuTing-SuoLinNang.xml_30,麟儿那有神送到，,4782329.5470895367,0.16666666666666666
daxp-LaoDieDie-SanJiZhang-2.xml_3,这样人得了志比父还强。,4786027.8754081987,0.0
daxp-MengTingDe-MuiGuiYingGuaShuai.xml_0,猛听得金鼓响画角声震，,4814869.8399508651,0.0
daxp-MengTingDe-MuiGuiYingGuaShuai.xml_5,寸土怎能够属于他人。,4816974.4465165334,0.0
daxp-ChunQiuTing-SuoLinNang.xml_6,此时却又明白了，,4826390.8098962214,0.0
daxp-TingTaYan-ZuoGong.xml_5,尊一声驸马爷细听咱言。,4842106.2268803213,0.0
sdxp-SuLongWei-WuJiaPo.xml_29,府内金银堆如山。,4848436.2990472261,0.0
daxp-DangRiLi-SuoLinNang.xml_11,为什么悲切切哭得可怜。,4913564.2461272441,0.0
daeh-XiaoNuCai-SanNiangJiaoZi.xml_2,哭一声亡故夫在阴曹等我，,4918640.5838956432,0.0
daxp-LaoDieDie-YuZhouFeng.xml_1,明早朝上金殿面奏吾皇。,4931642.9222555626,0.0
daxp-ZhiJianTa-WangJiangTing.xml_7,何必独自就暗猜疑。,4939614.3710471056,0.0
daxp-DiTouLi-NvQiJie.xml_5,与我那三郎把信传。,4947230.5848234287,0.16666666666666666
sdxp-SuLongWei-WuJiaPo.xml_36,军爷说话理不端，,4954231.4573555114,0.0
daxp-FeiShiWo-TaoHuaCun.xml_4,已然错请生波浪，,4989903.275308175,0.0
daxp-GuanShiYin-TianNvSanHua.xml_0,观世音满月面珠开妙相，,4992319.7359590167,0.0
daxp-ChenSanLiang-ChenSanLiangPaTang.xml_5,最可恨鸨儿叫我接客人。,5000634.4562116452,0.0
daxp-DangRiLi-SuoLinNang.xml_15,囊虽小却能做续命泉源。,5004609.1613418516,0.0
daxp-SuSanLi-NvQiJie.xml_3,过往的君子听我言。,5013210.9733543713,0.0
daxp-DuiLingHua-BiYuZan.xml_3,也算得人世间美满姻缘。,5024292.8593165744,0.0
daxp-ChunQiuTing-SuoLinNang.xml_0,春秋亭外风雨暴，,5061665.3703522393,0.0
daxp-ErTingDe-SuoLinNang.xml_19,谁能移动它半分毫。,5080891.7383999908,0.0
daxp-MengJunZi-ChunQiuPei-1.xml_5,莫奈何到荒郊我就来捡芦花。,5084747.8977331314,0.0
sdxp-WoHeNi-SiLangTanMu.xml_24,因何故终日里愁眉不展，,5088870.5851588696,0.0
daxp-ChunQiuTing-SuoLinNang.xml_31,积德才生玉树苗，,5136114.7000159631,0.0
daxp-SuSanLi-NvQiJie.xml_5,与我那三郎把信传。,5139383.026930497,0.16666666666666666
daxp-ZhiJianTa-WangJiangTing.xml_0,只见他一封书信握手里，,5146859.6706935782,0.0
daeh-CanQiQi-WuLongZuo.xml_2,千金休哪曾受磨房景况，,5166105.1417610152,0.0
daxp-ErDeFu-HongNiGuan.xml_4,清早起我和他一度商量，,5171695.5117338421,0.0
daxp-ChunQiuTing-SuoLinNang.xml_19,满腹骄矜顿雪潇，,5174124.9031328913,0.0
daeh-LiYanFei-DaBaoGuo.xml_5,候幼主成了龙原业归家。,5178806.7463071626,0.0
daxp-GuanShiYin-TianNvSanHua.xml_7,催祥云驾瑞彩速赴佛场。,5188484.3525691712,0.0
sdxp-WoHeNi-SiLangTanMu.xml_23,咱与你隔南北千里姻缘。,5221880.2570573371,0.0
daxp-XiRiLi-LongFengChengXiang.xml_5,纵有大事料无妨。,5244053.7871294701,0.0
daxp-ErDeFu-HongNiGuan.xml_7,又恐怕众将官说短论长。,5244438.5993861686,0.0
daxp-FeiShiWo-TaoHuaCun.xml_10,不但要仔细听、还要仔细想，,5246338.0795665309,0.0
daxp-ZhiJianTa-WangJiangTing.xml_5,隐情不敢实告妻。,5341011.6572613399,0.0
daxp-TingTaYan-ZuoGong.xml_7,不知者不怪罪你的海量放宽。,5387540.7950527817,0.16666666666666666
daeh-ZiNaRi-ErJinGong.xml_2,先王爷晏驾后太子年幼，,5402615.2347528758,0.0
daxp-ChunQiuTing-SuoLinNang.xml_23,他为饥寒我为娇。,5417917.3387008961,0.0
daeh-ZiNaRi-ZhuangYuanMei-2.xml_8,幸喜得珍珠衫称心如愿，,5418724.4720712379,0.0
daxp-LaoDieDie-DaYuShaJia-1.xml_1,到叫我桂英儿挂在心头；,5450377.7128101597,0.0
sdxp-WoHeNi-SiLangTanMu.xml_26,你那里休得要巧言舌辨，,5463193.3469054485,0.16666666666666666
sdxp-SuLongWei-WuJiaPo.xml_34,将你带到官衙内，,5473243.2740585012,0.0
daeh-ZiNaRi-ZhuangYuanMei-1.xml_12,但愿得状元媒月老引线，,5474376.3369620256,0.0
sdxp-SuLongWei-WuJiaPo.xml_27,三人对面（就）说分明。,5493152.1803998053,0.0
daxp-ChunQiuTing-SuoLinNang.xml_9,也有失意痛哭嚎啕，,5521024.2540195957,0.0
daxp-DangRiLi-SuoLinNang.xml_13,怎奈我在轿中赤手空拳。,5526988.1145317629,0.0
daxp-ChenSanLiang-ChenSanLiangPaTang.xml_4,诗书易礼都学会，,5546068.295500691,0.0
daxp-MengJunZi-ChunQiuPei-1.xml_2,家住在罗郡城魁星楼下，,5565731.5957212504,0.0
daxp-WoZhuYe-SiLangTanMu.xml_4,叫番儿忙摆驾银安殿，,5567350.4778579427,0.0
daeh-ZiNaRi-ErJinGong.xml_9,想起了老王爷好不惨伤。,5592577.1404433623,0.0
sdeh-WenSanNiang-SanNiangJiaoZi.xml_5,实指望教训他终身有靠，,5603117.2188673066,0.0
daxp-TingTaYan-ZuoGong.xml_0,听他言吓得我浑身是汗，,5605011.4922606442,0.0
daeh-ZiNaRi-ErJinGong.xml_4,他那里父女情全然无有，,5606752.3124545636,0.16666666666666666
daxp-FeiShiWo-TaoHuaCun.xml_2,今夜晚非比那西厢待月、你懂提防、莫轻狂，,5617657.5046776002,0.16666666666666666
daxp-ErTingDe-SuoLinNang.xml_17,满腹骄矜顿雪潇。,5630075.5454837997,0.0
daxp-ErTingDe-SuoLinNang.xml_7,不该人前乱解嘲。,5630075.5454837997,0.0
daeh-WuDuanQiao-BiYuZan.xml_7,又怕丑名误流传。,5631678.7889077216,0.0
daxp-MengJunZi-ChunQiuPei-2.xml_2,家住在罗郡城魁星楼下，,5632150.9174867226,0.0
daxp-QiaoLouShang-HuangShanLei.xml_11,又思来又想去越不安宁。,5650885.0153708672,0.0
daxp-XiShiNv-XiShi.xml_5,对清溪时照影自整罗农。,5662103.3578096209,0.0
sdxp-WoHeNi-SiLangTanMu.xml_32,适才叫咱盟誓愿，,5672558.3756900197,0.0
daxp-NiDeFu-FenHeWan.xml_1,全仗你打雁养娘亲，,5678407.7331056139,0.0
daeh-NaRiFeng-YuanXiaoMi.xml_1,死里逃生甚惨凄。,5723903.3984008208,0.0
daeh-NuZiYou-TouJunBieYao.xml_1,为薛郎我父女断绝情长。,5739904.166452691,0.0
daeh-WangChunE-SanNiangJiaoZi.xml_3,老薛保好一似浪里舟船。,5745145.9102256075,0.0
daeh-LiYanFei-DaBaoGuo.xml_3,各国的众王侯朝贺中华。,5746581.1661010915,0.0
sdxp-DangNianHan-SanJiZhang.xml_14,在六国封相人上人。,5751296.7099314667,0.0
daxp-FeiShiWo-TaoHuaCun.xml_1,只怪你呆头呆脑慌慌张张。,5788897.137388479,0.0
daxp-JiaoZhangSheng-HongNiang.xml_0,叫张生隐藏在棋盘之下，,5811821.3517178884,0.0
daeh-WangChunE-SanNiangJiaoZi.xml_5,每日里在书房苦读圣贤。,5811984.0500750002,0.0
daxp-GuanShiYin-TianNvSanHua.xml_3,白鹦鹉与仙鸟在灵岩神岘上下飞翔；,5830110.561667474,0.0
daxp-ErTingDe-SuoLinNang.xml_21,她为饥寒我为骄。,5831710.3064775793,0.0
daxp-LaoDieDie-SanJiZhang-1.xml_0,老爹爹请息（呀）怒容儿细讲，,5876100.2257237574,0.0
daxp-TingTaYan-ZuoGong.xml_4,我这里走向前再把礼见，,5885953.462716369,0.0
sdxp-SuLongWei-WuJiaPo.xml_30,本利算来有多少，,5915436.0739131588,0.0
daxp-ChunQiuTing-SuoLinNang.xml_25,安他半世凤凰巢。,5916861.1374829626,0.0
daxp-ErTingDe-SuoLinNang.xml_23,安她半世凤凰剿。,5916861.1374829626,0.0
daxp-QiaoLouShang-HuangShanLei.xml_5,猛听得窗儿外似有人行。,5920005.522788682,0.0
daxp-LaoDieDie-SanJiZhang-1.xml_3,贫穷人得了志比富还强。,5924083.9206832238,0.0
daeh-ZiNaRi-ZhuangYuanMei-2.xml_1,行不安坐不宁情态缠绵。,5939552.5715678288,0.0
daeh-ZuoRiGong-TaiZhenWaiChuan.xml_3,但不知何日里再沐圣明。,5951984.0749215139,0.0
daxp-WoHeNi-SangYuanHui.xml_1,谁认你狼心狗肺的人！,5955089.3011625893,0.0
daxp-TingTaYan-ZuoGong.xml_3,他思家乡想骨肉就不能团圆。,5964790.6106837541,0.0
daeh-ZaoBuXing-HeHouMaDian.xml_5,贼好比曹阿瞒半点不差，,6044475.2029730016,0.0
daeh-ZaoBuXing-HeHouMaDian.xml_9,只骂得贼昏王扭转身驱、闭目合晴、羞羞惭惭一语不发，,6048043.4851487624,0.0
daeh-ZaoBuXing-HeHouMaDian.xml_11,两旁的文武臣珠泪如麻，,6081455.4554832513,0.0
daxp-MengJunZi-ChunQiuPei-2.xml_1,虽然是不相识我就不得不答。,6085330.1430782303,0.0
sdxp-SuLongWei-WuJiaPo.xml_28,我父在朝为官宦，,6091017.51388737,0.0
daxp-XiRiLi-LongFengChengXiang.xml_3,安排虎计害刘王。,6098807.0869790763,0.0
daxp-ChunQiuTing-SuoLinNang.xml_1,何处悲声破寂寥。,6099070.9816438947,0.0
daxp-NiDeFu-FenHeWan.xml_3,不等到日落及早回程。,6136209.3019213155,0.0
daxp-XiRiLiang-LongFengChengXiang.xml_2,暗地堪笑我兄长，,6140561.1997362738,0.0
sdxp-SuLongWei-WuJiaPo.xml_40,这锭银子奴不要，,6142657.3958650474,0.0
sdxp-SuLongWei-WuJiaPo.xml_32,我进相府对父言，,6142657.3958650474,0.0
daeh-LiYanFei-ErJinGong.xml_3,想必是徐杨将进了昭阳。,6144424.237161546,0.0
daeh-ZaoBuXing-HeHouMaDian.xml_3,反倒说为嫂我拦阻有差，,6148083.8159948159,0.0
daeh-WangChunE-SanNiangJiaoZi.xml_1,想起了我老爷好不惨然。,6161726.2472091215,0.0
daxp-ChunQiuTing-SuoLinNang.xml_21,谁能移动他半分毫。,6177907.8822063282,0.0
daxp-MengJunZi-ChunQiuPei-1.xml_1,虽然是男女别不得不答。,6183439.0096940296,0.0
daxp-DiTouLi-NvQiJie.xml_4,哪一位去往南京转，,6186411.3892776268,0.0
daxp-LaoDieDie-SanJiZhang-2.xml_1,儿命苦怎配着状元才郎？,6205834.8210736513,0.0
daeh-LiYanFei-ErJinGong.xml_1,想起了朝中事好不惨伤！,6221693.1454817848,0.0
daeh-ZaoBuXing-HeHouMaDian.xml_0,遭不幸老王爷晏了御驾，,6228252.3007458895,0.0
daxp-QiaoLouShang-HuangShanLei.xml_1,父子们去采药未见回程。,6256270.544145802,0.0
daxp-WoZhuYe-SiLangTanMu.xml_2,众卿随忙挂点亲率官员，,6267777.2705525858,0.0
daxp-ErTingDe-SuoLinNang.xml_15,薛良与我去问一遭。,6268968.2296373351,0.0
daxp-QiaoLouShang-HuangShanLei.xml_9,看娇儿正酣睡恐被风侵。,6313347.6814401308,0.0
daeh-SunShangXiang-BieHuangGong.xml_0,孙尚香坐宫院自思自叹，,6316352.2781122038,0.0
daxp-ChunQiuTing-SuoLinNang.xml_33,救她饥渴胜琼瑶。,6377859.3304834291,0.0
daeh-ZiNaRi-ZhuangYuanMei-2.xml_10,但愿得令公令婆别无意见，,6381464.5364456261,0.0
daxp-FeiShiWo-TaoHuaCun.xml_0,非是我嘱咐叮咛把话讲，,6398686.2519703396,0.0
daxp-ChunQiuTing-SuoLinNang.xml_7,世上何尝尽富豪，,6400254.5018843766,0.0
daeh-SunShangXiang-BieHuangGong.xml_7,阿斗儿行中途被子龙追还。,6410797.218487313,0.0
sdxp-SuLongWei-WuJiaPo.xml_25,苏龙魏虎是内亲。,6433676.2320484789,0.0
daxp-LaoDieDie-DaYuShaJia-2.xml_1,倒叫我桂英儿挂在心头。,6467496.8862504447,0.0
daxp-GuanShiYin-TianNvSanHua.xml_2,菩提树薝卜花千枝掩映，,6490670.9725403115,0.0
daxp-ErDeFu-HongNiGuan.xml_5,不想到狠心郎一味猖狂。,6529087.0523869516,0.0
daxp-ErDeFu-HongNiGuan.xml_3,倒不如与伯党匹配鸾凰。,6553421.9281698167,0.0
daxp-ErTingDe-SuoLinNang.xml_9,哪有个袖手旁观在壁上瞧。,6581024.2820808804,0.0
daspd-DuShouKong-WangJiangTing.xml_0,独守空帏暗长叹，,6587250.2956023207,0.0
daxp-XiRiLi-LongFengChengXiang.xml_0,昔日里梁鸿配孟光，,6603869.1429154025,0.0
daxp-MengJunZi-ChunQiuPei-1.xml_3,我的父名姜绍贸易天涯。,6604589.7475700052,0.0
daeh-XiaoNuCai-SanNiangJiaoZi.xml_3,等候了你妻子同见阎罗。,6624596.2872478478,0.0
daxp-ZheCaiShi-SuoLinNang.xml_3,残生一线付惊涛。,6666921.4199926089,0.0
sdxp-DangNianHan-SanJiZhang.xml_10,都是安邦定国臣，,6679567.3425757559,0.0
daxp-LaoDieDie-YuZhouFeng.xml_4,老爹爹在朝中官高爵显，,6688141.8462818498,0.0
daxp-ChenSanLiang-ChenSanLiangPaTang.xml_1,公正的老爷细听分明。,6719461.4030894777,0.0
daeh-NuZiYou-TouJunBieYao.xml_3,也不枉我二人苦度时光。,6731571.9227209799,0.0
daxp-FeiShiWo-TaoHuaCun.xml_8,你不要高声不要嚷，,6773447.4550558412,0.0
daeh-ZiNaRi-ErJinGong.xml_11,想必是徐杨进了昭阳。,6775879.9936697269,0.0
daeh-CanQiQi-WuLongZuo.xml_1,叹红颜多薄命父母双亡。,6780148.8385172803,0.0
daeh-ZuoChunGui-XiShi.xml_2,奴这里心中痛玉颜清减，,6805727.7245492944,0.0
sdxp-DangNianHan-SanJiZhang.xml_16,难道说文官他就不丧身？,6813339.4873837158,0.0
daxp-QiaoLouShang-HuangShanLei.xml_0,谯楼上二更鼓声声送听，,6819481.9564897036,0.0
daxp-LaoDieDie-DaYuShaJia-1.xml_0,老爹爹清晨起前去出前，,6828598.2661106056,0.0
sdxp-WoHeNi-SiLangTanMu.xml_22,讲什么夫妻情恩德不浅，,6848378.657183338,0.0
daxp-LaoDieDie-DaYuShaJia-2.xml_0,老爹爹清晨起前去出首，,6912564.1890182933,0.0
sdxp-SuLongWei-WuJiaPo.xml_35,打板子、上夹棍、丢南牢、坐监禁、管叫你思前容易退后难。,6924798.1396941105,0.0
daxp-MengJunZi-ChunQiuPei-1.xml_4,在家中受不过继母拷打，,6939310.3937061401,0.0
daeh-ZaoBuXing-HeHouMaDian.xml_8,只骂得贼昏王装聋作哑，,6954157.3668202516,0.0
daeh-ZiNaRi-ZhuangYuanMei-2.xml_5,不知道他与我是否一般。,6965311.6575262966,0.0
daeh-LiYanFei-DaBaoGuo.xml_4,将江山让太师权且代贺，,6974176.759030845,0.0
daeh-ZuoChunGui-XiShi.xml_1,无限的闲愁恨尽上眉尖。,7006684.0136120161,0.0
sdxp-DangNianHan-SanJiZhang.xml_9,当年韩信与苏秦，,7050555.2882817192,0.0
sdxp-WoHeNi-SiLangTanMu.xml_30,宋营离此路途远，,7053958.7025542101,0.16666666666666666
daxp-DuiLingHua-BiYuZan.xml_0,对菱花暗地里芳心自转，,7061160.2512472318,0.0
daxp-ErTingDe-SuoLinNang.xml_16,听薛良一语来相告，,7074576.1000088127,0.0
daxp-ErTingDe-SuoLinNang.xml_0,耳听得悲声惨心中如捣，,7074623.5246801525,0.0
daxp-WoDeNiang-XinAnYi.xml_1,奴年交十九岁还守闺门。,7107569.0492072562,0.0
daxp-ErDeFu-HongNiGuan.xml_2,奴这里只把那结婚思量，,7131364.7654508594,0.16666666666666666
daxp-ZhiJianTa-WangJiangTing.xml_6,低下头心生计，,7155511.4291983163,0.0
daxp-WoDeNiang-XinAnYi.xml_3,却原来母亲到儿未知情。,7160351.9047497725,0.0
daeh-WuDuanQiao-BiYuZan.xml_0,无端巧计将人陷，,7168980.452555893,0.0
daxp-ChunQiuTing-SuoLinNang.xml_12,耳听得悲声惨心中如捣，,7170420.7715075575,0.0
daxp-XiShiNv-XiShi.xml_1,难得有开怀事常锁双眉。,7178419.4139490053,0.0
daeh-ZiNaRi-ErJinGong.xml_7,看一看不觉到八月中秋。,7191532.5545411408,0.0
danbz-BeiJiuChan-ChunGuiMeng.xml_3,莫负他好春宵一刻千金。,7195064.1593417516,0.0
daxp-TingTaYan-ZuoGong.xml_1,十五载到今日才吐真言。,7211176.8597934879,0.0
daeh-SunShangXiang-BieHuangGong.xml_6,回荆州未三载诓我回转，,7212468.6958373077,0.0
daxp-MengJunZi-ChunQiuPei-2.xml_4,身有病还受那继母拷打，,7240001.0974914394,0.16666666666666666
daxp-ErTingDe-SuoLinNang.xml_31,救她饥渴胜琼瑶。,7262004.8255477948,0.0
daxp-LaoDieDie-YuZhouFeng.xml_0,老爹爹发恩德将本修上，,7308908.1971545592,0.0
daxp-ErTingDe-SuoLinNang.xml_29,积德才生玉树苗。,7332777.3532871874,0.0
daxp-LaoDieDie-DaYuShaJia-2.xml_3,等候了爹爹回细问根由。,7347241.382511056,0.0
daeh-ZiNaRi-ErJinGong.xml_1,独坐在寒宫院闷闷悠悠。,7370425.219904596,0.0
daeh-ZiNaRi-ZhuangYuanMei-2.xml_0,自那日与六郎阵前相见，,7393975.7446277048,0.16666666666666666
daxp-ChunQiuTing-SuoLinNang.xml_18,听薛良一语来相告，,7435311.7616589181,0.0
daeh-LiYanFei-DaBaoGuo.xml_2,太师爷奏一本进贡年下，,7441794.2468050215,0.0
daxp-DangRiLi-SuoLinNang.xml_8,轿中人必定有一腔幽怨，,7442210.8535356196,0.0
daxp-DangRiLi-SuoLinNang.xml_17,红珊瑚碧翡翠样样倶全。,7446712.3400359591,0.0
daxp-DiTouLi-NvQiJie.xml_3,过往的君子听我言。,7447195.8320346605,0.0
daeh-WangChunE-SanNiangJiaoZi.xml_2,春娥女好一此失群孤雁，,7449622.1296306681,0.0
daxp-ChunQiuTing-SuoLinNang.xml_10,轿内的人儿弹别调，,7451293.9467310701,0.0
daxp-ZhiJianTa-WangJiangTing.xml_8,出二堂深施礼，,7496546.0540149873,0.0
daxp-DangRiLi-SuoLinNang.xml_3,耳听得风声断，雨声喧，雷声乱，乐声阑珊，人声呐喊，都道说是大雨倾天。,7566855.147561417,0.0
daeh-ZaoBuXing-HeHouMaDian.xml_10,只骂得贼昏王无言对答。,7573283.8425103361,0.0
dldeh-ShouBiPo-ChunQiuPei.xml_2,病恹恹身无力难以挣扎。,7601072.4224922704,0.0
daeh-ZiNaRi-ErJinGong.xml_6,徐小姐把守在宫门口，,7602061.4613537267,0.0
daxp-QiaoLouShang-HuangShanLei.xml_2,对孤灯思远道心神不定，,7618062.9719121605,0.0
daxp-MengJunZi-ChunQiuPei-1.xml_0,蒙君子至殷勤再三问话，,7635427.2180894129,0.0
daeh-ZaoBuXing-HeHouMaDian.xml_1,贼昏王篡了位谋乱邦家。,7644983.0391980978,0.0
sdxp-SuLongWei-WuJiaPo.xml_24,提起了旁人我不晓，,7646648.9989211913,0.0
daeh-ZiNaRi-ZhuangYuanMei-2.xml_12,但愿得状元媒月老引线，,7653816.4983352385,0.0
daeh-NuZiYou-TouJunBieYao.xml_2,但愿得去投军功名有望，,7654927.5797532322,0.0
daxp-DuiLingHua-BiYuZan.xml_1,听她言不由人喜上眉尖。,7693305.2920339564,0.0
daeh-WangChunE-SanNiangJiaoZi.xml_7,等候了薛倚儿转回家园。,7694975.0694882888,0.0
daeh-CanQiQi-WuLongZuo.xml_3,担几肩头晕转体若筛糠。,7752352.6731680026,0.0
daxp-MuQinBu-FengHuanChao.xml_4,人生不知顾脸面，,7779294.0997355832,0.0
daxp-ErDeFu-HongNiGuan.xml_1,撇下了奴一人好不悲凉。,7800341.3828096753,0.0
daxp-QiaoLouShang-HuangShanLei.xml_6,忙移步隔花荫留神听定，,7819485.3114587478,0.0
danbz-BeiJiuChan-ChunGuiMeng.xml_0,被纠缠陡想起婚时情景，,7849745.5135077639,0.0
daeh-XiaoNuCai-SanNiangJiaoZi.xml_4,怒气不息在机房闷坐，,7853208.3420558237,0.0
daeh-LiYanFei-DaBaoGuo.xml_1,文站东武列西朝贺哀家。,7871879.3161764331,0.0
daxp-ErTingDe-SuoLinNang.xml_18,人情冷暖凭空造，,7901884.3069973299,0.0
daxp-XiShiNv-XiShi.xml_2,只为着守清寒柴门近水，,7908949.2001185836,0.0
daxp-WoZhuYe-SiLangTanMu.xml_3,一心心要夺取宋室江山。,7921784.4690984013,0.0
daxp-WoZhuYe-SiLangTanMu.xml_5,阅兵书看何人前来何安。,7949350.8906246638,0.0
daxp-ChunQiuTing-SuoLinNang.xml_20,人情冷暖凭天造，,7970840.6508544134,0.0
daeh-ZaoBuXing-HeHouMaDian.xml_2,把一个皇太子逼死殿下，,7974376.6521384716,0.0
daeh-ZiNaRi-ErJinGong.xml_12,有一句话儿不好言讲，,7993784.2611431256,0.0
daxp-ChunQiuTing-SuoLinNang.xml_11,必有隐情在心潮。,8031766.3092126912,0.0
daxp-XiRiLi-LongFengChengXiang.xml_1,今朝仙女会襄王。,8043769.9094867855,0.0
daeh-WuDuanQiao-BiYuZan.xml_1,薄命自伤怨红颜。,8061877.7274495484,0.0
daspd-HaiDaoBing-GuiFeiZuiJiu.xml_1,见玉兔（哇）玉兔又早东升。,8080055.4956746688,0.0
daxp-NiDeFu-FenHeWan.xml_2,把弓带和鱼镖与儿带定，,8083601.7711628526,0.0
daeh-LiYanFei-ErJinGong.xml_2,耳边厢又听得朝靴响亮，,8112615.6669536773,0.0
daxp-ErTingDe-SuoLinNang.xml_3,莫不是强婚配鸦占鸾巢。,8115862.0928693395,0.0
daxp-ZhiJianTa-WangJiangTing.xml_9,相公你为何不歇息？,8126727.5090932474,0.0
daeh-WangChunE-SanNiangJiaoZi.xml_0,王春娥坐草堂自思自叹，,8137633.798928082,0.0
daxp-MengTingDe-MuiGuiYingGuaShuai.xml_7,我一剑能挡百万兵。,8144176.0317453947,0.0
daeh-SunShangXiang-BieHuangGong.xml_4,与周郎定巧计把皇叔来骗，,8155659.4233892746,0.0
daxp-DangRiLi-SuoLinNang.xml_7,哪有这短花帘，旧花幔，参差流苏，残破不全。,8171493.2311306335,0.0
sdxp-WoHeNi-SiLangTanMu.xml_31,一夜之间你怎能回还。,8180969.1882552616,0.0
daeh-ZuoRiGong-TaiZhenWaiChuan.xml_1,有谁知一时错被逐宫廷。,8209183.4367296519,0.0
daxp-ChunQiuTing-SuoLinNang.xml_15,莫不是强婚配鸦占鸾巢？,8222497.6094321059,0.0
daxp-DuiLingHua-BiYuZan.xml_2,果然是成佳偶两心欢恋，,8224917.6995190037,0.0
daxp-ZhiJianTa-WangJiangTing.xml_1,长吁短叹语声低。,8230676.520202958,0.0
daeh-ZiNaRi-ZhuangYuanMei-1.xml_10,但愿得令公令婆别无异见，,8243072.2256638594,0.0
daxp-SuSanLi-NvQiJie.xml_0,苏三离了洪洞县，,8287104.9261018466,0.16666666666666666
sdxp-DangNianHan-SanJiZhang.xml_17,仙女配的是董永，,8287104.9261018466,0.0
daxp-LaoDieDie-DaYuShaJia-1.xml_2,将身儿坐至在草堂等候，,8297581.2336375434,0.0
daeh-ZiNaRi-ZhuangYuanMei-1.xml_4,这桩事闷得我柔肠百转，,8308390.9317204189,0.0
daeh-ZiNaRi-ZhuangYuanMei-1.xml_11,但愿得杨六郎心如石坚，,8312649.3090512212,0.0
daeh-TanHongYan-HuoXiaoYu.xml_3,啼花泣月在暗里（呀）添愁。,8326840.0220829993,0.0
dldeh-ShouBiPo-ChunQiuPei.xml_1,受逼迫去捡柴泪如雨下，,8327203.1677871402,0.0
daeh-SunShangXiang-BieHuangGong.xml_1,想起了已往事心内痛酸。,8341166.7099814983,0.0
daxp-ErDeFu-HongNiGuan.xml_0,儿的父为国家阵前命丧，,8347557.5525707034,0.0
daeh-NaRiFeng-YuanXiaoMi.xml_0,那日风波平地起，,8353372.0297178505,0.16666666666666666
daeh-ZiNaRi-ZhuangYuanMei-2.xml_4,这桩事闷得我柔肠百转，,8398582.4497313816,0.0
daxp-GuanShiYin-TianNvSanHua.xml_6,满眼中清妙景灵光万丈，,8400317.9230490308,0.0
daeh-WuDuanQiao-BiYuZan.xml_2,独处闺房愁无限，,8420458.1885857321,0.0
daxp-DangRiLi-SuoLinNang.xml_10,于归日理应当喜形于面，,8420975.5559866372,0.0
daeh-ZiNaRi-ZhuangYuanMei-2.xml_11,但愿得杨六郎心如石坚。,8421797.306496527,0.0
dldeh-ShouBiPo-ChunQiuPei.xml_6,你继母心毒狠将你打骂，,8425251.7691276837,0.0
daxp-LaoDieDie-DaYuShaJia-2.xml_2,将身儿坐至在草堂等候，,8426317.4246404953,0.0
daeh-ZiNaRi-ZhuangYuanMei-1.xml_1,行不安坐不宁情态缠绵。,8432138.243180057,0.0
daxp-XiRiLi-LongFengChengXiang.xml_2,暗地堪笑奴兄长，,8449792.7985768989,0.0
daxp-QiaoLouShang-HuangShanLei.xml_3,不知他在荒山何处安身。,8452667.1394627541,0.0
daeh-LiYanFei-ErJinGong.xml_5,我只得怀抱太子两泪汪汪口口声声哭的是先王。,8493141.7784602195,0.0
daxp-DangRiLi-SuoLinNang.xml_14,急切里想起了锁麟囊一（呀）件，,8493617.8370284382,0.0
daxp-MengTingDe-MuiGuiYingGuaShuai.xml_4,有生之日责当尽，,8513203.8067406323,0.0
daxp-DangRiLi-SuoLinNang.xml_9,她泪自弹、声续断、似杜鹃、啼别院、巴峡哀猿动人心弦，好不惨然。,8517762.1990427375,0.0
daeh-ZaoBuXing-HeHouMaDian.xml_12,搬一把金交椅娘且坐下，,8525393.7852406185,0.0
daxp-XiShiNv-XiShi.xml_4,怕只怕损玉颜姣容自惜，,8525957.5743411295,0.0
daeh-ZiNaRi-ErJinGong.xml_10,耳边厢又听得朝靴响亮，,8548203.4346994795,0.0
daeh-WangChunE-SanNiangJiaoZi.xml_6,将身儿来至在机房织绢，,8574738.7042862233,0.0
daxp-ZheCaiShi-SuoLinNang.xml_0,这才是人生难预料，,8591110.1447587311,0.0
daxp-ErTingDe-SuoLinNang.xml_30,小小囊儿何足道，,8594571.9333022218,0.0
daxp-FeiShiWo-TaoHuaCun.xml_16,你把我当做诸葛亮，,8624869.9650044311,0.0
daxp-ChunQiuTing-SuoLinNang.xml_32,小小囊儿何足道，,8648048.2696871795,0.0
daspd-HaiDaoBing-GuiFeiZuiJiu.xml_5,恰便似嫦娥离月宫，,8678155.4596292377,0.16666666666666666
daxp-ErTingDe-SuoLinNang.xml_8,怜贫济困是正道，,8680912.7624029778,0.0
daeh-ZiNaRi-ErJinGong.xml_13,我只得怀抱太子两泪汪汪口口声声哭的是先王！,8750136.1578390226,0.0
daeh-ZiNaRi-ZhuangYuanMei-1.xml_0,自那日与六郎姻缘相见，,8756649.0101198982,0.16666666666666666
daeh-ZiNaRi-ZhuangYuanMei-1.xml_6,百姓们闺房乐如花美眷，,8765565.071499927,0.0
daeh-NaRiFeng-YuanXiaoMi.xml_6,我今绝少人生趣，,8776727.5902791843,0.0
daeh-ZuoChunGui-XiShi.xml_0,坐春闺只觉得光明似箭，,8837820.2333021276,0.0
daeh-SunShangXiang-BieHuangGong.xml_3,留下了孙仲谋执掌江南。,8869706.174549954,0.0
daxp-LaoDieDie-SanJiZhang-1.xml_1,我立志不嫁那状元才郎。,8870714.7556563653,0.16666666666666666
daeh-ZiNaRi-ErJinGong.xml_3,太师爷一心心想篡龙楼。,8975155.9637320451,0.0
daxp-DangRiLi-SuoLinNang.xml_2,在轿中只觉得天昏地暗。,8985350.9849872999,0.0
daeh-XiaoNuCai-SanNiangJiaoZi.xml_0,小奴才他一言问住我，,9017190.6902940292,0.0
daeh-ZiNaRi-ZhuangYuanMei-1.xml_8,幸喜得珍珠衫称心如愿，,9032410.8268094864,0.0
daxp-MengJunZi-ChunQiuPei-2.xml_5,因此上到郊外来捡芦花（呀）。,9036899.2709553558,0.0
daeh-TanHongYan-HuoXiaoYu.xml_1,美满姻缘付东流。,9047312.9339255169,0.0
daeh-TanHongYan-HuoXiaoYu.xml_5,隔着窗儿点滴不休。,9088439.9200499002,0.0
daxp-FeiShiWo-TaoHuaCun.xml_14,倘若是你响她也响，,9093475.4642929938,0.0
daeh-WuDuanQiao-BiYuZan.xml_5,满腹冤屈向谁言。,9094962.0166922454,0.0
daeh-ZiNaRi-ZhuangYuanMei-1.xml_9,宋天子主婚姻此事成全。,9096172.5275480915,0.0
daeh-ZiNaRi-ZhuangYuanMei-1.xml_5,不知道他与我是否一般。,9100794.574110385,0.0
daxp-MengJunZi-ChunQiuPei-2.xml_3,我爹爹名姜绍贸易天涯。,9105431.6615426522,0.0
danbz-BeiJiuChan-ChunGuiMeng.xml_1,算当初曾经得几晌温存。,9128904.7384806611,0.0
daxp-ErTingDe-SuoLinNang.xml_27,自把珠玉夸富豪。,9210098.1709231548,0.0
daxp-LaoDieDie-SanJiZhang-2.xml_0,老爹爹请息怒容儿细讲，,9223668.0553950798,0.0
daxp-DangRiLi-SuoLinNang.xml_5,隔帘儿我也曾侧目偷观。,9290630.3472124226,0.0
daxp-LaoDieDie-SanJiZhang-1.xml_2,父休笑薛平贵是花郎模样，,9310489.7490238026,0.0
daeh-SunShangXiang-BieHuangGong.xml_5,又谁知弄假成真反配凤鸾。,9323522.8742102832,0.0
daeh-TanHongYan-HuoXiaoYu.xml_4,枕边泪（呀）共（那）阶前雨，,9331778.373758357,0.16666666666666666
daeh-ZuoChunGui-XiShi.xml_3,夜不眠朝慵起又向谁言。,9356793.3339077644,0.0
daeh-ZiNaRi-ZhuangYuanMei-2.xml_6,百姓们闺房乐如花美眷，,9366458.553540552,0.0
daxp-DiTouLi-NvQiJie.xml_0,低头离了洪洞县，,9402325.8171599116,0.16666666666666666
daxp-LaoDieDie-YuZhouFeng.xml_2,倘若是有道君皇恩浩荡，,9414480.7801391464,0.0
daeh-ZaoBuXing-HeHouMaDian.xml_7,贼好比那司马师搅乱中华。,9436502.5977750309,0.16666666666666666
daxp-ErTingDe-SuoLinNang.xml_5,问那厢因何故痛哭无聊？,9676062.9727353137,0.16666666666666666
daxp-ErTingDe-SuoLinNang.xml_10,蠢才问话太潦草，,9691048.6939641777,0.0
sdxp-SuLongWei-WuJiaPo.xml_38,西凉的鞑子将你斩，,9721450.9158623628,0.0
daeh-LiYanFei-ErJinGong.xml_4,有几句话儿我不好言讲，,9721696.7923427317,0.0
daxp-ChunQiuTing-SuoLinNang.xml_17,问那厢因何故痛哭无聊。,9722433.7672635112,0.16666666666666666
sdxp-SuLongWei-WuJiaPo.xml_39,妻儿老小与奴一般。,9757471.7356619928,0.0
daxp-QiaoLouShang-HuangShanLei.xml_7,原来是秋风起扫叶之声。,9782625.0298434086,0.0
daxp-XiShiNv-XiShi.xml_3,每日里浣纱去又傍清溪。,9804399.4216938969,0.0
daeh-WuDuanQiao-BiYuZan.xml_4,今生若被郎轻贱，,9857321.6365904845,0.0
danbz-BeiJiuChan-ChunGuiMeng.xml_4,原来是不耐烦已经睡困，,9884875.8962627258,0.0
daeh-NaRiFeng-YuanXiaoMi.xml_4,母女隔断三千里，,9910773.3591537066,0.0
daxp-WoDeNiang-XinAnYi.xml_2,这几日身不爽心中烦闷，,10045391.187493952,0.0
daeh-ZaoBuXing-HeHouMaDian.xml_4,贼好比王莽贼称孤道寡，,10087808.150522009,0.0
sdxp-WoHeNi-SiLangTanMu.xml_33,你也对苍天就表一番。,10138816.216980379,0.0
daeh-ZiNaRi-ZhuangYuanMei-1.xml_3,乱军中多亏他救我回还。,10181844.808595562,0.0
daeh-TanHongYan-HuoXiaoYu.xml_2,薄幸冤家音信无有，,10185893.105551457,0.0
daeh-LiYanFei-DaBaoGuo.xml_6,写文约我且把玉玺打下，,10186930.481761493,0.0
daxp-XiRiLiang-LongFengChengXiang.xml_1,今朝仙女会襄王。,10200132.949185148,0.0
daeh-ZiNaRi-ZhuangYuanMei-2.xml_9,宋天子主婚姻此事成全。,10304906.824893732,0.0
daeh-LiYanFei-ErJinGong.xml_0,李艳妃坐昭阳自思自想，,10315013.636585791,0.0
daeh-WuDuanQiao-BiYuZan.xml_3,落得孤身病恹恹。,10336609.272359405,0.0
danbz-BeiJiuChan-ChunGuiMeng.xml_5,待我来搀扶（哇）你重订鸳盟。,10390387.186201649,0.0
daeh-LiYanFei-DaBaoGuo.xml_8,赐你的上方剑朝房问话，,10392024.568683499,0.0
daeh-ZiNaRi-ZhuangYuanMei-1.xml_7,帝王家深宫院似水流年。,10447105.448310846,0.0
daxp-MengTingDe-MuiGuiYingGuaShuai.xml_1,唤起我破天门状志凌云。,10476956.528799543,0.0
daeh-ZiNaRi-ErJinGong.xml_5,竟把我孤儿寡母当做了马牛。,10505400.715064446,0.0
daxp-QiaoLouShang-HuangShanLei.xml_4,到三更真个是月明人静，,10511929.974686384,0.0
daxp-ChenSanLiang-ChenSanLiangPaTang.xml_2,我本是被骗进的富春院，,10552683.186356358,0.0
daxp-ErTingDe-SuoLinNang.xml_1,同遇人为什么这样嚎啕。,10647514.554208484,0.0
daxp-DangRiLi-SuoLinNang.xml_21,换衣食也够她生活几年。,10708504.385325633,0.0
daeh-NaRiFeng-YuanXiaoMi.xml_5,那厢流泪这厢啼。,10723684.475271704,0.16666666666666666
daxp-ZhiJianTa-WangJiangTing.xml_3,害得儿夫犯焦急；,10777572.629621586,0.0
daxp-ChunQiuTing-SuoLinNang.xml_8,亦有饥寒悲怀抱，,10800949.25754719,0.0
sdxp-DangNianHan-SanJiZhang.xml_19,非是女儿言不逊，,10974275.121213902,0.0
daeh-CanQiQi-WuLongZuo.xml_0,惨凄凄唤苍天天不应响，,10978099.25501004,0.0
daxp-DangRiLi-SuoLinNang.xml_19,还有那赤金链，紫瑛簪，白玉环，双凤錾，八宝钗钏一个个宝孕光含。,10999973.969940864,0.16666666666666666
daxp-ChunQiuTing-SuoLinNang.xml_2,在隔帘只见这一花轿，,11064259.958146652,0.0
sdxp-SuLongWei-WuJiaPo.xml_26,你我同把相府进，,11097813.622140355,0.0
daxp-LaoDieDie-SanJiZhang-2.xml_2,父道那薛平贵是那化郎模样，,11116416.483341578,0.16666666666666666
daeh-ZiNaRi-ZhuangYuanMei-2.xml_3,乱军中多亏他救我回还。,11170334.829685466,0.0
daxp-ZhiJianTa-WangJiangTing.xml_2,何人来把书信寄？,11187655.211721094,0.0
daxp-DangRiLi-SuoLinNang.xml_6,虽然是古青庐以朴为俭，,11221837.214875514,0.0
daeh-NuZiYou-TouJunBieYao.xml_0,奴自幼在闺阁娇生惯养，,11295597.89670944,0.0
daxp-WoHeNi-SangYuanHui.xml_0,我和你有什么夫妻的情，,11361787.629897418,0.0
dldeh-ShouBiPo-ChunQiuPei.xml_4,想亲娘和老父心乱如麻。,11404990.191566071,0.0
daxp-DangRiLi-SuoLinNang.xml_18,还有那夜明珠粒粒成串，,11422561.609813809,0.16666666666666666
daxp-GuanShiYin-TianNvSanHua.xml_1,有善才和龙女站立两厢；,11471896.294159032,0.0
daxp-ChunQiuTing-SuoLinNang.xml_29,自把珠玉夸富豪，,11577303.484198995,0.0
daxp-FeiShiWo-TaoHuaCun.xml_15,那就是来了我西厢带路的小红娘。,11591568.410240041,0.16666666666666666
daeh-ZiNaRi-ErJinGong.xml_8,李艳妃坐昭阳自思自想，,11596794.816288304,0.0
sdeh-WenSanNiang-SanNiangJiaoZi.xml_3,老薛保你不必苦哀告，,11644477.699126132,0.0
daeh-LiYanFei-DaBaoGuo.xml_0,李艳妃设早朝龙书案下，,11658073.441852694,0.0
daxp-ZheCaiShi-SuoLinNang.xml_7,愧我当初赠木桃。,11708403.088282811,0.0
daxp-FeiShiWo-TaoHuaCun.xml_9,你必须眼观六路耳听八方。,11770585.003482735,0.0
daxp-QiaoLouShang-HuangShanLei.xml_13,果然是晓鸡唱天已黎明。,11770715.48912343,0.0
daxp-ErTingDe-SuoLinNang.xml_6,梅香说话好颠倒，,11792049.057668628,0.0
sdxp-DangNianHan-SanJiZhang.xml_21,不能、不能、是万不能！,11795527.699594043,0.0
danbz-BeiJiuChan-ChunGuiMeng.xml_2,我不免去安排罗衾绣枕，,11799339.736856194,0.0
daeh-LiYanFei-DaBaoGuo.xml_7,宣太师上金殿披红插花。,11837562.77568087,0.0
daspd-DuShouKong-WangJiangTing.xml_3,为避狂徒到此间。,11864966.039149219,0.0
daxp-ChunQiuTing-SuoLinNang.xml_14,莫不是夫郎丑难谐女貌？,11926960.366296466,0.0
daxp-ErDeFu-HongNiGuan.xml_6,奴本当把关印付他执掌，,12015415.097606016,0.0
daxp-ChunQiuTing-SuoLinNang.xml_13,同遇人为什么这样嚎啕？,12017958.694797702,0.0
daeh-ZiNaRi-ZhuangYuanMei-2.xml_7,帝王家深宫怨似水流年。,12091648.589150228,0.0
daxp-QiaoLouShang-HuangShanLei.xml_14,我不免唤琏儿到街前探问，,12171173.754007289,0.0
daspd-HaiDaoBing-GuiFeiZuiJiu.xml_0,海岛冰轮初转腾；,12225642.558101302,0.6666666666666666
daeh-WuDuanQiao-BiYuZan.xml_6,一心早想寻短见，,12397485.14888427,0.0
sdxp-DangNianHan-SanJiZhang.xml_15,未央宫斩的是韩信，,12406902.985295914,0.0
daeh-ZiNaRi-ErJinGong.xml_0,自那日与徐杨决裂以后，,12422025.444017988,0.16666666666666666
daxp-SuSanLi-NvQiJie.xml_1,将身来在大街前。,12456267.523462573,0.0
daxp-QiaoLouShang-HuangShanLei.xml_12,数更等交五鼓空房愈冷，,12494540.207031388,0.0
daxp-WoZhuYe-SiLangTanMu.xml_1,众文武扶哀家执掌军房。,12549306.296190241,0.0
daxp-ErTingDe-SuoLinNang.xml_2,莫不是夫郎丑难谐女貌，,12554731.466747332,0.0
daxp-DiTouLi-NvQiJie.xml_1,将身来在大街前。,12597188.596701574,0.0
daxp-TingTaYan-ZuoGong.xml_2,原来是杨家将把名姓改换，,12794940.222839439,0.0
sdeh-WenSanNiang-SanNiangJiaoZi.xml_4,背转身来哭嚎啕。,12874644.779298589,0.0
daxp-DangRiLi-SuoLinNang.xml_4,那花轿必定是因陋就简，,12972738.464436142,0.16666666666666666
daeh-SunShangXiang-BieHuangGong.xml_8,恨只恨我兄长把事错办，,13092608.76200727,0.0
daxp-ChunQiuTing-SuoLinNang.xml_16,叫梅香你把那好言相告，,13129960.600049801,0.16666666666666666
daxp-DangRiLi-SuoLinNang.xml_12,那时节奴妆奁不下百万，,13158453.909773938,0.16666666666666666
daxp-ErTingDe-SuoLinNang.xml_24,忙把梅香低声叫，,13183104.369928014,0.0
daxp-TingTaYan-ZuoGong.xml_6,早晚间休怪我言语怠慢，,13191368.528847924,0.0
danbz-KanDaWang-BaWangBieJi.xml_0,看大王在帐中和衣睡稳，,13224591.327690069,0.0
daxp-MuQinBu-FengHuanChao.xml_3,女儿清白最为先。,13228458.889846016,0.0
daeh-TanHongYan-HuoXiaoYu.xml_0,叹红颜薄命前生就，,13451203.744786022,0.0
daxp-XiRiLi-LongFengChengXiang.xml_4,月老本是乔国丈，,13501253.502556069,0.0
sdxp-DangNianHan-SanJiZhang.xml_18,大孝之人也受贫。,13512485.540355803,0.0
daeh-ZiNaRi-ZhuangYuanMei-1.xml_15,愿天下从此后国泰民安。,13539469.004441887,0.0
daxp-ChunQiuTing-SuoLinNang.xml_27,莫把姓名你信口晓，,13614111.552315637,0.0
daeh-ZiNaRi-ZhuangYuanMei-2.xml_15,愿邦家从此后国泰民安。,13693481.58676729,0.0
daxp-DiTouLi-NvQiJie.xml_2,未曾开言我心好惨，,13779423.379970884,0.0
daxp-ErTingDe-SuoLinNang.xml_4,叫梅香你把那好言相告，,13862655.479222145,0.16666666666666666
daxp-FeiShiWo-TaoHuaCun.xml_12,响一声你就还一掌，,13926902.530486777,0.0
daxp-ChunQiuTing-SuoLinNang.xml_26,忙把梅香低声儿叫，,14136572.559412764,0.0
daxp-ErTingDe-SuoLinNang.xml_25,莫把姓名你信口哓。,14160218.051176067,0.0
daxp-ZheCaiShi-SuoLinNang.xml_6,种福得福如此报，,14231859.832565438,0.0
daxp-MuQinBu-FengHuanChao.xml_2,自古常言道得好，,14321499.864201421,0.0
daeh-ZiNaRi-ZhuangYuanMei-2.xml_14,愿天下有情人都成姻眷，,14370496.018124178,0.0
daxp-GuanShiYin-TianNvSanHua.xml_5,好似我散天花就纷落十方；,14382570.081601065,0.0
dldeh-ShouBiPo-ChunQiuPei.xml_7,全（呐）不顾你身有病气力不佳。,14497029.319585601,0.0
daeh-NaRiFeng-YuanXiaoMi.xml_2,舅父前来出主意，,14580187.109938139,0.0
daeh-ZaoBuXing-HeHouMaDian.xml_6,贼好比秦赵高指鹿为马，,14615056.687734118,0.0
daxp-ErTingDe-SuoLinNang.xml_26,这都是神话凭空造，,14622611.543129817,0.0
daeh-ZaoBuXing-HeHouMaDian.xml_13,你叔王不让位再去骂他。,14648719.084789572,0.0
daxp-ZhiJianTa-WangJiangTing.xml_4,莫不是平地风波起，,14696809.860128233,0.0
daxp-ErTingDe-SuoLinNang.xml_12,你不该人前逞骄傲，,14743581.239745922,0.0
sdxp-SuLongWei-WuJiaPo.xml_41,与你娘做一个安家钱。,15011100.92122913,0.0
daeh-ZiNaRi-ZhuangYuanMei-1.xml_13,但愿得八主贤王从中周旋，早成姻眷，扫狼烟，叫那胡儿不敢进犯保叔王锦绣江山。,15117369.109655393,0.16666666666666666
daxp-ChunQiuTing-SuoLinNang.xml_28,这都是神话凭空造，,15124425.160080519,0.0
daxp-ZheCaiShi-SuoLinNang.xml_2,回首繁华如梦渺，,15289572.30271594,0.0
daeh-ZiNaRi-ZhuangYuanMei-2.xml_13,但愿得八主贤王从中周旋早成美眷、扫狼烟叫那胡儿不敢进犯、保叔王锦锈江山。,15308819.70514828,0.16666666666666666
daxp-QiaoLouShang-HuangShanLei.xml_10,我不免引寒机伴奴坐等，,15322622.147178007,0.0
sdxp-DangNianHan-SanJiZhang.xml_11,淮阴漂母救韩信，,15385908.331037017,0.0
daxp-MuQinBu-FengHuanChao.xml_1,女儿言来听根源。,15488340.881056951,0.0
daxp-ChenSanLiang-ChenSanLiangPaTang.xml_3,发奋自强日夜读诗文。,15559328.558679283,0.0
sdxp-WoHeNi-SiLangTanMu.xml_27,你要见高堂母我不阻拦。,15593649.574850012,0.0
sdxp-WoHeNi-SiLangTanMu.xml_29,怕你一去就不回还。,15769889.061966835,0.0
daeh-XiaoNuCai-SanNiangJiaoZi.xml_1,闭口无言王春娥。,15975508.269775504,0.0
daxp-MengTingDe-MuiGuiYingGuaShuai.xml_2,想当年桃花马上威风凛凛，,16012002.886199666,0.0
daxp-ErTingDe-SuoLinNang.xml_11,难免怀疑在心梢。,16020984.719814273,0.0
daxp-ZheCaiShi-SuoLinNang.xml_1,不想团圆在今朝。,16020984.719814273,0.0
danbz-KanDaWang-BaWangBieJi.xml_1,我这里出帐外且散愁情。,16343512.30633514,0.0
sdxp-WoHeNi-SiLangTanMu.xml_28,有心赠你金鈚箭，,16909030.267033055,0.0
daxp-DangRiLi-SuoLinNang.xml_20,这囊儿虽非是千古罕见，,16963910.670039553,0.0
daxp-ErTingDe-SuoLinNang.xml_13,不该词费又滔滔。,16999491.135015812,0.0
daeh-ZiNaRi-ZhuangYuanMei-1.xml_14,愿天下有情人都成姻眷，,17047005.086435121,0.0
daxp-LaoDieDie-YuZhouFeng.xml_5,却为何贪富贵不顾羞惭。,17096213.635290049,0.0
daxp-SuSanLi-NvQiJie.xml_2,未曾开言心内惨，,17239254.550140638,0.0
daxp-JiaoZhangSheng-HongNiang.xml_4,这也算是一段风流佳话，,17283801.264890268,0.0
daxp-ZheCaiShi-SuoLinNang.xml_5,善果心花可自豪。,17308832.376601491,0.0
lsxp-ShenGongWu-LongFengChengXiang.xml_2,朝欢暮乐无牵挂，,17630374.768022809,0.0
sdxp-SuLongWei-WuJiaPo.xml_42,买绫罗、做衣衫、买白纸、糊白幡、打首饰、做妆奁，,17844936.198100712,0.0
daeh-ZiNaRi-ZhuangYuanMei-1.xml_2,在潼台被贼擒在命好险，,18046625.627578419,0.0
daxp-MuQinBu-FengHuanChao.xml_0,母亲不必心太偏，,18100705.364428304,0.0
daxp-GuanShiYin-TianNvSanHua.xml_4,绿柳枝酒甘露三千界上，,18133900.136487179,0.0
daeh-ZiNaRi-ZhuangYuanMei-2.xml_2,在潼台被贼擒性命好险，,18159114.599353485,0.0
daxp-FeiShiWo-TaoHuaCun.xml_13,响两声你就凑近身旁。,18162690.836456221,0.0
daxp-FeiShiWo-TaoHuaCun.xml_6,鼓打二更准时往，,19275312.661937352,0.0
daxp-ChenSanLiang-ChenSanLiangPaTang.xml_0,陈三两在大堂把话云，,19436773.027809288,0.0
daspd-HaiDaoBing-GuiFeiZuiJiu.xml_4,皓月当空，,20290135.246904232,0.0
daxp-SuSanLi-NvQiJie.xml_6,言说苏三把命断，,20541660.908222266,0.0
daxp-JiaoZhangSheng-HongNiang.xml_2,放大胆忍气吞声休害怕，,20617597.584937964,0.0
daxp-FeiShiWo-TaoHuaCun.xml_5,怎能够粗心大意你再荒唐。,20780454.099557213,0.0
daxp-ChunQiuTing-SuoLinNang.xml_4,吉日良辰当欢笑，,21214594.143453047,0.0
lsxp-QingGongYan-FaDongWu.xml_2,弟兄们创业多艰难，,21492010.977950118,0.0
daxp-ZheCaiShi-SuoLinNang.xml_4,柳暗花明休啼笑，,22576044.206368458,0.0
daxp-DiTouLi-NvQiJie.xml_6,就说苏三把命断，,22740338.301943541,0.0
lsxp-CiShiJian-HuaiHeYing-1.xml_1,胡言乱语怎瞒（呐）咱。,22897391.186559595,0.0
sdxp-DangNianHan-SanJiZhang.xml_5,我的儿说话言不逊，,23174448.522107378,0.0
lsxp-YiShiWu-YuCangJian.xml_3,靠山绿（哇）水常在面前。,23532981.238409452,0.0
lsxp-LiangGuoJiao-ShiJieTing-2.xml_3,赏罚中公（呃）平莫要自由。,24095909.120572511,0.0
lseh-YiLunMing-WenZhaoGuan-1.xml_14,思来想去我的肝肠断，,24172627.892693732,0.0
lsxp-LiangGuoJiao-ShiJieTing-2.xml_0,两国交锋龙虎斗，,24254097.816137012,0.0
lsxp-DaHeYi-SiLangTanMu.xml_21,龙行虎步非凡等，,24355101.402236193,0.0
lsxp-JiangShenEr-SanJiaDian.xml_15,叫一声解差把店役。,25481736.902597234,0.0
lsxp-JiangShenEr-SanJiaDian.xml_1,尊一声过往的宾朋听从头：,25509589.044331931,0.0
lsxp-ShenGongWu-LongFengChengXiang.xml_0,深宫无（哇）处不飞花，,26132963.657290198,0.0
lsxp-DaHeYi-SiLangTanMu.xml_25,家住哪州并哪郡？,26161881.434131935,0.0
lseh-YiLunMing-ZhuoFangCao-1.xml_18,观此贼睡卧真（呐）潇洒，,26215130.427917521,0.0
lsxp-CiShiJian-HuaiHeYing-2.xml_1,胡言乱语怎瞒（呐）咱！,26288426.520510793,0.0
lsxp-ZouYingLong-DaYanSong.xml_0,忽听得万岁宣应龙，,26522600.861894052,0.0
daspd-HaiDaoBing-GuiFeiZuiJiu.xml_3,乾坤分外明，,26682488.478111833,0.0
sdxp-SuLongWei-WuJiaPo.xml_13,腰中取出银一锭，,26768563.902081244,0.0
lsxp-ZiGuDao-HuangHeLou.xml_2,曾记得当年赴河梁，,27197692.675125618,0.0
lsxp-DaHeYi-SiLangTanMu.xml_28,原来四哥回宋营。,27487588.644224193,0.0
lseh-YiLunMing-WenZhaoGuan-1.xml_27,鸡鸣犬吠五更（哪）天，,27939704.498309556,0.0
lsxp-ZiGuDao-HuangHeLou.xml_5,四将军保架料也无妨。,27958932.647996914,0.0
lsxp-YiShiWu-YuCangJian.xml_0,一事无成两鬓斑，,28449213.517101247,0.0
lseh-YiLunMing-WenZhaoGuan-1.xml_11,我好比龙游在浅沙滩。,28848230.556035988,0.0
lseh-YiLunMing-WenZhaoGuan-1.xml_16,心中有事难合眼，,28885638.598542139,0.0
lseh-XiRiLi-BaoLianDeng.xml_0,昔日里有一个孤竹君，,28905929.585158754,0.0
sdxp-SuLongWei-WuJiaPo.xml_5,西凉川四十单八站，,28975908.74184598,0.0
lseh-XinZhongYou-WenZhaoGuan.xml_11,鸡鸣犬吠五更（呃）天，,29129352.450696941,0.0
lsxp-ZhangGongDao-ZhuangYuanPu.xml_0,张公道三十五六（哇）子有靠，,29227328.138142806,0.0
lseh-NiangZiBu-SouGuJiuGu.xml_10,千言万（哪）语她不肯，,29865646.919806689,0.0
sdxp-DangNianHan-SanJiZhang.xml_1,登台拜帅是韩信，,29916413.03281004,0.0
lsxp-DaHeYi-SiLangTanMu.xml_7,将身站在了阶前等，,30006056.882743139,0.0
lsxp-WeiCengKai-QiYuanBao.xml_4,奉母命京城往，,30020431.544540111,0.0
lseh-XinZhongYou-WenZhaoGuan.xml_0,心中有事难合眼，,30037475.391150903,0.0
lseh-YiLunMing-ZhuoFangSuDian.xml_2,悔不该心猿并意马，,30160179.043346934,0.0
sdxp-WoHeNi-SiLangTanMu.xml_7,萧天佐摆天门两国交战，,30200232.502585098,0.0
lsxp-JiangShenEr-SanJiaDian.xml_5,因此上发配到登州。,30240575.434342854,0.0
sdxp-WoHeNi-SiLangTanMu.xml_17,公主叫我盟誓愿，,30554481.214422267,0.0
sdxp-WoHeNi-SiLangTanMu.xml_5,非是我这几日愁眉不展，,30755316.331488684,0.0
lseh-YiLunMing-WenZhaoGuan-2.xml_11,我好比龙游在浅沙滩。,31428431.080302373,0.0
lseh-LaoZhangBu-WuPenJi.xml_5,抓一（呀）把沙土扬灰尘。,31664476.118941683,0.0
lsxp-WoBenShi-KongChengJi-2.xml_9,我面前却少个知（呃）音的人。,31809545.439976122,0.0
lsxp-DaHeYi-SiLangTanMu.xml_10,火堪寨上有家门。,32059793.648377884,0.0
lsxp-ShenGongWu-LongFengChengXiang.xml_3,耳听笙歌闹喧哗。,32341820.376365032,0.0
lseh-YiLunMing-WenZhaoGuan-1.xml_2,实指（惹）望到吴国借兵回转，,32754614.738604695,0.0
lseh-LaoZhangBu-WuPenJi.xml_2,休把我当作了妖魔论，,33128262.996198054,0.0
lsxp-HenPingWang-WenZhaoGuan.xml_3,满门的家着血染红。,33541978.653318319,0.0
lseh-WeiGuoJia-HongYangDong-2.xml_0,为国家哪何曾半日闲空，,33591793.138321675,0.0
lseh-ZenNengGou-BaDaChui.xml_2,前也思（喏）后又想无有计定，,33612888.459529847,0.0
sdxp-DangNianHan-SanJiZhang.xml_4,仙女嫁的又是何人？,33814895.759822011,0.0
lsxp-ZhangGongDao-ZhuangYuanPu.xml_5,眼睁（呐）睁有何人去（呀）把纸烧。,33869831.876646459,0.0
lseh-WeiGuoJia-HongYangDong-3.xml_0,为国家哪何曾半日闲空，,33870070.49523598,0.0
lseh-XinZhongYou-WenZhaoGuan.xml_12,越思越想好伤惨，,34194339.828986615,0.0
lsxp-ZheYiFeng-DingJunShan.xml_9,到明天午时三刻要成功劳。,34239586.646125652,0.0
lseh-WeiGuoJia-HongYangDong-1.xml_0,为国家那何曾半日闲空，,34304644.729279444,0.16666666666666666
lseh-NiangZiBu-SouGuJiuGu.xml_0,娘子不（哇）必太烈性，,34358718.466695279,0.0
sdxp-SuLongWei-WuJiaPo.xml_9,衙里衙外我打点，,34442252.97613661,0.0
lsxp-ZheYiFeng-DingJunShan.xml_2,站立在营门三军叫，,34570346.211681202,0.0
lseh-WeiKaiYan-RangXuZhou.xml_3,老朽年迈我也不能够担承。,34688357.556858465,0.0
lsxp-LiangGuoJiao-ShiJieTing-2.xml_2,管带三（呐）军要宽厚，,35037437.064308219,0.0
lseh-XiRiLi-BaoLianDeng.xml_7,兄（呃）推弟来两不能够担承。,35057844.013323747,0.0
sdxp-DangNianHan-SanJiZhang.xml_3,小奴才真个不孝顺，,35140176.692371801,0.0
lsxp-LiangGuoJiao-ShiJieTing-2.xml_4,此一番领（呃）兵去镇守，,35261505.42103488,0.0
lsxp-DaHeYi-SiLangTanMu.xml_17,弟兄对坐叙寒温。,35391417.741874069,0.0
lsxp-DaHeYi-SiLangTanMu.xml_9,家住后山磁州郡，,35781785.093965277,0.0
lseh-WeiKaiYan-RangXuZhou.xml_0,未开言不由人（呐）珠泪滚滚，,36141310.461150609,0.0
lseh-YiLunMing-WenZhaoGuan-2.xml_2,实指望到吴国借兵回转，,36173920.785508618,0.0
lseh-TanXiongDi-SangYuanJiZi.xml_2,眼望着孤坟台珠泪难忍，,36201746.195392378,0.0
lseh-YiLunMing-WenZhaoGuan-1.xml_26,要相逢陈非是梦（兀）里团圆。,36319994.237601914,0.0
lsxp-ZuoRiLi-YuanMenZhanZi.xml_2,今日里斩宗保娘把儿怪，,36519269.006486051,0.0
sdxp-WoHeNi-SiLangTanMu.xml_10,怎奈我身在番难以过关。,36568749.895868361,0.0
lseh-YangYanZhao-PengBei.xml_2,迈虎步我且把宝帐来进，,36576724.288211383,0.0
lseh-YiLunMing-WenZhaoGuan-1.xml_9,满腹的含冤我向谁言（哪）！,36703528.952469073,0.0
lseh-YiLunMing-WenZhaoGuan-2.xml_9,满腹的含冤我向谁言（喏）。,36703528.952469073,0.0
lsxp-DaHeYi-SiLangTanMu.xml_11,我父令公官极品，,36766194.640570909,0.0
sdxp-SuLongWei-WuJiaPo.xml_4,咬定牙关他就不认承。,36788906.562016651,0.0
lseh-YangYanZhao-PengBei.xml_0,杨延昭奉父命巡查大营，,36794125.113999866,0.0
lseh-YiLunMing-WenZhaoGuan-2.xml_14,思来想去我的肝肠断，,36805601.104121171,0.0
lseh-WeiGuoJia-HongYangDong-1.xml_2,官封到节度使（喏）皇王恩重，,36927938.094164312,0.0
lsxp-DaHeYi-SiLangTanMu.xml_27,听罢言来才知情，,37067251.665329799,0.0
lsxp-ZiGuDao-HuangHeLou.xml_1,主公不必加愁肠。,38015275.88658271,0.0
lseh-XiRiLi-BaoLianDeng.xml_15,打死个秦官保父不能担承。,38440629.166658871,0.0
lsxp-ZiGuDao-HuangHeLou.xml_3,二将军保架过长江。,38472957.417453572,0.0
lsxp-WoZhuYe-ZhuiHanXin.xml_8,一路上秋毫无犯军威壮，,38757689.302892126,0.0
lsxp-JianMaSu-ZhanMaSu.xml_2,大胆不听我的话，,38796882.699606515,0.0
lsxp-CiShiJian-HuaiHeYing-2.xml_7,生死二字（喏）且由他！,38821349.161900528,0.0
lsxp-DaHeYi-SiLangTanMu.xml_8,问我一言答一声。,38976413.094427124,0.0
daeh-SunShangXiang-BieHuangGong.xml_9,叹一声不由人珠泪涟涟。,39148425.686350182,0.0
lseh-YangYanZhao-PengBei.xml_4,我本当将此事对他来论，,39573944.269366108,0.0
lseh-WeiGuoJia-HongYangDong-3.xml_2,官封到节度史（喏）皇王恩重，,39582285.85625618,0.0
lsxp-CiShiJian-HuaiHeYing-1.xml_7,生死二字（喏）且由他。,39818569.468110129,0.0
sdxp-SuLongWei-WuJiaPo.xml_12,百般调戏也枉然。,39983709.712465614,0.0
lseh-YiLunMing-WenZhaoGuan-2.xml_15,今夜晚怎能够盼到明天。,40322707.845181517,0.0
lseh-WeiGuoJia-HongYangDong-2.xml_2,官封到节度使（喏）皇王恩重，,40505972.219369188,0.0
lsxp-LiangGuoJiao-ShiJieTing-1.xml_1,各为其主统貔貅，,40561826.511317596,0.0
lsxp-WoBenShi-KongChengJi-1.xml_9,我面前缺少个知呃音的人。,40709221.401574366,0.0
lsxp-DaHeYi-SiLangTanMu.xml_3,迈步且把宝帐（呀）进，,40798421.82188151,0.0
lseh-YiLunMing-WenZhaoGuan-1.xml_34,寻短（哪）哎见爹娘（兀）！,40890721.794517204,0.0
lsxp-YiZhuangZhuang-QunYingHui.xml_1,请先生到江边即刻登舟。,40901971.354617886,0.0
sdxp-WoHeNi-SiLangTanMu.xml_13,公主赠我的金鈚箭，,40915419.791938737,0.0
lseh-XinZhongYou-WenZhaoGuan.xml_18,寻短（呃）哎见爹娘（呃）。,40996224.986618757,0.0
lseh-XiRiLi-BaoLianDeng.xml_14,打死了别家子父能作主，,41039529.355528392,0.0
lseh-YiLunMing-WenZhaoGuan-1.xml_15,今夜晚怎能够盼到明天。,41285851.493652508,0.0
lseh-YiLunMing-WenZhaoGuan-1.xml_36,对天发不宏誓愿，,41295085.421541408,0.0
sdxp-WoHeNi-SiLangTanMu.xml_20,黄沙盖脸尸骨不全。,41331076.00106734,0.0
lseh-XinZhongYou-WenZhaoGuan.xml_20,对天发下宏誓愿，,41436860.157912694,0.0
lsxp-ZouYingLong-DaYanSong.xml_13,在品级台（呀）前臣见君。,41604552.382350847,0.0
lsxp-ZouYingLong-DaYanSong.xml_1,在朝房来了我这保国忠。,41865119.274476819,0.0
lsxp-ZiCongQian-ZhuLianZhai.xml_1,满朝中文武臣泪双流。,41916023.04734724,0.0
lsxp-WoZhuYe-ZhuiHanXin.xml_7,一路上得遇陆贾、郦生与张良。,42055696.148498707,0.0
lseh-WeiGuoJia-HongYangDong-1.xml_3,身不爽不由人瞌睡朦胧（呃）。,42069687.377062768,0.0
lseh-LaoZhangBu-WuPenJi.xml_4,我忙将树（呃）枝摆摇（哇）动，,42263674.518563986,0.0
lsxp-CiShiJian-HuaiHeYing-1.xml_3,为什么事到如今耍奸滑。,42265287.15915484,0.0
lsxp-WoZhuYe-ZhuiHanXin.xml_4,先进咸阳为皇上，,42779119.33086922,0.0
sdxp-SuLongWei-WuJiaPo.xml_2,王丞相是我的主婚人（哪）。,42817284.909556106,0.0
lseh-YiLunMing-WenZhaoGuan-1.xml_28,越思越想好伤惨，,42818237.351908803,0.0
lseh-XinZhongYou-WenZhaoGuan.xml_6,贪图富贵来害我，,42890800.718989417,0.0
lseh-XinZhongYou-WenZhaoGuan.xml_10,爹娘（呃）要相逢除非是梦（呃）里团圆。,42965876.655098587,0.0
lseh-YiLunMing-WenZhaoGuan-1.xml_22,贪图富贵来害我，,43255681.260489136,0.0
lsxp-ZheYiFeng-DingJunShan.xml_5,三通鼓刀出鞘四通（呃）鼓把兵交。,43300824.942564674,0.0
lsxp-ZuoRiLi-YuanMenZhanZi.xml_5,老娘亲再讲情儿自刎头来。,43353451.15566095,0.0
lsxp-QingGongYan-FaDongWu.xml_1,想起桃园结拜情。,43711656.431226723,0.0
lsxp-DaHeYi-SiLangTanMu.xml_22,灯光之下看不真。,43734020.083084807,0.0
lseh-TanXiongDi-SangYuanJiZi.xml_0,叹兄兀弟遭不幸一旦丧命，,43890371.418421671,0.0
lsxp-WoBenShi-KongChengJi-2.xml_2,先帝（呀）爷下南阳（呃）御驾三（呃）请，,43955276.170807987,0.0
lsxp-WeiCengKai-QiYuanBao.xml_2,家住在南阳太平庄，,44407371.387429997,0.0
sdxp-SuLongWei-WuJiaPo.xml_6,为军的要人我是不要钱。,44559968.136075057,0.0
lsxp-DaHeYi-SiLangTanMu.xml_6,怎知今日回宋营。,44612894.134209149,0.0
lsxp-DaHeYi-SiLangTanMu.xml_12,我母佘氏老太君。,44750122.604132473,0.0
sdxp-WoHeNi-SiLangTanMu.xml_15,宋营（哪）虽然路途远，,44856030.773327485,0.0
sdxp-SuLongWei-WuJiaPo.xml_8,为军哪怕到官前。,44960195.73173546,0.0
lsxp-LiangGuoJiao-ShiJieTing-2.xml_1,各为其（呀）主统貔貅。,44994860.129689559,0.0
sdxp-WoHeNi-SiLangTanMu.xml_11,公主虽然不阻拦，,45148022.448280208,0.0
sdxp-SuLongWei-WuJiaPo.xml_14,将银放在地平川。,45171381.285781793,0.0
lseh-YiLunMing-ZhuoFangCao-2.xml_3,悔不该随他人到吕家。,45308100.84675885,0.0
lsxp-ZheYiFeng-DingJunShan.xml_8,三军与（呀）爷归营号，,45374478.672947899,0.0
sdxp-SuLongWei-WuJiaPo.xml_17,买绫罗与绸缎、打首饰和簪环，,45426223.835771292,0.0
lseh-YiLunMing-WenZhaoGuan-1.xml_13,我好（哇）比波浪中失舵的舟船（哪）。,45470188.652700894,0.0
lseh-YiLunMing-WenZhaoGuan-1.xml_20,若是真心来救我，,45499817.337392159,0.0
lseh-XinZhongYou-WenZhaoGuan.xml_4,若是真心来救我，,45499817.337392159,0.0
sdxp-WoHeNi-SiLangTanMu.xml_1,我和你好夫妻恩德不浅，,45689356.286714397,0.0
lsxp-ZiCongQian-ZhuLianZhai.xml_4,山高路远少来问候，,45730026.345333159,0.0
lsxp-CiShiJian-HuaiHeYing-2.xml_5,右手再把栾布拉，,45900404.19600492,0.0
lseh-YangYanZhao-PengBei.xml_1,在中途得一信甚是不明。,45973477.519369043,0.0
lseh-NiangZiBu-SouGuJiuGu.xml_3,三百余口命赴幽冥。,46041985.371101193,0.0
lseh-XinZhongYou-WenZhaoGuan.xml_7,你就该把我献与昭关。,46140229.745609283,0.0
lsxp-CiShiJian-HuaiHeYing-2.xml_3,为什么事到如今耍奸滑？,46377266.725472748,0.0
lseh-TuZeiZuo-SouGuJiuGu.xml_2,眼见得忠良无救应，,46497732.508414261,0.0
lseh-TuZeiZuo-SouGuJiuGu.xml_0,屠贼做事心太狠，,46597701.167186081,0.0
lseh-XuMaoGong-QinQiongFaPei.xml_0,徐茂公阴阳多奥妙，,46598476.097289078,0.0
lseh-XinZhongYou-WenZhaoGuan.xml_13,想当初在朝为官宦，,47444100.983592547,0.0
lseh-YiLunMing-WenZhaoGuan-1.xml_29,想当初在朝为官宦，,47444100.983592547,0.0
lseh-LaoZhangBu-WuPenJi.xml_0,老丈不（哇）必胆怕惊，,47502459.630921543,0.0
lsxp-ZiGuDao-HuangHeLou.xml_0,自古道吉人有天相，,47901978.47831288,0.0
lseh-YiLunMing-WenZhaoGuan-2.xml_13,我好（呃）比波浪中失舵的舟船（喏）。,48163354.122265242,0.0
lsxp-WoBenShi-KongChengJi-1.xml_5,东西战南北剿博古通呃今。,48250750.337079048,0.0
lsxp-YiZhuangZhuang-QunYingHui.xml_0,一桩桩一件件倶已办就，,48301851.818282425,0.0
lseh-YiLunMing-ZhuoFangCao-1.xml_1,陈宫心（呐）中乱如麻，,48421606.486067384,0.0
lseh-XuMaoGong-QinQiongFaPei.xml_2,既是为我前来到，,48439834.054639161,0.0
lseh-XinZhongYou-WenZhaoGuan.xml_15,到如今夜宿在荒村院，,48637805.277353272,0.0
lseh-YiLunMing-WenZhaoGuan-1.xml_31,到如今夜宿在荒村院，,48637805.277353272,0.0
lsxp-LiangGuoJiao-ShiJieTing-1.xml_5,靠山近水把营收。,48784315.114723355,0.0
sdxp-WoHeNi-SiLangTanMu.xml_2,贤公主又何必过于谦言。,48836124.880229384,0.0
lseh-YiLunMing-WenZhaoGuan-1.xml_37,我不杀平王我的心怎甘（哪）。,49053265.429607354,0.0
sdxp-WoHeNi-SiLangTanMu.xml_19,我若探母不回转，,49204791.099112324,0.0
lsxp-TingTaYan-ZhuoFangCao-1.xml_0,听他言听得我心（呐）惊胆怕，,49352062.705232464,0.0
lsxp-TingTaYan-ZhuoFangCao-2.xml_0,听他言吓得我心（呐）惊胆怕，,49352062.705232464,0.0
lseh-YiLunMing-ZhuoFangSuDian.xml_0,一轮明月照窗下，,49468197.112502702,0.16666666666666666
lseh-YiLunMing-WenZhaoGuan-1.xml_23,你就该把我献与昭关。,49764584.360314049,0.0
lsxp-ZiCongQian-ZhuLianZhai.xml_2,为千岁懒把朝房走，,49850081.285115846,0.0
lseh-WeiGuoJia-HongYangDong-3.xml_3,身不爽不由人瞌睡朦胧。,49875487.593244687,0.0
lsxp-ZhangGongDao-ZhuangYuanPu.xml_1,陈伯愚年半百无有后苗。,50150304.682177097,0.0
lseh-YiLunMing-ZhuoFangCao-2.xml_0,一轮明月照窗下，,50216275.93348103,0.16666666666666666
lseh-JinZhongXiang-ShangTianTai.xml_2,文凭着邓先生策划有准，,50274397.059642062,0.0
lsxp-QingGongYan-FaDongWu.xml_3,又谁知中途两离分。,50281959.087515168,0.16666666666666666
sdxp-SuLongWei-WuJiaPo.xml_1,苏龙魏虎为媒证，,50525240.173359625,0.0
lseh-XinZhongYou-WenZhaoGuan.xml_21,我不杀平王我的心怎甘。,50670169.682857037,0.0
lseh-WeiGuoJia-HongYangDong-2.xml_3,身不爽不由人瞌睡朦胧（呃）（哪）。,50780310.262910023,0.0
lseh-YiLunMing-WenZhaoGuan-2.xml_0,一轮明月照窗前，,51064437.618704654,0.16666666666666666
lseh-NiangZiBu-SouGuJiuGu.xml_13,哀求娘子（喏）舍亲（呐）生。,51070738.047445759,0.0
lseh-YiLunMing-WenZhaoGuan-1.xml_35,父母的冤仇化尘烟，,51232942.929481111,0.0
lsxp-DaHeYi-SiLangTanMu.xml_1,大喝一声（哪）如雷震，,51440392.587560631,0.0
lseh-YiLunMing-ZhuoFangCao-1.xml_12,听谯楼打罢了二（喏）更鼓下，,51449787.06748917,0.0
lsxp-LiangGuoJiao-ShiJieTing-2.xml_5,靠山近水把管收。,51561168.523354679,0.0
lsxp-WeiCengKai-QiYuanBao.xml_9,望求太爷与我作主张（啊）。,51612458.320391729,0.0
lsxp-LiangGuoJiao-ShiJieTing-1.xml_3,赏罚中公（呃）平莫要自由。,51629673.659487613,0.0
lsxp-WoBenShi-KongChengJi-2.xml_4,官封到武乡侯（呃）执掌帅印，,51649401.474993259,0.0
lseh-YiLunMing-ZhuoFangCao-1.xml_0,一轮明月照窗下，,51695222.567370653,0.16666666666666666
lseh-XiRiLi-BaoLianDeng.xml_13,二娇儿也难比那两个贤人。,51763476.535129465,0.16666666666666666
lsxp-WoBenShi-KongChengJi-1.xml_1,论阴阳如反掌保定乾坤。,51771552.802419111,0.0
lseh-ZiNaRi-HongYangDong.xml_9,因此上臣的病重（呃）加十分、千岁爷呀！,51894469.130143665,0.0
lseh-YiLunMing-WenZhaoGuan-1.xml_5,他将我隐藏在后花园。,52015603.899109595,0.0
lsxp-WoBenShi-KongChengJi-1.xml_2,先帝呀爷下南阳御呀驾三请，,52178823.850343198,0.0
lsxp-QingGongYan-FaDongWu.xml_0,庆功宴上把酒饮，,52197385.848360077,0.0
lsxp-YiShiWu-YuCangJian.xml_7,我与奸贼不共戴天！,52228369.113400862,0.0
sdxp-WoHeNi-SiLangTanMu.xml_12,无有令箭怎过关。,52350110.191324651,0.0
lsxp-WeiCengKai-QiYuanBao.xml_1,尊一声太爷听端详。,52387082.598464154,0.0
lseh-XinZhongYou-WenZhaoGuan.xml_19,父母的冤仇化尘烟，,52760117.06670972,0.0
lsxp-WoBenShi-KongChengJi-2.xml_5,东西战南北剿博古（呃）通（哦）今。,52875136.066844709,0.0
lseh-XinZhongYou-WenZhaoGuan.xml_2,背地里只把东皋公怨，,52912784.360892728,0.0
lseh-YiLunMing-WenZhaoGuan-1.xml_0,一轮明月照窗前，,52914383.935498916,0.16666666666666666
lsxp-TingTaYan-ZhuoFangCao-2.xml_6,这时候我只得暂且忍耐在心下，,53047945.779240109,0.0
lsxp-DaHeYi-SiLangTanMu.xml_30,自己骨肉认不清。,53275194.779799663,0.0
sdxp-SuLongWei-WuJiaPo.xml_18,我与你露水的夫妻就过几年（呐）。,53608410.474712953,0.0
sdeh-WenSanNiang-SanNiangJiaoZi.xml_1,问三娘发雷霆却是为何？,53754776.65554931,0.0
lsxp-DaHeYi-SiLangTanMu.xml_14,失落番邦被贼擒。,53781809.312126353,0.0
sdxp-SuLongWei-WuJiaPo.xml_3,他三人与我有仇恨，,53831552.749882117,0.0
lsxp-TingTaYan-ZhuoFangCao-1.xml_6,这时候我只得暂且忍耐在心下，,54168064.775065802,0.0
lsxp-DaHeYi-SiLangTanMu.xml_4,上面（哪）坐的同胞人。,54661813.461943872,0.0
lseh-YiLunMing-ZhuoFangCao-1.xml_22,虎在笼中我不打，,55094238.615531437,0.0
lsxp-WoBenShi-KongChengJi-1.xml_4,官封到武乡侯哇执掌帅印，,55663174.454752311,0.0
lseh-WeiGuoJia-HongYangDong-1.xml_1,我也曾平服了塞北西东。,56044848.114617445,0.0
lsxp-DaHeYi-SiLangTanMu.xml_26,要见本帅为何情？,56129311.140090294,0.0
sdxp-DangNianHan-SanJiZhang.xml_7,要退、要退、偏要退！,56187797.46770633,0.0
lseh-XuMaoGong-QinQiongFaPei.xml_1,文韬武略智谋高。,56192291.947154135,0.0
lseh-YiLunMing-ZhuoFangSuDian.xml_1,陈宫心（呐）中乱如麻，,56378836.779748097,0.0
lseh-WeiGuoJia-HongYangDong-3.xml_1,我也曾平服了塞北西东。,56413612.954676859,0.0
lsxp-ZiCongQian-ZhuLianZhai.xml_5,望千岁恕学生礼貌不周。,56431673.339521244,0.0
lseh-TanXiongDi-SangYuanJiZi.xml_1,丢下了年幼儿好不伤情。,56553454.813733146,0.0
lsxp-WoBenShi-KongChengJi-2.xml_0,我本是卧龙岗散淡（呐）的人，,56650698.046111517,0.0
lseh-ZiNaRi-HongYangDong.xml_2,我前番命孟良骸骨搬（呐）请，,56958442.980766438,0.0
lseh-YiLunMing-ZhuoFangCao-2.xml_1,陈宫心中乱如麻。,56959721.888083383,0.0
lseh-ZenNengGou-BaDaChui.xml_0,怎能够思一计番营来进，,57066533.861027509,0.0
lsxp-WoZhuYe-ZhuiHanXin.xml_11,反将我主贬汉王。,57103739.933880582,0.0
lsxp-ZiGuDao-HuangHeLou.xml_4,今日主公把宴上，,57203941.833075836,0.0
lseh-ZiNaRi-HongYangDong.xml_0,自（喏）那日朝罢归身（呐）染重病，,57504338.568945818,0.16666666666666666
lsxp-DaHeYi-SiLangTanMu.xml_29,众将与爷忙掩（哪）门，,57730362.784924723,0.0
lsxp-WoBenShi-KongChengJi-2.xml_8,闲无（呃）事在敌楼（呃）我亮一亮琴（呢）音，,57892113.005916312,0.0
lsxp-CiShiJian-HuaiHeYing-1.xml_6,三人同把那鬼门关上踏（啊），,58375375.206418879,0.16666666666666666
lseh-YiLunMing-WenZhaoGuan-1.xml_18,背地里只把东皋公怨，,58497458.636984073,0.0
lsxp-LiangGuoJiao-ShiJieTing-1.xml_0,两国交（哇）锋龙虎斗，,58510379.488213681,0.0
lseh-ZiNaRi-HongYangDong.xml_7,去了我左右膀难以飞行。,58641863.738517649,0.0
lsxp-YiShiWu-YuCangJian.xml_8,实指（喏）望到吴国借兵（呐）转，,58696953.809211195,0.0
lsxp-CiShiJian-HuaiHeYing-2.xml_6,三人同把那鬼门关上爬，,59051471.669136047,0.16666666666666666
lsxp-ZouYingLong-DaYanSong.xml_3,偶遇见小小的顽童放悲声，,59080984.127999216,0.0
lsxp-TingTaYan-ZhuoFangCao-2.xml_4,马行在来道内我难（呐）以回（呀）马，,59092920.753328346,0.0
lsxp-TingTaYan-ZhuoFangCao-1.xml_4,马行在来道内我难（呐）以回（呀）马，,59092920.753328346,0.0
sdxp-DangNianHan-SanJiZhang.xml_2,未央宫斩的是何人？,59191097.306577064,0.0
lseh-NiangZiBu-SouGuJiuGu.xml_6,舍子搭救忠（呃）良的后，,59370949.086164951,0.0
sdxp-WoHeNi-SiLangTanMu.xml_18,将身跪在地平川。,59476582.28086175,0.0
lseh-JinZhongXiang-ShangTianTai.xml_3,武仗着姚皇兄保定乾坤。,59479009.0340501,0.0
lsxp-ZiCongQian-ZhuLianZhai.xml_0,自从千岁离朝后，,59505409.85137099,0.16666666666666666
lseh-YiLunMing-WenZhaoGuan-2.xml_5,他将我隐藏在后花园。,59540305.275656864,0.0
lseh-LaoZhangBu-WuPenJi.xml_6,我和你远无冤近无有仇恨，,59818051.248469628,0.0
lsxp-WoZhuYe-ZhuiHanXin.xml_1,拔剑斩蛇天下扬。,60193401.72831405,0.0
lsxp-ZouYingLong-DaYanSong.xml_11,我本当金（哪）殿奏一本怎奈我官卑职小不能够参大臣。,60239433.090363376,0.0
sdxp-SuLongWei-WuJiaPo.xml_10,管保大嫂就断与咱。,60326953.02775199,0.0
lsxp-YiShiWu-YuCangJian.xml_4,恨平王无道纲常乱，,60453514.102721564,0.0
lseh-YiLunMing-ZhuoFangSuDian.xml_3,悔不该随他人到吕家。,60781842.050758049,0.0
lsxp-WoBenShi-KongChengJi-1.xml_8,闲无哇事在敌楼哇我亮（呃）一亮琴哪音，,60874448.152622662,0.0
lsxp-DaHeYi-SiLangTanMu.xml_31,走上前来忙松捆，,60942691.543889888,0.0
lsxp-CiShiJian-HuaiHeYing-1.xml_4,左手拉住了李左车，,61010612.653973103,0.0
lseh-XinZhongYou-WenZhaoGuan.xml_1,翻来复去睡不安。,61765268.53399279,0.0
lsxp-CiShiJian-HuaiHeYing-1.xml_2,在长安是你夸大话，,62002847.101001851,0.0
lsxp-ZuoRiLi-YuanMenZhanZi.xml_0,昨日里斩八将头挂营外，,62022470.600697331,0.0
lseh-YiLunMing-ZhuoFangCao-1.xml_24,执宝剑将贼的（呀）头割下，,62770034.992489301,0.0
lsxp-YiShiWu-YuCangJian.xml_6,他害我满门（呐）真悲惨，,62810885.999618106,0.0
lsxp-CiShiJian-HuaiHeYing-1.xml_0,此时间不可闹笑话，,63296420.655892864,0.0
lseh-WeiGuoJia-HongYangDong-2.xml_1,我也曾平服了塞北西东。,63492303.442542754,0.0
lsxp-LiangGuoJiao-ShiJieTing-1.xml_2,管待三（哪）军要宽厚，,63583420.266797915,0.0
lseh-YiLunMing-WenZhaoGuan-1.xml_24,哭一声爹娘不能相见，,63779029.147385031,0.0
lsxp-WeiCengKai-QiYuanBao.xml_6,行至在中途把雨降，,64167203.922767073,0.0
lseh-XuMaoGong-QinQiongFaPei.xml_4,是是是（呀）来我明白了，,64387355.187864333,0.0
lsxp-LiangGuoJiao-ShiJieTing-1.xml_4,此一番领兵去镇守，,64617131.850802176,0.0
lseh-LaoZhangBu-WuPenJi.xml_1,我有言来你是（喏）听。,64706138.25145144,0.0
lseh-JinZhongXiang-ShangTianTai.xml_1,寡人喜的是五谷丰登。,64919484.075148784,0.0
lseh-YiLunMing-WenZhaoGuan-1.xml_17,翻来覆去睡不（哇）安。,65160182.185970418,0.0
lsxp-WoBenShi-KongChengJi-2.xml_6,周文王访姜尚周室大振，,65320299.364197925,0.0
lseh-YiLunMing-WenZhaoGuan-2.xml_1,愁人心（呐）中似箭穿。,65868406.080775417,0.0
lsxp-CiShiJian-HuaiHeYing-2.xml_2,在长安是你夸大话，,65952519.121831737,0.0
sdxp-SuLongWei-WuJiaPo.xml_15,这锭银、三两三，,65978567.995410524,0.0
lseh-YiLunMing-WenZhaoGuan-1.xml_1,愁人心（哪）中似箭穿。,66132825.388904877,0.0
sdxp-WoHeNi-SiLangTanMu.xml_14,见母一面即刻还。,66202832.014647149,0.0
lseh-WeiKaiYan-RangXuZhou.xml_5,救生灵（呐）积阴（呐）功也免得我坐卧不宁。,66690040.183205865,0.0
sdxp-WoHeNi-SiLangTanMu.xml_9,我有心回宋营见母一面，,67014471.427011609,0.0
lseh-NiangZiBu-SouGuJiuGu.xml_4,我与那公孙杵臼把计定，,67234149.060279936,0.16666666666666666
lseh-YiLunMing-ZhuoFangCao-1.xml_3,悔不该随他人到吕家，,67360904.384034187,0.0
lseh-JinZhongXiang-ShangTianTai.xml_0,金钟响玉磬应王登龙庭，,67602962.380287513,0.0
lsxp-DaHeYi-SiLangTanMu.xml_15,六弟下位把兄认，,67720617.274592072,0.0
lsxp-WoZhuYe-ZhuiHanXin.xml_9,我也曾约法定过三章。,67824488.187606975,0.0
lsxp-ZiCongQian-ZhuLianZhai.xml_3,为千岁懒观五凤楼。,68324968.836597428,0.0
lsxp-ZouYingLong-DaYanSong.xml_8,上面坐的是有道君，,68388981.637507603,0.0
lsxp-JianMaSu-ZhanMaSu.xml_3,失去了街亭差不差。,68459272.010930985,0.0
lseh-YiLunMing-ZhuoFangCao-1.xml_19,安眠好似并底之蛙，,68545567.948137268,0.0
lsxp-TingTaYan-ZhuoFangCao-1.xml_3,却原（呐）来贼是个无（哇）义（呀）的冤家！,68742752.197046384,0.0
lsxp-TingTaYan-ZhuoFangCao-2.xml_3,却愿（呐）来贼是个无（哇）义（呀）的冤家！,68742752.197046384,0.0
lsxp-WoBenShi-KongChengJi-2.xml_1,凭阴阳如反掌保定乾坤。,68929536.932326853,0.0
lseh-NiangZiBu-SouGuJiuGu.xml_12,无奈何我只得双（呃）膝跪，,69530012.112455785,0.0
lseh-XiRiLi-BaoLianDeng.xml_3,传口诏命次子即位为君，,69770990.818364307,0.0
lseh-XiRiLi-BaoLianDeng.xml_2,都只为孤（哇）竹君身染重病（哪），,69801725.339096472,0.0
lsxp-HenPingWang-WenZhaoGuan.xml_2,我的（呀）父谏奏反把命（哪）送，,69860960.661681414,0.0
lseh-ZiNaRi-HongYangDong.xml_3,那乃是萧天佐以（呀）假成真；,69865780.264745623,0.16666666666666666
lsxp-JiangShenEr-SanJiaDian.xml_9,舍不得老娘（呃）白了头。,70824920.043716982,0.0
lseh-ZiNaRi-HongYangDong.xml_8,为此事终（啊）日里忧成疾病，,70916089.907051012,0.0
lsxp-WoBenShi-KongChengJi-1.xml_0,我本是卧龙岗散淡哪的人，,71075821.206347436,0.0
lseh-YiLunMing-ZhuoFangCao-1.xml_11,自有那神灵（啊）天地鉴察。,71616981.444404021,0.16666666666666666
lsxp-ZheYiFeng-DingJunShan.xml_3,大小儿郎听根苗，,71750658.205141827,0.0
lsxp-YiShiWu-YuCangJian.xml_5,信用无极狗奸谗。,71863799.073927209,0.0
lseh-YiLunMing-ZhuoFangCao-1.xml_17,汉室后来贼是个惹祸的根芽。,72331734.527204439,0.0
lseh-YiLunMing-WenZhaoGuan-1.xml_3,谁知昭关有阻拦。,72836511.519658744,0.0
lsxp-CiShiJian-HuaiHeYing-2.xml_4,左手拉住了李左车，,73293911.736430451,0.0
lseh-NiangZiBu-SouGuJiuGu.xml_7,老天爷不绝我的后代根。,73508440.975498259,0.0
lsxp-DaHeYi-SiLangTanMu.xml_5,弟兄们分别十五春，,73562779.012321427,0.0
lseh-XinZhongYou-WenZhaoGuan.xml_8,哭一声爹娘不能相见，,73792079.485766381,0.0
lsxp-WoBenShi-KongChengJi-1.xml_6,周文王访姜尚周室大振，,73875650.884317756,0.0
lsxp-ShenGongWu-LongFengChengXiang.xml_1,年老得配女娇娃。,74402486.174284905,0.0
lseh-YiLunMing-WenZhaoGuan-2.xml_3,谁知昭关有阻拦。,74967118.264109969,0.0
lseh-YiLunMing-WenZhaoGuan-2.xml_12,我好（呃）比鱼儿吞了钩线，,75200353.251461908,0.0
lsxp-ZuoRiLi-YuanMenZhanZi.xml_1,老娘亲为什么不讲情来？,75612442.18525967,0.0
lsxp-JianMaSu-ZhanMaSu.xml_1,不由老夫咬钢牙，,76250687.136683777,0.0
lsxp-YiShiWu-YuCangJian.xml_2,日月轮流催晓（哇）箭，,76385487.347929582,0.16666666666666666
lsxp-WeiCengKai-QiYuanBao.xml_8,赵大夫妻图财害命害我一命亡，,76658590.895201489,0.0
lseh-YiLunMing-ZhuoFangCao-1.xml_5,杀猪（喏）沽（哇）酒款待于他，,76978759.167889014,0.0
lsxp-CiShiJian-HuaiHeYing-2.xml_0,此时间不可闹笑话，,77061885.600618377,0.0
lseh-XinZhongYou-WenZhaoGuan.xml_17,我本当拔宝剑自寻短见，,77252217.201126352,0.0
lsxp-DaHeYi-SiLangTanMu.xml_24,你是番邦什么人？,77391860.764234856,0.0
lsxp-ZheYiFeng-DingJunShan.xml_6,向前各各有赏犒，,77429196.536269948,0.0
lsxp-JiangShenEr-SanJiaDian.xml_7,舍不得衙役们众班头。,77596494.859185934,0.0
lseh-YiLunMing-ZhuoFangCao-1.xml_14,悔不该把家属一（呀）旦撇下，,77720146.128078371,0.0
lseh-ZenNengGou-BaDaChui.xml_3,倒不如上公安观看古今。,78200990.358156979,0.0
lsxp-DaHeYi-SiLangTanMu.xml_20,见一番汉帐中行。,78304696.893801585,0.0
sdxp-SuLongWei-WuJiaPo.xml_21,为军起下不良的意呀，,78322691.087070554,0.0
lsxp-ZuoRiLi-YuanMenZhanZi.xml_4,叫焦赞将宝剑悬挂帐外，,78805480.022919685,0.0
lsxp-ZuoRiLi-YuanMenZhanZi.xml_3,哭啼啼坐宝帐所为何来。,78825633.288828641,0.0
lseh-NiangZiBu-SouGuJiuGu.xml_2,赵屠二家有仇恨，,78958751.387922868,0.0
lseh-YiLunMing-WenZhaoGuan-1.xml_12,我好（哇）比鱼儿吞了钩线，,79244122.980620146,0.0
sdxp-SuLongWei-WuJiaPo.xml_20,为何来在大道边。,79381883.402635068,0.0
sdxp-WoHeNi-SiLangTanMu.xml_6,有一桩心腹事不敢明言。,79629124.765076429,0.0
lsxp-ZheYiFeng-DingJunShan.xml_4,头通（呃）鼓紧战袍，,79937920.505895823,0.0
lsxp-HenPingWang-WenZhaoGuan.xml_0,恨平王无道乱楚宫（兀），,80110822.046486869,0.0
lsxp-ZouYingLong-DaYanSong.xml_12,罢、罢、罢，暂且忍却我的心头恨，,80208680.828520417,0.0
lseh-YiLunMing-ZhuoFangCao-2.xml_11,自有那神灵儿天地鉴察。,80335231.707143053,0.16666666666666666
lseh-TuZeiZuo-SouGuJiuGu.xml_1,诬杀赵家一满门。,81734902.293053627,0.0
lseh-WeiKaiYan-RangXuZhou.xml_2,二犬子（呃）皆年幼（哇）难当（呃）重任，,81756088.362507313,0.0
lsxp-JiangShenEr-SanJiaDian.xml_11,儿行千里母担忧。,82082279.470684677,0.0
lseh-YangYanZhao-PengBei.xml_3,又只见老爹爹瞌睡沉沉。,82476849.988950208,0.0
lsxp-ZouYingLong-DaYanSong.xml_5,他言道严嵩老贼害他的举家一满门。,82856135.653383508,0.0
lsxp-WoZhuYe-ZhuiHanXin.xml_0,我主爷起义在芒砀，,83143004.400384814,0.0
lsxp-ZouYingLong-DaYanSong.xml_4,我问顽童啼哭因何故，,83205628.562595442,0.0
lsxp-ZouYingLong-DaYanSong.xml_7,站立在殿角用目来观定，,83874324.745055363,0.0
lseh-YiLunMing-ZhuoFangSuDian.xml_10,屈死的怨鬼魂休要怨（呐）咱，,84180428.777631104,0.0
lseh-ZiNaRi-HongYangDong.xml_1,三更时梦（呃）见（呐）了年迈爹尊（呐）。,84185271.909879431,0.0
lseh-YiLunMing-ZhuoFangSuDian.xml_11,自有那神灵儿天地鉴察。,84213789.308669537,0.16666666666666666
lseh-YiLunMing-WenZhaoGuan-1.xml_33,我本当拔宝剑自寻短见，,85081960.574630156,0.0
lseh-YiLunMing-ZhuoFangCao-1.xml_23,我岂肯放虎归山又（哇）把人抓。,85680944.142546996,0.0
lseh-YiLunMing-ZhuoFangCao-1.xml_25,险些儿把事（喏）又（哇）作差。,85843092.608002156,0.0
lsxp-YiShiWu-YuCangJian.xml_1,叹光明一去不回还（呐）；,85990469.500500888,0.0
lseh-YiLunMing-WenZhaoGuan-1.xml_8,俺伍员好一似丧家犬，,86384716.693010584,0.0
lsxp-JiangShenEr-SanJiaDian.xml_3,二不是歹人（呐）把城偷。,86398649.906151652,0.0
lsxp-WeiCengKai-QiYuanBao.xml_0,未曾开言泪汪汪，,86640443.900712103,0.0
lseh-XinZhongYou-WenZhaoGuan.xml_9,不能（呃）哎见。,87294152.415721208,0.0
lseh-NiangZiBu-SouGuJiuGu.xml_1,卑（呀）人言来你是（喏）听。,87424160.495637953,0.0
lsxp-ZouYingLong-DaYanSong.xml_6,我劝顽童你休流泪，免悲声，邹老爷就是尔的报仇人。,87465310.777069956,0.0
lseh-YiLunMing-ZhuoFangCao-2.xml_2,悔不该心猿并意马，,87676848.74938722,0.0
lseh-YiLunMing-ZhuoFangCao-2.xml_10,屈死的冤鬼魂休要怨咱，,87732285.346401185,0.0
sdxp-SuLongWei-WuJiaPo.xml_22,一马双跨到西凉。,87793349.921320945,0.0
lsxp-DaHeYi-SiLangTanMu.xml_13,十五年前沙滩会，,87816744.873508528,0.0
lsxp-WoZhuYe-ZhuiHanXin.xml_15,扬尘舞蹈见大王。,88128685.069886893,0.0
lseh-TanXiongDi-SangYuanJiZi.xml_3,见坟台不见人刀割我心。,88729385.789473116,0.0
lsxp-JiangShenEr-SanJiaDian.xml_14,眼见得红日坠落在西山后，,89610003.557547092,0.0
lsxp-DaHeYi-SiLangTanMu.xml_16,我是你四哥回宋营。,89617154.137763634,0.0
sdxp-DangNianHan-SanJiZhang.xml_6,句句话儿伤父心。,90516743.60540238,0.0
lseh-YiLunMing-WenZhaoGuan-1.xml_10,我好（哇）比哀哀长空雁，,90633351.887678847,0.0
lsxp-ZheYiFeng-DingJunShan.xml_0,这一封（呃）书信来得巧，,91836604.557967052,0.0
lsxp-JiangShenEr-SanJiaDian.xml_13,娘想儿来泪双流。,92237151.47452116,0.0
lsxp-WoZhuYe-ZhuiHanXin.xml_12,今日里萧何荐良将，,93608054.097059175,0.0
lsxp-JiangShenEr-SanJiaDian.xml_2,一不是响马与贼寇，,93822416.959088251,0.0
lsxp-ZheYiFeng-DingJunShan.xml_7,退后的项上吃一刀。,93837544.18308349,0.0
lseh-NiangZiBu-SouGuJiuGu.xml_8,你今舍了亲生子，,94600361.97476095,0.0
lsxp-JianMaSu-ZhanMaSu.xml_0,见马谡（唩）跪帐下，,95373323.953090385,0.0
lseh-YiLunMing-WenZhaoGuan-1.xml_7,夜夜何曾得安眠。,96147710.172092244,0.0
lseh-YiLunMing-WenZhaoGuan-2.xml_7,夜夜何曾得安眠。,96147710.172092244,0.0
sdxp-WoHeNi-SiLangTanMu.xml_3,杨廷辉有一日愁眉得展，,96398669.317794472,0.0
lseh-YiLunMing-ZhuoFangCao-1.xml_21,贼好比猛虎未（呀）曾长牙，,96659313.074372754,0.0
sdxp-SuLongWei-WuJiaPo.xml_16,送与大嫂把家安。,96744629.797801808,0.0
lsxp-ZhangGongDao-ZhuangYuanPu.xml_2,为（呀）儿（啼）女我也曾朝山拜庙，,96891896.482006371,0.0
lsxp-DaHeYi-SiLangTanMu.xml_23,本帅开言把他问，,97925943.103536457,0.0
lseh-ZiNaRi-HongYangDong.xml_4,二次（喏）里命孟良番营来进，,98917243.692598209,0.0
lseh-YiLunMing-ZhuoFangCao-1.xml_6,又谁知此贼的疑心（呐）太（呀）大，,98947393.178911433,0.0
lseh-YiLunMing-WenZhaoGuan-2.xml_10,我好（呃）比哀哀长空雁，,99051633.284517378,0.0
lseh-YiLunMing-WenZhaoGuan-2.xml_8,俺伍员好一似丧家犬，,100303332.83354342,0.0
lseh-YiLunMing-ZhuoFangCao-2.xml_6,又谁知此贼的疑心太大，,100755547.95558442,0.0
lsxp-ZouYingLong-DaYanSong.xml_9,那一旁坐的就是严阁老，,101821474.72962084,0.16666666666666666
lsxp-JiangShenEr-SanJiaDian.xml_8,实难舍街坊四邻与我的好朋友，,102392754.03944309,0.0
lseh-XinZhongYou-WenZhaoGuan.xml_3,叫人难解巧机关。,102432882.75249936,0.0
lseh-YiLunMing-ZhuoFangCao-2.xml_9,年迈老丈命染黄沙。,102551757.97389244,0.0
sdxp-SuLongWei-WuJiaPo.xml_7,大嫂说话礼不端，,102752763.68581596,0.0
sdxp-SuLongWei-WuJiaPo.xml_11,好一个贞节王宝钏，,103825435.30533858,0.0
lseh-WeiKaiYan-RangXuZhou.xml_1,天卸重任我就要（哇）你担承。,105969250.58685365,0.0
lsxp-ZhangGongDao-ZhuangYuanPu.xml_4,怕将（呃）来老天爷无（哇）有果报，,105973028.68110104,0.0
lseh-YiLunMing-ZhuoFangCao-2.xml_8,一家人倶丧在宝剑之下，,106054409.70439532,0.0
lsxp-WeiCengKai-QiYuanBao.xml_7,借宿一宵起祸殃。,106652921.16974378,0.0
lsxp-DaHeYi-SiLangTanMu.xml_19,本帅帐中用目睁，,107209033.44294928,0.0
lsxp-HenPingWang-WenZhaoGuan.xml_1,父纳子（呃）妻礼难容，,107260919.27087088,0.0
lseh-YiLunMing-WenZhaoGuan-1.xml_19,叫人难解巧机关，,108390607.25067732,0.0
lseh-JinZhongXiang-ShangTianTai.xml_5,又听得殿角下大放悲声。,108660649.61477135,0.0
lseh-NiangZiBu-SouGuJiuGu.xml_5,他舍命来你我舍亲生。,109467442.81181604,0.0
lsxp-CiShiJian-HuaiHeYing-1.xml_5,右手再把栾布拉。,109599078.98602353,0.0
lseh-YiLunMing-ZhuoFangSuDian.xml_4,吕伯奢可算得义气（呀）大，,109646028.37212013,0.0
lseh-XiRiLi-BaoLianDeng.xml_10,首阳山前冻饿死（喏）。,110388437.26901293,0.0
lseh-WeiKaiYan-RangXuZhou.xml_4,望使君放开怀慨然（呐）应（呐）允，,110424779.95202167,0.0
lsxp-ZheYiFeng-DingJunShan.xml_1,天助黄忠成功劳。,110556237.99024184,0.0
lseh-YiLunMing-ZhuoFangCao-1.xml_8,一家人倶丧在宝剑之（喏）下，,111806791.08737235,0.0
lsxp-WoZhuYe-ZhuiHanXin.xml_3,两路分（呐）兵定咸阳。,113496004.33021717,0.0
lseh-YiLunMing-WenZhaoGuan-1.xml_25,不能（哪）哎见爹娘（兀）！,113762703.92959504,0.0
lsxp-DaHeYi-SiLangTanMu.xml_2,杨家将令鬼神惊。,113788939.70193887,0.0
lseh-ZiNaRi-HongYangDong.xml_6,老军报他二人在洪洋（呃）洞丧（呃）命，,115116345.05370954,0.0
lseh-YiLunMing-ZhuoFangCao-1.xml_15,悔不该弃县今抛却了乌（哇）纱，,115399991.26898015,0.0
lseh-YiLunMing-ZhuoFangSuDian.xml_9,年迈的老丈命（呐）染黄沙。,117224651.9588315,0.0
sdxp-WoHeNi-SiLangTanMu.xml_8,我的娘押粮草来到北番。,117990914.12145571,0.0
lseh-XiRiLi-BaoLianDeng.xml_5,那伯夷尊父命也不能应承，,119470270.39974524,0.16666666666666666
lseh-YiLunMing-ZhuoFangCao-1.xml_20,贼好比蛟龙未生鳞甲，,119781128.17170323,0.0
lseh-XinZhongYou-WenZhaoGuan.xml_5,为何几日他不言，,121289809.34481525,0.0
lsxp-ZouYingLong-DaYanSong.xml_10,他本是我朝中上欺天子下压臣谋朝篡位卖国的奸贼他名叫严嵩，,121888873.80167829,0.0
lseh-XiRiLi-BaoLianDeng.xml_1,伯夷叔齐二大贤人，,122851641.72379373,0.0
lseh-LaoZhangBu-WuPenJi.xml_3,我本屈死一鬼魂。,122881975.12690505,0.0
lseh-XuMaoGong-QinQiongFaPei.xml_3,缘何不救我出笼牢。,123371206.07166564,0.0
lseh-YiLunMing-ZhuoFangSuDian.xml_6,又谁知此贼的疑心（呐）太（呀）大，,123515290.2612655,0.0
lseh-YiLunMing-ZhuoFangCao-1.xml_9,年迈的老丈命（呐）染黄沙。,123765631.19734365,0.0
lseh-XiRiLi-BaoLianDeng.xml_11,留得美名万古存，,124074849.0909206,0.0
lsxp-WeiCengKai-QiYuanBao.xml_3,姓刘名安字世昌。,124547744.29115839,0.0
lseh-XiRiLi-BaoLianDeng.xml_6,弟让兄来兄不能应（呐）允，,126039186.76411311,0.0
lseh-YiLunMing-ZhuoFangSuDian.xml_5,杀猪（喏）沽酒款待与他，,126644431.13104677,0.0
lseh-YiLunMing-ZhuoFangCao-1.xml_13,越思越想把事来作差。,130360897.0971977,0.0
lsxp-WoBenShi-KongChengJi-2.xml_7,我诸葛怎比得前辈（呃）的先（呃）生。,131354257.53154363,0.0
lseh-YiLunMing-WenZhaoGuan-1.xml_21,为何几日他不言。,131883990.60639918,0.0
lseh-YiLunMing-ZhuoFangCao-2.xml_5,杀猪沽酒款待与他。,132694954.25466047,0.0
lseh-YangYanZhao-PengBei.xml_5,又恐怕惊动了年迈之人。,133903405.31641482,0.0
lseh-YiLunMing-WenZhaoGuan-1.xml_4,幸遇那东皋公行方便，,136028884.35754034,0.16666666666666666
sdxp-SuLongWei-WuJiaPo.xml_19,是烈女就该在家院，,137033327.77221304,0.0
sdxp-WoHeNi-SiLangTanMu.xml_4,誓不忘贤公主恩重如山。,137489448.43885875,0.0
lseh-YiLunMing-ZhuoFangCao-1.xml_16,我只说贼是个宽宏量大，,137690947.47663903,0.0
lseh-XiRiLi-BaoLianDeng.xml_12,为父的怎比得孤竹君，,138846100.62582046,0.0
lseh-YiLunMing-WenZhaoGuan-1.xml_6,一连几天我的眉不（哇）展，,140019165.05596861,0.0
lseh-YiLunMing-WenZhaoGuan-2.xml_6,一连几天我的眉不（呃）展，,142357100.86335388,0.0
lseh-XinZhongYou-WenZhaoGuan.xml_16,我冷冷清清向谁言（呃）。,142606271.07510114,0.0
lseh-XinZhongYou-WenZhaoGuan.xml_14,朝臣待漏五更寒。,142677175.6172803,0.0
lsxp-TingTaYan-ZhuoFangCao-2.xml_1,背转身自埋怨我自（呃）已做差。,143159059.29774597,0.0
lsxp-TingTaYan-ZhuoFangCao-1.xml_1,背转身只埋怨我自（呃）己作差，,143159059.29774597,0.0
lseh-XiRiLi-BaoLianDeng.xml_9,那叔齐逃出了后宰门，,143403781.65165442,0.16666666666666666
lsxp-JiangShenEr-SanJiaDian.xml_6,舍不得太爷的恩情厚，,143745073.36495739,0.0
lseh-NiangZiBu-SouGuJiuGu.xml_9,来年必定降麒麟。,144050650.1341742,0.0
lseh-YiLunMing-WenZhaoGuan-1.xml_32,我冷冷清清向谁言（哪）。,144137781.16513595,0.0
lsxp-YiShiWu-YuCangJian.xml_9,行至在昭关有阻拦。,145604414.76909834,0.0
lsxp-WeiCengKai-QiYuanBao.xml_5,贩卖绸缎转还乡。,145647028.38588914,0.0
lseh-XiRiLi-BaoLianDeng.xml_4,那叔齐分长幼不能担任，,147096611.84990606,0.16666666666666666
lseh-YiLunMing-WenZhaoGuan-1.xml_30,朝臣待漏（哇）五更寒，,147934949.49917781,0.0
lseh-XiRiLi-BaoLianDeng.xml_8,那伯夷出午门无（哇）有踪（呃）影，,148524377.70856687,0.16666666666666666
lsxp-JiangShenEr-SanJiaDian.xml_12,儿想娘亲难叩首，,148979222.08464473,0.0
lsxp-WoBenShi-KongChengJi-1.xml_3,算就了汉家的业鼎足哇三分。,149505824.6548228,0.0
lsxp-JiangShenEr-SanJiaDian.xml_0,将身儿来至在大街口，,149512529.36371171,0.0
lsxp-TingTaYan-ZhuoFangCao-1.xml_7,既同行共（呃）大事必须要劝解于他（呀呃）。,154492956.5985443,0.0
lsxp-TingTaYan-ZhuoFangCao-2.xml_7,既同行共（呃）大事必须要劝解于他（呀呃）。,154492956.5985443,0.0
lseh-JinZhongXiang-ShangTianTai.xml_4,内侍臣忙摆驾九龙口进，,157791216.2929011,0.0
lseh-YiLunMing-ZhuoFangSuDian.xml_8,一家人倶丧在宝剑之（喏）下，,159372252.68062466,0.0
lseh-YiLunMing-ZhuoFangSuDian.xml_7,拔出剑将他的满门杀，,159551891.50924069,0.0
lseh-YiLunMing-ZhuoFangCao-2.xml_4,吕伯奢可算得义气大，,163211025.08487976,0.0
lsxp-WoBenShi-KongChengJi-1.xml_7,俺诸（喏）葛怎比得前辈呀的先哪生。,164608324.80765668,0.0
lseh-TuZeiZuo-SouGuJiuGu.xml_3,大事还要问程婴。,166079851.61140835,0.0
lseh-YiLunMing-ZhuoFangCao-1.xml_7,拔出剑将他的满门杀，,166259538.47557586,0.0
lseh-YiLunMing-WenZhaoGuan-2.xml_4,幸遇那东皋公行方便，,166555792.40606692,0.16666666666666666
lseh-YiLunMing-ZhuoFangCao-2.xml_7,拔出剑将他的满门杀。,167689240.99475333,0.0
lseh-NiangZiBu-SouGuJiuGu.xml_11,不舍娇儿难救孤身。,172651231.91695571,0.0
lsxp-WoZhuYe-ZhuiHanXin.xml_14,撩袍端带我把金殿上，,173650755.96826032,0.0
lsxp-WoZhuYe-ZhuiHanXin.xml_13,但愿得言听计从重整汉家邦、一同回故乡。,174541224.80606332,0.0
lseh-XuMaoGong-QinQiongFaPei.xml_5,其中必有这巧（哇）妙高。,175292424.1613971,0.0
lsxp-WoBenShi-KongChengJi-2.xml_3,算就了汉家的业鼎足（呃）三分。,176622149.63815841,0.0
sdxp-WoHeNi-SiLangTanMu.xml_16,快马加鞭我一夜还。,182287905.41766703,0.0
lseh-ZenNengGou-BaDaChui.xml_1,前后话对文龙细说衷情。,184889323.83799851,0.0
lseh-LaoZhangBu-WuPenJi.xml_7,望求老丈把冤伸。,186200497.53411442,0.0
lsxp-WoZhuYe-ZhuiHanXin.xml_5,后进咸阳扶保在朝纲。,188163942.90846214,0.0
lsxp-JiangShenEr-SanJiaDian.xml_4,杨林与我来争斗，,188532928.29443216,0.0
lsxp-ZouYingLong-DaYanSong.xml_2,那一日打从大街进，,188784714.42099342,0.16666666666666666
lseh-ZiNaRi-HongYangDong.xml_5,又谁知焦克明他私（呀）自后跟（呐），,190406542.52648553,0.0
lsxp-TingTaYan-ZhuoFangCao-1.xml_2,我先前只望他宽宏量（呃）大，,191905491.67795828,0.0
lsxp-TingTaYan-ZhuoFangCao-2.xml_2,我先前只望他宽宏量（呃）大，,191905491.67795828,0.0
lsxp-TingTaYan-ZhuoFangCao-2.xml_5,这才是花随水水不（哇）能恋（呐）花。,191967069.79729959,0.0
lsxp-ZhangGongDao-ZhuangYuanPu.xml_3,为儿（喏）女我也曾补路修桥。,198246334.32287318,0.0
lsxp-TingTaYan-ZhuoFangCao-1.xml_5,这才是花随水水不（哇）能恋（呐）花。,198318582.21903658,0.0
lsxp-WoZhuYe-ZhuiHanXin.xml_2,怀王也曾把旨降，,204229507.39363256,0.0
lsxp-WoZhuYe-ZhuiHanXin.xml_10,项羽不遵怀王约，,213441893.98013216,0.0
lsxp-JiangShenEr-SanJiaDian.xml_10,娘生儿连心肉，,215860472.83094054,0.0
lsxp-WoZhuYe-ZhuiHanXin.xml_6,也是我主洪福广，,216145531.09759042,0.0
