必有隐情在心潮,56,必有隐情在心潮。
daxp-ChunQiuTing-SuoLinNang.xml_32,小小囊儿何足道，,1682608.9080157233,0.0
daxp-ErTingDe-SuoLinNang.xml_25,莫把姓名你信口哓。,1855548.6784827714,0.0
daxp-MengTingDe-MuiGuiYingGuaShuai.xml_7,我一剑能挡百万兵。,1996033.5151051923,0.0
daxp-ChunQiuTing-SuoLinNang.xml_27,莫把姓名你信口晓，,2131996.2520436672,0.0
daxp-ErTingDe-SuoLinNang.xml_21,她为饥寒我为骄。,2136946.1526393509,0.0
daxp-ErTingDe-SuoLinNang.xml_17,满腹骄矜顿雪潇。,2197696.8863799623,0.0
daxp-ErTingDe-SuoLinNang.xml_7,不该人前乱解嘲。,2197696.8863799623,0.0
daxp-MuQinBu-FengHuanChao.xml_2,自古常言道得好，,2207514.2334179389,0.0
daxp-ErTingDe-SuoLinNang.xml_10,蠢才问话太潦草，,2250000.8183580707,0.0
sdxp-DangNianHan-SanJiZhang.xml_11,淮阴漂母救韩信，,2376378.8830631529,0.0
daeh-ZaoBuXing-HeHouMaDian.xml_11,两旁的文武臣珠泪如麻，,2379679.4460592284,0.0
daeh-WangChunE-SanNiangJiaoZi.xml_5,每日里在书房苦读圣贤。,2580472.8760838094,0.14285714285714285
daxp-FeiShiWo-TaoHuaCun.xml_12,响一声你就还一掌，,2619660.4595407145,0.0
sdxp-DangNianHan-SanJiZhang.xml_16,难道说文官他就不丧身？,2768913.1327446084,0.0
sdxp-SuLongWei-WuJiaPo.xml_37,欺奴犹如欺了天。,2948514.2928409353,0.0
daxp-ErTingDe-SuoLinNang.xml_30,小小囊儿何足道，,2955218.9579431484,0.0
sdxp-DangNianHan-SanJiZhang.xml_12,登台拜帅天下闻。,2958267.2454447886,0.0
daxp-ChunQiuTing-SuoLinNang.xml_19,满腹骄矜顿雪潇，,3088631.2129106438,0.0
daxp-FeiShiWo-TaoHuaCun.xml_6,鼓打二更准时往，,3137033.7145059607,0.0
sdxp-WoHeNi-SiLangTanMu.xml_28,有心赠你金鈚箭，,3164120.5115754199,0.2857142857142857
daeh-NuZiYou-TouJunBieYao.xml_2,但愿得去投军功名有望，,3178893.4008265198,0.14285714285714285
sdxp-SuLongWei-WuJiaPo.xml_33,家人小厮有万千。,3193567.3780910918,0.14285714285714285
daeh-ZiNaRi-ZhuangYuanMei-2.xml_5,不知道他与我是否一般。,3443104.7930361903,0.0
sdxp-DangNianHan-SanJiZhang.xml_21,不能、不能、是万不能！,3449019.0902699218,0.0
daxp-WoZhuYe-SiLangTanMu.xml_4,叫番儿忙摆驾银安殿，,3505892.0120753408,0.0
sdxp-WoHeNi-SiLangTanMu.xml_33,你也对苍天就表一番。,3531032.1938436944,0.0
daxp-ChunQiuTing-SuoLinNang.xml_29,自把珠玉夸富豪，,3531037.1626951913,0.0
daxp-SuSanLi-NvQiJie.xml_7,来生变犬马我当报还！,3552864.4699155004,0.0
daxp-DiTouLi-NvQiJie.xml_7,来生变犬马我当报还。,3553833.0497135031,0.0
daxp-MengTingDe-MuiGuiYingGuaShuai.xml_1,唤起我破天门状志凌云。,3562511.6192785013,0.0
daxp-FeiShiWo-TaoHuaCun.xml_1,只怪你呆头呆脑慌慌张张。,3601543.1334105683,0.0
daxp-MengTingDe-MuiGuiYingGuaShuai.xml_5,寸土怎能够属于他人。,3617188.0118431919,0.0
daeh-ZiNaRi-ZhuangYuanMei-1.xml_5,不知道他与我是否一般。,3676837.0358711621,0.0
sdxp-SuLongWei-WuJiaPo.xml_31,命人送到（那）西凉川。,3753359.0589079065,0.0
daxp-DangRiLi-SuoLinNang.xml_18,还有那夜明珠粒粒成串，,3801265.3798090052,0.14285714285714285
daxp-ChunQiuTing-SuoLinNang.xml_14,莫不是夫郎丑难谐女貌？,3825457.3087122743,0.0
daxp-ChunQiuTing-SuoLinNang.xml_23,他为饥寒我为娇。,3933355.8480130113,0.0
daxp-FeiShiWo-TaoHuaCun.xml_5,怎能够粗心大意你再荒唐。,3970713.9336983091,0.14285714285714285
daxp-MuQinBu-FengHuanChao.xml_3,女儿清白最为先。,4001059.0248176376,0.0
daeh-ZaoBuXing-HeHouMaDian.xml_5,贼好比曹阿瞒半点不差，,4005666.6155940532,0.0
daxp-ErTingDe-SuoLinNang.xml_27,自把珠玉夸富豪。,4039885.357171772,0.0
daxp-FeiShiWo-TaoHuaCun.xml_10,不但要仔细听、还要仔细想，,4082578.5370594524,0.0
daxp-MengTingDe-MuiGuiYingGuaShuai.xml_4,有生之日责当尽，,4091091.7189317867,0.14285714285714285
daxp-FeiShiWo-TaoHuaCun.xml_3,关系你患难鸳鸯永宿在池塘。,4095710.4299707445,0.14285714285714285
daeh-LiYanFei-DaBaoGuo.xml_5,候幼主成了龙原业归家。,4107194.9244241365,0.0
daxp-SuSanLi-NvQiJie.xml_1,将身来在大街前。,4118103.4448486315,0.14285714285714285
daeh-WangChunE-SanNiangJiaoZi.xml_7,等候了薛倚儿转回家园。,4185422.2023352967,0.0
daeh-ZiNaRi-ErJinGong.xml_11,想必是徐杨进了昭阳。,4208525.867051255,0.14285714285714285
daxp-ErTingDe-SuoLinNang.xml_2,莫不是夫郎丑难谐女貌，,4227399.9129675487,0.0
daxp-FeiShiWo-TaoHuaCun.xml_11,是不是有人拍巴掌。,4230925.2950487798,0.14285714285714285
daxp-SuSanLi-NvQiJie.xml_3,过往的君子听我言。,4237132.8287961716,0.0
daeh-ZiNaRi-ZhuangYuanMei-1.xml_2,在潼台被贼擒在命好险，,4243046.960368461,0.14285714285714285
daxp-ErTingDe-SuoLinNang.xml_29,积德才生玉树苗。,4281029.4909515511,0.0
daxp-TingTaYan-ZuoGong.xml_6,早晚间休怪我言语怠慢，,4284083.4834039984,0.0
daxp-FeiShiWo-TaoHuaCun.xml_9,你必须眼观六路耳听八方。,4322591.10314551,0.14285714285714285
daxp-ChunQiuTing-SuoLinNang.xml_17,问那厢因何故痛哭无聊。,4336124.8712419989,0.0
daxp-ChunQiuTing-SuoLinNang.xml_11,必有隐情在心潮。,4338518.7384058721,1.0
daeh-ZiNaRi-ZhuangYuanMei-2.xml_2,在潼台被贼擒性命好险，,4342938.3354037367,0.14285714285714285
daeh-ZiNaRi-ErJinGong.xml_3,太师爷一心心想篡龙楼。,4353373.7122870432,0.14285714285714285
daxp-ChunQiuTing-SuoLinNang.xml_5,为何鲛珠化泪抛？,4363340.2663111547,0.0
daxp-MuQinBu-FengHuanChao.xml_5,活在世上也枉然。,4397415.2872684766,0.14285714285714285
daxp-ChunQiuTing-SuoLinNang.xml_31,积德才生玉树苗，,4405595.2810598575,0.0
daeh-SunShangXiang-BieHuangGong.xml_3,留下了孙仲谋执掌江南。,4410082.2119267676,0.0
daeh-LiYanFei-ErJinGong.xml_3,想必是徐杨将进了昭阳。,4429644.0505636809,0.14285714285714285
daxp-DiTouLi-NvQiJie.xml_5,与我那三郎把信传。,4451977.3765449841,0.0
sdxp-DangNianHan-SanJiZhang.xml_10,都是安邦定国臣，,4462291.7102703126,0.0
daeh-ZaoBuXing-HeHouMaDian.xml_10,只骂得贼昏王无言对答。,4483770.4557545511,0.0
daxp-ChunQiuTing-SuoLinNang.xml_13,同遇人为什么这样嚎啕？,4500217.7333563725,0.0
daxp-FeiShiWo-TaoHuaCun.xml_17,听我的号令上战场。,4551139.784288845,0.0
daxp-DiTouLi-NvQiJie.xml_3,过往的君子听我言。,4551747.2389459051,0.0
daxp-ChunQiuTing-SuoLinNang.xml_10,轿内的人儿弹别调，,4564283.7697641365,0.0
daxp-SuSanLi-NvQiJie.xml_5,与我那三郎把信传。,4568468.2128748866,0.0
daeh-LiYanFei-DaBaoGuo.xml_9,压定了文武臣均要画押。,4570561.5459230468,0.0
daeh-WuDuanQiao-BiYuZan.xml_0,无端巧计将人陷，,4590406.9582376266,0.0
daxp-DiTouLi-NvQiJie.xml_1,将身来在大街前。,4619513.4104091469,0.14285714285714285
daxp-ErTingDe-SuoLinNang.xml_1,同遇人为什么这样嚎啕。,4621178.1565823834,0.0
sdxp-DangNianHan-SanJiZhang.xml_14,在六国封相人上人。,4638778.9408976762,0.14285714285714285
dldeh-ShouBiPo-ChunQiuPei.xml_3,奴好比花未开风吹雨打，,4646618.7092040377,0.0
daeh-ZaoBuXing-HeHouMaDian.xml_3,反倒说为嫂我拦阻有差，,4650759.2797987284,0.14285714285714285
daxp-FeiShiWo-TaoHuaCun.xml_13,响两声你就凑近身旁。,4668909.8649024041,0.0
daeh-SunShangXiang-BieHuangGong.xml_5,又谁知弄假成真反配凤鸾。,4697915.0934179788,0.0
daxp-DangRiLi-SuoLinNang.xml_20,这囊儿虽非是千古罕见，,4745195.2170903068,0.0
daxp-ChunQiuTing-SuoLinNang.xml_7,世上何尝尽富豪，,4747493.2684163013,0.0
daeh-ZaoBuXing-HeHouMaDian.xml_7,贼好比那司马师搅乱中华。,4757461.2136861356,0.0
daxp-ErTingDe-SuoLinNang.xml_13,不该词费又滔滔。,4768765.2848854689,0.0
daxp-XiRiLi-LongFengChengXiang.xml_2,暗地堪笑奴兄长，,4782254.558239378,0.0
daxp-MuQinBu-FengHuanChao.xml_0,母亲不必心太偏，,4805752.4034595536,0.2857142857142857
daxp-QiaoLouShang-HuangShanLei.xml_11,又思来又想去越不安宁。,4827781.3076785058,0.0
daxp-MuQinBu-FengHuanChao.xml_1,女儿言来听根源。,4843789.1643504053,0.0
daxp-WoHeNi-SangYuanHui.xml_1,谁认你狼心狗肺的人！,4848016.1948938631,0.14285714285714285
daeh-NaRiFeng-YuanXiaoMi.xml_6,我今绝少人生趣，,4851514.2681867089,0.0
daeh-ZaoBuXing-HeHouMaDian.xml_9,只骂得贼昏王扭转身驱、闭目合晴、羞羞惭惭一语不发，,4852025.367486665,0.0
daxp-MengJunZi-ChunQiuPei-1.xml_0,蒙君子至殷勤再三问话，,4872416.3772946512,0.0
daxp-FeiShiWo-TaoHuaCun.xml_8,你不要高声不要嚷，,4873800.4852461126,0.0
daeh-ZuoChunGui-XiShi.xml_2,奴这里心中痛玉颜清减，,4908010.5186019046,0.14285714285714285
daxp-ChunQiuTing-SuoLinNang.xml_33,救她饥渴胜琼瑶。,4912642.0462313248,0.0
daeh-CanQiQi-WuLongZuo.xml_0,惨凄凄唤苍天天不应响，,4929578.5584237613,0.0
daeh-TanHongYan-HuoXiaoYu.xml_4,枕边泪（呀）共（那）阶前雨，,4941560.2080463488,0.0
daeh-LiYanFei-DaBaoGuo.xml_3,各国的众王侯朝贺中华。,4941906.0900079627,0.0
daxp-DangRiLi-SuoLinNang.xml_5,隔帘儿我也曾侧目偷观。,4958097.2985347426,0.0
daxp-XiRiLiang-LongFengChengXiang.xml_2,暗地堪笑我兄长，,4969153.1096611712,0.0
daxp-LaoDieDie-DaYuShaJia-1.xml_3,等候了爹爹回细问根由。,4971726.4741978189,0.0
daeh-NuZiYou-TouJunBieYao.xml_3,也不枉我二人苦度时光。,4998584.1159864319,0.0
daxp-DangRiLi-SuoLinNang.xml_10,于归日理应当喜形于面，,4999979.8674352188,0.0
daeh-WuDuanQiao-BiYuZan.xml_2,独处闺房愁无限，,5008801.4772981396,0.0
daxp-ChunQiuTing-SuoLinNang.xml_9,也有失意痛哭嚎啕，,5013777.3722396502,0.14285714285714285
daxp-DiTouLi-NvQiJie.xml_4,哪一位去往南京转，,5035907.2186987102,0.0
daxp-FeiShiWo-TaoHuaCun.xml_15,那就是来了我西厢带路的小红娘。,5091500.1602092637,0.0
daxp-ErTingDe-SuoLinNang.xml_4,叫梅香你把那好言相告，,5149903.0306269564,0.0
daxp-TingTaYan-ZuoGong.xml_2,原来是杨家将把名姓改换，,5156941.7579797637,0.0
daeh-SunShangXiang-BieHuangGong.xml_2,遭不幸父王爷把驾来晏，,5203868.6762989014,0.0
daxp-ChunQiuTing-SuoLinNang.xml_24,分我一枝珊瑚宝，,5209190.395872673,0.0
daxp-ChunQiuTing-SuoLinNang.xml_22,我在不足他正少，,5209190.395872673,0.14285714285714285
daeh-WangChunE-SanNiangJiaoZi.xml_3,老薛保好一似浪里舟船。,5209679.0421474129,0.0
daxp-ErTingDe-SuoLinNang.xml_12,你不该人前逞骄傲，,5217577.2971894005,0.0
daxp-ErTingDe-SuoLinNang.xml_20,我正不足她正少，,5219939.3676798334,0.0
daxp-QiaoLouShang-HuangShanLei.xml_15,你爹爹到如今未转家门。,5220948.5235395711,0.0
daeh-ZaoBuXing-HeHouMaDian.xml_8,只骂得贼昏王装聋作哑，,5258748.7211483847,0.0
daxp-DuiLingHua-BiYuZan.xml_0,对菱花暗地里芳心自转，,5266128.2296509957,0.14285714285714285
daeh-ZiNaRi-ZhuangYuanMei-1.xml_11,但愿得杨六郎心如石坚，,5292507.7348370105,0.14285714285714285
daeh-WuDuanQiao-BiYuZan.xml_7,又怕丑名误流传。,5297467.0789304767,0.0
daxp-ErDeFu-HongNiGuan.xml_5,不想到狠心郎一味猖狂。,5298278.2639858322,0.14285714285714285
daxp-ChunQiuTing-SuoLinNang.xml_16,叫梅香你把那好言相告，,5299022.488751634,0.0
daxp-DuiLingHua-BiYuZan.xml_2,果然是成佳偶两心欢恋，,5305170.0598925538,0.14285714285714285
daxp-DangRiLi-SuoLinNang.xml_1,霎时间日色淡似坠西山。,5308355.4461224638,0.0
daxp-SuSanLi-NvQiJie.xml_6,言说苏三把命断，,5380919.651019589,0.0
daeh-ZaoBuXing-HeHouMaDian.xml_13,你叔王不让位再去骂他。,5387447.1410520701,0.0
daxp-QiaoLouShang-HuangShanLei.xml_14,我不免唤琏儿到街前探问，,5402733.1855355054,0.0
daeh-ZiNaRi-ErJinGong.xml_7,看一看不觉到八月中秋。,5420538.497570199,0.0
daxp-ChunQiuTing-SuoLinNang.xml_25,安他半世凤凰巢。,5425330.6646376131,0.0
daxp-ErTingDe-SuoLinNang.xml_23,安她半世凤凰剿。,5425330.6646376131,0.0
sdxp-SuLongWei-WuJiaPo.xml_43,落得个孝子的名儿在那天下传。,5434772.6989279203,0.14285714285714285
daxp-DangRiLi-SuoLinNang.xml_21,换衣食也够她生活几年。,5452973.6872612173,0.0
daeh-ZiNaRi-ErJinGong.xml_9,想起了老王爷好不惨伤。,5454111.2290545348,0.0
daxp-ErDeFu-HongNiGuan.xml_7,又恐怕众将官说短论长。,5454130.8468702054,0.0
daeh-ZiNaRi-ErJinGong.xml_13,我只得怀抱太子两泪汪汪口口声声哭的是先王！,5463754.2516950872,0.0
daxp-LaoDieDie-DaYuShaJia-1.xml_2,将身儿坐至在草堂等候，,5479346.716176765,0.14285714285714285
daxp-QiaoLouShang-HuangShanLei.xml_0,谯楼上二更鼓声声送听，,5499531.1347432677,0.0
daeh-LiYanFei-ErJinGong.xml_0,李艳妃坐昭阳自思自想，,5507593.2040581387,0.0
daxp-TingTaYan-ZuoGong.xml_7,不知者不怪罪你的海量放宽。,5522859.5924485624,0.0
daxp-DuiLingHua-BiYuZan.xml_3,也算得人世间美满姻缘。,5559511.5696978346,0.0
daxp-TingTaYan-ZuoGong.xml_3,他思家乡想骨肉就不能团圆。,5573500.725106366,0.0
daeh-NaRiFeng-YuanXiaoMi.xml_2,舅父前来出主意，,5588081.5438732877,0.0
daxp-LaoDieDie-SanJiZhang-1.xml_0,老爹爹请息（呀）怒容儿细讲，,5595311.3163277963,0.0
daxp-LaoDieDie-DaYuShaJia-2.xml_2,将身儿坐至在草堂等候，,5614595.3025878882,0.14285714285714285
daxp-NiDeFu-FenHeWan.xml_0,你的父去投军无音信，,5624950.4117088625,0.0
daxp-LaoDieDie-YuZhouFeng.xml_0,老爹爹发恩德将本修上，,5630466.9084524522,0.0
daxp-DangRiLi-SuoLinNang.xml_0,当日里好风光忽觉转变，,5659398.9797201557,0.0
daxp-MengJunZi-ChunQiuPei-1.xml_5,莫奈何到荒郊我就来捡芦花。,5663205.7220842568,0.0
daxp-ChenSanLiang-ChenSanLiangPaTang.xml_2,我本是被骗进的富春院，,5674209.4743160503,0.0
daxp-ErTingDe-SuoLinNang.xml_31,救她饥渴胜琼瑶。,5680380.1491913749,0.0
daxp-LaoDieDie-YuZhouFeng.xml_4,老爹爹在朝中官高爵显，,5713910.9661288159,0.14285714285714285
daxp-XiRiLi-LongFengChengXiang.xml_5,纵有大事料无妨。,5720664.9599721869,0.14285714285714285
daxp-ErTingDe-SuoLinNang.xml_19,谁能移动它半分毫。,5757520.1681378782,0.0
daxp-DangRiLi-SuoLinNang.xml_19,还有那赤金链，紫瑛簪，白玉环，双凤錾，八宝钗钏一个个宝孕光含。,5766186.7783587454,0.14285714285714285
daeh-WangChunE-SanNiangJiaoZi.xml_4,薛倚儿他好比无弓之箭，,5771616.5383399436,0.0
sdeh-WenSanNiang-SanNiangJiaoZi.xml_6,又谁知平白的闪跌一跤。,5776543.9414016027,0.0
daxp-ErTingDe-SuoLinNang.xml_9,哪有个袖手旁观在壁上瞧。,5800893.7474206733,0.2857142857142857
daeh-ZiNaRi-ZhuangYuanMei-1.xml_4,这桩事闷得我柔肠百转，,5803676.7703383453,0.0
daxp-WoDeNiang-XinAnYi.xml_3,却原来母亲到儿未知情。,5805672.6919360543,0.14285714285714285
daeh-ZuoChunGui-XiShi.xml_1,无限的闲愁恨尽上眉尖。,5827683.8823379893,0.0
daxp-WoZhuYe-SiLangTanMu.xml_0,我主爷金沙滩早把命丧，,5832445.8333218852,0.0
daxp-ErDeFu-HongNiGuan.xml_0,儿的父为国家阵前命丧，,5843245.5791591518,0.0
daeh-LiYanFei-ErJinGong.xml_1,想起了朝中事好不惨伤！,5856807.8839658611,0.0
daeh-ZuoChunGui-XiShi.xml_3,夜不眠朝慵起又向谁言。,5875878.9536123434,0.0
daeh-SunShangXiang-BieHuangGong.xml_7,阿斗儿行中途被子龙追还。,5876981.7019193154,0.0
daxp-ChunQiuTing-SuoLinNang.xml_8,亦有饥寒悲怀抱，,5893435.6614967417,0.14285714285714285
daxp-FeiShiWo-TaoHuaCun.xml_16,你把我当做诸葛亮，,5905852.4452238372,0.0
daeh-ZiNaRi-ZhuangYuanMei-2.xml_9,宋天子主婚姻此事成全。,5923563.3279697541,0.0
daeh-XiaoNuCai-SanNiangJiaoZi.xml_3,等候了你妻子同见阎罗。,5924430.0963949021,0.0
sdxp-WoHeNi-SiLangTanMu.xml_27,你要见高堂母我不阻拦。,5924737.362285289,0.0
daxp-LaoDieDie-DaYuShaJia-1.xml_0,老爹爹清晨起前去出前，,5967741.0670119626,0.0
sdxp-SuLongWei-WuJiaPo.xml_29,府内金银堆如山。,5973082.4588475134,0.0
daeh-ZiNaRi-ZhuangYuanMei-1.xml_9,宋天子主婚姻此事成全。,5979838.0781712011,0.0
daxp-QiaoLouShang-HuangShanLei.xml_2,对孤灯思远道心神不定，,5982414.0320124142,0.14285714285714285
daxp-ChunQiuTing-SuoLinNang.xml_21,谁能移动他半分毫。,5989138.5359834498,0.0
daeh-NuZiYou-TouJunBieYao.xml_0,奴自幼在闺阁娇生惯养，,6011729.4158150749,0.14285714285714285
daxp-DangRiLi-SuoLinNang.xml_8,轿中人必定有一腔幽怨，,6015494.3720295122,0.2857142857142857
daxp-NiDeFu-FenHeWan.xml_2,把弓带和鱼镖与儿带定，,6020124.5747364247,0.0
daeh-WuDuanQiao-BiYuZan.xml_6,一心早想寻短见，,6038931.3856494781,0.14285714285714285
daxp-XiShiNv-XiShi.xml_1,难得有开怀事常锁双眉。,6111063.8668912966,0.14285714285714285
daxp-XiRiLi-LongFengChengXiang.xml_3,安排虎计害刘王。,6127521.9597737873,0.0
daeh-ZuoChunGui-XiShi.xml_0,坐春闺只觉得光明似箭，,6129495.3330131937,0.0
daxp-LaoDieDie-YuZhouFeng.xml_2,倘若是有道君皇恩浩荡，,6134108.4360207422,0.14285714285714285
daeh-LiYanFei-DaBaoGuo.xml_1,文站东武列西朝贺哀家。,6153868.6192368083,0.0
daxp-SuSanLi-NvQiJie.xml_4,哪一位去往南京转，,6160037.839095585,0.0
daxp-DangRiLi-SuoLinNang.xml_11,为什么悲切切哭得可怜。,6169595.1627664436,0.0
daeh-ZiNaRi-ErJinGong.xml_10,耳边厢又听得朝靴响亮，,6172553.3785348842,0.0
daxp-QiaoLouShang-HuangShanLei.xml_13,果然是晓鸡唱天已黎明。,6180926.9949750751,0.0
daxp-SuSanLi-NvQiJie.xml_2,未曾开言心内惨，,6181733.5103475749,0.14285714285714285
daeh-XiaoNuCai-SanNiangJiaoZi.xml_5,叹一声不由人珠泪如梭。,6201815.2397268796,0.0
daeh-ZiNaRi-ZhuangYuanMei-1.xml_7,帝王家深宫院似水流年。,6204791.8399120001,0.0
daeh-NaRiFeng-YuanXiaoMi.xml_5,那厢流泪这厢啼。,6208091.8461235669,0.0
daxp-FeiShiWo-TaoHuaCun.xml_4,已然错请生波浪，,6215252.0196924508,0.0
daxp-QiaoLouShang-HuangShanLei.xml_5,猛听得窗儿外似有人行。,6220845.8446284216,0.14285714285714285
daeh-ZuoRiGong-TaiZhenWaiChuan.xml_0,昨日宫中何等宠幸，,6222746.4932775898,0.0
sdxp-WoHeNi-SiLangTanMu.xml_23,咱与你隔南北千里姻缘。,6234436.9944056906,0.0
daeh-ZiNaRi-ZhuangYuanMei-2.xml_11,但愿得杨六郎心如石坚。,6258061.5596973924,0.14285714285714285
sdeh-WenSanNiang-SanNiangJiaoZi.xml_5,实指望教训他终身有靠，,6269059.0189218353,0.14285714285714285
daeh-XiaoNuCai-SanNiangJiaoZi.xml_0,小奴才他一言问住我，,6275000.8369901134,0.0
daxp-LaoDieDie-SanJiZhang-1.xml_2,父休笑薛平贵是花郎模样，,6277283.8015163448,0.0
daeh-SunShangXiang-BieHuangGong.xml_6,回荆州未三载诓我回转，,6300361.7773821913,0.0
daxp-LaoDieDie-DaYuShaJia-2.xml_0,老爹爹清晨起前去出首，,6329925.1584216794,0.0
daeh-LiYanFei-ErJinGong.xml_5,我只得怀抱太子两泪汪汪口口声声哭的是先王。,6347810.6861315081,0.0
daeh-LiYanFei-DaBaoGuo.xml_2,太师爷奏一本进贡年下，,6357516.6821245467,0.0
daxp-ChunQiuTing-SuoLinNang.xml_3,想必是新婚渡鹊桥，,6363863.3487956412,0.14285714285714285
daeh-SunShangXiang-BieHuangGong.xml_4,与周郎定巧计把皇叔来骗，,6368320.4360387996,0.0
sdxp-SuLongWei-WuJiaPo.xml_27,三人对面（就）说分明。,6391283.7664677603,0.0
daeh-ZaoBuXing-HeHouMaDian.xml_1,贼昏王篡了位谋乱邦家。,6393819.0204265537,0.0
daeh-ZiNaRi-ErJinGong.xml_8,李艳妃坐昭阳自思自想，,6394871.5606097281,0.0
daeh-LiYanFei-DaBaoGuo.xml_8,赐你的上方剑朝房问话，,6400891.0808230042,0.0
daeh-ZaoBuXing-HeHouMaDian.xml_0,遭不幸老王爷晏了御驾，,6402532.558324514,0.0
daxp-WoZhuYe-SiLangTanMu.xml_2,众卿随忙挂点亲率官员，,6405146.197212779,0.0
daxp-DiTouLi-NvQiJie.xml_6,就说苏三把命断，,6410033.6124290796,0.0
daxp-QiaoLouShang-HuangShanLei.xml_9,看娇儿正酣睡恐被风侵。,6433860.9509296706,0.0
daxp-LaoDieDie-DaYuShaJia-2.xml_3,等候了爹爹回细问根由。,6478245.45168145,0.0
daxp-TingTaYan-ZuoGong.xml_1,十五载到今日才吐真言。,6505405.1725476757,0.0
daeh-XiaoNuCai-SanNiangJiaoZi.xml_2,哭一声亡故夫在阴曹等我，,6518221.9062901065,0.14285714285714285
daxp-NiDeFu-FenHeWan.xml_3,不等到日落及早回程。,6527769.8082088847,0.0
daxp-DangRiLi-SuoLinNang.xml_15,囊虽小却能做续命泉源。,6536965.0169999804,0.0
daxp-MengJunZi-ChunQiuPei-2.xml_2,家住在罗郡城魁星楼下，,6549779.8093703492,0.14285714285714285
daxp-XiShiNv-XiShi.xml_4,怕只怕损玉颜姣容自惜，,6564189.0124872634,0.0
daxp-DangRiLi-SuoLinNang.xml_17,红珊瑚碧翡翠样样倶全。,6577655.2139944313,0.0
daxp-DiTouLi-NvQiJie.xml_2,未曾开言我心好惨，,6623386.5994953988,0.14285714285714285
daxp-DuiLingHua-BiYuZan.xml_1,听她言不由人喜上眉尖。,6636170.7197643807,0.0
daxp-TingTaYan-ZuoGong.xml_4,我这里走向前再把礼见，,6649765.1805205997,0.0
daxp-ChenSanLiang-ChenSanLiangPaTang.xml_5,最可恨鸨儿叫我接客人。,6659675.2729856865,0.0
daeh-TanHongYan-HuoXiaoYu.xml_5,隔着窗儿点滴不休。,6698142.8532096725,0.0
daeh-ZuoRiGong-TaiZhenWaiChuan.xml_2,思想起从前事心中悔恨，,6703534.2941218279,0.14285714285714285
daxp-LaoDieDie-YuZhouFeng.xml_5,却为何贪富贵不顾羞惭。,6725109.9109635595,0.0
dldeh-ShouBiPo-ChunQiuPei.xml_7,全（呐）不顾你身有病气力不佳。,6731671.3840385368,0.14285714285714285
daxp-MengTingDe-MuiGuiYingGuaShuai.xml_2,想当年桃花马上威风凛凛，,6731950.9019105928,0.0
daxp-DangRiLi-SuoLinNang.xml_2,在轿中只觉得天昏地暗。,6775106.6345772576,0.14285714285714285
daeh-ZuoRiGong-TaiZhenWaiChuan.xml_3,但不知何日里再沐圣明。,6814203.8187369797,0.0
daeh-ZaoBuXing-HeHouMaDian.xml_12,搬一把金交椅娘且坐下，,6819030.7157777231,0.0
daeh-ZiNaRi-ZhuangYuanMei-2.xml_4,这桩事闷得我柔肠百转，,6828313.8939489322,0.0
daxp-LaoDieDie-SanJiZhang-2.xml_0,老爹爹请息怒容儿细讲，,6831903.4538945472,0.0
sdxp-WoHeNi-SiLangTanMu.xml_32,适才叫咱盟誓愿，,6845977.6728021568,0.0
daxp-LaoDieDie-DaYuShaJia-1.xml_1,到叫我桂英儿挂在心头；,6848353.1006709356,0.2857142857142857
sdxp-WoHeNi-SiLangTanMu.xml_24,因何故终日里愁眉不展，,6903925.783989273,0.0
daeh-NuZiYou-TouJunBieYao.xml_1,为薛郎我父女断绝情长。,6911987.4007976372,0.14285714285714285
daeh-ZiNaRi-ErJinGong.xml_1,独坐在寒宫院闷闷悠悠。,6920638.5582381468,0.14285714285714285
daxp-XiRiLiang-LongFengChengXiang.xml_0,昔日梁鸿配孟光，,6937060.1557194963,0.0
daeh-WuDuanQiao-BiYuZan.xml_1,薄命自伤怨红颜。,6940420.7576367147,0.0
daxp-MengJunZi-ChunQiuPei-1.xml_4,在家中受不过继母拷打，,6961018.8642122243,0.14285714285714285
daxp-FeiShiWo-TaoHuaCun.xml_14,倘若是你响她也响，,6962769.4994597472,0.0
sdxp-SuLongWei-WuJiaPo.xml_38,西凉的鞑子将你斩，,6980563.5415799189,0.0
dldeh-ShouBiPo-ChunQiuPei.xml_1,受逼迫去捡柴泪如雨下，,6992171.8752656095,0.0
daeh-WuDuanQiao-BiYuZan.xml_3,落得孤身病恹恹。,6992483.4395637773,0.0
daxp-ErTingDe-SuoLinNang.xml_11,难免怀疑在心梢。,6992510.9504886176,0.2857142857142857
daxp-LaoDieDie-SanJiZhang-2.xml_3,这样人得了志比父还强。,6993834.3777762409,0.0
daeh-SunShangXiang-BieHuangGong.xml_0,孙尚香坐宫院自思自叹，,6998548.4788701339,0.0
daeh-NaRiFeng-YuanXiaoMi.xml_0,那日风波平地起，,7014838.4060920402,0.0
daxp-FeiShiWo-TaoHuaCun.xml_2,今夜晚非比那西厢待月、你懂提防、莫轻狂，,7068269.4948127372,0.0
daeh-ZaoBuXing-HeHouMaDian.xml_2,把一个皇太子逼死殿下，,7087890.6180189345,0.0
daxp-MengTingDe-MuiGuiYingGuaShuai.xml_3,敌血飞溅石榴裙。,7089849.5949910851,0.0
daeh-LiYanFei-ErJinGong.xml_2,耳边厢又听得朝靴响亮，,7095593.2523465483,0.0
daeh-LiYanFei-DaBaoGuo.xml_0,李艳妃设早朝龙书案下，,7097256.2618385972,0.0
daxp-DangRiLi-SuoLinNang.xml_14,急切里想起了锁麟囊一（呀）件，,7101096.8758738646,0.0
sdxp-SuLongWei-WuJiaPo.xml_35,打板子、上夹棍、丢南牢、坐监禁、管叫你思前容易退后难。,7107407.0259562489,0.0
daeh-ZiNaRi-ZhuangYuanMei-1.xml_1,行不安坐不宁情态缠绵。,7130613.2148847971,0.14285714285714285
daxp-DangRiLi-SuoLinNang.xml_9,她泪自弹、声续断、似杜鹃、啼别院、巴峡哀猿动人心弦，好不惨然。,7133432.6937766615,0.14285714285714285
daeh-TanHongYan-HuoXiaoYu.xml_2,薄幸冤家音信无有，,7156217.2476057429,0.14285714285714285
daeh-SunShangXiang-BieHuangGong.xml_1,想起了已往事心内痛酸。,7163011.6063721571,0.14285714285714285
daeh-ZiNaRi-ZhuangYuanMei-1.xml_13,但愿得八主贤王从中周旋，早成姻眷，扫狼烟，叫那胡儿不敢进犯保叔王锦绣江山。,7165662.5632656924,0.0
daeh-CanQiQi-WuLongZuo.xml_2,千金休哪曾受磨房景况，,7192297.661818279,0.0
daeh-WangChunE-SanNiangJiaoZi.xml_1,想起了我老爷好不惨然。,7193517.7205475438,0.0
daeh-WangChunE-SanNiangJiaoZi.xml_2,春娥女好一此失群孤雁，,7205759.0851625903,0.0
daeh-ZiNaRi-ErJinGong.xml_0,自那日与徐杨决裂以后，,7209125.5137193138,0.0
daxp-NiDeFu-FenHeWan.xml_1,全仗你打雁养娘亲，,7233178.7082776837,0.0
sdxp-WoHeNi-SiLangTanMu.xml_29,怕你一去就不回还。,7277858.9217900513,0.0
daxp-ErDeFu-HongNiGuan.xml_4,清早起我和他一度商量，,7279283.6362735033,0.0
daxp-LaoDieDie-SanJiZhang-1.xml_3,贫穷人得了志比富还强。,7286930.7817598041,0.0
daxp-QiaoLouShang-HuangShanLei.xml_12,数更等交五鼓空房愈冷，,7293569.5660196096,0.0
daeh-LiYanFei-DaBaoGuo.xml_4,将江山让太师权且代贺，,7301331.1331914002,0.0
daeh-ZiNaRi-ErJinGong.xml_6,徐小姐把守在宫门口，,7317486.0511998488,0.14285714285714285
daxp-ErTingDe-SuoLinNang.xml_5,问那厢因何故痛哭无聊？,7408879.2088425029,0.0
daxp-ErTingDe-SuoLinNang.xml_6,梅香说话好颠倒，,7416969.0212734556,0.0
daeh-LiYanFei-ErJinGong.xml_4,有几句话儿我不好言讲，,7418423.5385867208,0.14285714285714285
daeh-NaRiFeng-YuanXiaoMi.xml_3,我与母亲两分离。,7434783.6681529498,0.0
daeh-ZiNaRi-ErJinGong.xml_12,有一句话儿不好言讲，,7441317.9331423184,0.14285714285714285
daeh-TanHongYan-HuoXiaoYu.xml_0,叹红颜薄命前生就，,7473523.2531888047,0.0
daeh-NaRiFeng-YuanXiaoMi.xml_1,死里逃生甚惨凄。,7490558.7228872413,0.0
daeh-XiaoNuCai-SanNiangJiaoZi.xml_4,怒气不息在机房闷坐，,7534336.6449353993,0.14285714285714285
daxp-FeiShiWo-TaoHuaCun.xml_7,桃花村口莫彷徨。,7558725.8138342099,0.0
daeh-NaRiFeng-YuanXiaoMi.xml_7,不如早死命归西。,7574710.5064815814,0.0
daeh-ZiNaRi-ZhuangYuanMei-1.xml_3,乱军中多亏他救我回还。,7591160.2215603981,0.0
daeh-ZiNaRi-ZhuangYuanMei-1.xml_15,愿天下从此后国泰民安。,7606692.6831317469,0.0
daxp-DangRiLi-SuoLinNang.xml_3,耳听得风声断，雨声喧，雷声乱，乐声阑珊，人声呐喊，都道说是大雨倾天。,7676616.9473357052,0.0
daeh-SunShangXiang-BieHuangGong.xml_8,恨只恨我兄长把事错办，,7721951.2345002843,0.0
daxp-DangRiLi-SuoLinNang.xml_13,怎奈我在轿中赤手空拳。,7730950.2408668576,0.14285714285714285
daeh-WangChunE-SanNiangJiaoZi.xml_0,王春娥坐草堂自思自叹，,7746022.3877867199,0.0
daeh-ZaoBuXing-HeHouMaDian.xml_4,贼好比王莽贼称孤道寡，,7759264.4055649946,0.0
dldeh-ShouBiPo-ChunQiuPei.xml_2,病恹恹身无力难以挣扎。,7765197.5929011656,0.0
daxp-ChenSanLiang-ChenSanLiangPaTang.xml_0,陈三两在大堂把话云，,7807701.8599785846,0.14285714285714285
daxp-XiShiNv-XiShi.xml_5,对清溪时照影自整罗农。,7833241.7750584902,0.0
daxp-ChunQiuTing-SuoLinNang.xml_28,这都是神话凭空造，,7835356.3659751993,0.0
daeh-CanQiQi-WuLongZuo.xml_3,担几肩头晕转体若筛糠。,7863388.4665767811,0.0
daeh-WangChunE-SanNiangJiaoZi.xml_6,将身儿来至在机房织绢，,7924538.6482704086,0.14285714285714285
daxp-QiaoLouShang-HuangShanLei.xml_8,听画鼓报四更愈添凄冷，,7950505.0147581873,0.0
daxp-MengJunZi-ChunQiuPei-2.xml_0,蒙君子至诚心再三问话，,7971762.4405547613,0.14285714285714285
daeh-XiaoNuCai-SanNiangJiaoZi.xml_1,闭口无言王春娥。,7979505.7446810091,0.0
sdxp-SuLongWei-WuJiaPo.xml_42,买绫罗、做衣衫、买白纸、糊白幡、打首饰、做妆奁，,8026303.9191974765,0.0
sdxp-DangNianHan-SanJiZhang.xml_18,大孝之人也受贫。,8029089.6939661987,0.0
daxp-ErTingDe-SuoLinNang.xml_28,麟儿哪有神送到，,8030905.7917335415,0.14285714285714285
daxp-DangRiLi-SuoLinNang.xml_12,那时节奴妆奁不下百万，,8041165.7851170702,0.0
daeh-CanQiQi-WuLongZuo.xml_1,叹红颜多薄命父母双亡。,8053841.6098521305,0.0
sdxp-SuLongWei-WuJiaPo.xml_39,妻儿老小与奴一般。,8166671.4115307806,0.0
daxp-ErDeFu-HongNiGuan.xml_2,奴这里只把那结婚思量，,8198616.575965913,0.0
daxp-XiShiNv-XiShi.xml_2,只为着守清寒柴门近水，,8231214.7312566973,0.0
daxp-XiShiNv-XiShi.xml_0,西施女生长在苎萝村里，,8243079.0809670696,0.14285714285714285
sdeh-WenSanNiang-SanNiangJiaoZi.xml_3,老薛保你不必苦哀告，,8245671.4559317753,0.14285714285714285
daeh-ZiNaRi-ZhuangYuanMei-2.xml_3,乱军中多亏他救我回还。,8250620.6221295325,0.0
daxp-MengTingDe-MuiGuiYingGuaShuai.xml_0,猛听得金鼓响画角声震，,8252304.1290159449,0.0
daeh-ZiNaRi-ZhuangYuanMei-2.xml_0,自那日与六郎阵前相见，,8253777.4017326916,0.0
daxp-ErTingDe-SuoLinNang.xml_14,休要噪且站了，,8262372.5770578766,0.0
daxp-QiaoLouShang-HuangShanLei.xml_4,到三更真个是月明人静，,8276896.9013214307,0.0
daxp-MengJunZi-ChunQiuPei-1.xml_1,虽然是男女别不得不答。,8298645.4220773373,0.0
daeh-LiYanFei-DaBaoGuo.xml_6,写文约我且把玉玺打下，,8300970.0030144891,0.0
daeh-NaRiFeng-YuanXiaoMi.xml_4,母女隔断三千里，,8336296.11469106,0.0
daeh-ZiNaRi-ErJinGong.xml_4,他那里父女情全然无有，,8345993.81243918,0.2857142857142857
daxp-XiRiLi-LongFengChengXiang.xml_0,昔日里梁鸿配孟光，,8355590.0695783924,0.0
daxp-ErTingDe-SuoLinNang.xml_26,这都是神话凭空造，,8412658.5634763371,0.0
daeh-ZiNaRi-ZhuangYuanMei-2.xml_7,帝王家深宫怨似水流年。,8418071.362364741,0.0
daxp-LaoDieDie-YuZhouFeng.xml_1,明早朝上金殿面奏吾皇。,8436650.6250370964,0.0
daxp-MengJunZi-ChunQiuPei-1.xml_2,家住在罗郡城魁星楼下，,8459016.0463636294,0.14285714285714285
sdxp-SuLongWei-WuJiaPo.xml_34,将你带到官衙内，,8470825.4761540592,0.0
daxp-ChenSanLiang-ChenSanLiangPaTang.xml_4,诗书易礼都学会，,8490827.6731847096,0.0
daxp-WoZhuYe-SiLangTanMu.xml_5,阅兵书看何人前来何安。,8544876.0549366325,0.0
sdeh-WenSanNiang-SanNiangJiaoZi.xml_4,背转身来哭嚎啕。,8598513.7589812297,0.0
daxp-LaoDieDie-DaYuShaJia-2.xml_1,倒叫我桂英儿挂在心头。,8670764.7686950695,0.2857142857142857
daeh-ZuoRiGong-TaiZhenWaiChuan.xml_1,有谁知一时错被逐宫廷。,8681821.7769955918,0.14285714285714285
dldeh-ShouBiPo-ChunQiuPei.xml_6,你继母心毒狠将你打骂，,8727253.8380294424,0.14285714285714285
daxp-ErDeFu-HongNiGuan.xml_1,撇下了奴一人好不悲凉。,8766375.3634797931,0.0
daeh-ZiNaRi-ZhuangYuanMei-2.xml_13,但愿得八主贤王从中周旋早成美眷、扫狼烟叫那胡儿不敢进犯、保叔王锦锈江山。,8782051.1330462079,0.0
daxp-XiRiLiang-LongFengChengXiang.xml_3,安排巧计害刘王。,8794006.5061146598,0.0
daxp-ErTingDe-SuoLinNang.xml_16,听薛良一语来相告，,8805274.2577200234,0.0
daxp-QiaoLouShang-HuangShanLei.xml_7,原来是秋风起扫叶之声。,8808497.0418519434,0.0
daeh-ZiNaRi-ZhuangYuanMei-2.xml_10,但愿得令公令婆别无意见，,8837252.3130877968,0.0
sdxp-WoHeNi-SiLangTanMu.xml_31,一夜之间你怎能回还。,8848494.8100816533,0.0
daxp-XiRiLi-LongFengChengXiang.xml_4,月老本是乔国丈，,8859303.0067503452,0.0
daeh-ZiNaRi-ErJinGong.xml_5,竟把我孤儿寡母当做了马牛。,8862262.1025489252,0.0
daxp-MengJunZi-ChunQiuPei-2.xml_4,身有病还受那继母拷打，,8898527.7602889072,0.14285714285714285
daxp-DangRiLi-SuoLinNang.xml_4,那花轿必定是因陋就简，,9004524.3925496843,0.14285714285714285
daxp-ChunQiuTing-SuoLinNang.xml_30,麟儿那有神送到，,9019006.1520796977,0.14285714285714285
daeh-ZiNaRi-ZhuangYuanMei-2.xml_14,愿天下有情人都成姻眷，,9044015.14472281,0.2857142857142857
sdxp-SuLongWei-WuJiaPo.xml_30,本利算来有多少，,9079592.34221505,0.14285714285714285
daxp-MengJunZi-ChunQiuPei-1.xml_3,我的父名姜绍贸易天涯。,9095802.7560468316,0.0
daeh-ZiNaRi-ZhuangYuanMei-1.xml_0,自那日与六郎姻缘相见，,9121125.973272752,0.0
daeh-TanHongYan-HuoXiaoYu.xml_1,美满姻缘付东流。,9180004.6111658234,0.0
daxp-ErTingDe-SuoLinNang.xml_22,分我一枝珊瑚宝，,9196516.1551322695,0.0
sdxp-DangNianHan-SanJiZhang.xml_13,商鞅不中苏季子，,9196516.1551322695,0.0
daeh-ZiNaRi-ZhuangYuanMei-2.xml_15,愿邦家从此后国泰民安。,9205682.5726228468,0.0
daxp-MengTingDe-MuiGuiYingGuaShuai.xml_6,番王小丑何足论，,9236567.0299590528,0.0
sdxp-WoHeNi-SiLangTanMu.xml_22,讲什么夫妻情恩德不浅，,9447160.0601620227,0.14285714285714285
daxp-ChunQiuTing-SuoLinNang.xml_1,何处悲声破寂寥。,9473690.5343095269,0.0
daeh-ZiNaRi-ZhuangYuanMei-1.xml_10,但愿得令公令婆别无异见，,9504746.8588887975,0.0
daxp-ChunQiuTing-SuoLinNang.xml_18,听薛良一语来相告，,9525980.4511887431,0.0
daxp-WoHeNi-SangYuanHui.xml_0,我和你有什么夫妻的情，,9577373.8302883357,0.2857142857142857
sdxp-DangNianHan-SanJiZhang.xml_20,爹爹为何你要退婚？,9591049.2402599994,0.0
sdxp-SuLongWei-WuJiaPo.xml_25,苏龙魏虎是内亲。,9714377.774143666,0.0
daxp-DangRiLi-SuoLinNang.xml_6,虽然是古青庐以朴为俭，,9720059.0072981063,0.0
daeh-ZiNaRi-ZhuangYuanMei-1.xml_14,愿天下有情人都成姻眷，,9736110.1145982072,0.2857142857142857
daeh-ZiNaRi-ErJinGong.xml_2,先王爷晏驾后太子年幼，,9793823.0766987391,0.0
daxp-MengJunZi-ChunQiuPei-2.xml_3,我爹爹名姜绍贸易天涯。,9797898.7341338992,0.0
daxp-ErTingDe-SuoLinNang.xml_15,薛良与我去问一遭。,9835255.970475072,0.0
daxp-WoDeNiang-XinAnYi.xml_0,我的娘她忘了女生外姓，,9835810.9904774483,0.0
daxp-ChenSanLiang-ChenSanLiangPaTang.xml_1,公正的老爷细听分明。,10097566.900588423,0.0
daeh-ZiNaRi-ZhuangYuanMei-2.xml_1,行不安坐不宁情态缠绵。,10279695.082978806,0.14285714285714285
daxp-DangRiLi-SuoLinNang.xml_7,哪有这短花帘，旧花幔，参差流苏，残破不全。,10295843.10796069,0.14285714285714285
daeh-WuDuanQiao-BiYuZan.xml_5,满腹冤屈向谁言。,10359293.822799446,0.0
daxp-MuQinBu-FengHuanChao.xml_4,人生不知顾脸面，,10360615.021921566,0.0
daxp-ChunQiuTing-SuoLinNang.xml_2,在隔帘只见这一花轿，,10361224.285936482,0.14285714285714285
daeh-ZiNaRi-ZhuangYuanMei-2.xml_8,幸喜得珍珠衫称心如愿，,10501763.638945205,0.14285714285714285
daxp-ErTingDe-SuoLinNang.xml_24,忙把梅香低声叫，,10507329.041414671,0.0
sdxp-SuLongWei-WuJiaPo.xml_41,与你娘做一个安家钱。,10574669.557090422,0.0
sdxp-SuLongWei-WuJiaPo.xml_26,你我同把相府进，,10612160.50228457,0.0
daxp-LaoDieDie-YuZhouFeng.xml_3,观此本免了儿一门祸殃。,10739352.641518645,0.0
sdxp-DangNianHan-SanJiZhang.xml_9,当年韩信与苏秦，,10850972.382777994,0.0
daxp-ChunQiuTing-SuoLinNang.xml_26,忙把梅香低声儿叫，,11131570.523880092,0.0
daeh-ZiNaRi-ZhuangYuanMei-2.xml_12,但愿得状元媒月老引线，,11139038.22641556,0.0
sdxp-WoHeNi-SiLangTanMu.xml_26,你那里休得要巧言舌辨，,11223056.775125979,0.0
daxp-FeiShiWo-TaoHuaCun.xml_0,非是我嘱咐叮咛把话讲，,11247517.579895815,0.0
daxp-WoZhuYe-SiLangTanMu.xml_1,众文武扶哀家执掌军房。,11365067.621629288,0.0
daeh-ZiNaRi-ZhuangYuanMei-1.xml_12,但愿得状元媒月老引线，,11411480.154781949,0.0
sdxp-SuLongWei-WuJiaPo.xml_24,提起了旁人我不晓，,11465438.025878061,0.0
sdxp-WoHeNi-SiLangTanMu.xml_25,有什么心腹事你只管明言。,11604978.366158899,0.2857142857142857
daxp-DangRiLi-SuoLinNang.xml_16,有金珠和珍宝光华灿烂，,11718195.23138462,0.14285714285714285
daeh-TanHongYan-HuoXiaoYu.xml_3,啼花泣月在暗里（呀）添愁。,11730732.573290901,0.14285714285714285
daxp-ErDeFu-HongNiGuan.xml_3,倒不如与伯党匹配鸾凰。,11768489.192316609,0.0
sdxp-SuLongWei-WuJiaPo.xml_28,我父在朝为官宦，,11922603.850785675,0.14285714285714285
daxp-MengJunZi-ChunQiuPei-2.xml_1,虽然是不相识我就不得不答。,11940656.557238864,0.0
daeh-LiYanFei-DaBaoGuo.xml_7,宣太师上金殿披红插花。,11997883.719672401,0.0
daxp-ErTingDe-SuoLinNang.xml_0,耳听得悲声惨心中如捣，,12096717.09081199,0.14285714285714285
daxp-WoZhuYe-SiLangTanMu.xml_3,一心心要夺取宋室江山。,12193760.626630558,0.14285714285714285
sdxp-DangNianHan-SanJiZhang.xml_19,非是女儿言不逊，,12271315.520930964,0.0
daxp-QiaoLouShang-HuangShanLei.xml_1,父子们去采药未见回程。,12277308.301181069,0.0
daxp-ChunQiuTing-SuoLinNang.xml_12,耳听得悲声惨心中如捣，,12334822.966666702,0.14285714285714285
daxp-ChunQiuTing-SuoLinNang.xml_4,吉日良辰当欢笑，,12430754.997843158,0.0
daeh-ZiNaRi-ZhuangYuanMei-1.xml_6,百姓们闺房乐如花美眷，,12496791.377003964,0.0
daeh-ZiNaRi-ZhuangYuanMei-2.xml_6,百姓们闺房乐如花美眷，,12577122.22119863,0.0
daxp-MengJunZi-ChunQiuPei-2.xml_5,因此上到郊外来捡芦花（呀）。,12654501.219925281,0.0
daeh-ZiNaRi-ZhuangYuanMei-1.xml_8,幸喜得珍珠衫称心如愿，,12705621.484539803,0.14285714285714285
daxp-QiaoLouShang-HuangShanLei.xml_6,忙移步隔花荫留神听定，,12744965.513340136,0.0
daxp-XiShiNv-XiShi.xml_3,每日里浣纱去又傍清溪。,12851205.950914521,0.0
daxp-ChunQiuTing-SuoLinNang.xml_0,春秋亭外风雨暴，,12989467.660369599,0.0
daxp-ErTingDe-SuoLinNang.xml_8,怜贫济困是正道，,12994162.042289715,0.0
dldeh-ShouBiPo-ChunQiuPei.xml_4,想亲娘和老父心乱如麻。,13001817.476476595,0.14285714285714285
daxp-LaoDieDie-SanJiZhang-2.xml_1,儿命苦怎配着状元才郎？,13013583.695223927,0.0
daxp-ChunQiuTing-SuoLinNang.xml_20,人情冷暖凭天造，,13102909.883258112,0.14285714285714285
daxp-TingTaYan-ZuoGong.xml_5,尊一声驸马爷细听咱言。,13170688.235381251,0.0
daxp-LaoDieDie-SanJiZhang-2.xml_2,父道那薛平贵是那化郎模样，,13223825.996908583,0.0
daxp-ChunQiuTing-SuoLinNang.xml_6,此时却又明白了，,13247777.583000166,0.0
daeh-ZaoBuXing-HeHouMaDian.xml_6,贼好比秦赵高指鹿为马，,13272500.390425365,0.0
sdxp-SuLongWei-WuJiaPo.xml_40,这锭银子奴不要，,13376815.590038484,0.0
sdxp-SuLongWei-WuJiaPo.xml_32,我进相府对父言，,13376815.590038484,0.0
daxp-DiTouLi-NvQiJie.xml_0,低头离了洪洞县，,13544592.280662976,0.0
daxp-TingTaYan-ZuoGong.xml_0,听他言吓得我浑身是汗，,13674380.649231026,0.0
daeh-SunShangXiang-BieHuangGong.xml_9,叹一声不由人珠泪涟涟。,13684312.844134863,0.0
sdxp-SuLongWei-WuJiaPo.xml_36,军爷说话理不端，,13874055.098383347,0.0
daxp-WoDeNiang-XinAnYi.xml_2,这几日身不爽心中烦闷，,14266887.94781547,0.14285714285714285
daxp-ErTingDe-SuoLinNang.xml_18,人情冷暖凭空造，,14290544.152744921,0.14285714285714285
sdxp-WoHeNi-SiLangTanMu.xml_30,宋营离此路途远，,14415654.937467132,0.0
daxp-ChunQiuTing-SuoLinNang.xml_15,莫不是强婚配鸦占鸾巢？,14787886.21613528,0.0
daxp-ErTingDe-SuoLinNang.xml_3,莫不是强婚配鸦占鸾巢。,14924407.233550644,0.0
daxp-SuSanLi-NvQiJie.xml_0,苏三离了洪洞县，,15132909.261504693,0.0
sdxp-DangNianHan-SanJiZhang.xml_17,仙女配的是董永，,15132909.261504693,0.0
daeh-WuDuanQiao-BiYuZan.xml_4,今生若被郎轻贱，,15262325.731890302,0.0
daxp-QiaoLouShang-HuangShanLei.xml_3,不知他在荒山何处安身。,15596569.272529004,0.14285714285714285
daxp-WoDeNiang-XinAnYi.xml_1,奴年交十九岁还守闺门。,15706478.527794454,0.0
sdxp-DangNianHan-SanJiZhang.xml_15,未央宫斩的是韩信，,16212065.471754711,0.0
daxp-QiaoLouShang-HuangShanLei.xml_10,我不免引寒机伴奴坐等，,16664037.477359878,0.0
daxp-XiRiLi-LongFengChengXiang.xml_1,今朝仙女会襄王。,17737564.857570358,0.0
daxp-LaoDieDie-SanJiZhang-1.xml_1,我立志不嫁那状元才郎。,17996290.914520044,0.0
daxp-ErDeFu-HongNiGuan.xml_6,奴本当把关印付他执掌，,20142884.145688042,0.0
daxp-XiRiLiang-LongFengChengXiang.xml_1,今朝仙女会襄王。,21113599.314970255,0.0
daxp-ChenSanLiang-ChenSanLiangPaTang.xml_3,发奋自强日夜读诗文。,23291913.116570402,0.0
sdxp-SuLongWei-WuJiaPo.xml_20,为何来在大道边。,134596016.79951084,0.14285714285714285
lsxp-ZouYingLong-DaYanSong.xml_8,上面坐的是有道君，,157369348.01201326,0.14285714285714285
lsxp-ZouYingLong-DaYanSong.xml_1,在朝房来了我这保国忠。,181562733.10007834,0.14285714285714285
lsxp-ZheYiFeng-DingJunShan.xml_6,向前各各有赏犒，,184059811.32254061,0.14285714285714285
lsxp-WeiCengKai-QiYuanBao.xml_3,姓刘名安字世昌。,191187970.207818,0.0
lsxp-ZiCongQian-ZhuLianZhai.xml_0,自从千岁离朝后，,191625421.45219257,0.0
lsxp-WeiCengKai-QiYuanBao.xml_7,借宿一宵起祸殃。,197053840.50630519,0.0
sdxp-WoHeNi-SiLangTanMu.xml_18,将身跪在地平川。,198418158.1630221,0.14285714285714285
lsxp-YiShiWu-YuCangJian.xml_4,恨平王无道纲常乱，,201086916.87179032,0.0
lsxp-ZiGuDao-HuangHeLou.xml_2,曾记得当年赴河梁，,205685564.27646559,0.0
sdxp-WoHeNi-SiLangTanMu.xml_13,公主赠我的金鈚箭，,207172652.67995429,0.0
lsxp-JiangShenEr-SanJiaDian.xml_11,儿行千里母担忧。,209432557.98619753,0.0
lsxp-WeiCengKai-QiYuanBao.xml_0,未曾开言泪汪汪，,219712241.75175631,0.0
lseh-NiangZiBu-SouGuJiuGu.xml_13,哀求娘子（喏）舍亲（呐）生。,228507137.93484899,0.0
lsxp-DaHeYi-SiLangTanMu.xml_29,众将与爷忙掩（哪）门，,232400825.14155564,0.0
lsxp-CiShiJian-HuaiHeYing-1.xml_0,此时间不可闹笑话，,244756308.44578955,0.0
sdxp-WoHeNi-SiLangTanMu.xml_6,有一桩心腹事不敢明言。,245568549.45063204,0.2857142857142857
lsxp-YiShiWu-YuCangJian.xml_2,日月轮流催晓（哇）箭，,251820808.02424043,0.0
lsxp-WeiCengKai-QiYuanBao.xml_5,贩卖绸缎转还乡。,252954252.48317301,0.0
lseh-XiRiLi-BaoLianDeng.xml_11,留得美名万古存，,254593062.92905086,0.0
lsxp-CiShiJian-HuaiHeYing-2.xml_0,此时间不可闹笑话，,254628816.03762758,0.0
sdxp-WoHeNi-SiLangTanMu.xml_19,我若探母不回转，,258841966.17124623,0.0
lsxp-ZiGuDao-HuangHeLou.xml_0,自古道吉人有天相，,259323141.31421298,0.14285714285714285
lseh-TuZeiZuo-SouGuJiuGu.xml_2,眼见得忠良无救应，,259573725.84615692,0.0
lsxp-LiangGuoJiao-ShiJieTing-1.xml_2,管待三（哪）军要宽厚，,261005504.64640623,0.0
lsxp-ZuoRiLi-YuanMenZhanZi.xml_0,昨日里斩八将头挂营外，,261168972.04217201,0.0
lseh-XinZhongYou-WenZhaoGuan.xml_19,父母的冤仇化尘烟，,263004635.48662803,0.0
lseh-YiLunMing-WenZhaoGuan-1.xml_35,父母的冤仇化尘烟，,264403145.96727815,0.0
lsxp-DaHeYi-SiLangTanMu.xml_5,弟兄们分别十五春，,266783856.83066839,0.0
sdxp-WoHeNi-SiLangTanMu.xml_11,公主虽然不阻拦，,270978647.59327579,0.0
lsxp-DaHeYi-SiLangTanMu.xml_7,将身站在了阶前等，,276449430.17765278,0.14285714285714285
lseh-YiLunMing-ZhuoFangCao-1.xml_5,杀猪（喏）沽（哇）酒款待于他，,281474427.60491717,0.0
lsxp-DaHeYi-SiLangTanMu.xml_12,我母佘氏老太君。,281548224.06101125,0.0
lseh-YangYanZhao-PengBei.xml_2,迈虎步我且把宝帐来进，,282630532.46547335,0.0
lsxp-ZouYingLong-DaYanSong.xml_13,在品级台（呀）前臣见君。,284083992.78870845,0.14285714285714285
lsxp-LiangGuoJiao-ShiJieTing-2.xml_5,靠山近水把管收。,284854056.95415139,0.0
lsxp-LiangGuoJiao-ShiJieTing-2.xml_2,管带三（呐）军要宽厚，,289184076.10994285,0.0
lseh-NiangZiBu-SouGuJiuGu.xml_12,无奈何我只得双（呃）膝跪，,289893419.52495027,0.0
lsxp-LiangGuoJiao-ShiJieTing-2.xml_0,两国交锋龙虎斗，,290695871.03943926,0.0
lsxp-LiangGuoJiao-ShiJieTing-1.xml_0,两国交（哇）锋龙虎斗，,294525087.82237959,0.0
lsxp-DaHeYi-SiLangTanMu.xml_21,龙行虎步非凡等，,299899461.24642879,0.0
lsxp-YiZhuangZhuang-QunYingHui.xml_0,一桩桩一件件倶已办就，,301092284.32268983,0.0
lseh-XuMaoGong-QinQiongFaPei.xml_0,徐茂公阴阳多奥妙，,303604515.80182165,0.0
lsxp-DaHeYi-SiLangTanMu.xml_15,六弟下位把兄认，,306576547.28958744,0.0
lsxp-YiShiWu-YuCangJian.xml_7,我与奸贼不共戴天！,310088696.31382895,0.0
sdxp-DangNianHan-SanJiZhang.xml_6,句句话儿伤父心。,311447427.48368734,0.14285714285714285
lsxp-DaHeYi-SiLangTanMu.xml_19,本帅帐中用目睁，,313624283.41726351,0.0
lsxp-YiShiWu-YuCangJian.xml_8,实指（喏）望到吴国借兵（呐）转，,314785950.72856277,0.0
lseh-YiLunMing-WenZhaoGuan-1.xml_24,哭一声爹娘不能相见，,315920423.80392236,0.0
lsxp-CiShiJian-HuaiHeYing-1.xml_2,在长安是你夸大话，,317495300.74526113,0.14285714285714285
lsxp-JiangShenEr-SanJiaDian.xml_5,因此上发配到登州。,320145937.4620952,0.0
lsxp-JiangShenEr-SanJiaDian.xml_15,叫一声解差把店役。,321629650.30845761,0.0
lsxp-LiangGuoJiao-ShiJieTing-2.xml_4,此一番领（呃）兵去镇守，,321814663.92138374,0.0
lsxp-ZhangGongDao-ZhuangYuanPu.xml_5,眼睁（呐）睁有何人去（呀）把纸烧。,321957581.72457981,0.14285714285714285
lseh-YiLunMing-WenZhaoGuan-1.xml_17,翻来覆去睡不（哇）安。,322415697.45218903,0.0
lsxp-DaHeYi-SiLangTanMu.xml_11,我父令公官极品，,323567164.11225051,0.0
sdxp-SuLongWei-WuJiaPo.xml_14,将银放在地平川。,324027341.27847117,0.14285714285714285
lsxp-DaHeYi-SiLangTanMu.xml_1,大喝一声（哪）如雷震，,325169599.78496277,0.0
lsxp-ZiCongQian-ZhuLianZhai.xml_5,望千岁恕学生礼貌不周。,326020087.75894731,0.0
lseh-XinZhongYou-WenZhaoGuan.xml_1,翻来复去睡不安。,326172151.4623453,0.0
lsxp-YiShiWu-YuCangJian.xml_0,一事无成两鬓斑，,326840926.18793643,0.0
lseh-XinZhongYou-WenZhaoGuan.xml_8,哭一声爹娘不能相见，,327199871.64380044,0.0
sdxp-WoHeNi-SiLangTanMu.xml_7,萧天佐摆天门两国交战，,327494302.69584978,0.0
sdxp-WoHeNi-SiLangTanMu.xml_20,黄沙盖脸尸骨不全。,329249003.7086854,0.0
lsxp-WeiCengKai-QiYuanBao.xml_4,奉母命京城往，,330230263.7275086,0.0
sdxp-WoHeNi-SiLangTanMu.xml_1,我和你好夫妻恩德不浅，,331538876.99508882,0.0
lseh-XinZhongYou-WenZhaoGuan.xml_5,为何几日他不言，,331975282.77595568,0.0
sdxp-SuLongWei-WuJiaPo.xml_8,为军哪怕到官前。,333919509.66776121,0.0
lseh-YiLunMing-ZhuoFangCao-1.xml_23,我岂肯放虎归山又（哇）把人抓。,337768765.87544084,0.0
lsxp-CiShiJian-HuaiHeYing-2.xml_2,在长安是你夸大话，,338388888.09154624,0.14285714285714285
lsxp-WeiCengKai-QiYuanBao.xml_6,行至在中途把雨降，,338969608.95964706,0.14285714285714285
lseh-YiLunMing-ZhuoFangCao-1.xml_12,听谯楼打罢了二（喏）更鼓下，,342270106.4969058,0.0
lseh-YiLunMing-ZhuoFangCao-1.xml_22,虎在笼中我不打，,342549845.35723406,0.14285714285714285
lsxp-WeiCengKai-QiYuanBao.xml_9,望求太爷与我作主张（啊）。,342740798.26718152,0.0
lsxp-QingGongYan-FaDongWu.xml_0,庆功宴上把酒饮，,343741305.19097352,0.0
sdxp-WoHeNi-SiLangTanMu.xml_9,我有心回宋营见母一面，,351764329.02729189,0.2857142857142857
lsxp-HenPingWang-WenZhaoGuan.xml_3,满门的家着血染红。,355488296.74569821,0.0
lseh-XuMaoGong-QinQiongFaPei.xml_4,是是是（呀）来我明白了，,357484059.04164195,0.0
lsxp-WoZhuYe-ZhuiHanXin.xml_9,我也曾约法定过三章。,357894975.05967677,0.0
lseh-YiLunMing-WenZhaoGuan-1.xml_11,我好比龙游在浅沙滩。,358591333.57069451,0.14285714285714285
lsxp-CiShiJian-HuaiHeYing-1.xml_5,右手再把栾布拉。,359436631.5847075,0.0
sdxp-WoHeNi-SiLangTanMu.xml_3,杨廷辉有一日愁眉得展，,359685327.47802681,0.14285714285714285
lsxp-ZouYingLong-DaYanSong.xml_11,我本当金（哪）殿奏一本怎奈我官卑职小不能够参大臣。,359849213.01522398,0.0
lseh-JinZhongXiang-ShangTianTai.xml_3,武仗着姚皇兄保定乾坤。,360153333.71165752,0.0
lsxp-JianMaSu-ZhanMaSu.xml_3,失去了街亭差不差。,360591427.49631429,0.0
lsxp-LiangGuoJiao-ShiJieTing-1.xml_4,此一番领兵去镇守，,365523311.36062443,0.0
lsxp-ShenGongWu-LongFengChengXiang.xml_3,耳听笙歌闹喧哗。,367300847.40481412,0.0
lsxp-ZiGuDao-HuangHeLou.xml_4,今日主公把宴上，,370849207.13062876,0.0
lsxp-DaHeYi-SiLangTanMu.xml_23,本帅开言把他问，,371344778.91339701,0.0
lsxp-LiangGuoJiao-ShiJieTing-1.xml_5,靠山近水把营收。,371539722.22781265,0.0
lsxp-CiShiJian-HuaiHeYing-1.xml_1,胡言乱语怎瞒（呐）咱。,371585748.87641007,0.0
lseh-YiLunMing-WenZhaoGuan-1.xml_23,你就该把我献与昭关。,371750324.81783038,0.0
lsxp-WoZhuYe-ZhuiHanXin.xml_8,一路上秋毫无犯军威壮，,371851396.51051497,0.0
lseh-YiLunMing-WenZhaoGuan-2.xml_11,我好比龙游在浅沙滩。,375665922.70913792,0.14285714285714285
lsxp-ZhangGongDao-ZhuangYuanPu.xml_0,张公道三十五六（哇）子有靠，,376566359.38115656,0.14285714285714285
lsxp-DaHeYi-SiLangTanMu.xml_2,杨家将令鬼神惊。,376782463.00688183,0.0
lsxp-DaHeYi-SiLangTanMu.xml_28,原来四哥回宋营。,380277744.35135621,0.0
lsxp-ZuoRiLi-YuanMenZhanZi.xml_4,叫焦赞将宝剑悬挂帐外，,380629389.20314044,0.0
lsxp-DaHeYi-SiLangTanMu.xml_17,弟兄对坐叙寒温。,383843834.07557273,0.0
lsxp-QingGongYan-FaDongWu.xml_3,又谁知中途两离分。,383846479.19459385,0.0
lsxp-ZouYingLong-DaYanSong.xml_3,偶遇见小小的顽童放悲声，,387302659.95045441,0.0
sdxp-SuLongWei-WuJiaPo.xml_22,一马双跨到西凉。,388397307.14682639,0.0
lseh-XinZhongYou-WenZhaoGuan.xml_7,你就该把我献与昭关。,388496652.07787859,0.0
lseh-XinZhongYou-WenZhaoGuan.xml_12,越思越想好伤惨，,388920624.24660814,0.0
lseh-YiLunMing-ZhuoFangCao-1.xml_7,拔出剑将他的满门杀，,389248197.07692438,0.0
lseh-XuMaoGong-QinQiongFaPei.xml_3,缘何不救我出笼牢。,389336283.73224658,0.0
sdxp-SuLongWei-WuJiaPo.xml_13,腰中取出银一锭，,390476124.08352596,0.0
lseh-YiLunMing-ZhuoFangCao-2.xml_9,年迈老丈命染黄沙。,390887485.86879998,0.0
sdxp-WoHeNi-SiLangTanMu.xml_8,我的娘押粮草来到北番。,394535740.5984019,0.0
lseh-YiLunMing-WenZhaoGuan-1.xml_21,为何几日他不言。,395473764.02487034,0.0
lseh-LaoZhangBu-WuPenJi.xml_5,抓一（呀）把沙土扬灰尘。,399164459.71787518,0.0
sdxp-DangNianHan-SanJiZhang.xml_7,要退、要退、偏要退！,400419073.37100655,0.0
lsxp-DaHeYi-SiLangTanMu.xml_14,失落番邦被贼擒。,400641641.51354337,0.0
lsxp-WeiCengKai-QiYuanBao.xml_8,赵大夫妻图财害命害我一命亡，,404203362.77197576,0.0
lsxp-JianMaSu-ZhanMaSu.xml_2,大胆不听我的话，,404899035.23677427,0.0
lseh-YiLunMing-WenZhaoGuan-1.xml_28,越思越想好伤惨，,405188155.73289496,0.0
lseh-YiLunMing-WenZhaoGuan-1.xml_27,鸡鸣犬吠五更（哪）天，,405838709.66940582,0.0
lseh-XinZhongYou-WenZhaoGuan.xml_11,鸡鸣犬吠五更（呃）天，,407535126.02414644,0.0
lsxp-LiangGuoJiao-ShiJieTing-2.xml_1,各为其（呀）主统貔貅。,407700781.3167392,0.0
lseh-YiLunMing-WenZhaoGuan-1.xml_22,贪图富贵来害我，,409023173.33891356,0.0
lseh-XinZhongYou-WenZhaoGuan.xml_6,贪图富贵来害我，,413448234.19101954,0.0
sdxp-WoHeNi-SiLangTanMu.xml_10,怎奈我身在番难以过关。,413477927.22089463,0.14285714285714285
lseh-ZiNaRi-HongYangDong.xml_3,那乃是萧天佐以（呀）假成真；,414138985.12062275,0.0
lsxp-DaHeYi-SiLangTanMu.xml_3,迈步且把宝帐（呀）进，,416528769.0240109,0.0
lseh-NiangZiBu-SouGuJiuGu.xml_0,娘子不（哇）必太烈性，,417268416.51524985,0.14285714285714285
sdxp-SuLongWei-WuJiaPo.xml_12,百般调戏也枉然。,418017275.78370529,0.0
lsxp-JiangShenEr-SanJiaDian.xml_9,舍不得老娘（呃）白了头。,422089462.61395872,0.0
lsxp-DaHeYi-SiLangTanMu.xml_31,走上前来忙松捆，,425369672.70302403,0.0
lsxp-JiangShenEr-SanJiaDian.xml_7,舍不得衙役们众班头。,426139803.96594894,0.0
lsxp-CiShiJian-HuaiHeYing-1.xml_4,左手拉住了李左车，,426808725.31643432,0.0
lsxp-WoBenShi-KongChengJi-2.xml_9,我面前却少个知（呃）音的人。,430714934.20909089,0.0
lsxp-LiangGuoJiao-ShiJieTing-1.xml_1,各为其主统貔貅，,432364497.36610526,0.0
lsxp-ShenGongWu-LongFengChengXiang.xml_1,年老得配女娇娃。,433341580.26274133,0.0
lseh-YiLunMing-ZhuoFangCao-1.xml_9,年迈的老丈命（呐）染黄沙。,435303152.18286318,0.0
sdxp-SuLongWei-WuJiaPo.xml_17,买绫罗与绸缎、打首饰和簪环，,437334785.5240829,0.0
lseh-YiLunMing-WenZhaoGuan-1.xml_18,背地里只把东皋公怨，,441338571.39881009,0.0
lsxp-CiShiJian-HuaiHeYing-2.xml_5,右手再把栾布拉，,441925832.72505963,0.0
lseh-YiLunMing-ZhuoFangSuDian.xml_7,拔出剑将他的满门杀，,444230683.72399467,0.0
lseh-YiLunMing-ZhuoFangCao-1.xml_21,贼好比猛虎未（呀）曾长牙，,446096491.6239295,0.0
lsxp-DaHeYi-SiLangTanMu.xml_27,听罢言来才知情，,446816947.57968181,0.14285714285714285
lsxp-ZuoRiLi-YuanMenZhanZi.xml_2,今日里斩宗保娘把儿怪，,446879565.96095145,0.0
lseh-TuZeiZuo-SouGuJiuGu.xml_0,屠贼做事心太狠，,448340876.43974423,0.14285714285714285
lsxp-ZuoRiLi-YuanMenZhanZi.xml_5,老娘亲再讲情儿自刎头来。,451926669.11928385,0.14285714285714285
sdxp-DangNianHan-SanJiZhang.xml_4,仙女嫁的又是何人？,453593570.21375483,0.0
lseh-YiLunMing-ZhuoFangSuDian.xml_9,年迈的老丈命（呐）染黄沙。,455134993.71383947,0.0
lsxp-ZuoRiLi-YuanMenZhanZi.xml_1,老娘亲为什么不讲情来？,457251547.61889493,0.14285714285714285
lsxp-DaHeYi-SiLangTanMu.xml_22,灯光之下看不真。,458101159.00961757,0.0
lsxp-DaHeYi-SiLangTanMu.xml_6,怎知今日回宋营。,461058136.28835171,0.0
lsxp-YiZhuangZhuang-QunYingHui.xml_1,请先生到江边即刻登舟。,461415736.8750518,0.0
lseh-NiangZiBu-SouGuJiuGu.xml_2,赵屠二家有仇恨，,462538264.08454251,0.14285714285714285
lsxp-ZiGuDao-HuangHeLou.xml_5,四将军保架料也无妨。,464313789.0516544,0.0
sdxp-DangNianHan-SanJiZhang.xml_5,我的儿说话言不逊，,464596974.50061506,0.0
lsxp-DaHeYi-SiLangTanMu.xml_9,家住后山磁州郡，,465549282.65957779,0.0
lseh-XinZhongYou-WenZhaoGuan.xml_2,背地里只把东皋公怨，,466395374.50034767,0.0
lsxp-YiShiWu-YuCangJian.xml_9,行至在昭关有阻拦。,468814634.17945045,0.2857142857142857
lseh-XuMaoGong-QinQiongFaPei.xml_1,文韬武略智谋高。,469225415.63773608,0.0
lseh-XinZhongYou-WenZhaoGuan.xml_13,想当初在朝为官宦，,470797682.00022066,0.14285714285714285
lseh-YiLunMing-WenZhaoGuan-1.xml_29,想当初在朝为官宦，,470797682.00022066,0.14285714285714285
sdxp-SuLongWei-WuJiaPo.xml_21,为军起下不良的意呀，,471138820.09617215,0.0
sdxp-WoHeNi-SiLangTanMu.xml_4,誓不忘贤公主恩重如山。,474754772.83372074,0.0
lsxp-ZheYiFeng-DingJunShan.xml_5,三通鼓刀出鞘四通（呃）鼓把兵交。,475027966.57553071,0.0
lsxp-DaHeYi-SiLangTanMu.xml_20,见一番汉帐中行。,475886273.50930059,0.0
lsxp-JianMaSu-ZhanMaSu.xml_1,不由老夫咬钢牙，,476244401.49486542,0.0
lseh-YiLunMing-WenZhaoGuan-1.xml_20,若是真心来救我，,479128896.22866642,0.14285714285714285
lseh-XinZhongYou-WenZhaoGuan.xml_4,若是真心来救我，,479128896.22866642,0.14285714285714285
lseh-YiLunMing-ZhuoFangCao-1.xml_20,贼好比蛟龙未生鳞甲，,482634419.17662108,0.0
lsxp-ZouYingLong-DaYanSong.xml_6,我劝顽童你休流泪，免悲声，邹老爷就是尔的报仇人。,483946438.3219865,0.0
lsxp-YiShiWu-YuCangJian.xml_1,叹光明一去不回还（呐）；,486177856.26351672,0.0
lseh-YiLunMing-WenZhaoGuan-1.xml_34,寻短（哪）哎见爹娘（兀）！,492397706.92444348,0.0
lseh-YangYanZhao-PengBei.xml_1,在中途得一信甚是不明。,493352016.90833443,0.14285714285714285
lseh-XinZhongYou-WenZhaoGuan.xml_15,到如今夜宿在荒村院，,496322664.42366195,0.14285714285714285
lseh-YiLunMing-WenZhaoGuan-1.xml_31,到如今夜宿在荒村院，,496322664.42366195,0.14285714285714285
lsxp-ZheYiFeng-DingJunShan.xml_8,三军与（呀）爷归营号，,496931793.19470477,0.0
lsxp-HenPingWang-WenZhaoGuan.xml_1,父纳子（呃）妻礼难容，,498033618.57369131,0.0
lsxp-CiShiJian-HuaiHeYing-2.xml_1,胡言乱语怎瞒（呐）咱！,500150274.4406451,0.0
lsxp-WoBenShi-KongChengJi-1.xml_3,算就了汉家的业鼎足哇三分。,503863841.84712034,0.0
lsxp-CiShiJian-HuaiHeYing-2.xml_4,左手拉住了李左车，,506971952.44471329,0.0
lseh-YiLunMing-WenZhaoGuan-1.xml_14,思来想去我的肝肠断，,507933505.20486385,0.0
sdxp-SuLongWei-WuJiaPo.xml_7,大嫂说话礼不端，,508762040.88296926,0.0
sdxp-DangNianHan-SanJiZhang.xml_2,未央宫斩的是何人？,508835893.79102772,0.0
sdxp-SuLongWei-WuJiaPo.xml_15,这锭银、三两三，,509243229.96033102,0.0
lsxp-HenPingWang-WenZhaoGuan.xml_0,恨平王无道乱楚宫（兀），,511125696.3868432,0.0
lseh-ZiNaRi-HongYangDong.xml_7,去了我左右膀难以飞行。,512866704.10935342,0.0
lsxp-JianMaSu-ZhanMaSu.xml_0,见马谡（唩）跪帐下，,513425834.95103079,0.0
sdxp-WoHeNi-SiLangTanMu.xml_2,贤公主又何必过于谦言。,513924132.29552776,0.14285714285714285
lsxp-ZheYiFeng-DingJunShan.xml_0,这一封（呃）书信来得巧，,514197709.96387517,0.0
lseh-YiLunMing-WenZhaoGuan-1.xml_16,心中有事难合眼，,517005598.03604901,0.2857142857142857
lseh-XinZhongYou-WenZhaoGuan.xml_18,寻短（呃）哎见爹娘（呃）。,519685693.64626664,0.0
lsxp-WoBenShi-KongChengJi-2.xml_3,算就了汉家的业鼎足（呃）三分。,523539047.59772927,0.0
sdxp-DangNianHan-SanJiZhang.xml_3,小奴才真个不孝顺，,524117172.00547618,0.0
lsxp-WoZhuYe-ZhuiHanXin.xml_12,今日里萧何荐良将，,524419691.21901035,0.0
lsxp-JiangShenEr-SanJiaDian.xml_1,尊一声过往的宾朋听从头：,525489637.65093338,0.0
lsxp-JiangShenEr-SanJiaDian.xml_3,二不是歹人（呐）把城偷。,526327730.34987879,0.0
lsxp-ZiCongQian-ZhuLianZhai.xml_3,为千岁懒观五凤楼。,527975869.1362111,0.0
lseh-YiLunMing-ZhuoFangCao-2.xml_7,拔出剑将他的满门杀。,529269688.96001089,0.0
lseh-XinZhongYou-WenZhaoGuan.xml_0,心中有事难合眼，,529906509.7571227,0.2857142857142857
lsxp-ZouYingLong-DaYanSong.xml_4,我问顽童啼哭因何故，,531833873.28496784,0.0
lseh-YiLunMing-ZhuoFangCao-1.xml_18,观此贼睡卧真（呐）潇洒，,531835814.13550019,0.0
lseh-XuMaoGong-QinQiongFaPei.xml_2,既是为我前来到，,533548351.60606402,0.0
sdxp-SuLongWei-WuJiaPo.xml_5,西凉川四十单八站，,534857299.70575517,0.0
sdxp-SuLongWei-WuJiaPo.xml_1,苏龙魏虎为媒证，,535041506.17026716,0.0
sdxp-SuLongWei-WuJiaPo.xml_18,我与你露水的夫妻就过几年（呐）。,536466162.99857652,0.0
lseh-YiLunMing-WenZhaoGuan-1.xml_36,对天发不宏誓愿，,538130063.38899279,0.0
lseh-JinZhongXiang-ShangTianTai.xml_1,寡人喜的是五谷丰登。,538205070.51841486,0.0
lseh-YiLunMing-WenZhaoGuan-1.xml_3,谁知昭关有阻拦。,539599294.66389382,0.14285714285714285
lsxp-WoBenShi-KongChengJi-2.xml_8,闲无（呃）事在敌楼（呃）我亮一亮琴（呢）音，,539787352.45717883,0.14285714285714285
lseh-TuZeiZuo-SouGuJiuGu.xml_3,大事还要问程婴。,540088901.95127356,0.0
lsxp-CiShiJian-HuaiHeYing-1.xml_6,三人同把那鬼门关上踏，,545544462.35449004,0.0
sdxp-SuLongWei-WuJiaPo.xml_16,送与大嫂把家安。,545661525.2648952,0.0
sdxp-SuLongWei-WuJiaPo.xml_4,咬定牙关他就不认承。,546593650.87760651,0.0
lseh-YangYanZhao-PengBei.xml_4,我本当将此事对他来论，,548027624.72352958,0.0
lseh-YiLunMing-WenZhaoGuan-1.xml_5,他将我隐藏在后花园。,548262861.1938957,0.2857142857142857
sdxp-SuLongWei-WuJiaPo.xml_6,为军的要人我是不要钱。,551216505.41916513,0.0
lsxp-CiShiJian-HuaiHeYing-2.xml_6,三人同把那鬼门关上爬，,552310538.07288265,0.0
lsxp-WoBenShi-KongChengJi-1.xml_8,闲无哇事在敌楼哇我亮（呃）一亮琴哪音，,553601367.11440504,0.14285714285714285
lseh-XinZhongYou-WenZhaoGuan.xml_20,对天发下宏誓愿，,553890612.27204633,0.0
lsxp-WoZhuYe-ZhuiHanXin.xml_15,扬尘舞蹈见大王。,553991399.43431139,0.0
lsxp-DaHeYi-SiLangTanMu.xml_25,家住哪州并哪郡？,556171539.23339427,0.0
lsxp-LiangGuoJiao-ShiJieTing-1.xml_3,赏罚中公（呃）平莫要自由。,559087786.36807024,0.0
lsxp-ZouYingLong-DaYanSong.xml_12,罢、罢、罢，暂且忍却我的心头恨，,559801609.40745676,0.14285714285714285
lseh-YiLunMing-ZhuoFangCao-2.xml_5,杀猪沽酒款待与他。,560923991.87989151,0.0
lseh-YiLunMing-ZhuoFangCao-2.xml_1,陈宫心中乱如麻。,562282189.65450144,0.14285714285714285
lseh-WeiKaiYan-RangXuZhou.xml_5,救生灵（呐）积阴（呐）功也免得我坐卧不宁。,567775796.83735609,0.0
sdxp-SuLongWei-WuJiaPo.xml_11,好一个贞节王宝钏，,568052046.91316116,0.0
lseh-XinZhongYou-WenZhaoGuan.xml_3,叫人难解巧机关。,570354041.59920526,0.0
lsxp-LiangGuoJiao-ShiJieTing-2.xml_3,赏罚中公（呃）平莫要自由。,572562360.2518332,0.0
lsxp-ShenGongWu-LongFengChengXiang.xml_0,深宫无（哇）处不飞花，,576942540.60152566,0.0
lseh-YiLunMing-WenZhaoGuan-2.xml_14,思来想去我的肝肠断，,578638530.68680131,0.0
lsxp-TingTaYan-ZhuoFangCao-2.xml_1,背转身自埋怨我自（呃）已做差。,578836046.39914072,0.0
lsxp-TingTaYan-ZhuoFangCao-1.xml_1,背转身只埋怨我自（呃）己作差，,578836046.39914072,0.0
lsxp-ZheYiFeng-DingJunShan.xml_7,退后的项上吃一刀。,582451360.24911928,0.0
lsxp-ZhangGongDao-ZhuangYuanPu.xml_4,怕将（呃）来老天爷无（哇）有果报，,583566713.9527992,0.14285714285714285
lsxp-TingTaYan-ZhuoFangCao-1.xml_7,既同行共（呃）大事必须要劝解于他（呀呃）。,584253686.58332467,0.14285714285714285
lsxp-TingTaYan-ZhuoFangCao-2.xml_7,既同行共（呃）大事必须要劝解于他（呀呃）。,584253686.58332467,0.14285714285714285
lseh-JinZhongXiang-ShangTianTai.xml_5,又听得殿角下大放悲声。,585216778.02708316,0.0
lseh-YiLunMing-WenZhaoGuan-1.xml_19,叫人难解巧机关，,586773996.05079269,0.0
lsxp-WoBenShi-KongChengJi-2.xml_6,周文王访姜尚周室大振，,587632900.26397657,0.0
lseh-NiangZiBu-SouGuJiuGu.xml_9,来年必定降麒麟。,588589195.3357085,0.14285714285714285
lseh-YiLunMing-ZhuoFangCao-1.xml_3,悔不该随他人到吕家，,589683982.75286579,0.0
lseh-YiLunMing-WenZhaoGuan-2.xml_3,谁知昭关有阻拦。,593500391.31898415,0.14285714285714285
sdxp-WoHeNi-SiLangTanMu.xml_5,非是我这几日愁眉不展，,594054116.23040092,0.0
lsxp-ZiCongQian-ZhuLianZhai.xml_2,为千岁懒把朝房走，,601652094.10579658,0.0
lseh-WeiGuoJia-HongYangDong-3.xml_1,我也曾平服了塞北西东。,604157880.29588795,0.0
lseh-XinZhongYou-WenZhaoGuan.xml_9,不能（呃）哎见。,605713781.99613953,0.0
lseh-NiangZiBu-SouGuJiuGu.xml_10,千言万（哪）语她不肯，,607212106.98945343,0.0
lsxp-DaHeYi-SiLangTanMu.xml_4,上面（哪）坐的同胞人。,609489905.3854171,0.0
lseh-WeiKaiYan-RangXuZhou.xml_2,二犬子（呃）皆年幼（哇）难当（呃）重任，,616087443.48401308,0.0
lsxp-TingTaYan-ZhuoFangCao-1.xml_6,这时候我只得暂且忍耐在心下，,616104716.56111372,0.2857142857142857
lseh-YiLunMing-WenZhaoGuan-1.xml_9,满腹的含冤我向谁言（哪）！,617803626.34415579,0.0
lseh-YiLunMing-WenZhaoGuan-2.xml_9,满腹的含冤我向谁言（喏）。,617803626.34415579,0.0
lsxp-JiangShenEr-SanJiaDian.xml_14,眼见得红日坠落在西山后，,618004205.60934353,0.14285714285714285
lsxp-WoBenShi-KongChengJi-1.xml_9,我面前缺少个知呃音的人。,618700682.19771338,0.0
lseh-YiLunMing-ZhuoFangCao-1.xml_6,又谁知此贼的疑心（呐）太（呀）大，,620584156.29348695,0.14285714285714285
sdxp-WoHeNi-SiLangTanMu.xml_14,见母一面即刻还。,621052202.88645267,0.0
lsxp-CiShiJian-HuaiHeYing-2.xml_7,生死二字（喏）且由他！,622000162.85033202,0.0
lsxp-TingTaYan-ZhuoFangCao-2.xml_6,这时候我只得暂且忍耐在心下，,622706403.82391846,0.2857142857142857
lseh-YiLunMing-WenZhaoGuan-1.xml_7,夜夜何曾得安眠。,624550048.32160163,0.0
lseh-YiLunMing-WenZhaoGuan-2.xml_7,夜夜何曾得安眠。,624550048.32160163,0.0
lseh-YiLunMing-ZhuoFangCao-1.xml_16,我只说贼是个宽宏量大，,624800789.76041007,0.0
lsxp-DaHeYi-SiLangTanMu.xml_24,你是番邦什么人？,624850627.92139149,0.0
lseh-YiLunMing-WenZhaoGuan-2.xml_12,我好（呃）比鱼儿吞了钩线，,626607859.20053005,0.0
lseh-YiLunMing-ZhuoFangSuDian.xml_5,杀猪（喏）沽酒款待与他，,627833372.68969941,0.0
lseh-YiLunMing-WenZhaoGuan-1.xml_13,我好（哇）比波浪中失舵的舟船（哪）。,628433911.50547051,0.0
sdxp-SuLongWei-WuJiaPo.xml_19,是烈女就该在家院，,628704399.87088668,0.14285714285714285
lseh-XiRiLi-BaoLianDeng.xml_3,传口诏命次子即位为君，,630234393.25767016,0.0
lseh-ZiNaRi-HongYangDong.xml_8,为此事终（啊）日里忧成疾病，,630611399.19407952,0.0
lsxp-JiangShenEr-SanJiaDian.xml_8,实难舍街坊四邻与我的好朋友，,632003234.10525131,0.0
lsxp-JiangShenEr-SanJiaDian.xml_6,舍不得太爷的恩情厚，,632611014.37339032,0.14285714285714285
lseh-YiLunMing-ZhuoFangCao-1.xml_25,险些儿把事（喏）又（哇）作差。,632975622.527596,0.0
sdxp-SuLongWei-WuJiaPo.xml_3,他三人与我有仇恨，,634308949.91322303,0.14285714285714285
lsxp-ZouYingLong-DaYanSong.xml_10,他本是我朝中上欺天子下压臣谋朝篡位卖国的奸贼他名叫严嵩，,636919541.67314613,0.0
lsxp-ZiCongQian-ZhuLianZhai.xml_4,山高路远少来问候，,639248790.0152483,0.0
lseh-WeiGuoJia-HongYangDong-3.xml_2,官封到节度史（喏）皇王恩重，,639276806.86677599,0.0
lseh-XiRiLi-BaoLianDeng.xml_15,打死个秦官保父不能担承。,643112738.80573881,0.0
lsxp-YiShiWu-YuCangJian.xml_5,信用无极狗奸谗。,644673888.149822,0.0
lseh-YiLunMing-WenZhaoGuan-2.xml_13,我好（呃）比波浪中失舵的舟船（喏）。,647113259.49394429,0.0
lseh-WeiGuoJia-HongYangDong-1.xml_1,我也曾平服了塞北西东。,647968121.72081995,0.0
lsxp-ZiGuDao-HuangHeLou.xml_3,二将军保架过长江。,647987417.35692251,0.0
lseh-ZiNaRi-HongYangDong.xml_4,二次（喏）里命孟良番营来进，,649330015.93098521,0.0
lseh-YiLunMing-WenZhaoGuan-1.xml_12,我好（哇）比鱼儿吞了钩线，,650648138.9399991,0.0
lseh-YiLunMing-ZhuoFangCao-2.xml_3,悔不该随他人到吕家。,652924641.92942297,0.0
lsxp-ZheYiFeng-DingJunShan.xml_9,到明天午时三刻要成功劳。,654238324.36646748,0.0
lsxp-DaHeYi-SiLangTanMu.xml_30,自己骨肉认不清。,656919331.69867527,0.0
lsxp-ZiCongQian-ZhuLianZhai.xml_1,满朝中文武臣泪双流。,662901319.98151851,0.0
lseh-YangYanZhao-PengBei.xml_0,杨延昭奉父命巡查大营，,663287396.18532693,0.0
lseh-YiLunMing-ZhuoFangSuDian.xml_1,陈宫心（呐）中乱如麻，,665180350.45573282,0.14285714285714285
lseh-TanXiongDi-SangYuanJiZi.xml_3,见坟台不见人刀割我心。,667630995.67978621,0.14285714285714285
lsxp-ZouYingLong-DaYanSong.xml_0,忽听得万岁宣应龙，,668295141.92559302,0.0
lseh-ZenNengGou-BaDaChui.xml_3,倒不如上公安观看古今。,670702518.4750514,0.0
lsxp-ZheYiFeng-DingJunShan.xml_2,站立在营门三军叫，,672575392.36751032,0.14285714285714285
lseh-ZiNaRi-HongYangDong.xml_2,我前番命孟良骸骨搬（呐）请，,672755423.00964928,0.0
lseh-XinZhongYou-WenZhaoGuan.xml_21,我不杀平王我的心怎甘。,672999401.10421431,0.14285714285714285
lsxp-ZhangGongDao-ZhuangYuanPu.xml_1,陈伯愚年半百无有后苗。,673022016.19338942,0.14285714285714285
lseh-XiRiLi-BaoLianDeng.xml_14,打死了别家子父能作主，,674966208.22302043,0.0
lsxp-JiangShenEr-SanJiaDian.xml_12,儿想娘亲难叩首，,677892591.32446945,0.0
lsxp-ShenGongWu-LongFengChengXiang.xml_2,朝欢暮乐无牵挂，,680572775.13439023,0.0
lseh-YangYanZhao-PengBei.xml_5,又恐怕惊动了年迈之人。,681223653.90030944,0.0
lseh-ZiNaRi-HongYangDong.xml_9,因此上臣的病重（呃）加十分、千岁爷呀！,684038512.18117893,0.0
lseh-YiLunMing-ZhuoFangSuDian.xml_6,又谁知此贼的疑心（呐）太（呀）大，,684520044.70211232,0.14285714285714285
lsxp-WoZhuYe-ZhuiHanXin.xml_3,两路分（呐）兵定咸阳。,684978170.14663482,0.0
lsxp-QingGongYan-FaDongWu.xml_2,弟兄们创业多艰难，,687035317.61663628,0.0
lseh-NiangZiBu-SouGuJiuGu.xml_8,你今舍了亲生子，,691196000.65894985,0.0
lseh-XiRiLi-BaoLianDeng.xml_13,二娇儿也难比那两个贤人。,693478518.34155154,0.0
lseh-YiLunMing-ZhuoFangSuDian.xml_3,悔不该随他人到吕家。,695635203.11047816,0.0
lseh-YiLunMing-ZhuoFangCao-1.xml_1,陈宫心（呐）中乱如麻，,697299130.16671252,0.14285714285714285
lseh-XiRiLi-BaoLianDeng.xml_10,首阳山前冻饿死（喏）。,703405513.12528956,0.0
lsxp-WoZhuYe-ZhuiHanXin.xml_1,拔剑斩蛇天下扬。,703979539.23454773,0.0
lseh-YiLunMing-WenZhaoGuan-1.xml_33,我本当拔宝剑自寻短见，,704096077.67480481,0.0
lseh-WeiGuoJia-HongYangDong-1.xml_0,为国家那何曾半日闲空，,704818565.58145344,0.0
sdxp-WoHeNi-SiLangTanMu.xml_17,公主叫我盟誓愿，,706443965.7911129,0.0
lseh-YiLunMing-WenZhaoGuan-2.xml_5,他将我隐藏在后花园。,706603113.22672105,0.2857142857142857
lseh-WeiGuoJia-HongYangDong-2.xml_0,为国家哪何曾半日闲空，,708658840.92315614,0.0
sdxp-SuLongWei-WuJiaPo.xml_10,管保大嫂就断与咱。,714480797.54941475,0.0
lseh-LaoZhangBu-WuPenJi.xml_3,我本屈死一鬼魂。,714578075.93163526,0.0
lsxp-ZiGuDao-HuangHeLou.xml_1,主公不必加愁肠。,716218604.02885795,0.14285714285714285
lseh-LaoZhangBu-WuPenJi.xml_0,老丈不（哇）必胆怕惊，,716508403.58580673,0.14285714285714285
lsxp-TingTaYan-ZhuoFangCao-2.xml_4,马行在来道内我难（呐）以回（呀）马，,720575683.48002791,0.14285714285714285
lsxp-TingTaYan-ZhuoFangCao-1.xml_4,马行在来道内我难（呐）以回（呀）马，,720575683.48002791,0.14285714285714285
lseh-YiLunMing-ZhuoFangCao-1.xml_14,悔不该把家属一（呀）旦撇下，,721484050.80356908,0.0
lsxp-DaHeYi-SiLangTanMu.xml_26,要见本帅为何情？,723231515.06262374,0.14285714285714285
lseh-XinZhongYou-WenZhaoGuan.xml_14,朝臣待漏五更寒。,723915930.02932763,0.0
lsxp-DaHeYi-SiLangTanMu.xml_13,十五年前沙滩会，,724823543.21271861,0.0
lseh-JinZhongXiang-ShangTianTai.xml_2,文凭着邓先生策划有准，,728009426.73415935,0.14285714285714285
lseh-YiLunMing-WenZhaoGuan-1.xml_37,我不杀平王我的心怎甘（哪）。,733628578.51496959,0.14285714285714285
lsxp-WoZhuYe-ZhuiHanXin.xml_11,反将我主贬汉王。,735843035.06513286,0.0
lsxp-WeiCengKai-QiYuanBao.xml_1,尊一声太爷听端详。,738092506.44515252,0.0
lsxp-WoBenShi-KongChengJi-1.xml_5,东西战南北剿博古通呃今。,741324925.45335102,0.0
lseh-WeiGuoJia-HongYangDong-1.xml_2,官封到节度使（喏）皇王恩重，,743003133.26969361,0.0
lsxp-ZheYiFeng-DingJunShan.xml_1,天助黄忠成功劳。,743922188.17967856,0.0
lseh-ZenNengGou-BaDaChui.xml_0,怎能够思一计番营来进，,748150075.29927742,0.0
lsxp-ZhangGongDao-ZhuangYuanPu.xml_2,为（呀）儿（啼）女我也曾朝山拜庙，,748568213.31867325,0.0
lseh-XiRiLi-BaoLianDeng.xml_6,弟让兄来兄不能应（呐）允，,752366710.24010038,0.0
sdxp-DangNianHan-SanJiZhang.xml_1,登台拜帅是韩信，,752376951.43341851,0.0
lseh-LaoZhangBu-WuPenJi.xml_4,我忙将树（呃）枝摆摇（哇）动，,753956710.4413383,0.0
lseh-XiRiLi-BaoLianDeng.xml_0,昔日里有一个孤竹君，,760184655.96458197,0.14285714285714285
lseh-YiLunMing-ZhuoFangCao-2.xml_6,又谁知此贼的疑心太大，,760445830.47363806,0.14285714285714285
lseh-YiLunMing-ZhuoFangCao-1.xml_17,汉室后来贼是个惹祸的根芽。,760976617.46717644,0.0
lseh-XiRiLi-BaoLianDeng.xml_5,那伯夷尊父命也不能应承，,765198240.01200795,0.0
lsxp-DaHeYi-SiLangTanMu.xml_8,问我一言答一声。,767496362.57634699,0.0
lsxp-ZouYingLong-DaYanSong.xml_7,站立在殿角用目来观定，,768805179.42805028,0.14285714285714285
lseh-YiLunMing-WenZhaoGuan-1.xml_10,我好（哇）比哀哀长空雁，,774585820.09750438,0.0
lsxp-WoZhuYe-ZhuiHanXin.xml_7,一路上得遇陆贾、郦生与张良。,779178404.02534902,0.0
sdxp-WoHeNi-SiLangTanMu.xml_12,无有令箭怎过关。,780789650.06615615,0.14285714285714285
lsxp-TingTaYan-ZhuoFangCao-1.xml_0,听他言听得我心（呐）惊胆怕，,783860583.06132758,0.14285714285714285
lsxp-TingTaYan-ZhuoFangCao-2.xml_0,听他言吓得我心（呐）惊胆怕，,783860583.06132758,0.14285714285714285
lsxp-WoZhuYe-ZhuiHanXin.xml_4,先进咸阳为皇上，,784374255.75925469,0.0
lsxp-WoBenShi-KongChengJi-2.xml_5,东西战南北剿博古（呃）通（哦）今。,788412282.02521324,0.0
lseh-WeiGuoJia-HongYangDong-3.xml_0,为国家哪何曾半日闲空，,788832148.84645414,0.0
lseh-YiLunMing-ZhuoFangCao-1.xml_13,越思越想把事来作差。,790189107.85283554,0.0
sdeh-WenSanNiang-SanNiangJiaoZi.xml_1,问三娘发雷霆却是为何？,791381502.22160578,0.0
lseh-YiLunMing-WenZhaoGuan-2.xml_4,幸遇那东皋公行方便，,795469337.50234759,0.0
lseh-WeiGuoJia-HongYangDong-2.xml_1,我也曾平服了塞北西东。,800303740.60116124,0.0
lseh-XiRiLi-BaoLianDeng.xml_1,伯夷叔齐二大贤人，,801355999.62527788,0.0
lseh-YiLunMing-WenZhaoGuan-2.xml_1,愁人心（呐）中似箭穿。,802054540.98426569,0.14285714285714285
lseh-WeiGuoJia-HongYangDong-2.xml_2,官封到节度使（喏）皇王恩重，,802900443.46465635,0.0
lsxp-WoBenShi-KongChengJi-1.xml_6,周文王访姜尚周室大振，,803473071.07748902,0.0
lseh-YiLunMing-WenZhaoGuan-1.xml_1,愁人心（哪）中似箭穿。,812269463.34635353,0.14285714285714285
lsxp-HenPingWang-WenZhaoGuan.xml_2,我的（呀）父谏奏反把命（哪）送，,814621428.71532786,0.0
lseh-YiLunMing-WenZhaoGuan-1.xml_6,一连几天我的眉不（哇）展，,814712474.9750154,0.0
lsxp-WoZhuYe-ZhuiHanXin.xml_14,撩袍端带我把金殿上，,815083735.94771314,0.0
lseh-ZiNaRi-HongYangDong.xml_6,老军报他二人在洪洋（呃）洞丧（呃）命，,826762130.42899382,0.14285714285714285
lsxp-DaHeYi-SiLangTanMu.xml_10,火堪寨上有家门。,828286925.60942864,0.14285714285714285
lsxp-WoZhuYe-ZhuiHanXin.xml_0,我主爷起义在芒砀，,829271135.3057338,0.14285714285714285
lseh-YiLunMing-WenZhaoGuan-1.xml_4,幸遇那东皋公行方便，,836600554.58698833,0.0
lsxp-YiShiWu-YuCangJian.xml_3,靠山绿（哇）水常在面前。,837700564.50152624,0.14285714285714285
lseh-YiLunMing-WenZhaoGuan-1.xml_2,实指（惹）望到吴国借兵回转，,848197536.78426826,0.0
lseh-NiangZiBu-SouGuJiuGu.xml_4,我与那公孙杵臼把计定，,848708560.25594926,0.0
lseh-XuMaoGong-QinQiongFaPei.xml_5,其中必有这巧（哇）妙高。,853585139.18173003,0.2857142857142857
lseh-YiLunMing-WenZhaoGuan-2.xml_10,我好（呃）比哀哀长空雁，,857912672.91805542,0.0
lseh-YiLunMing-WenZhaoGuan-2.xml_6,一连几天我的眉不（呃）展，,871761311.34252572,0.0
lseh-LaoZhangBu-WuPenJi.xml_2,休把我当作了妖魔论，,874342111.97047687,0.0
sdxp-SuLongWei-WuJiaPo.xml_2,王丞相是我的主婚人（哪）。,877852357.46859252,0.0
lseh-JinZhongXiang-ShangTianTai.xml_4,内侍臣忙摆驾九龙口进，,879474245.02576697,0.0
lseh-TuZeiZuo-SouGuJiuGu.xml_1,诬杀赵家一满门。,884120075.05281997,0.0
lseh-YiLunMing-ZhuoFangCao-1.xml_24,执宝剑将贼的（呀）头割下，,884889118.43272793,0.0
lseh-LaoZhangBu-WuPenJi.xml_6,我和你远无冤近无有仇恨，,885514570.77219498,0.14285714285714285
lsxp-TingTaYan-ZhuoFangCao-1.xml_2,我先前只望他宽宏量（呃）大，,896230864.16932046,0.0
lsxp-TingTaYan-ZhuoFangCao-2.xml_2,我先前只望他宽宏量（呃）大，,896230864.16932046,0.0
lsxp-ZheYiFeng-DingJunShan.xml_4,头通（呃）鼓紧战袍，,902043331.3848387,0.0
lseh-YiLunMing-ZhuoFangSuDian.xml_4,吕伯奢可算得义气（呀）大，,904960903.33550203,0.0
lseh-YiLunMing-ZhuoFangCao-2.xml_0,一轮明月照窗下，,906278773.13634968,0.0
lseh-ZenNengGou-BaDaChui.xml_2,前也思（喏）后又想无有计定，,909134275.1535691,0.14285714285714285
lseh-YangYanZhao-PengBei.xml_3,又只见老爹爹瞌睡沉沉。,912904294.10087883,0.0
lsxp-ZuoRiLi-YuanMenZhanZi.xml_3,哭啼啼坐宝帐所为何来。,915826720.98568201,0.0
lsxp-JiangShenEr-SanJiaDian.xml_0,将身儿来至在大街口，,917748547.00869405,0.14285714285714285
lsxp-TingTaYan-ZhuoFangCao-2.xml_5,这才是花随水水不（哇）能恋（呐）花。,930114595.17189419,0.0
lseh-YiLunMing-ZhuoFangCao-2.xml_11,自有那神灵儿天地鉴察。,931957975.81487274,0.14285714285714285
lsxp-ZhangGongDao-ZhuangYuanPu.xml_3,为儿（喏）女我也曾补路修桥。,932111756.58169568,0.0
lseh-YiLunMing-WenZhaoGuan-1.xml_8,俺伍员好一似丧家犬，,932481224.69160259,0.0
lseh-YiLunMing-ZhuoFangCao-2.xml_8,一家人倶丧在宝剑之下，,940320726.8765502,0.14285714285714285
lseh-YiLunMing-WenZhaoGuan-1.xml_0,一轮明月照窗前，,940927107.97278726,0.0
lsxp-QingGongYan-FaDongWu.xml_1,想起桃园结拜情。,944581046.40045106,0.14285714285714285
lseh-XiRiLi-BaoLianDeng.xml_4,那叔齐分长幼不能担任，,945132772.1451093,0.0
lseh-YiLunMing-WenZhaoGuan-2.xml_2,实指望到吴国借兵回转，,947298888.92397738,0.0
lseh-YiLunMing-ZhuoFangCao-1.xml_11,自有那神灵（啊）天地鉴察。,947340218.69635999,0.14285714285714285
lsxp-WeiCengKai-QiYuanBao.xml_2,家住在南阳太平庄，,948546204.64842832,0.14285714285714285
lseh-NiangZiBu-SouGuJiuGu.xml_6,舍子搭救忠（呃）良的后，,953764793.93221152,0.0
lsxp-WoZhuYe-ZhuiHanXin.xml_10,项羽不遵怀王约，,955401122.6214658,0.0
lseh-WeiKaiYan-RangXuZhou.xml_0,未开言不由人（呐）珠泪滚滚，,955782175.15248609,0.0
lseh-YiLunMing-WenZhaoGuan-2.xml_0,一轮明月照窗前，,956986557.17294955,0.0
lseh-NiangZiBu-SouGuJiuGu.xml_7,老天爷不绝我的后代根。,963084420.93399704,0.0
lsxp-WoBenShi-KongChengJi-1.xml_1,论阴阳如反掌保定乾坤。,966959631.90029716,0.0
lseh-XiRiLi-BaoLianDeng.xml_9,那叔齐逃出了后宰门，,970094357.36553764,0.0
lsxp-TingTaYan-ZhuoFangCao-1.xml_5,这才是花随水水不（哇）能恋（呐）花。,970156225.25831079,0.0
lseh-YiLunMing-ZhuoFangSuDian.xml_11,自有那神灵儿天地鉴察。,972530295.23972785,0.14285714285714285
lseh-ZiNaRi-HongYangDong.xml_0,自（喏）那日朝罢归身（呐）染重病，,982101610.72802424,0.0
lsxp-JiangShenEr-SanJiaDian.xml_10,娘生儿连心肉，,987797520.93566,0.14285714285714285
lseh-XiRiLi-BaoLianDeng.xml_7,兄（呃）推弟来两不能够担承。,990865159.14643776,0.0
lsxp-WoBenShi-KongChengJi-2.xml_2,先帝（呀）爷下南阳（呃）御驾三（呃）请，,995189475.02874351,0.0
lseh-YiLunMing-WenZhaoGuan-1.xml_25,不能（哪）哎见爹娘（兀）！,1001581961.1669062,0.0
lsxp-TingTaYan-ZhuoFangCao-1.xml_3,却原（呐）来贼是个无（哇）义（呀）的冤家！,1007163182.140712,0.0
lsxp-TingTaYan-ZhuoFangCao-2.xml_3,却愿（呐）来贼是个无（哇）义（呀）的冤家！,1007163182.140712,0.0
lseh-XiRiLi-BaoLianDeng.xml_12,为父的怎比得孤竹君，,1009298864.9300077,0.0
lseh-YiLunMing-ZhuoFangCao-1.xml_19,安眠好似并底之蛙，,1010314739.7356695,0.0
lsxp-JiangShenEr-SanJiaDian.xml_13,娘想儿来泪双流。,1015263253.9620134,0.0
lseh-YiLunMing-ZhuoFangSuDian.xml_0,一轮明月照窗下，,1018364137.1943626,0.0
lseh-XiRiLi-BaoLianDeng.xml_8,那伯夷出午门无（哇）有踪（呃）影，,1029527563.1407251,0.14285714285714285
lseh-YiLunMing-WenZhaoGuan-1.xml_26,要相逢陈非是梦（兀）里团圆。,1029588518.0567896,0.0
lseh-LaoZhangBu-WuPenJi.xml_7,望求老丈把冤伸。,1030579804.0544581,0.0
sdxp-SuLongWei-WuJiaPo.xml_9,衙里衙外我打点，,1035762247.7906156,0.0
lsxp-CiShiJian-HuaiHeYing-1.xml_3,为什么事到如今耍奸滑。,1048005847.9679574,0.0
lseh-WeiKaiYan-RangXuZhou.xml_4,望使君放开怀慨然（呐）应（呐）允，,1051567252.6518641,0.0
lseh-YiLunMing-ZhuoFangCao-2.xml_4,吕伯奢可算得义气大，,1053363545.8121576,0.0
lsxp-DaHeYi-SiLangTanMu.xml_16,我是你四哥回宋营。,1053440798.1290683,0.0
lseh-TanXiongDi-SangYuanJiZi.xml_2,眼望着孤坟台珠泪难忍，,1059809415.6897312,0.0
lsxp-WoZhuYe-ZhuiHanXin.xml_13,但愿得言听计从重整汉家邦、一同回故乡。,1061184767.8216137,0.0
lseh-YiLunMing-ZhuoFangCao-1.xml_0,一轮明月照窗下，,1068738316.3079774,0.0
lsxp-WoZhuYe-ZhuiHanXin.xml_2,怀王也曾把旨降，,1081481752.2319922,0.0
lseh-YiLunMing-WenZhaoGuan-2.xml_8,俺伍员好一似丧家犬，,1086826854.6765728,0.0
lsxp-WoBenShi-KongChengJi-2.xml_7,我诸葛怎比得前辈（呃）的先（呃）生。,1088473016.7892981,0.0
lsxp-ZouYingLong-DaYanSong.xml_5,他言道严嵩老贼害他的举家一满门。,1103851633.8028378,0.0
lseh-YiLunMing-ZhuoFangSuDian.xml_8,一家人倶丧在宝剑之（喏）下，,1108906807.4722538,0.14285714285714285
lsxp-JiangShenEr-SanJiaDian.xml_2,一不是响马与贼寇，,1111669634.9567075,0.0
lsxp-WoBenShi-KongChengJi-2.xml_1,凭阴阳如反掌保定乾坤。,1112749147.947808,0.0
lseh-YiLunMing-ZhuoFangSuDian.xml_2,悔不该心猿并意马，,1115123121.3182909,0.14285714285714285
lsxp-CiShiJian-HuaiHeYing-2.xml_3,为什么事到如今耍奸滑？,1128944528.4440944,0.0
lseh-NiangZiBu-SouGuJiuGu.xml_11,不舍娇儿难救孤身。,1129656723.0427547,0.0
lseh-LaoZhangBu-WuPenJi.xml_1,我有言来你是（喏）听。,1134736111.3977208,0.14285714285714285
lseh-NiangZiBu-SouGuJiuGu.xml_3,三百余口命赴幽冥。,1134890706.9917297,0.0
lseh-JinZhongXiang-ShangTianTai.xml_0,金钟响玉磬应王登龙庭，,1137886173.0885041,0.0
lsxp-ZouYingLong-DaYanSong.xml_2,那一日打从大街进，,1148789330.144876,0.0
lseh-ZenNengGou-BaDaChui.xml_1,前后话对文龙细说衷情。,1149092839.9192739,0.14285714285714285
lsxp-CiShiJian-HuaiHeYing-1.xml_7,（啊）生死二字（喏）且由他。,1151174763.8719923,0.0
lsxp-WoBenShi-KongChengJi-2.xml_0,我本是卧龙岗散淡（呐）的人，,1155916083.8379478,0.0
lseh-ZiNaRi-HongYangDong.xml_1,三更时梦（呃）见（呐）了年迈爹尊（呐）。,1158626894.6482794,0.0
lseh-XiRiLi-BaoLianDeng.xml_2,都只为孤（哇）竹君身染重病（哪），,1159076973.4535222,0.0
lseh-TanXiongDi-SangYuanJiZi.xml_0,叹兄兀弟遭不幸一旦丧命，,1165251603.5108423,0.0
lseh-YiLunMing-WenZhaoGuan-1.xml_30,朝臣待漏（哇）五更寒，,1197592500.4271519,0.0
lseh-YiLunMing-ZhuoFangCao-1.xml_8,一家人倶丧在宝剑之（喏）下，,1200607487.8209791,0.14285714285714285
lsxp-ZheYiFeng-DingJunShan.xml_3,大小儿郎听根苗，,1204229502.2481356,0.0
lsxp-WoBenShi-KongChengJi-1.xml_2,先帝呀爷下南阳御呀驾三请，,1205016053.2019017,0.0
sdxp-WoHeNi-SiLangTanMu.xml_16,快马加鞭我一夜还。,1232260763.2399566,0.0
lseh-YiLunMing-ZhuoFangCao-1.xml_15,悔不该弃县今抛却了乌（哇）纱，,1244692505.3173864,0.0
lseh-YiLunMing-ZhuoFangCao-2.xml_2,悔不该心猿并意马，,1245360833.7017553,0.14285714285714285
lseh-YiLunMing-ZhuoFangCao-2.xml_10,屈死的冤鬼魂休要怨咱，,1248597114.7109847,0.0
lseh-YiLunMing-ZhuoFangSuDian.xml_10,屈死的怨鬼魂休要怨（呐）咱，,1266470996.8324673,0.0
lsxp-YiShiWu-YuCangJian.xml_6,他害我满门（呐）真悲惨，,1273349320.0824695,0.0
lsxp-WoZhuYe-ZhuiHanXin.xml_6,也是我主洪福广，,1282515304.9469759,0.0
lsxp-WoBenShi-KongChengJi-1.xml_0,我本是卧龙岗散淡哪的人，,1304464586.2376137,0.0
lseh-WeiGuoJia-HongYangDong-1.xml_3,身不爽不由人瞌睡朦胧（呃）。,1315932666.880724,0.0
lseh-TanXiongDi-SangYuanJiZi.xml_1,丢下了年幼儿好不伤情。,1335439897.5281672,0.14285714285714285
sdxp-WoHeNi-SiLangTanMu.xml_15,宋营（哪）虽然路途远，,1346587334.8869975,0.0
lseh-XinZhongYou-WenZhaoGuan.xml_10,爹娘（呃）要相逢除非是梦（呃）里团圆。,1365435338.7360525,0.0
lseh-WeiKaiYan-RangXuZhou.xml_3,老朽年迈我也不能够担承。,1372579496.395746,0.0
lsxp-JiangShenEr-SanJiaDian.xml_4,杨林与我来争斗，,1375429584.8814807,0.0
lseh-WeiGuoJia-HongYangDong-2.xml_3,身不爽不由人瞌睡朦胧（呃）（哪）。,1376261133.6695178,0.0
lseh-WeiGuoJia-HongYangDong-3.xml_3,身不爽不由人瞌睡朦胧。,1382490540.6711957,0.0
lsxp-ZouYingLong-DaYanSong.xml_9,那一旁坐的就是严阁老，,1405579339.725924,0.0
lseh-ZiNaRi-HongYangDong.xml_5,又谁知焦克明他私（呀）自后跟（呐），,1431454338.3077817,0.0
lsxp-WoBenShi-KongChengJi-1.xml_7,俺诸（喏）葛怎比得前辈呀的先哪生。,1459274105.7667358,0.0
lsxp-WoZhuYe-ZhuiHanXin.xml_5,后进咸阳扶保在朝纲。,1464584691.6732094,0.14285714285714285
lsxp-WoBenShi-KongChengJi-1.xml_4,官封到武乡侯哇执掌帅印，,1549882097.4594822,0.0
lseh-WeiKaiYan-RangXuZhou.xml_1,天卸重任我就要（哇）你担承。,1570613358.8782794,0.0
lseh-NiangZiBu-SouGuJiuGu.xml_1,卑（呀）人言来你是（喏）听。,1575715584.0629866,0.0
lseh-YiLunMing-WenZhaoGuan-1.xml_15,今夜晚怎能够盼到明天。,1669576021.9017417,0.0
lseh-YiLunMing-WenZhaoGuan-2.xml_15,今夜晚怎能够盼到明天。,1672724548.2128539,0.0
lsxp-WoBenShi-KongChengJi-2.xml_4,官封到武乡侯（呃）执掌帅印，,1700891588.572192,0.0
lseh-XinZhongYou-WenZhaoGuan.xml_17,我本当拔宝剑自寻短见，,1733567889.2917826,0.0
lseh-NiangZiBu-SouGuJiuGu.xml_5,他舍命来你我舍亲生。,1834319348.846462,0.0
lseh-XinZhongYou-WenZhaoGuan.xml_16,我冷冷清清向谁言（呃）。,2136767190.7994738,0.0
lseh-YiLunMing-WenZhaoGuan-1.xml_32,我冷冷清清向谁言（哪）。,2155490780.0389934,0.0
