有生之日责当尽,3,有生之日责当尽，
daxp-MuQinBu-FengHuanChao.xml_2,自古常言道得好，,1960129.1879748029,0.0
daxp-ErTingDe-SuoLinNang.xml_25,莫把姓名你信口哓。,1980223.4744036412,0.0
sdxp-DangNianHan-SanJiZhang.xml_11,淮阴漂母救韩信，,2029736.7844854048,0.0
daxp-MengTingDe-MuiGuiYingGuaShuai.xml_4,有生之日责当尽，,2033850.8939606338,1.0
daxp-MengTingDe-MuiGuiYingGuaShuai.xml_7,我一剑能挡百万兵。,2127354.5686753998,0.0
daeh-ZiNaRi-ZhuangYuanMei-1.xml_5,不知道他与我是否一般。,2192533.3785729706,0.0
daeh-ZiNaRi-ZhuangYuanMei-2.xml_2,在潼台被贼擒性命好险，,2216223.5095978319,0.0
daxp-FeiShiWo-TaoHuaCun.xml_5,怎能够粗心大意你再荒唐。,2297387.4167679129,0.0
daxp-ErTingDe-SuoLinNang.xml_12,你不该人前逞骄傲，,2303576.9487948036,0.0
daeh-ZiNaRi-ZhuangYuanMei-1.xml_2,在潼台被贼擒在命好险，,2386723.2478141086,0.0
daxp-ChunQiuTing-SuoLinNang.xml_27,莫把姓名你信口晓，,2394681.5367545881,0.0
daxp-ChunQiuTing-SuoLinNang.xml_32,小小囊儿何足道，,2403912.1374343019,0.0
daxp-DiTouLi-NvQiJie.xml_1,将身来在大街前。,2404754.5052618403,0.0
daxp-ErTingDe-SuoLinNang.xml_13,不该词费又滔滔。,2419453.0250961361,0.0
daeh-ZiNaRi-ZhuangYuanMei-2.xml_5,不知道他与我是否一般。,2496058.6761742388,0.0
daxp-SuSanLi-NvQiJie.xml_1,将身来在大街前。,2632188.1495963736,0.0
daxp-ErTingDe-SuoLinNang.xml_10,蠢才问话太潦草，,2698551.7426684881,0.0
daxp-ErTingDe-SuoLinNang.xml_30,小小囊儿何足道，,2701075.4798182221,0.0
daxp-MuQinBu-FengHuanChao.xml_1,女儿言来听根源。,2764613.9348169602,0.0
daeh-NaRiFeng-YuanXiaoMi.xml_5,那厢流泪这厢啼。,3043656.4195765778,0.0
daxp-FeiShiWo-TaoHuaCun.xml_12,响一声你就还一掌，,3083999.1097606332,0.0
daxp-FeiShiWo-TaoHuaCun.xml_6,鼓打二更准时往，,3095556.1582242814,0.0
daxp-DangRiLi-SuoLinNang.xml_20,这囊儿虽非是千古罕见，,3226943.481121656,0.0
daxp-SuSanLi-NvQiJie.xml_2,未曾开言心内惨，,3268714.8804087229,0.0
daeh-ZiNaRi-ErJinGong.xml_11,想必是徐杨进了昭阳。,3399150.5783657348,0.0
daxp-ErTingDe-SuoLinNang.xml_17,满腹骄矜顿雪潇。,3447906.2527794815,0.0
daxp-ErTingDe-SuoLinNang.xml_7,不该人前乱解嘲。,3447906.2527794815,0.0
daxp-DiTouLi-NvQiJie.xml_2,未曾开言我心好惨，,3493480.7442788132,0.0
daeh-SunShangXiang-BieHuangGong.xml_3,留下了孙仲谋执掌江南。,3570626.482950001,0.0
daxp-ErTingDe-SuoLinNang.xml_21,她为饥寒我为骄。,3574930.4758435572,0.0
daxp-ChunQiuTing-SuoLinNang.xml_10,轿内的人儿弹别调，,3582816.2702535773,0.0
sdxp-DangNianHan-SanJiZhang.xml_21,不能、不能、是万不能！,3588184.0842654225,0.0
daeh-WangChunE-SanNiangJiaoZi.xml_7,等候了薛倚儿转回家园。,3618087.4387354371,0.0
daxp-FeiShiWo-TaoHuaCun.xml_9,你必须眼观六路耳听八方。,3668044.0431257952,0.0
daxp-ChunQiuTing-SuoLinNang.xml_17,问那厢因何故痛哭无聊。,3683113.8011298669,0.0
daxp-WoZhuYe-SiLangTanMu.xml_4,叫番儿忙摆驾银安殿，,3684793.3921664916,0.0
daxp-MuQinBu-FengHuanChao.xml_3,女儿清白最为先。,3724046.2782101263,0.0
daxp-MuQinBu-FengHuanChao.xml_0,母亲不必心太偏，,3779576.5768155139,0.0
daxp-SuSanLi-NvQiJie.xml_6,言说苏三把命断，,3908400.7862134352,0.0
daxp-ErDeFu-HongNiGuan.xml_5,不想到狠心郎一味猖狂。,3932914.9418511367,0.0
daeh-ZuoChunGui-XiShi.xml_1,无限的闲愁恨尽上眉尖。,3984174.7949327538,0.14285714285714285
daxp-FeiShiWo-TaoHuaCun.xml_13,响两声你就凑近身旁。,4033633.725560734,0.0
daeh-ZaoBuXing-HeHouMaDian.xml_11,两旁的文武臣珠泪如麻，,4073947.6918611792,0.0
sdxp-WoHeNi-SiLangTanMu.xml_33,你也对苍天就表一番。,4100303.5309279915,0.0
daxp-ChunQiuTing-SuoLinNang.xml_29,自把珠玉夸富豪，,4116090.8851384991,0.0
daxp-DangRiLi-SuoLinNang.xml_18,还有那夜明珠粒粒成串，,4166849.9850878632,0.14285714285714285
daxp-MengTingDe-MuiGuiYingGuaShuai.xml_1,唤起我破天门状志凌云。,4181431.2050615754,0.0
sdxp-DangNianHan-SanJiZhang.xml_18,大孝之人也受贫。,4184022.9216475333,0.14285714285714285
daeh-XiaoNuCai-SanNiangJiaoZi.xml_5,叹一声不由人珠泪如梭。,4185248.4122336102,0.0
daxp-ErTingDe-SuoLinNang.xml_27,自把珠玉夸富豪。,4192029.5831665806,0.0
daeh-NuZiYou-TouJunBieYao.xml_2,但愿得去投军功名有望，,4203229.8190744203,0.14285714285714285
sdxp-WoHeNi-SiLangTanMu.xml_28,有心赠你金鈚箭，,4223217.9026440587,0.14285714285714285
daeh-NuZiYou-TouJunBieYao.xml_3,也不枉我二人苦度时光。,4234411.0968957515,0.0
daxp-DiTouLi-NvQiJie.xml_6,就说苏三把命断，,4256709.7186815236,0.0
daxp-DangRiLi-SuoLinNang.xml_8,轿中人必定有一腔幽怨，,4319911.980814849,0.14285714285714285
daxp-QiaoLouShang-HuangShanLei.xml_12,数更等交五鼓空房愈冷，,4347935.9945155457,0.0
daxp-FeiShiWo-TaoHuaCun.xml_16,你把我当做诸葛亮，,4356032.5662233327,0.14285714285714285
daxp-TingTaYan-ZuoGong.xml_6,早晚间休怪我言语怠慢，,4428920.3264060272,0.0
daeh-LiYanFei-DaBaoGuo.xml_5,候幼主成了龙原业归家。,4483675.6832747469,0.0
daxp-LaoDieDie-DaYuShaJia-1.xml_3,等候了爹爹回细问根由。,4493075.3080164567,0.0
daxp-MengTingDe-MuiGuiYingGuaShuai.xml_2,想当年桃花马上威风凛凛，,4524808.8015294839,0.14285714285714285
daeh-LiYanFei-ErJinGong.xml_3,想必是徐杨将进了昭阳。,4535169.2466542721,0.0
daxp-ErTingDe-SuoLinNang.xml_29,积德才生玉树苗。,4646035.076740291,0.14285714285714285
daxp-ChunQiuTing-SuoLinNang.xml_9,也有失意痛哭嚎啕，,4725649.8977274541,0.14285714285714285
sdxp-DangNianHan-SanJiZhang.xml_10,都是安邦定国臣，,4738955.299918049,0.0
daxp-LaoDieDie-DaYuShaJia-1.xml_2,将身儿坐至在草堂等候，,4760613.5685016392,0.0
daxp-MengTingDe-MuiGuiYingGuaShuai.xml_5,寸土怎能够属于他人。,4771874.5989425303,0.0
daxp-ErTingDe-SuoLinNang.xml_31,救她饥渴胜琼瑶。,4800735.9700793549,0.0
daxp-ChunQiuTing-SuoLinNang.xml_8,亦有饥寒悲怀抱，,4812918.1661407491,0.14285714285714285
daxp-ChunQiuTing-SuoLinNang.xml_13,同遇人为什么这样嚎啕？,4821151.0943343919,0.0
daxp-LaoDieDie-DaYuShaJia-2.xml_2,将身儿坐至在草堂等候，,4828240.588265229,0.0
daxp-DangRiLi-SuoLinNang.xml_19,还有那赤金链，紫瑛簪，白玉环，双凤錾，八宝钗钏一个个宝孕光含。,4841230.9594915016,0.14285714285714285
daeh-ZiNaRi-ZhuangYuanMei-1.xml_4,这桩事闷得我柔肠百转，,4900626.8116160389,0.0
daxp-WoHeNi-SangYuanHui.xml_1,谁认你狼心狗肺的人！,4923934.305834447,0.0
daxp-QiaoLouShang-HuangShanLei.xml_15,你爹爹到如今未转家门。,4927563.619005708,0.0
daeh-ZaoBuXing-HeHouMaDian.xml_1,贼昏王篡了位谋乱邦家。,4930297.5671628527,0.0
daeh-NaRiFeng-YuanXiaoMi.xml_2,舅父前来出主意，,4953383.3273713291,0.0
daeh-ZaoBuXing-HeHouMaDian.xml_3,反倒说为嫂我拦阻有差，,4958696.1802677996,0.14285714285714285
daeh-ZuoChunGui-XiShi.xml_3,夜不眠朝慵起又向谁言。,4959051.0275694318,0.0
daeh-ZaoBuXing-HeHouMaDian.xml_13,你叔王不让位再去骂他。,4964113.3203090066,0.0
sdxp-WoHeNi-SiLangTanMu.xml_29,怕你一去就不回还。,4972174.3130533965,0.0
sdxp-WoHeNi-SiLangTanMu.xml_27,你要见高堂母我不阻拦。,5000554.9219081877,0.0
daeh-XiaoNuCai-SanNiangJiaoZi.xml_1,闭口无言王春娥。,5009412.5106750019,0.0
daxp-FeiShiWo-TaoHuaCun.xml_11,是不是有人拍巴掌。,5050143.8366533406,0.14285714285714285
daxp-ErTingDe-SuoLinNang.xml_1,同遇人为什么这样嚎啕。,5074380.4146136018,0.0
daxp-FeiShiWo-TaoHuaCun.xml_15,那就是来了我西厢带路的小红娘。,5078190.7827931624,0.0
daxp-FeiShiWo-TaoHuaCun.xml_8,你不要高声不要嚷，,5118212.1695093382,0.0
daeh-ZaoBuXing-HeHouMaDian.xml_5,贼好比曹阿瞒半点不差，,5124004.4457670357,0.0
daeh-LiYanFei-DaBaoGuo.xml_1,文站东武列西朝贺哀家。,5134994.1251179138,0.0
daeh-SunShangXiang-BieHuangGong.xml_5,又谁知弄假成真反配凤鸾。,5137811.391179217,0.0
daxp-XiRiLi-LongFengChengXiang.xml_2,暗地堪笑奴兄长，,5152361.4142465247,0.0
daxp-DuiLingHua-BiYuZan.xml_2,果然是成佳偶两心欢恋，,5154136.8657718915,0.0
daxp-DangRiLi-SuoLinNang.xml_17,红珊瑚碧翡翠样样倶全。,5157671.9456340633,0.0
daxp-XiRiLiang-LongFengChengXiang.xml_2,暗地堪笑我兄长，,5165545.4328158759,0.0
daxp-ErTingDe-SuoLinNang.xml_2,莫不是夫郎丑难谐女貌，,5166523.3284149589,0.0
daxp-DiTouLi-NvQiJie.xml_4,哪一位去往南京转，,5168951.2826492377,0.0
daeh-ZiNaRi-ErJinGong.xml_3,太师爷一心心想篡龙楼。,5209543.2736945348,0.0
daxp-XiRiLi-LongFengChengXiang.xml_5,纵有大事料无妨。,5226296.964696818,0.14285714285714285
daxp-FeiShiWo-TaoHuaCun.xml_1,只怪你呆头呆脑慌慌张张。,5258401.9272207581,0.0
daeh-XiaoNuCai-SanNiangJiaoZi.xml_3,等候了你妻子同见阎罗。,5264890.1416939804,0.0
daeh-WuDuanQiao-BiYuZan.xml_1,薄命自伤怨红颜。,5383640.0700014466,0.0
daxp-DangRiLi-SuoLinNang.xml_10,于归日理应当喜形于面，,5428770.6534116166,0.2857142857142857
daxp-DangRiLi-SuoLinNang.xml_5,隔帘儿我也曾侧目偷观。,5434529.821119885,0.0
sdxp-WoHeNi-SiLangTanMu.xml_31,一夜之间你怎能回还。,5434643.5386760524,0.14285714285714285
daxp-ErDeFu-HongNiGuan.xml_0,儿的父为国家阵前命丧，,5437566.9328521946,0.0
daxp-ChunQiuTing-SuoLinNang.xml_28,这都是神话凭空造，,5453953.4712163825,0.0
daxp-ChunQiuTing-SuoLinNang.xml_14,莫不是夫郎丑难谐女貌？,5463257.8669386441,0.0
daxp-MengJunZi-ChunQiuPei-1.xml_5,莫奈何到荒郊我就来捡芦花。,5516793.6002368694,0.0
daxp-ErTingDe-SuoLinNang.xml_4,叫梅香你把那好言相告，,5554181.2395521477,0.0
daxp-LaoDieDie-DaYuShaJia-1.xml_1,到叫我桂英儿挂在心头；,5573357.3137252172,0.0
daxp-ChunQiuTing-SuoLinNang.xml_19,满腹骄矜顿雪潇，,5588101.5339183621,0.0
daxp-QiaoLouShang-HuangShanLei.xml_0,谯楼上二更鼓声声送听，,5590302.9280497106,0.0
daxp-ErTingDe-SuoLinNang.xml_6,梅香说话好颠倒，,5590682.9905705284,0.0
daeh-ZiNaRi-ErJinGong.xml_1,独坐在寒宫院闷闷悠悠。,5592176.8271549195,0.0
daxp-LaoDieDie-YuZhouFeng.xml_0,老爹爹发恩德将本修上，,5607267.1735828612,0.0
daxp-QiaoLouShang-HuangShanLei.xml_11,又思来又想去越不安宁。,5655771.7597891949,0.0
daeh-LiYanFei-DaBaoGuo.xml_9,压定了文武臣均要画押。,5673949.3903596811,0.0
daxp-ChunQiuTing-SuoLinNang.xml_31,积德才生玉树苗，,5675266.4725364828,0.14285714285714285
daxp-LaoDieDie-SanJiZhang-1.xml_2,父休笑薛平贵是花郎模样，,5696359.0247215349,0.0
dldeh-ShouBiPo-ChunQiuPei.xml_2,病恹恹身无力难以挣扎。,5711951.199885644,0.0
daeh-ZaoBuXing-HeHouMaDian.xml_7,贼好比那司马师搅乱中华。,5720707.4134351471,0.0
daxp-DuiLingHua-BiYuZan.xml_0,对菱花暗地里芳心自转，,5722474.1754475962,0.0
daxp-QiaoLouShang-HuangShanLei.xml_14,我不免唤琏儿到街前探问，,5777789.3753978014,0.0
daeh-ZiNaRi-ZhuangYuanMei-1.xml_7,帝王家深宫院似水流年。,5781385.1599704707,0.0
daxp-DangRiLi-SuoLinNang.xml_1,霎时间日色淡似坠西山。,5786880.8354667984,0.14285714285714285
daxp-SuSanLi-NvQiJie.xml_3,过往的君子听我言。,5788795.6633603321,0.0
daxp-ChunQiuTing-SuoLinNang.xml_11,必有隐情在心潮。,5789728.1331948983,0.14285714285714285
daxp-WoZhuYe-SiLangTanMu.xml_2,众卿随忙挂点亲率官员，,5801499.3298572209,0.0
daxp-SuSanLi-NvQiJie.xml_5,与我那三郎把信传。,5823806.2258286746,0.0
daeh-WangChunE-SanNiangJiaoZi.xml_5,每日里在书房苦读圣贤。,5829504.9865821376,0.14285714285714285
daxp-ChunQiuTing-SuoLinNang.xml_7,世上何尝尽富豪，,5839759.5011590244,0.14285714285714285
daeh-ZiNaRi-ErJinGong.xml_10,耳边厢又听得朝靴响亮，,5847487.2496308628,0.0
daeh-ZiNaRi-ErJinGong.xml_7,看一看不觉到八月中秋。,5858840.3194163172,0.0
sdeh-WenSanNiang-SanNiangJiaoZi.xml_4,背转身来哭嚎啕。,5860546.0347061167,0.0
daxp-DangRiLi-SuoLinNang.xml_2,在轿中只觉得天昏地暗。,5870754.5237067631,0.0
daeh-ZiNaRi-ZhuangYuanMei-1.xml_11,但愿得杨六郎心如石坚，,5880630.0244160471,0.0
daxp-ChunQiuTing-SuoLinNang.xml_33,救她饥渴胜琼瑶。,5891653.9773313245,0.0
sdxp-SuLongWei-WuJiaPo.xml_29,府内金银堆如山。,5891986.020785844,0.0
daxp-ChenSanLiang-ChenSanLiangPaTang.xml_0,陈三两在大堂把话云，,5893215.1469238428,0.0
daxp-ChunQiuTing-SuoLinNang.xml_16,叫梅香你把那好言相告，,5935184.9584397674,0.0
daxp-FeiShiWo-TaoHuaCun.xml_3,关系你患难鸳鸯永宿在池塘。,5955933.5175514426,0.0
daxp-QiaoLouShang-HuangShanLei.xml_2,对孤灯思远道心神不定，,5969701.3312987722,0.0
daxp-LaoDieDie-DaYuShaJia-2.xml_0,老爹爹清晨起前去出首，,5975007.002421421,0.0
daxp-QiaoLouShang-HuangShanLei.xml_13,果然是晓鸡唱天已黎明。,5976041.9712676862,0.0
daxp-LaoDieDie-SanJiZhang-2.xml_3,这样人得了志比父还强。,5976354.3338397415,0.0
daxp-ErTingDe-SuoLinNang.xml_26,这都是神话凭空造，,5981832.0989141352,0.0
daxp-ChunQiuTing-SuoLinNang.xml_5,为何鲛珠化泪抛？,5985985.5357039031,0.0
daeh-WuDuanQiao-BiYuZan.xml_5,满腹冤屈向谁言。,6000015.8876032503,0.0
daxp-LaoDieDie-YuZhouFeng.xml_4,老爹爹在朝中官高爵显，,6014825.6933041867,0.0
daxp-DangRiLi-SuoLinNang.xml_11,为什么悲切切哭得可怜。,6018599.4141145376,0.0
daeh-NuZiYou-TouJunBieYao.xml_0,奴自幼在闺阁娇生惯养，,6050035.3657243922,0.14285714285714285
daeh-LiYanFei-ErJinGong.xml_1,想起了朝中事好不惨伤！,6078685.8538219994,0.0
daeh-WangChunE-SanNiangJiaoZi.xml_1,想起了我老爷好不惨然。,6086468.2074835142,0.0
daeh-WuDuanQiao-BiYuZan.xml_3,落得孤身病恹恹。,6088989.3545787018,0.0
daxp-ErTingDe-SuoLinNang.xml_5,问那厢因何故痛哭无聊？,6114694.4637842337,0.0
daeh-ZaoBuXing-HeHouMaDian.xml_9,只骂得贼昏王扭转身驱、闭目合晴、羞羞惭惭一语不发，,6119622.5102536678,0.0
daeh-NuZiYou-TouJunBieYao.xml_1,为薛郎我父女断绝情长。,6119799.1011700006,0.0
daxp-LaoDieDie-SanJiZhang-2.xml_0,老爹爹请息怒容儿细讲，,6133459.8278077338,0.0
daxp-WoDeNiang-XinAnYi.xml_3,却原来母亲到儿未知情。,6147412.3098750338,0.0
daeh-NaRiFeng-YuanXiaoMi.xml_6,我今绝少人生趣，,6152775.857453621,0.14285714285714285
daeh-WangChunE-SanNiangJiaoZi.xml_3,老薛保好一似浪里舟船。,6174604.0997467646,0.0
daxp-MengJunZi-ChunQiuPei-1.xml_0,蒙君子至殷勤再三问话，,6184045.7909450196,0.0
daxp-ChunQiuTing-SuoLinNang.xml_23,他为饥寒我为娇。,6221958.9397799382,0.0
sdxp-DangNianHan-SanJiZhang.xml_14,在六国封相人上人。,6230544.6090513328,0.0
daxp-TingTaYan-ZuoGong.xml_7,不知者不怪罪你的海量放宽。,6283098.5987967756,0.0
daeh-SunShangXiang-BieHuangGong.xml_7,阿斗儿行中途被子龙追还。,6291638.8342161486,0.0
daxp-DangRiLi-SuoLinNang.xml_21,换衣食也够她生活几年。,6304169.0190483518,0.14285714285714285
daxp-ErTingDe-SuoLinNang.xml_11,难免怀疑在心梢。,6308746.0517444042,0.0
daxp-TingTaYan-ZuoGong.xml_2,原来是杨家将把名姓改换，,6327097.1897043502,0.0
sdxp-DangNianHan-SanJiZhang.xml_16,难道说文官他就不丧身？,6339392.7367529264,0.0
daxp-FeiShiWo-TaoHuaCun.xml_14,倘若是你响她也响，,6345250.9790481115,0.0
daxp-LaoDieDie-SanJiZhang-1.xml_0,老爹爹请息（呀）怒容儿细讲，,6379797.8178016674,0.0
dldeh-ShouBiPo-ChunQiuPei.xml_3,奴好比花未开风吹雨打，,6401876.6375393961,0.0
daeh-TanHongYan-HuoXiaoYu.xml_4,枕边泪（呀）共（那）阶前雨，,6403250.8558539832,0.0
daxp-QiaoLouShang-HuangShanLei.xml_5,猛听得窗儿外似有人行。,6408588.5207092017,0.14285714285714285
daeh-CanQiQi-WuLongZuo.xml_0,惨凄凄唤苍天天不应响，,6409891.955312388,0.0
daeh-NaRiFeng-YuanXiaoMi.xml_7,不如早死命归西。,6458948.839673318,0.0
daeh-LiYanFei-DaBaoGuo.xml_3,各国的众王侯朝贺中华。,6485401.9118226664,0.0
daxp-NiDeFu-FenHeWan.xml_1,全仗你打雁养娘亲，,6503454.894405392,0.0
daeh-WuDuanQiao-BiYuZan.xml_0,无端巧计将人陷，,6517386.7940729801,0.0
daxp-ChenSanLiang-ChenSanLiangPaTang.xml_5,最可恨鸨儿叫我接客人。,6535052.6604334963,0.0
daeh-WuDuanQiao-BiYuZan.xml_7,又怕丑名误流传。,6565440.9779074881,0.0
daxp-LaoDieDie-DaYuShaJia-1.xml_0,老爹爹清晨起前去出前，,6573934.4019415276,0.0
daeh-ZiNaRi-ZhuangYuanMei-2.xml_4,这桩事闷得我柔肠百转，,6581398.9579026578,0.0
daeh-CanQiQi-WuLongZuo.xml_1,叹红颜多薄命父母双亡。,6657769.8461460639,0.0
sdxp-SuLongWei-WuJiaPo.xml_27,三人对面（就）说分明。,6667661.5238363342,0.0
daxp-LaoDieDie-YuZhouFeng.xml_5,却为何贪富贵不顾羞惭。,6678779.8521762136,0.0
daxp-SuSanLi-NvQiJie.xml_7,来生变犬马我当报还！,6690691.234919955,0.2857142857142857
dldeh-ShouBiPo-ChunQiuPei.xml_1,受逼迫去捡柴泪如雨下，,6696477.3452340309,0.0
daxp-LaoDieDie-DaYuShaJia-2.xml_3,等候了爹爹回细问根由。,6698275.6186612006,0.0
daeh-ZiNaRi-ErJinGong.xml_0,自那日与徐杨决裂以后，,6700590.0325921914,0.14285714285714285
daeh-NaRiFeng-YuanXiaoMi.xml_0,那日风波平地起，,6710876.0519401068,0.14285714285714285
daxp-TingTaYan-ZuoGong.xml_3,他思家乡想骨肉就不能团圆。,6725841.237103004,0.0
daeh-SunShangXiang-BieHuangGong.xml_6,回荆州未三载诓我回转，,6765875.5939799119,0.0
daxp-ChunQiuTing-SuoLinNang.xml_3,想必是新婚渡鹊桥，,6769804.0345674269,0.0
sdxp-SuLongWei-WuJiaPo.xml_31,命人送到（那）西凉川。,6786027.0533859674,0.0
sdxp-SuLongWei-WuJiaPo.xml_43,落得个孝子的名儿在那天下传。,6831251.7413860094,0.0
daeh-XiaoNuCai-SanNiangJiaoZi.xml_0,小奴才他一言问住我，,6833264.8020798285,0.0
daxp-ChunQiuTing-SuoLinNang.xml_25,安他半世凤凰巢。,6840909.362775676,0.0
daxp-ErTingDe-SuoLinNang.xml_23,安她半世凤凰剿。,6840909.362775676,0.0
daeh-CanQiQi-WuLongZuo.xml_3,担几肩头晕转体若筛糠。,6846176.1324141035,0.0
daeh-ZiNaRi-ZhuangYuanMei-2.xml_11,但愿得杨六郎心如石坚。,6861452.6264413921,0.0
daeh-WangChunE-SanNiangJiaoZi.xml_0,王春娥坐草堂自思自叹，,6865277.3803054476,0.0
daeh-LiYanFei-DaBaoGuo.xml_0,李艳妃设早朝龙书案下，,6902217.8918542061,0.0
daxp-DangRiLi-SuoLinNang.xml_9,她泪自弹、声续断、似杜鹃、啼别院、巴峡哀猿动人心弦，好不惨然。,6959083.8080486218,0.0
daxp-XiShiNv-XiShi.xml_1,难得有开怀事常锁双眉。,6989498.9617304457,0.14285714285714285
daeh-SunShangXiang-BieHuangGong.xml_8,恨只恨我兄长把事错办，,7021494.7613495281,0.0
daxp-QiaoLouShang-HuangShanLei.xml_9,看娇儿正酣睡恐被风侵。,7024816.5388481161,0.0
daeh-SunShangXiang-BieHuangGong.xml_2,遭不幸父王爷把驾来晏，,7035776.0885801418,0.0
daeh-ZiNaRi-ZhuangYuanMei-1.xml_1,行不安坐不宁情态缠绵。,7049597.6114819283,0.0
sdxp-SuLongWei-WuJiaPo.xml_42,买绫罗、做衣衫、买白纸、糊白幡、打首饰、做妆奁，,7055969.6797639374,0.0
daxp-DiTouLi-NvQiJie.xml_7,来生变犬马我当报还。,7087741.8651800416,0.2857142857142857
dldeh-ShouBiPo-ChunQiuPei.xml_7,全（呐）不顾你身有病气力不佳。,7106524.9106638776,0.14285714285714285
sdxp-DangNianHan-SanJiZhang.xml_12,登台拜帅天下闻。,7116563.5500835013,0.0
daeh-LiYanFei-DaBaoGuo.xml_8,赐你的上方剑朝房问话，,7125520.5495697418,0.0
sdxp-SuLongWei-WuJiaPo.xml_33,家人小厮有万千。,7130121.7987541296,0.14285714285714285
daxp-FeiShiWo-TaoHuaCun.xml_10,不但要仔细听、还要仔细想，,7131440.6392225493,0.0
daeh-ZiNaRi-ZhuangYuanMei-1.xml_15,愿天下从此后国泰民安。,7142395.5034792712,0.0
daeh-ZaoBuXing-HeHouMaDian.xml_10,只骂得贼昏王无言对答。,7154163.3355019195,0.0
daeh-TanHongYan-HuoXiaoYu.xml_0,叹红颜薄命前生就，,7157489.5618433226,0.14285714285714285
daeh-ZuoChunGui-XiShi.xml_0,坐春闺只觉得光明似箭，,7158372.4996631155,0.0
daeh-ZuoChunGui-XiShi.xml_2,奴这里心中痛玉颜清减，,7160878.367354258,0.0
sdxp-SuLongWei-WuJiaPo.xml_37,欺奴犹如欺了天。,7199997.3843861623,0.0
daeh-LiYanFei-ErJinGong.xml_0,李艳妃坐昭阳自思自想，,7207201.9254009668,0.0
daxp-LaoDieDie-SanJiZhang-1.xml_3,贫穷人得了志比富还强。,7208228.5168809993,0.0
daeh-LiYanFei-DaBaoGuo.xml_2,太师爷奏一本进贡年下，,7238082.6123279463,0.0
daeh-LiYanFei-ErJinGong.xml_2,耳边厢又听得朝靴响亮，,7260292.0860980097,0.0
daxp-ErTingDe-SuoLinNang.xml_19,谁能移动它半分毫。,7276672.903981043,0.0
daxp-DiTouLi-NvQiJie.xml_5,与我那三郎把信传。,7297371.69497931,0.0
daeh-WuDuanQiao-BiYuZan.xml_6,一心早想寻短见，,7302222.799197305,0.0
daeh-ZaoBuXing-HeHouMaDian.xml_8,只骂得贼昏王装聋作哑，,7330388.9279580805,0.0
daxp-LaoDieDie-YuZhouFeng.xml_2,倘若是有道君皇恩浩荡，,7332301.3590599466,0.14285714285714285
daxp-NiDeFu-FenHeWan.xml_3,不等到日落及早回程。,7386679.6545264181,0.14285714285714285
daxp-ErDeFu-HongNiGuan.xml_7,又恐怕众将官说短论长。,7405766.5787625788,0.0
daxp-MengJunZi-ChunQiuPei-1.xml_4,在家中受不过继母拷打，,7458248.4658327317,0.0
daeh-ZuoRiGong-TaiZhenWaiChuan.xml_1,有谁知一时错被逐宫廷。,7479097.1123762019,0.14285714285714285
sdxp-SuLongWei-WuJiaPo.xml_41,与你娘做一个安家钱。,7505387.2388051311,0.0
daeh-TanHongYan-HuoXiaoYu.xml_5,隔着窗儿点滴不休。,7524870.8482322749,0.0
daeh-ZiNaRi-ErJinGong.xml_9,想起了老王爷好不惨伤。,7541806.9476883356,0.0
daeh-LiYanFei-DaBaoGuo.xml_4,将江山让太师权且代贺，,7546265.9460615059,0.0
daxp-QiaoLouShang-HuangShanLei.xml_4,到三更真个是月明人静，,7554310.6172613148,0.0
daxp-DuiLingHua-BiYuZan.xml_3,也算得人世间美满姻缘。,7587871.10179218,0.0
daxp-ChunQiuTing-SuoLinNang.xml_2,在隔帘只见这一花轿，,7593952.8039142136,0.0
daeh-ZuoRiGong-TaiZhenWaiChuan.xml_0,昨日宫中何等宠幸，,7620538.5756121678,0.14285714285714285
daxp-XiShiNv-XiShi.xml_5,对清溪时照影自整罗农。,7623588.5210996177,0.0
daeh-ZiNaRi-ZhuangYuanMei-2.xml_1,行不安坐不宁情态缠绵。,7628801.1959998338,0.0
daxp-DangRiLi-SuoLinNang.xml_0,当日里好风光忽觉转变，,7637257.7903441684,0.2857142857142857
daxp-QiaoLouShang-HuangShanLei.xml_7,原来是秋风起扫叶之声。,7660435.9636667501,0.14285714285714285
daeh-WuDuanQiao-BiYuZan.xml_2,独处闺房愁无限，,7684592.5419697277,0.0
daeh-SunShangXiang-BieHuangGong.xml_1,想起了已往事心内痛酸。,7691618.9330343055,0.0
daeh-ZiNaRi-ZhuangYuanMei-2.xml_9,宋天子主婚姻此事成全。,7719282.9003303247,0.0
daeh-ZiNaRi-ErJinGong.xml_6,徐小姐把守在宫门口，,7762030.3490960663,0.0
daxp-NiDeFu-FenHeWan.xml_2,把弓带和鱼镖与儿带定，,7765257.6020976258,0.0
daeh-ZiNaRi-ErJinGong.xml_5,竟把我孤儿寡母当做了马牛。,7822545.3463343065,0.14285714285714285
daeh-SunShangXiang-BieHuangGong.xml_0,孙尚香坐宫院自思自叹，,7860295.013893459,0.0
daeh-ZiNaRi-ErJinGong.xml_8,李艳妃坐昭阳自思自想，,7886049.8676070767,0.0
daeh-WangChunE-SanNiangJiaoZi.xml_6,将身儿来至在机房织绢，,7896292.7589065703,0.0
sdeh-WenSanNiang-SanNiangJiaoZi.xml_3,老薛保你不必苦哀告，,7914989.1110386821,0.0
daxp-ChunQiuTing-SuoLinNang.xml_21,谁能移动他半分毫。,7937249.9986275611,0.0
daeh-ZuoRiGong-TaiZhenWaiChuan.xml_3,但不知何日里再沐圣明。,7953501.3888433175,0.14285714285714285
daeh-ZiNaRi-ZhuangYuanMei-1.xml_9,宋天子主婚姻此事成全。,7980805.7050418779,0.0
sdeh-WenSanNiang-SanNiangJiaoZi.xml_6,又谁知平白的闪跌一跤。,7982620.7826560745,0.0
daeh-ZuoRiGong-TaiZhenWaiChuan.xml_2,思想起从前事心中悔恨，,7995645.4047899507,0.0
daeh-XiaoNuCai-SanNiangJiaoZi.xml_4,怒气不息在机房闷坐，,7997131.6483726427,0.0
daxp-LaoDieDie-DaYuShaJia-2.xml_1,倒叫我桂英儿挂在心头。,8072819.5242659058,0.0
daeh-ZiNaRi-ZhuangYuanMei-2.xml_7,帝王家深宫怨似水流年。,8181602.8070294969,0.0
daxp-TingTaYan-ZuoGong.xml_4,我这里走向前再把礼见，,8215855.289435124,0.0
daxp-DangRiLi-SuoLinNang.xml_14,急切里想起了锁麟囊一（呀）件，,8226685.7738914192,0.0
sdxp-SuLongWei-WuJiaPo.xml_35,打板子、上夹棍、丢南牢、坐监禁、管叫你思前容易退后难。,8228603.2911409708,0.0
daxp-DiTouLi-NvQiJie.xml_3,过往的君子听我言。,8260730.3246617168,0.0
daxp-WoZhuYe-SiLangTanMu.xml_0,我主爷金沙滩早把命丧，,8320849.4267697223,0.0
daeh-ZiNaRi-ErJinGong.xml_13,我只得怀抱太子两泪汪汪口口声声哭的是先王！,8348706.4219646556,0.0
daeh-WangChunE-SanNiangJiaoZi.xml_4,薛倚儿他好比无弓之箭，,8374178.2405012157,0.14285714285714285
daeh-LiYanFei-DaBaoGuo.xml_6,写文约我且把玉玺打下，,8436877.5983797871,0.0
daxp-FeiShiWo-TaoHuaCun.xml_17,听我的号令上战场。,8483042.332731273,0.0
daxp-ChunQiuTing-SuoLinNang.xml_1,何处悲声破寂寥。,8596501.8588425759,0.0
sdxp-WoHeNi-SiLangTanMu.xml_32,适才叫咱盟誓愿，,8607485.7403671816,0.0
daxp-FeiShiWo-TaoHuaCun.xml_4,已然错请生波浪，,8618819.8515317328,0.14285714285714285
daxp-ErTingDe-SuoLinNang.xml_14,休要噪且站了，,8629570.9327031244,0.0
daxp-WoZhuYe-SiLangTanMu.xml_5,阅兵书看何人前来何安。,8718080.9842578545,0.0
daxp-XiShiNv-XiShi.xml_2,只为着守清寒柴门近水，,8760584.8070221674,0.0
daxp-MengJunZi-ChunQiuPei-2.xml_3,我爹爹名姜绍贸易天涯。,8810377.4031913597,0.0
daeh-CanQiQi-WuLongZuo.xml_2,千金休哪曾受磨房景况，,8908565.7811918482,0.0
daeh-ZiNaRi-ZhuangYuanMei-1.xml_3,乱军中多亏他救我回还。,8914362.259140972,0.0
daeh-TanHongYan-HuoXiaoYu.xml_2,薄幸冤家音信无有，,8921631.432259446,0.14285714285714285
daxp-ErTingDe-SuoLinNang.xml_24,忙把梅香低声叫，,8926886.3193820827,0.0
daxp-ChenSanLiang-ChenSanLiangPaTang.xml_2,我本是被骗进的富春院，,8943243.9997899998,0.0
daeh-LiYanFei-ErJinGong.xml_5,我只得怀抱太子两泪汪汪口口声声哭的是先王。,8943687.143837532,0.0
daeh-SunShangXiang-BieHuangGong.xml_4,与周郎定巧计把皇叔来骗，,8954314.5630456153,0.0
daxp-DangRiLi-SuoLinNang.xml_3,耳听得风声断，雨声喧，雷声乱，乐声阑珊，人声呐喊，都道说是大雨倾天。,8959492.3249545973,0.0
daxp-XiShiNv-XiShi.xml_4,怕只怕损玉颜姣容自惜，,8961817.7072115205,0.0
sdxp-SuLongWei-WuJiaPo.xml_38,西凉的鞑子将你斩，,8963451.540180929,0.0
daxp-DangRiLi-SuoLinNang.xml_4,那花轿必定是因陋就简，,8973845.8547909074,0.0
daxp-MuQinBu-FengHuanChao.xml_5,活在世上也枉然。,8989529.2433331758,0.0
daeh-ZiNaRi-ZhuangYuanMei-2.xml_15,愿邦家从此后国泰民安。,9056940.1293628514,0.0
daeh-WangChunE-SanNiangJiaoZi.xml_2,春娥女好一此失群孤雁，,9058276.3644163609,0.0
daxp-ErTingDe-SuoLinNang.xml_9,哪有个袖手旁观在壁上瞧。,9099133.9420561902,0.14285714285714285
daxp-MengTingDe-MuiGuiYingGuaShuai.xml_6,番王小丑何足论，,9101280.6129956506,0.0
daxp-DangRiLi-SuoLinNang.xml_12,那时节奴妆奁不下百万，,9114181.8357608654,0.0
daeh-NaRiFeng-YuanXiaoMi.xml_3,我与母亲两分离。,9176738.8135817442,0.0
dldeh-ShouBiPo-ChunQiuPei.xml_4,想亲娘和老父心乱如麻。,9216539.9622828886,0.0
daxp-MengJunZi-ChunQiuPei-1.xml_3,我的父名姜绍贸易天涯。,9254221.7101543136,0.0
daeh-ZaoBuXing-HeHouMaDian.xml_4,贼好比王莽贼称孤道寡，,9261540.4147694465,0.0
daxp-XiRiLi-LongFengChengXiang.xml_4,月老本是乔国丈，,9354849.3902140092,0.0
daeh-ZiNaRi-ErJinGong.xml_12,有一句话儿不好言讲，,9365823.8864653036,0.14285714285714285
daxp-ChunQiuTing-SuoLinNang.xml_26,忙把梅香低声儿叫，,9407326.7341516633,0.0
daeh-ZiNaRi-ZhuangYuanMei-2.xml_3,乱军中多亏他救我回还。,9422794.5913115591,0.0
daeh-ZaoBuXing-HeHouMaDian.xml_0,遭不幸老王爷晏了御驾，,9424689.3441026472,0.0
sdeh-WenSanNiang-SanNiangJiaoZi.xml_5,实指望教训他终身有靠，,9434848.8961698152,0.14285714285714285
daxp-ErTingDe-SuoLinNang.xml_16,听薛良一语来相告，,9578525.8544497974,0.0
dldeh-ShouBiPo-ChunQiuPei.xml_6,你继母心毒狠将你打骂，,9595516.7795988135,0.0
daxp-ErTingDe-SuoLinNang.xml_22,分我一枝珊瑚宝，,9596386.8837630656,0.0
sdxp-DangNianHan-SanJiZhang.xml_13,商鞅不中苏季子，,9596386.8837630656,0.0
daeh-LiYanFei-DaBaoGuo.xml_7,宣太师上金殿披红插花。,9615462.92698697,0.0
daxp-ErDeFu-HongNiGuan.xml_4,清早起我和他一度商量，,9693900.0770150218,0.0
daeh-ZiNaRi-ZhuangYuanMei-2.xml_10,但愿得令公令婆别无意见，,9734813.0891754813,0.0
daeh-ZiNaRi-ZhuangYuanMei-1.xml_13,但愿得八主贤王从中周旋，早成姻眷，扫狼烟，叫那胡儿不敢进犯保叔王锦绣江山。,9758166.7728055734,0.0
daxp-DangRiLi-SuoLinNang.xml_13,怎奈我在轿中赤手空拳。,9788347.1857293751,0.0
daeh-ZiNaRi-ZhuangYuanMei-1.xml_14,愿天下有情人都成姻眷，,9853186.5177902337,0.14285714285714285
daxp-ChunQiuTing-SuoLinNang.xml_18,听薛良一语来相告，,9858408.6066839043,0.0
daxp-DangRiLi-SuoLinNang.xml_15,囊虽小却能做续命泉源。,9879236.4030894563,0.0
daeh-LiYanFei-ErJinGong.xml_4,有几句话儿我不好言讲，,9890399.6851934027,0.14285714285714285
daeh-TanHongYan-HuoXiaoYu.xml_1,美满姻缘付东流。,9955106.979293948,0.0
daeh-NaRiFeng-YuanXiaoMi.xml_4,母女隔断三千里，,9963673.9981688522,0.0
daxp-MengTingDe-MuiGuiYingGuaShuai.xml_0,猛听得金鼓响画角声震，,10003547.802740719,0.0
daeh-ZiNaRi-ZhuangYuanMei-2.xml_13,但愿得八主贤王从中周旋早成美眷、扫狼烟叫那胡儿不敢进犯、保叔王锦锈江山。,10056706.697159572,0.0
daeh-ZaoBuXing-HeHouMaDian.xml_12,搬一把金交椅娘且坐下，,10062368.193432132,0.0
sdxp-SuLongWei-WuJiaPo.xml_39,妻儿老小与奴一般。,10080920.935148636,0.0
daxp-NiDeFu-FenHeWan.xml_0,你的父去投军无音信，,10160356.074257689,0.0
daxp-FeiShiWo-TaoHuaCun.xml_7,桃花村口莫彷徨。,10174335.345800608,0.0
daxp-TingTaYan-ZuoGong.xml_1,十五载到今日才吐真言。,10246056.496878697,0.14285714285714285
daeh-ZiNaRi-ZhuangYuanMei-2.xml_14,愿天下有情人都成姻眷，,10388262.784602419,0.14285714285714285
daeh-ZiNaRi-ZhuangYuanMei-1.xml_0,自那日与六郎姻缘相见，,10391731.767485261,0.14285714285714285
daxp-MengJunZi-ChunQiuPei-2.xml_2,家住在罗郡城魁星楼下，,10499491.319045484,0.0
daxp-ChunQiuTing-SuoLinNang.xml_4,吉日良辰当欢笑，,10549969.739836292,0.2857142857142857
daeh-NaRiFeng-YuanXiaoMi.xml_1,死里逃生甚惨凄。,10594752.982784046,0.14285714285714285
daxp-ErTingDe-SuoLinNang.xml_28,麟儿哪有神送到，,10607504.653322693,0.14285714285714285
daxp-XiShiNv-XiShi.xml_0,西施女生长在苎萝村里，,10619208.668824853,0.14285714285714285
daxp-MengJunZi-ChunQiuPei-2.xml_0,蒙君子至诚心再三问话，,10648417.678684274,0.0
sdxp-WoHeNi-SiLangTanMu.xml_23,咱与你隔南北千里姻缘。,10675563.206908153,0.0
daeh-SunShangXiang-BieHuangGong.xml_9,叹一声不由人珠泪涟涟。,10711243.797639089,0.0
sdxp-SuLongWei-WuJiaPo.xml_28,我父在朝为官宦，,10726013.753158983,0.0
daxp-MengTingDe-MuiGuiYingGuaShuai.xml_3,敌血飞溅石榴裙。,10754681.201852301,0.0
daxp-ChenSanLiang-ChenSanLiangPaTang.xml_4,诗书易礼都学会，,10768202.72940089,0.0
daxp-ChunQiuTing-SuoLinNang.xml_24,分我一枝珊瑚宝，,10858702.769315772,0.0
daxp-ChunQiuTing-SuoLinNang.xml_22,我在不足他正少，,10858702.769315772,0.0
daxp-FeiShiWo-TaoHuaCun.xml_2,今夜晚非比那西厢待月、你懂提防、莫轻狂，,10976082.370039279,0.0
daeh-XiaoNuCai-SanNiangJiaoZi.xml_2,哭一声亡故夫在阴曹等我，,10983506.596933667,0.0
sdxp-WoHeNi-SiLangTanMu.xml_24,因何故终日里愁眉不展，,11102192.029266171,0.14285714285714285
daxp-DangRiLi-SuoLinNang.xml_6,虽然是古青庐以朴为俭，,11150581.315065846,0.0
daxp-LaoDieDie-YuZhouFeng.xml_3,观此本免了儿一门祸殃。,11184140.55703691,0.0
daxp-WoZhuYe-SiLangTanMu.xml_1,众文武扶哀家执掌军房。,11228848.438702622,0.0
daxp-XiRiLi-LongFengChengXiang.xml_3,安排虎计害刘王。,11357452.423831867,0.0
sdxp-WoHeNi-SiLangTanMu.xml_22,讲什么夫妻情恩德不浅，,11397655.268549878,0.0
daxp-ErTingDe-SuoLinNang.xml_20,我正不足她正少，,11412563.087537339,0.0
sdxp-DangNianHan-SanJiZhang.xml_9,当年韩信与苏秦，,11450063.475840598,0.14285714285714285
sdxp-SuLongWei-WuJiaPo.xml_26,你我同把相府进，,11516487.907493297,0.0
daeh-ZiNaRi-ZhuangYuanMei-2.xml_8,幸喜得珍珠衫称心如愿，,11590894.713278094,0.0
daxp-MengJunZi-ChunQiuPei-2.xml_5,因此上到郊外来捡芦花（呀）。,11649763.559079733,0.0
daxp-DuiLingHua-BiYuZan.xml_1,听她言不由人喜上眉尖。,11663689.948991045,0.0
daxp-WoDeNiang-XinAnYi.xml_0,我的娘她忘了女生外姓，,11671401.684707828,0.14285714285714285
daxp-ErDeFu-HongNiGuan.xml_2,奴这里只把那结婚思量，,11688762.01027165,0.0
daxp-WoZhuYe-SiLangTanMu.xml_3,一心心要夺取宋室江山。,11724856.002325764,0.0
daeh-ZaoBuXing-HeHouMaDian.xml_2,把一个皇太子逼死殿下，,11726531.147063622,0.0
daeh-ZiNaRi-ZhuangYuanMei-2.xml_0,自那日与六郎阵前相见，,11772794.062886478,0.14285714285714285
daxp-ErTingDe-SuoLinNang.xml_0,耳听得悲声惨心中如捣，,11869806.235744631,0.0
daxp-SuSanLi-NvQiJie.xml_4,哪一位去往南京转，,11897761.465391351,0.0
daxp-XiRiLi-LongFengChengXiang.xml_0,昔日里梁鸿配孟光，,11934446.443423312,0.14285714285714285
daxp-LaoDieDie-SanJiZhang-2.xml_1,儿命苦怎配着状元才郎？,11979371.156226765,0.0
daxp-QiaoLouShang-HuangShanLei.xml_1,父子们去采药未见回程。,12216625.762123892,0.0
sdxp-SuLongWei-WuJiaPo.xml_24,提起了旁人我不晓，,12297653.881874217,0.0
daxp-ChunQiuTing-SuoLinNang.xml_30,麟儿那有神送到，,12306989.269665644,0.14285714285714285
daxp-QiaoLouShang-HuangShanLei.xml_8,听画鼓报四更愈添凄冷，,12326918.517704995,0.0
daxp-ChunQiuTing-SuoLinNang.xml_12,耳听得悲声惨心中如捣，,12469708.177452458,0.0
daxp-LaoDieDie-YuZhouFeng.xml_1,明早朝上金殿面奏吾皇。,12594286.751003964,0.0
sdxp-DangNianHan-SanJiZhang.xml_20,爹爹为何你要退婚？,12609459.701748572,0.0
sdxp-SuLongWei-WuJiaPo.xml_25,苏龙魏虎是内亲。,12635434.069299066,0.0
daxp-ErDeFu-HongNiGuan.xml_1,撇下了奴一人好不悲凉。,12685988.939907428,0.0
daxp-MengJunZi-ChunQiuPei-1.xml_2,家住在罗郡城魁星楼下，,12691225.047837453,0.0
daxp-DangRiLi-SuoLinNang.xml_7,哪有这短花帘，旧花幔，参差流苏，残破不全。,12733228.305243302,0.14285714285714285
daeh-ZiNaRi-ErJinGong.xml_2,先王爷晏驾后太子年幼，,12734336.910944661,0.0
daxp-XiRiLiang-LongFengChengXiang.xml_0,昔日梁鸿配孟光，,12813297.681797797,0.14285714285714285
sdxp-SuLongWei-WuJiaPo.xml_34,将你带到官衙内，,12864642.665119303,0.0
daxp-MengJunZi-ChunQiuPei-1.xml_1,虽然是男女别不得不答。,12896036.353262061,0.0
daxp-ErDeFu-HongNiGuan.xml_3,倒不如与伯党匹配鸾凰。,12937072.74827281,0.0
daxp-WoHeNi-SangYuanHui.xml_0,我和你有什么夫妻的情，,13043409.528791158,0.14285714285714285
daxp-ChunQiuTing-SuoLinNang.xml_0,春秋亭外风雨暴，,13198637.751129039,0.0
daeh-ZiNaRi-ZhuangYuanMei-1.xml_10,但愿得令公令婆别无异见，,13218317.701294307,0.0
sdxp-WoHeNi-SiLangTanMu.xml_26,你那里休得要巧言舌辨，,13252837.71930676,0.0
daeh-ZiNaRi-ErJinGong.xml_4,他那里父女情全然无有，,13360071.896485666,0.14285714285714285
sdxp-SuLongWei-WuJiaPo.xml_40,这锭银子奴不要，,13442128.298035346,0.0
sdxp-SuLongWei-WuJiaPo.xml_32,我进相府对父言，,13442128.298035346,0.0
daxp-MengJunZi-ChunQiuPei-2.xml_1,虽然是不相识我就不得不答。,13457363.559089903,0.0
sdxp-SuLongWei-WuJiaPo.xml_36,军爷说话理不端，,13508322.258168614,0.0
daxp-ErTingDe-SuoLinNang.xml_15,薛良与我去问一遭。,13542640.636000503,0.0
daxp-XiShiNv-XiShi.xml_3,每日里浣纱去又傍清溪。,13543793.541655406,0.14285714285714285
sdxp-SuLongWei-WuJiaPo.xml_30,本利算来有多少，,13574079.712126922,0.14285714285714285
daxp-TingTaYan-ZuoGong.xml_0,听他言吓得我浑身是汗，,13657407.203249874,0.0
daxp-DangRiLi-SuoLinNang.xml_16,有金珠和珍宝光华灿烂，,13725700.230187805,0.14285714285714285
daxp-XiRiLiang-LongFengChengXiang.xml_3,安排巧计害刘王。,13786526.652483584,0.0
daxp-LaoDieDie-SanJiZhang-2.xml_2,父道那薛平贵是那化郎模样，,13872815.585955467,0.0
sdxp-DangNianHan-SanJiZhang.xml_19,非是女儿言不逊，,13994039.990560204,0.0
daxp-WoDeNiang-XinAnYi.xml_2,这几日身不爽心中烦闷，,14224737.448499493,0.14285714285714285
daxp-QiaoLouShang-HuangShanLei.xml_6,忙移步隔花荫留神听定，,14297073.815888692,0.0
daeh-ZiNaRi-ZhuangYuanMei-2.xml_12,但愿得状元媒月老引线，,14309495.715549508,0.0
daxp-MuQinBu-FengHuanChao.xml_4,人生不知顾脸面，,14324370.889222829,0.14285714285714285
daxp-DiTouLi-NvQiJie.xml_0,低头离了洪洞县，,14482877.661574179,0.0
daxp-ChunQiuTing-SuoLinNang.xml_20,人情冷暖凭天造，,14567226.560449861,0.0
sdxp-WoHeNi-SiLangTanMu.xml_25,有什么心腹事你只管明言。,14756634.1065822,0.14285714285714285
daeh-ZiNaRi-ZhuangYuanMei-1.xml_8,幸喜得珍珠衫称心如愿，,15001968.172591101,0.0
daxp-FeiShiWo-TaoHuaCun.xml_0,非是我嘱咐叮咛把话讲，,15022157.642358555,0.0
sdxp-DangNianHan-SanJiZhang.xml_15,未央宫斩的是韩信，,15165120.010933716,0.0
daeh-ZiNaRi-ZhuangYuanMei-1.xml_6,百姓们闺房乐如花美眷，,15227879.650821339,0.0
daeh-ZaoBuXing-HeHouMaDian.xml_6,贼好比秦赵高指鹿为马，,15270819.024875231,0.0
daxp-MengJunZi-ChunQiuPei-2.xml_4,身有病还受那继母拷打，,15288976.807184387,0.14285714285714285
daxp-ChunQiuTing-SuoLinNang.xml_6,此时却又明白了，,15456174.099326629,0.0
daxp-QiaoLouShang-HuangShanLei.xml_3,不知他在荒山何处安身。,15792333.36666793,0.0
daeh-ZiNaRi-ZhuangYuanMei-2.xml_6,百姓们闺房乐如花美眷，,15817917.133498859,0.0
daxp-ErTingDe-SuoLinNang.xml_18,人情冷暖凭空造，,15858077.669506324,0.0
daxp-SuSanLi-NvQiJie.xml_0,苏三离了洪洞县，,15902085.96557508,0.0
sdxp-DangNianHan-SanJiZhang.xml_17,仙女配的是董永，,15902085.96557508,0.0
daxp-ErTingDe-SuoLinNang.xml_8,怜贫济困是正道，,15996749.466882419,0.0
daxp-ChenSanLiang-ChenSanLiangPaTang.xml_1,公正的老爷细听分明。,16002314.569529826,0.0
sdxp-WoHeNi-SiLangTanMu.xml_30,宋营离此路途远，,16123374.521882076,0.0
daxp-TingTaYan-ZuoGong.xml_5,尊一声驸马爷细听咱言。,16527731.164987402,0.0
daxp-ErTingDe-SuoLinNang.xml_3,莫不是强婚配鸦占鸾巢。,16723690.611411002,0.0
daxp-ChunQiuTing-SuoLinNang.xml_15,莫不是强婚配鸦占鸾巢？,17070694.459957473,0.0
daeh-TanHongYan-HuoXiaoYu.xml_3,啼花泣月在暗里（呀）添愁。,17423820.582118712,0.0
daeh-ZiNaRi-ZhuangYuanMei-1.xml_12,但愿得状元媒月老引线，,17445690.62713505,0.0
daxp-QiaoLouShang-HuangShanLei.xml_10,我不免引寒机伴奴坐等，,20533717.380253062,0.0
daeh-WuDuanQiao-BiYuZan.xml_4,今生若被郎轻贱，,20717191.393030338,0.14285714285714285
daxp-XiRiLi-LongFengChengXiang.xml_1,今朝仙女会襄王。,20728283.509315643,0.0
daxp-LaoDieDie-SanJiZhang-1.xml_1,我立志不嫁那状元才郎。,21820167.530369222,0.0
daxp-ErDeFu-HongNiGuan.xml_6,奴本当把关印付他执掌，,22268262.498129081,0.14285714285714285
daxp-WoDeNiang-XinAnYi.xml_1,奴年交十九岁还守闺门。,23513419.848174252,0.0
daxp-XiRiLiang-LongFengChengXiang.xml_1,今朝仙女会襄王。,24128758.157152005,0.0
daxp-ChenSanLiang-ChenSanLiangPaTang.xml_3,发奋自强日夜读诗文。,26589892.596483272,0.14285714285714285
lsxp-WeiCengKai-QiYuanBao.xml_3,姓刘名安字世昌。,714398334.37871718,0.0
lsxp-ZiCongQian-ZhuLianZhai.xml_0,自从千岁离朝后，,744272609.27822232,0.0
lsxp-ZouYingLong-DaYanSong.xml_8,上面坐的是有道君，,794236566.44360054,0.14285714285714285
sdxp-SuLongWei-WuJiaPo.xml_20,为何来在大道边。,814823566.31676674,0.0
lsxp-WeiCengKai-QiYuanBao.xml_0,未曾开言泪汪汪，,829317956.89913487,0.0
lseh-YiLunMing-WenZhaoGuan-1.xml_35,父母的冤仇化尘烟，,901076200.68281639,0.0
lsxp-YiZhuangZhuang-QunYingHui.xml_0,一桩桩一件件倶已办就，,960404720.63324273,0.0
lseh-XinZhongYou-WenZhaoGuan.xml_19,父母的冤仇化尘烟，,975197679.03129005,0.0
lsxp-LiangGuoJiao-ShiJieTing-1.xml_0,两国交（哇）锋龙虎斗，,1051533815.6828365,0.0
lsxp-DaHeYi-SiLangTanMu.xml_5,弟兄们分别十五春，,1063618254.9629285,0.0
lsxp-JiangShenEr-SanJiaDian.xml_11,儿行千里母担忧。,1075355818.2261527,0.0
lseh-YiLunMing-WenZhaoGuan-1.xml_24,哭一声爹娘不能相见，,1075834889.3111255,0.0
lsxp-WeiCengKai-QiYuanBao.xml_7,借宿一宵起祸殃。,1088218190.593924,0.0
lsxp-LiangGuoJiao-ShiJieTing-1.xml_2,管待三（哪）军要宽厚，,1092189995.7455342,0.0
lsxp-WeiCengKai-QiYuanBao.xml_8,赵大夫妻图财害命害我一命亡，,1113189084.1349266,0.0
sdxp-WoHeNi-SiLangTanMu.xml_19,我若探母不回转，,1115122077.07251,0.0
lseh-XiRiLi-BaoLianDeng.xml_11,留得美名万古存，,1116627709.5516148,0.0
lsxp-CiShiJian-HuaiHeYing-2.xml_0,此时间不可闹笑话，,1136447324.3016462,0.0
lsxp-YiShiWu-YuCangJian.xml_2,日月轮流催晓（哇）箭，,1147022251.8357115,0.14285714285714285
lsxp-QingGongYan-FaDongWu.xml_0,庆功宴上把酒饮，,1164403436.0228822,0.0
lsxp-DaHeYi-SiLangTanMu.xml_1,大喝一声（哪）如雷震，,1201103981.5644221,0.0
sdxp-WoHeNi-SiLangTanMu.xml_11,公主虽然不阻拦，,1225851836.5405455,0.0
lsxp-DaHeYi-SiLangTanMu.xml_17,弟兄对坐叙寒温。,1226768139.5446687,0.0
lsxp-ZuoRiLi-YuanMenZhanZi.xml_4,叫焦赞将宝剑悬挂帐外，,1238441852.2642562,0.0
lsxp-ZheYiFeng-DingJunShan.xml_6,向前各各有赏犒，,1249433560.6184709,0.14285714285714285
lsxp-YiShiWu-YuCangJian.xml_8,实指（喏）望到吴国借兵（呐）转，,1278717770.2501307,0.0
sdxp-SuLongWei-WuJiaPo.xml_22,一马双跨到西凉。,1294401992.906333,0.0
lsxp-WeiCengKai-QiYuanBao.xml_5,贩卖绸缎转还乡。,1312633360.05582,0.0
lsxp-DaHeYi-SiLangTanMu.xml_15,六弟下位把兄认，,1335277871.9658997,0.0
lsxp-DaHeYi-SiLangTanMu.xml_3,迈步且把宝帐（呀）进，,1369192740.3212979,0.0
lsxp-CiShiJian-HuaiHeYing-1.xml_0,此时间不可闹笑话，,1370058108.0933158,0.0
lsxp-YiShiWu-YuCangJian.xml_4,恨平王无道纲常乱，,1371293117.5690897,0.0
lsxp-DaHeYi-SiLangTanMu.xml_29,众将与爷忙掩（哪）门，,1381367852.9463706,0.0
lsxp-YiShiWu-YuCangJian.xml_9,行至在昭关有阻拦。,1409493359.3476274,0.14285714285714285
lsxp-WeiCengKai-QiYuanBao.xml_6,行至在中途把雨降，,1432185743.0972099,0.0
sdxp-WoHeNi-SiLangTanMu.xml_6,有一桩心腹事不敢明言。,1442426365.0786912,0.14285714285714285
sdxp-WoHeNi-SiLangTanMu.xml_18,将身跪在地平川。,1476939666.3242128,0.0
lsxp-JianMaSu-ZhanMaSu.xml_1,不由老夫咬钢牙，,1478021397.9230783,0.0
lseh-NiangZiBu-SouGuJiuGu.xml_13,哀求娘子（喏）舍亲（呐）生。,1490879074.615741,0.14285714285714285
lsxp-JiangShenEr-SanJiaDian.xml_7,舍不得衙役们众班头。,1509283425.4154599,0.0
lseh-YangYanZhao-PengBei.xml_2,迈虎步我且把宝帐来进，,1527153892.185467,0.0
lsxp-DaHeYi-SiLangTanMu.xml_23,本帅开言把他问，,1528799890.5550296,0.0
lseh-XinZhongYou-WenZhaoGuan.xml_8,哭一声爹娘不能相见，,1531214980.2779818,0.0
lseh-XinZhongYou-WenZhaoGuan.xml_1,翻来复去睡不安。,1567861757.7285464,0.0
lsxp-DaHeYi-SiLangTanMu.xml_19,本帅帐中用目睁，,1577887952.8697212,0.0
lseh-XuMaoGong-QinQiongFaPei.xml_3,缘何不救我出笼牢。,1580497492.9551299,0.0
lseh-YiLunMing-WenZhaoGuan-1.xml_17,翻来覆去睡不（哇）安。,1593834341.9043293,0.0
lsxp-JiangShenEr-SanJiaDian.xml_9,舍不得老娘（呃）白了头。,1605346139.9683313,0.0
lsxp-JianMaSu-ZhanMaSu.xml_3,失去了街亭差不差。,1606863904.839433,0.0
lsxp-ZuoRiLi-YuanMenZhanZi.xml_1,老娘亲为什么不讲情来？,1607939860.7044127,0.0
lsxp-QingGongYan-FaDongWu.xml_3,又谁知中途两离分。,1622718221.7621372,0.0
lseh-TuZeiZuo-SouGuJiuGu.xml_2,眼见得忠良无救应，,1622808569.8256872,0.0
sdxp-WoHeNi-SiLangTanMu.xml_2,贤公主又何必过于谦言。,1645545833.6541524,0.0
lseh-XinZhongYou-WenZhaoGuan.xml_5,为何几日他不言，,1667458413.9594674,0.14285714285714285
sdxp-SuLongWei-WuJiaPo.xml_17,买绫罗与绸缎、打首饰和簪环，,1682660684.2980053,0.0
lsxp-LiangGuoJiao-ShiJieTing-2.xml_5,靠山近水把管收。,1683372702.7091334,0.0
lsxp-DaHeYi-SiLangTanMu.xml_20,见一番汉帐中行。,1699149942.224036,0.0
lsxp-ZiGuDao-HuangHeLou.xml_0,自古道吉人有天相，,1706776609.2117023,0.14285714285714285
lsxp-YiZhuangZhuang-QunYingHui.xml_1,请先生到江边即刻登舟。,1711706088.1207352,0.14285714285714285
sdxp-WoHeNi-SiLangTanMu.xml_20,黄沙盖脸尸骨不全。,1724621206.3660893,0.0
sdxp-DangNianHan-SanJiZhang.xml_6,句句话儿伤父心。,1759363346.0179756,0.0
lsxp-DaHeYi-SiLangTanMu.xml_2,杨家将令鬼神惊。,1766021397.6336076,0.0
lseh-YiLunMing-WenZhaoGuan-1.xml_23,你就该把我献与昭关。,1770797096.724251,0.0
lseh-XuMaoGong-QinQiongFaPei.xml_0,徐茂公阴阳多奥妙，,1773019852.7922745,0.0
lsxp-LiangGuoJiao-ShiJieTing-1.xml_5,靠山近水把营收。,1778383057.9697862,0.0
lsxp-YiShiWu-YuCangJian.xml_7,我与奸贼不共戴天！,1783369226.3957,0.0
lseh-JinZhongXiang-ShangTianTai.xml_5,又听得殿角下大放悲声。,1808240959.8869159,0.0
lsxp-CiShiJian-HuaiHeYing-1.xml_5,右手再把栾布拉。,1818024756.1332285,0.0
lsxp-ZouYingLong-DaYanSong.xml_12,罢、罢、罢，暂且忍却我的心头恨，,1821346531.1620758,0.0
lseh-YiLunMing-ZhuoFangCao-1.xml_9,年迈的老丈命（呐）染黄沙。,1829334605.77156,0.0
lsxp-LiangGuoJiao-ShiJieTing-2.xml_2,管带三（呐）军要宽厚，,1850460086.5689635,0.0
lseh-LaoZhangBu-WuPenJi.xml_5,抓一（呀）把沙土扬灰尘。,1864329753.3761456,0.0
lseh-YiLunMing-ZhuoFangCao-1.xml_5,杀猪（喏）沽（哇）酒款待于他，,1865818449.508934,0.0
lseh-XinZhongYou-WenZhaoGuan.xml_7,你就该把我献与昭关。,1867904743.8769867,0.0
sdxp-WoHeNi-SiLangTanMu.xml_8,我的娘押粮草来到北番。,1874126827.6258016,0.0
lseh-YiLunMing-ZhuoFangCao-1.xml_7,拔出剑将他的满门杀，,1874717697.1081724,0.0
lseh-XuMaoGong-QinQiongFaPei.xml_4,是是是（呀）来我明白了，,1882424001.9167838,0.0
lsxp-WeiCengKai-QiYuanBao.xml_9,望求太爷与我作主张（啊）。,1887566440.5868738,0.0
lsxp-ZuoRiLi-YuanMenZhanZi.xml_0,昨日里斩八将头挂营外，,1889640792.034652,0.14285714285714285
lsxp-LiangGuoJiao-ShiJieTing-2.xml_0,两国交锋龙虎斗，,1904663363.5620012,0.0
sdxp-WoHeNi-SiLangTanMu.xml_14,见母一面即刻还。,1914310326.5274088,0.0
sdxp-SuLongWei-WuJiaPo.xml_21,为军起下不良的意呀，,1919874730.06464,0.0
lseh-XuMaoGong-QinQiongFaPei.xml_1,文韬武略智谋高。,1927070074.8782258,0.0
lseh-YiLunMing-WenZhaoGuan-1.xml_21,为何几日他不言。,1935579301.9302623,0.14285714285714285
lseh-NiangZiBu-SouGuJiuGu.xml_12,无奈何我只得双（呃）膝跪，,1975056072.5953062,0.0
lseh-YiLunMing-WenZhaoGuan-1.xml_34,寻短（哪）哎见爹娘（兀）！,1982245147.6848166,0.0
lsxp-LiangGuoJiao-ShiJieTing-1.xml_4,此一番领兵去镇守，,1991091902.5108221,0.0
sdxp-DangNianHan-SanJiZhang.xml_2,未央宫斩的是何人？,1992576521.5641096,0.0
lsxp-DaHeYi-SiLangTanMu.xml_4,上面（哪）坐的同胞人。,1997575547.973166,0.0
lsxp-DaHeYi-SiLangTanMu.xml_31,走上前来忙松捆，,2005561278.6873734,0.0
lsxp-ZiCongQian-ZhuLianZhai.xml_5,望千岁恕学生礼貌不周。,2021155361.3339756,0.14285714285714285
lsxp-DaHeYi-SiLangTanMu.xml_26,要见本帅为何情？,2028271396.0205081,0.0
lsxp-JiangShenEr-SanJiaDian.xml_5,因此上发配到登州。,2048384307.5584898,0.0
lseh-YiLunMing-WenZhaoGuan-1.xml_7,夜夜何曾得安眠。,2052732782.3341966,0.0
lseh-YiLunMing-WenZhaoGuan-2.xml_7,夜夜何曾得安眠。,2052732782.3341966,0.0
lseh-YiLunMing-ZhuoFangCao-1.xml_23,我岂肯放虎归山又（哇）把人抓。,2053902579.8545923,0.0
lseh-ZiNaRi-HongYangDong.xml_3,那乃是萧天佐以（呀）假成真；,2060284984.6051075,0.0
lseh-YiLunMing-ZhuoFangSuDian.xml_9,年迈的老丈命（呐）染黄沙。,2063400614.4847624,0.0
lseh-XinZhongYou-WenZhaoGuan.xml_3,叫人难解巧机关。,2075918364.502032,0.0
lsxp-DaHeYi-SiLangTanMu.xml_14,失落番邦被贼擒。,2104919601.3655353,0.0
sdxp-WoHeNi-SiLangTanMu.xml_3,杨廷辉有一日愁眉得展，,2137328456.9201963,0.2857142857142857
lseh-NiangZiBu-SouGuJiuGu.xml_0,娘子不（哇）必太烈性，,2141648474.2322698,0.0
lsxp-WoZhuYe-ZhuiHanXin.xml_9,我也曾约法定过三章。,2159853302.3723826,0.0
lsxp-ZheYiFeng-DingJunShan.xml_0,这一封（呃）书信来得巧，,2169682879.9135671,0.0
lsxp-CiShiJian-HuaiHeYing-1.xml_2,在长安是你夸大话，,2170879773.3614159,0.0
lsxp-ZiGuDao-HuangHeLou.xml_2,曾记得当年赴河梁，,2172808452.1317778,0.14285714285714285
lseh-NiangZiBu-SouGuJiuGu.xml_8,你今舍了亲生子，,2178813682.5710292,0.14285714285714285
sdxp-WoHeNi-SiLangTanMu.xml_9,我有心回宋营见母一面，,2183025812.2230353,0.14285714285714285
lsxp-ZhangGongDao-ZhuangYuanPu.xml_0,张公道三十五六（哇）子有靠，,2195917320.5960312,0.14285714285714285
lseh-TuZeiZuo-SouGuJiuGu.xml_0,屠贼做事心太狠，,2221271166.200315,0.0
lsxp-JianMaSu-ZhanMaSu.xml_0,见马谡（唩）跪帐下，,2224913773.8522458,0.0
lseh-XinZhongYou-WenZhaoGuan.xml_18,寻短（呃）哎见爹娘（呃）。,2250036874.3840165,0.0
lsxp-HenPingWang-WenZhaoGuan.xml_3,满门的家着血染红。,2260165640.8348017,0.0
lsxp-DaHeYi-SiLangTanMu.xml_6,怎知今日回宋营。,2261959825.2036061,0.14285714285714285
lseh-JinZhongXiang-ShangTianTai.xml_3,武仗着姚皇兄保定乾坤。,2266701901.2746701,0.0
lseh-NiangZiBu-SouGuJiuGu.xml_9,来年必定降麒麟。,2267744294.1170464,0.0
lsxp-ZouYingLong-DaYanSong.xml_13,在品级台（呀）前臣见君。,2268543383.2514091,0.0
lsxp-YiShiWu-YuCangJian.xml_0,一事无成两鬓斑，,2269923188.9637694,0.0
lseh-YiLunMing-ZhuoFangCao-2.xml_9,年迈老丈命染黄沙。,2311471810.8416758,0.0
lseh-YiLunMing-WenZhaoGuan-1.xml_19,叫人难解巧机关，,2313552855.4677978,0.0
sdxp-SuLongWei-WuJiaPo.xml_8,为军哪怕到官前。,2320386066.4791055,0.0
lseh-YiLunMing-WenZhaoGuan-1.xml_36,对天发不宏誓愿，,2326626883.8678069,0.0
sdxp-SuLongWei-WuJiaPo.xml_7,大嫂说话礼不端，,2335653160.5360456,0.0
lsxp-TingTaYan-ZhuoFangCao-2.xml_1,背转身自埋怨我自（呃）已做差。,2335994029.903039,0.0
lsxp-TingTaYan-ZhuoFangCao-1.xml_1,背转身只埋怨我自（呃）己作差，,2335994029.903039,0.0
lsxp-ZouYingLong-DaYanSong.xml_11,我本当金（哪）殿奏一本怎奈我官卑职小不能够参大臣。,2337515701.3186226,0.14285714285714285
lsxp-CiShiJian-HuaiHeYing-1.xml_4,左手拉住了李左车，,2342131433.1596637,0.0
lsxp-WoBenShi-KongChengJi-1.xml_3,算就了汉家的业鼎足哇三分。,2355702666.643683,0.0
lseh-XinZhongYou-WenZhaoGuan.xml_20,对天发下宏誓愿，,2377819425.9284821,0.0
sdxp-WoHeNi-SiLangTanMu.xml_7,萧天佐摆天门两国交战，,2388158739.4328222,0.0
lsxp-ZouYingLong-DaYanSong.xml_6,我劝顽童你休流泪，免悲声，邹老爷就是尔的报仇人。,2408749200.9783068,0.0
lsxp-WoBenShi-KongChengJi-2.xml_3,算就了汉家的业鼎足（呃）三分。,2418604663.1627431,0.0
sdxp-WoHeNi-SiLangTanMu.xml_13,公主赠我的金鈚箭，,2420854202.5428295,0.0
sdxp-WoHeNi-SiLangTanMu.xml_1,我和你好夫妻恩德不浅，,2423839459.6732988,0.0
lseh-WeiKaiYan-RangXuZhou.xml_2,二犬子（呃）皆年幼（哇）难当（呃）重任，,2427895051.1072469,0.14285714285714285
lsxp-HenPingWang-WenZhaoGuan.xml_0,恨平王无道乱楚宫（兀），,2429296193.3297348,0.0
lsxp-CiShiJian-HuaiHeYing-2.xml_4,左手拉住了李左车，,2430229962.7630773,0.0
lseh-YiLunMing-ZhuoFangCao-2.xml_7,拔出剑将他的满门杀。,2455541591.8822055,0.0
lsxp-LiangGuoJiao-ShiJieTing-2.xml_1,各为其（呀）主统貔貅。,2455600135.2938771,0.0
lseh-WeiKaiYan-RangXuZhou.xml_5,救生灵（呐）积阴（呐）功也免得我坐卧不宁。,2464628338.8444481,0.14285714285714285
sdxp-WoHeNi-SiLangTanMu.xml_4,誓不忘贤公主恩重如山。,2473195843.2905197,0.0
lsxp-LiangGuoJiao-ShiJieTing-2.xml_4,此一番领（呃）兵去镇守，,2473873917.7658701,0.0
lseh-YiLunMing-WenZhaoGuan-1.xml_20,若是真心来救我，,2475810914.4060044,0.0
lseh-XinZhongYou-WenZhaoGuan.xml_4,若是真心来救我，,2475810914.4060044,0.0
sdxp-DangNianHan-SanJiZhang.xml_7,要退、要退、偏要退！,2489076008.2041955,0.0
lsxp-DaHeYi-SiLangTanMu.xml_11,我父令公官极品，,2493050523.7888188,0.0
lsxp-WoZhuYe-ZhuiHanXin.xml_3,两路分（呐）兵定咸阳。,2496486272.201653,0.0
lseh-YiLunMing-WenZhaoGuan-1.xml_22,贪图富贵来害我，,2509535079.9029918,0.0
lsxp-ZiCongQian-ZhuLianZhai.xml_2,为千岁懒把朝房走，,2513395004.99647,0.0
lsxp-JianMaSu-ZhanMaSu.xml_2,大胆不听我的话，,2538478538.0146189,0.0
lseh-TuZeiZuo-SouGuJiuGu.xml_3,大事还要问程婴。,2540991030.766921,0.0
lseh-XinZhongYou-WenZhaoGuan.xml_6,贪图富贵来害我，,2541169400.1525369,0.0
lseh-NiangZiBu-SouGuJiuGu.xml_2,赵屠二家有仇恨，,2542136624.5102792,0.14285714285714285
lsxp-WoZhuYe-ZhuiHanXin.xml_8,一路上秋毫无犯军威壮，,2558950562.2625628,0.0
lsxp-ZiGuDao-HuangHeLou.xml_5,四将军保架料也无妨。,2584500018.7351532,0.0
lseh-XinZhongYou-WenZhaoGuan.xml_14,朝臣待漏五更寒。,2592101709.7198787,0.0
lsxp-JiangShenEr-SanJiaDian.xml_3,二不是歹人（呐）把城偷。,2603145798.747118,0.0
lseh-YiLunMing-WenZhaoGuan-1.xml_3,谁知昭关有阻拦。,2603713267.1783981,0.14285714285714285
lsxp-DaHeYi-SiLangTanMu.xml_27,听罢言来才知情，,2610022555.9042163,0.0
lseh-XinZhongYou-WenZhaoGuan.xml_13,想当初在朝为官宦，,2612478189.548912,0.14285714285714285
lseh-YiLunMing-WenZhaoGuan-1.xml_29,想当初在朝为官宦，,2612478189.548912,0.14285714285714285
lsxp-DaHeYi-SiLangTanMu.xml_9,家住后山磁州郡，,2619808155.4971328,0.0
lsxp-DaHeYi-SiLangTanMu.xml_30,自己骨肉认不清。,2624417783.3824873,0.0
lseh-XinZhongYou-WenZhaoGuan.xml_9,不能（呃）哎见。,2638684867.359643,0.0
lsxp-ZheYiFeng-DingJunShan.xml_8,三军与（呀）爷归营号，,2646704156.3376846,0.0
lsxp-YiShiWu-YuCangJian.xml_1,叹光明一去不回还（呐）；,2659805189.6811466,0.0
lsxp-ZouYingLong-DaYanSong.xml_1,在朝房来了我这保国忠。,2664336897.4298949,0.0
sdxp-SuLongWei-WuJiaPo.xml_18,我与你露水的夫妻就过几年（呐）。,2665484408.7120152,0.0
lsxp-ShenGongWu-LongFengChengXiang.xml_3,耳听笙歌闹喧哗。,2674058096.3855915,0.0
lseh-YiLunMing-ZhuoFangCao-1.xml_22,虎在笼中我不打，,2676482210.6488571,0.0
lsxp-JiangShenEr-SanJiaDian.xml_12,儿想娘亲难叩首，,2678208518.6367369,0.0
lseh-YiLunMing-ZhuoFangCao-1.xml_20,贼好比蛟龙未生鳞甲，,2685732123.8620768,0.14285714285714285
lseh-XinZhongYou-WenZhaoGuan.xml_15,到如今夜宿在荒村院，,2692679601.2351213,0.0
lseh-YiLunMing-WenZhaoGuan-1.xml_31,到如今夜宿在荒村院，,2692679601.2351213,0.0
lsxp-DaHeYi-SiLangTanMu.xml_24,你是番邦什么人？,2694986769.5258994,0.0
sdxp-SuLongWei-WuJiaPo.xml_11,好一个贞节王宝钏，,2696949512.2442765,0.0
lseh-YiLunMing-WenZhaoGuan-1.xml_27,鸡鸣犬吠五更（哪）天，,2700073330.3847747,0.0
lseh-YiLunMing-WenZhaoGuan-1.xml_28,越思越想好伤惨，,2740348221.7353559,0.0
lseh-YiLunMing-ZhuoFangSuDian.xml_7,拔出剑将他的满门杀，,2744293393.8454719,0.0
lsxp-CiShiJian-HuaiHeYing-2.xml_2,在长安是你夸大话，,2748670717.8213859,0.0
sdxp-SuLongWei-WuJiaPo.xml_6,为军的要人我是不要钱。,2752409137.4033513,0.0
lseh-XinZhongYou-WenZhaoGuan.xml_11,鸡鸣犬吠五更（呃）天，,2768888069.585454,0.0
lseh-YiLunMing-ZhuoFangSuDian.xml_5,杀猪（喏）沽酒款待与他，,2792240277.5686541,0.0
lseh-YiLunMing-WenZhaoGuan-2.xml_3,谁知昭关有阻拦。,2823719515.6793303,0.14285714285714285
lseh-XinZhongYou-WenZhaoGuan.xml_12,越思越想好伤惨，,2831951676.8807974,0.0
lsxp-CiShiJian-HuaiHeYing-2.xml_1,胡言乱语怎瞒（呐）咱！,2839736422.0911965,0.0
lsxp-ZheYiFeng-DingJunShan.xml_7,退后的项上吃一刀。,2842971555.6403785,0.0
sdxp-SuLongWei-WuJiaPo.xml_19,是烈女就该在家院，,2848419618.4040651,0.0
lseh-YiLunMing-ZhuoFangSuDian.xml_1,陈宫心（呐）中乱如麻，,2864620333.1103754,0.0
lseh-YiLunMing-ZhuoFangCao-1.xml_17,汉室后来贼是个惹祸的根芽。,2866755762.7144275,0.0
lsxp-HenPingWang-WenZhaoGuan.xml_1,父纳子（呃）妻礼难容，,2876543755.0488863,0.0
lsxp-JiangShenEr-SanJiaDian.xml_15,叫一声解差把店役。,2888059515.4196653,0.0
lsxp-WoZhuYe-ZhuiHanXin.xml_15,扬尘舞蹈见大王。,2897190335.5732746,0.0
lsxp-LiangGuoJiao-ShiJieTing-1.xml_1,各为其主统貔貅，,2907291173.283834,0.0
lseh-YiLunMing-ZhuoFangCao-1.xml_21,贼好比猛虎未（呀）曾长牙，,2934359118.6447282,0.0
lseh-ZiNaRi-HongYangDong.xml_7,去了我左右膀难以飞行。,2939818401.7739978,0.0
lseh-YiLunMing-ZhuoFangCao-1.xml_1,陈宫心（呐）中乱如麻，,2939851515.5533552,0.0
lseh-YiLunMing-WenZhaoGuan-1.xml_4,幸遇那东皋公行方便，,2956244659.1353626,0.0
lsxp-ZiCongQian-ZhuLianZhai.xml_3,为千岁懒观五凤楼。,2967984862.7247906,0.0
lseh-ZenNengGou-BaDaChui.xml_3,倒不如上公安观看古今。,2972140600.2506332,0.0
lseh-YiLunMing-ZhuoFangCao-1.xml_12,听谯楼打罢了二（喏）更鼓下，,3002068241.063889,0.0
lseh-YiLunMing-WenZhaoGuan-1.xml_11,我好比龙游在浅沙滩。,3004958209.7866793,0.0
lseh-YiLunMing-ZhuoFangCao-2.xml_5,杀猪沽酒款待与他。,3027294524.3365417,0.0
lseh-YangYanZhao-PengBei.xml_1,在中途得一信甚是不明。,3030913604.9341407,0.0
lsxp-DaHeYi-SiLangTanMu.xml_7,将身站在了阶前等，,3037963038.8399496,0.0
lsxp-WoBenShi-KongChengJi-2.xml_8,闲无（呃）事在敌楼（呃）我亮一亮琴（呢）音，,3045601921.3848677,0.0
lsxp-LiangGuoJiao-ShiJieTing-1.xml_3,赏罚中公（呃）平莫要自由。,3060295124.638947,0.0
lsxp-ZiCongQian-ZhuLianZhai.xml_4,山高路远少来问候，,3062407782.6943822,0.0
lseh-YiLunMing-WenZhaoGuan-1.xml_18,背地里只把东皋公怨，,3063672113.1273589,0.0
lseh-YiLunMing-WenZhaoGuan-2.xml_11,我好比龙游在浅沙滩。,3063783838.2944393,0.0
lsxp-JiangShenEr-SanJiaDian.xml_6,舍不得太爷的恩情厚，,3070231752.0218978,0.0
lsxp-ZiGuDao-HuangHeLou.xml_4,今日主公把宴上，,3103859881.0595679,0.14285714285714285
lsxp-TingTaYan-ZhuoFangCao-1.xml_7,既同行共（呃）大事必须要劝解于他（呀呃）。,3117401818.6293383,0.0
lsxp-TingTaYan-ZhuoFangCao-2.xml_7,既同行共（呃）大事必须要劝解于他（呀呃）。,3117401818.6293383,0.0
lseh-YiLunMing-WenZhaoGuan-2.xml_13,我好（呃）比波浪中失舵的舟船（喏）。,3117809543.8317032,0.0
lseh-XiRiLi-BaoLianDeng.xml_6,弟让兄来兄不能应（呐）允，,3157378115.4127369,0.0
lsxp-HenPingWang-WenZhaoGuan.xml_2,我的（呀）父谏奏反把命（哪）送，,3192736713.6687303,0.0
lsxp-ZouYingLong-DaYanSong.xml_4,我问顽童啼哭因何故，,3203844942.3826389,0.0
lseh-YiLunMing-ZhuoFangSuDian.xml_6,又谁知此贼的疑心（呐）太（呀）大，,3211226841.6188884,0.0
lsxp-ZhangGongDao-ZhuangYuanPu.xml_4,怕将（呃）来老天爷无（哇）有果报，,3222099400.2756648,0.14285714285714285
lsxp-YiShiWu-YuCangJian.xml_5,信用无极狗奸谗。,3226650351.1610212,0.0
lseh-YiLunMing-WenZhaoGuan-2.xml_4,幸遇那东皋公行方便，,3268852289.9671593,0.0
lsxp-ZouYingLong-DaYanSong.xml_3,偶遇见小小的顽童放悲声，,3269866795.1285653,0.0
lseh-YiLunMing-WenZhaoGuan-1.xml_13,我好（哇）比波浪中失舵的舟船（哪）。,3280956976.0737863,0.0
sdxp-SuLongWei-WuJiaPo.xml_16,送与大嫂把家安。,3281452914.166297,0.0
lseh-YiLunMing-WenZhaoGuan-1.xml_14,思来想去我的肝肠断，,3295560899.434042,0.0
lseh-YiLunMing-ZhuoFangCao-1.xml_25,险些儿把事（喏）又（哇）作差。,3303856477.7571111,0.0
lseh-LaoZhangBu-WuPenJi.xml_3,我本屈死一鬼魂。,3351408164.4397087,0.0
lsxp-ShenGongWu-LongFengChengXiang.xml_1,年老得配女娇娃。,3352444844.1090984,0.0
lseh-XiRiLi-BaoLianDeng.xml_15,打死个秦官保父不能担承。,3382329859.8668423,0.0
lsxp-CiShiJian-HuaiHeYing-2.xml_7,生死二字（喏）且由他！,3383107708.6463737,0.14285714285714285
lsxp-TingTaYan-ZhuoFangCao-2.xml_4,马行在来道内我难（呐）以回（呀）马，,3383722312.425065,0.0
lsxp-TingTaYan-ZhuoFangCao-1.xml_4,马行在来道内我难（呐）以回（呀）马，,3383722312.425065,0.0
lsxp-WoZhuYe-ZhuiHanXin.xml_0,我主爷起义在芒砀，,3394329133.6151552,0.0
lseh-YiLunMing-WenZhaoGuan-1.xml_16,心中有事难合眼，,3396504596.1441426,0.14285714285714285
sdxp-SuLongWei-WuJiaPo.xml_12,百般调戏也枉然。,3421602399.2571812,0.0
lseh-YiLunMing-ZhuoFangCao-1.xml_6,又谁知此贼的疑心（呐）太（呀）大，,3423273900.652648,0.0
lsxp-WoZhuYe-ZhuiHanXin.xml_12,今日里萧何荐良将，,3431866937.5819449,0.14285714285714285
lseh-YiLunMing-WenZhaoGuan-2.xml_14,思来想去我的肝肠断，,3434247200.113976,0.0
lseh-XinZhongYou-WenZhaoGuan.xml_0,心中有事难合眼，,3443557849.2766266,0.14285714285714285
lsxp-DaHeYi-SiLangTanMu.xml_28,原来四哥回宋营。,3446019376.7323418,0.0
lseh-XinZhongYou-WenZhaoGuan.xml_2,背地里只把东皋公怨，,3455817807.648252,0.0
lsxp-ZouYingLong-DaYanSong.xml_10,他本是我朝中上欺天子下压臣谋朝篡位卖国的奸贼他名叫严嵩，,3527023002.2364092,0.0
lsxp-WoBenShi-KongChengJi-2.xml_6,周文王访姜尚周室大振，,3540121381.9815102,0.0
lsxp-DaHeYi-SiLangTanMu.xml_22,灯光之下看不真。,3541488069.5906649,0.14285714285714285
lseh-XiRiLi-BaoLianDeng.xml_13,二娇儿也难比那两个贤人。,3550506299.242497,0.0
lsxp-WoBenShi-KongChengJi-1.xml_8,闲无哇事在敌楼哇我亮（呃）一亮琴哪音，,3551860048.1434202,0.0
lseh-TanXiongDi-SangYuanJiZi.xml_3,见坟台不见人刀割我心。,3562273534.7298989,0.0
lseh-YiLunMing-ZhuoFangCao-1.xml_14,悔不该把家属一（呀）旦撇下，,3564897911.7932382,0.0
lsxp-CiShiJian-HuaiHeYing-2.xml_6,三人同把那鬼门关上爬，,3619305683.7399144,0.0
lseh-WeiGuoJia-HongYangDong-2.xml_0,为国家哪何曾半日闲空，,3646006180.4762883,0.14285714285714285
lsxp-ZuoRiLi-YuanMenZhanZi.xml_2,今日里斩宗保娘把儿怪，,3656524885.0211649,0.14285714285714285
lseh-XiRiLi-BaoLianDeng.xml_5,那伯夷尊父命也不能应承，,3656794272.0582676,0.0
lsxp-WoBenShi-KongChengJi-1.xml_9,我面前缺少个知呃音的人。,3677331146.1028376,0.0
lseh-TuZeiZuo-SouGuJiuGu.xml_1,诬杀赵家一满门。,3681907613.5514107,0.0
lseh-XinZhongYou-WenZhaoGuan.xml_21,我不杀平王我的心怎甘。,3696436902.0816603,0.0
lsxp-CiShiJian-HuaiHeYing-2.xml_5,右手再把栾布拉，,3703119646.3785334,0.0
lseh-YangYanZhao-PengBei.xml_5,又恐怕惊动了年迈之人。,3706290593.1871853,0.14285714285714285
lsxp-ZouYingLong-DaYanSong.xml_0,忽听得万岁宣应龙，,3719211852.7077055,0.0
sdxp-SuLongWei-WuJiaPo.xml_15,这锭银、三两三，,3731746515.9313922,0.0
lsxp-WoZhuYe-ZhuiHanXin.xml_14,撩袍端带我把金殿上，,3736957209.8311501,0.0
lsxp-DaHeYi-SiLangTanMu.xml_12,我母佘氏老太君。,3763628418.4711547,0.0
lseh-YiLunMing-WenZhaoGuan-2.xml_1,愁人心（呐）中似箭穿。,3765434773.3696942,0.0
lsxp-WoZhuYe-ZhuiHanXin.xml_10,项羽不遵怀王约，,3798814359.8164673,0.0
lsxp-CiShiJian-HuaiHeYing-1.xml_1,胡言乱语怎瞒（呐）咱。,3802182055.4495392,0.0
lsxp-TingTaYan-ZhuoFangCao-1.xml_6,这时候我只得暂且忍耐在心下，,3803116181.1294622,0.0
lseh-YangYanZhao-PengBei.xml_0,杨延昭奉父命巡查大营，,3806638242.3008466,0.0
lsxp-ZuoRiLi-YuanMenZhanZi.xml_5,老娘亲再讲情儿自刎头来。,3826514573.567049,0.0
lsxp-ZiCongQian-ZhuLianZhai.xml_1,满朝中文武臣泪双流。,3837611220.8064928,0.0
lseh-XiRiLi-BaoLianDeng.xml_3,传口诏命次子即位为君，,3841794975.3677197,0.0
lseh-YiLunMing-WenZhaoGuan-1.xml_1,愁人心（哪）中似箭穿。,3860812390.4986758,0.0
sdxp-SuLongWei-WuJiaPo.xml_14,将银放在地平川。,3871175455.0800409,0.0
lseh-YiLunMing-WenZhaoGuan-1.xml_6,一连几天我的眉不（哇）展，,3876312754.4413204,0.0
lsxp-WoBenShi-KongChengJi-2.xml_9,我面前却少个知（呃）音的人。,3881135629.6403995,0.0
lsxp-ZheYiFeng-DingJunShan.xml_5,三通鼓刀出鞘四通（呃）鼓把兵交。,3881314803.6401849,0.0
lseh-XuMaoGong-QinQiongFaPei.xml_2,既是为我前来到，,3884887982.1188197,0.0
lsxp-ZhangGongDao-ZhuangYuanPu.xml_5,眼睁（呐）睁有何人去（呀）把纸烧。,3885159715.9324574,0.14285714285714285
lseh-XiRiLi-BaoLianDeng.xml_1,伯夷叔齐二大贤人，,3902130162.0722156,0.0
lseh-XiRiLi-BaoLianDeng.xml_9,那叔齐逃出了后宰门，,3923347466.2824326,0.0
lsxp-CiShiJian-HuaiHeYing-1.xml_6,三人同把那鬼门关上踏，,3933766998.148263,0.0
lsxp-TingTaYan-ZhuoFangCao-2.xml_5,这才是花随水水不（哇）能恋（呐）花。,3970799947.3357763,0.0
lsxp-DaHeYi-SiLangTanMu.xml_21,龙行虎步非凡等，,3985578714.2235179,0.0
lsxp-DaHeYi-SiLangTanMu.xml_8,问我一言答一声。,3994367106.7362604,0.0
lsxp-ZiGuDao-HuangHeLou.xml_1,主公不必加愁肠。,4006998953.6619592,0.0
lseh-JinZhongXiang-ShangTianTai.xml_1,寡人喜的是五谷丰登。,4007409084.088285,0.0
lsxp-TingTaYan-ZhuoFangCao-2.xml_6,这时候我只得暂且忍耐在心下，,4039727726.2661686,0.0
lseh-YiLunMing-ZhuoFangCao-2.xml_1,陈宫心中乱如麻。,4042956063.1302919,0.0
sdxp-DangNianHan-SanJiZhang.xml_4,仙女嫁的又是何人？,4048072619.6476479,0.0
lsxp-JiangShenEr-SanJiaDian.xml_8,实难舍街坊四邻与我的好朋友，,4053263326.8141613,0.0
lsxp-LiangGuoJiao-ShiJieTing-2.xml_3,赏罚中公（呃）平莫要自由。,4071670456.350945,0.0
lsxp-ZhangGongDao-ZhuangYuanPu.xml_2,为（呀）儿（啼）女我也曾朝山拜庙，,4077099351.4665174,0.0
lsxp-DaHeYi-SiLangTanMu.xml_13,十五年前沙滩会，,4080861764.3481007,0.0
lseh-YiLunMing-ZhuoFangCao-1.xml_16,我只说贼是个宽宏量大，,4104914518.6836748,0.0
lseh-YiLunMing-ZhuoFangCao-1.xml_13,越思越想把事来作差。,4122180070.5640187,0.0
lseh-YiLunMing-WenZhaoGuan-1.xml_37,我不杀平王我的心怎甘（哪）。,4131429076.9173708,0.0
lseh-YiLunMing-WenZhaoGuan-1.xml_10,我好（哇）比哀哀长空雁，,4132083068.3029604,0.0
lseh-YiLunMing-WenZhaoGuan-1.xml_9,满腹的含冤我向谁言（哪）！,4152173224.9301896,0.0
lseh-YiLunMing-WenZhaoGuan-2.xml_9,满腹的含冤我向谁言（喏）。,4152173224.9301896,0.0
lsxp-TingTaYan-ZhuoFangCao-1.xml_5,这才是花随水水不（哇）能恋（呐）花。,4164770978.9794316,0.0
lsxp-ZhangGongDao-ZhuangYuanPu.xml_3,为儿（喏）女我也曾补路修桥。,4174245247.3521538,0.0
lsxp-JiangShenEr-SanJiaDian.xml_14,眼见得红日坠落在西山后，,4187459614.9108715,0.14285714285714285
lseh-YiLunMing-ZhuoFangCao-1.xml_3,悔不该随他人到吕家，,4209417121.0718417,0.0
sdxp-SuLongWei-WuJiaPo.xml_5,西凉川四十单八站，,4237190660.9706273,0.0
lseh-WeiGuoJia-HongYangDong-1.xml_0,为国家那何曾半日闲空，,4246648262.8568583,0.14285714285714285
lsxp-JiangShenEr-SanJiaDian.xml_1,尊一声过往的宾朋听从头：,4253939824.894762,0.0
lsxp-JiangShenEr-SanJiaDian.xml_13,娘想儿来泪双流。,4254009107.8642812,0.0
lseh-WeiGuoJia-HongYangDong-3.xml_2,官封到节度史（喏）皇王恩重，,4261915180.0822473,0.0
lseh-YiLunMing-ZhuoFangCao-2.xml_11,自有那神灵儿天地鉴察。,4279787618.3708329,0.14285714285714285
lseh-JinZhongXiang-ShangTianTai.xml_4,内侍臣忙摆驾九龙口进，,4280714036.5082221,0.0
lseh-YiLunMing-WenZhaoGuan-1.xml_5,他将我隐藏在后花园。,4289828564.8169188,0.0
lsxp-WoZhuYe-ZhuiHanXin.xml_1,拔剑斩蛇天下扬。,4292363268.4033499,0.0
lsxp-JiangShenEr-SanJiaDian.xml_10,娘生儿连心肉，,4312350619.3268776,0.14285714285714285
lseh-YiLunMing-WenZhaoGuan-2.xml_6,一连几天我的眉不（呃）展，,4324564051.9473286,0.0
lseh-XiRiLi-BaoLianDeng.xml_10,首阳山前冻饿死（喏）。,4337409594.6425304,0.0
lseh-YiLunMing-ZhuoFangCao-1.xml_11,自有那神灵（啊）天地鉴察。,4385840111.9306498,0.14285714285714285
lsxp-WoZhuYe-ZhuiHanXin.xml_11,反将我主贬汉王。,4402508667.2992897,0.0
sdxp-DangNianHan-SanJiZhang.xml_5,我的儿说话言不逊，,4407236322.8431215,0.0
lsxp-ZouYingLong-DaYanSong.xml_7,站立在殿角用目来观定，,4425468637.7187777,0.0
lsxp-ZiGuDao-HuangHeLou.xml_3,二将军保架过长江。,4430187569.127923,0.0
lseh-ZiNaRi-HongYangDong.xml_6,老军报他二人在洪洋（呃）洞丧（呃）命，,4460464368.9777727,0.0
lseh-WeiGuoJia-HongYangDong-1.xml_2,官封到节度使（喏）皇王恩重，,4463696924.9307108,0.0
lseh-ZiNaRi-HongYangDong.xml_8,为此事终（啊）日里忧成疾病，,4467138795.2338915,0.14285714285714285
lseh-YiLunMing-ZhuoFangSuDian.xml_11,自有那神灵儿天地鉴察。,4474541459.3205442,0.14285714285714285
lsxp-QingGongYan-FaDongWu.xml_2,弟兄们创业多艰难，,4496737124.2345028,0.0
lsxp-QingGongYan-FaDongWu.xml_1,想起桃园结拜情。,4501385018.5793381,0.0
lseh-NiangZiBu-SouGuJiuGu.xml_7,老天爷不绝我的后代根。,4504750993.4156647,0.0
lseh-YiLunMing-ZhuoFangCao-2.xml_3,悔不该随他人到吕家。,4506829719.1800833,0.0
lseh-YiLunMing-ZhuoFangCao-2.xml_6,又谁知此贼的疑心太大，,4539188736.5170326,0.0
sdxp-WoHeNi-SiLangTanMu.xml_10,怎奈我身在番难以过关。,4543389709.0176048,0.0
lseh-WeiGuoJia-HongYangDong-1.xml_1,我也曾平服了塞北西东。,4564177219.1059189,0.0
lseh-YiLunMing-WenZhaoGuan-2.xml_10,我好（呃）比哀哀长空雁，,4568288360.2870541,0.0
lsxp-ZheYiFeng-DingJunShan.xml_9,到明天午时三刻要成功劳。,4579395231.9400301,0.0
sdxp-SuLongWei-WuJiaPo.xml_2,王丞相是我的主婚人（哪）。,4587899582.1788473,0.0
sdxp-SuLongWei-WuJiaPo.xml_4,咬定牙关他就不认承。,4597671905.0689764,0.0
lsxp-ShenGongWu-LongFengChengXiang.xml_0,深宫无（哇）处不飞花，,4607312940.049037,0.0
lseh-YiLunMing-ZhuoFangSuDian.xml_4,吕伯奢可算得义气（呀）大，,4609713155.3185778,0.0
lsxp-WeiCengKai-QiYuanBao.xml_4,奉母命京城往，,4611796566.5107536,0.0
sdxp-SuLongWei-WuJiaPo.xml_1,苏龙魏虎为媒证，,4660290463.3732462,0.0
lseh-LaoZhangBu-WuPenJi.xml_0,老丈不（哇）必胆怕惊，,4660941511.9247732,0.0
lseh-WeiGuoJia-HongYangDong-3.xml_1,我也曾平服了塞北西东。,4669000052.7025595,0.0
sdxp-WoHeNi-SiLangTanMu.xml_12,无有令箭怎过关。,4669753306.5768576,0.14285714285714285
sdeh-WenSanNiang-SanNiangJiaoZi.xml_1,问三娘发雷霆却是为何？,4671448013.5851126,0.0
lsxp-ZheYiFeng-DingJunShan.xml_2,站立在营门三军叫，,4671989161.5950279,0.0
lsxp-WoZhuYe-ZhuiHanXin.xml_4,先进咸阳为皇上，,4676716945.995265,0.0
lseh-LaoZhangBu-WuPenJi.xml_7,望求老丈把冤伸。,4690892944.1905251,0.0
lseh-XiRiLi-BaoLianDeng.xml_12,为父的怎比得孤竹君，,4703891195.8765898,0.0
lseh-XuMaoGong-QinQiongFaPei.xml_5,其中必有这巧（哇）妙高。,4711131958.4745893,0.14285714285714285
lseh-XiRiLi-BaoLianDeng.xml_8,那伯夷出午门无（哇）有踪（呃）影，,4733623527.3914194,0.14285714285714285
sdxp-SuLongWei-WuJiaPo.xml_3,他三人与我有仇恨，,4743609667.9571829,0.14285714285714285
lseh-YiLunMing-ZhuoFangCao-1.xml_18,观此贼睡卧真（呐）潇洒，,4760297208.3632288,0.0
lsxp-TingTaYan-ZhuoFangCao-1.xml_2,我先前只望他宽宏量（呃）大，,4771104878.0967264,0.0
lsxp-TingTaYan-ZhuoFangCao-2.xml_2,我先前只望他宽宏量（呃）大，,4771104878.0967264,0.0
lseh-XiRiLi-BaoLianDeng.xml_14,打死了别家子父能作主，,4780359603.274684,0.0
lseh-JinZhongXiang-ShangTianTai.xml_2,文凭着邓先生策划有准，,4790034612.2321758,0.2857142857142857
lseh-WeiGuoJia-HongYangDong-2.xml_2,官封到节度使（喏）皇王恩重，,4790955077.2779274,0.0
lsxp-JiangShenEr-SanJiaDian.xml_0,将身儿来至在大街口，,4793018528.9655428,0.0
lseh-NiangZiBu-SouGuJiuGu.xml_10,千言万（哪）语她不肯，,4797435424.0401049,0.0
sdxp-SuLongWei-WuJiaPo.xml_13,腰中取出银一锭，,4812692849.0505247,0.0
lsxp-WoZhuYe-ZhuiHanXin.xml_13,但愿得言听计从重整汉家邦、一同回故乡。,4830574847.482584,0.0
lseh-ZiNaRi-HongYangDong.xml_4,二次（喏）里命孟良番营来进，,4840789036.90588,0.0
lsxp-ZheYiFeng-DingJunShan.xml_3,大小儿郎听根苗，,4855757961.3976307,0.0
lsxp-ZhangGongDao-ZhuangYuanPu.xml_1,陈伯愚年半百无有后苗。,4860563996.5503273,0.14285714285714285
sdxp-DangNianHan-SanJiZhang.xml_3,小奴才真个不孝顺，,4877586325.8611021,0.0
lsxp-DaHeYi-SiLangTanMu.xml_10,火堪寨上有家门。,4878077838.8834639,0.14285714285714285
lsxp-WoBenShi-KongChengJi-1.xml_6,周文王访姜尚周室大振，,4912319905.4865026,0.0
lseh-YiLunMing-ZhuoFangSuDian.xml_3,悔不该随他人到吕家。,5009311880.1887665,0.0
lseh-YangYanZhao-PengBei.xml_4,我本当将此事对他来论，,5055758723.083703,0.14285714285714285
lsxp-WoZhuYe-ZhuiHanXin.xml_2,怀王也曾把旨降，,5081855602.6319923,0.0
sdxp-WoHeNi-SiLangTanMu.xml_17,公主叫我盟誓愿，,5098090856.3553486,0.0
lsxp-TingTaYan-ZhuoFangCao-1.xml_0,听他言听得我心（呐）惊胆怕，,5101775344.6026754,0.0
lsxp-TingTaYan-ZhuoFangCao-2.xml_0,听他言吓得我心（呐）惊胆怕，,5101775344.6026754,0.0
lsxp-DaHeYi-SiLangTanMu.xml_25,家住哪州并哪郡？,5110902124.9254045,0.0
lseh-YiLunMing-WenZhaoGuan-2.xml_12,我好（呃）比鱼儿吞了钩线，,5116891800.2954979,0.0
lseh-YiLunMing-WenZhaoGuan-1.xml_30,朝臣待漏（哇）五更寒，,5164954392.6641607,0.0
lsxp-WoZhuYe-ZhuiHanXin.xml_7,一路上得遇陆贾、郦生与张良。,5167359333.3574762,0.14285714285714285
lsxp-ShenGongWu-LongFengChengXiang.xml_2,朝欢暮乐无牵挂，,5175096071.9405813,0.0
lseh-YiLunMing-WenZhaoGuan-1.xml_12,我好（哇）比鱼儿吞了钩线，,5225946706.7346401,0.0
lseh-WeiGuoJia-HongYangDong-3.xml_0,为国家哪何曾半日闲空，,5236390729.1936731,0.14285714285714285
lseh-XiRiLi-BaoLianDeng.xml_0,昔日里有一个孤竹君，,5267612133.501071,0.2857142857142857
lsxp-ZheYiFeng-DingJunShan.xml_4,头通（呃）鼓紧战袍，,5282310661.8226871,0.0
lseh-WeiGuoJia-HongYangDong-2.xml_1,我也曾平服了塞北西东。,5293066223.4126291,0.0
lseh-YiLunMing-ZhuoFangCao-2.xml_8,一家人倶丧在宝剑之下，,5293526825.347229,0.14285714285714285
lseh-YiLunMing-WenZhaoGuan-2.xml_5,他将我隐藏在后花园。,5323931214.0005703,0.0
lseh-ZenNengGou-BaDaChui.xml_0,怎能够思一计番营来进，,5337136260.4748449,0.0
lsxp-WeiCengKai-QiYuanBao.xml_2,家住在南阳太平庄，,5369592807.3628159,0.0
lseh-ZiNaRi-HongYangDong.xml_2,我前番命孟良骸骨搬（呐）请，,5389816469.0473909,0.0
lseh-YiLunMing-WenZhaoGuan-1.xml_2,实指（惹）望到吴国借兵回转，,5389946191.668623,0.0
lseh-YiLunMing-WenZhaoGuan-2.xml_0,一轮明月照窗前，,5404356194.454812,0.0
sdxp-WoHeNi-SiLangTanMu.xml_16,快马加鞭我一夜还。,5424716303.5742846,0.0
lseh-YiLunMing-ZhuoFangCao-2.xml_0,一轮明月照窗下，,5439997485.4075289,0.0
lsxp-ZuoRiLi-YuanMenZhanZi.xml_3,哭啼啼坐宝帐所为何来。,5447174768.5864878,0.0
lseh-XiRiLi-BaoLianDeng.xml_4,那叔齐分长幼不能担任，,5454800620.7537956,0.0
sdxp-SuLongWei-WuJiaPo.xml_10,管保大嫂就断与咱。,5520667395.3412542,0.0
lseh-LaoZhangBu-WuPenJi.xml_4,我忙将树（呃）枝摆摇（哇）动，,5527332142.9302015,0.0
lsxp-ZheYiFeng-DingJunShan.xml_1,天助黄忠成功劳。,5547590828.5470276,0.0
lseh-YiLunMing-WenZhaoGuan-1.xml_0,一轮明月照窗前，,5564241399.1673136,0.0
lseh-YiLunMing-ZhuoFangCao-2.xml_4,吕伯奢可算得义气大，,5569345329.6655951,0.0
lseh-NiangZiBu-SouGuJiuGu.xml_3,三百余口命赴幽冥。,5595711810.6910772,0.0
lseh-ZiNaRi-HongYangDong.xml_9,因此上臣的病重（呃）加十分、千岁爷呀！,5618170246.2669592,0.0
lseh-YiLunMing-ZhuoFangSuDian.xml_2,悔不该心猿并意马，,5697139452.2317715,0.0
lseh-NiangZiBu-SouGuJiuGu.xml_11,不舍娇儿难救孤身。,5721565025.3821001,0.0
lseh-YiLunMing-WenZhaoGuan-1.xml_33,我本当拔宝剑自寻短见，,5723705185.3771973,0.14285714285714285
sdxp-WoHeNi-SiLangTanMu.xml_5,非是我这几日愁眉不展，,5757102560.4647532,0.14285714285714285
lseh-YiLunMing-ZhuoFangCao-1.xml_24,执宝剑将贼的（呀）头割下，,5807777839.2211876,0.0
lseh-TanXiongDi-SangYuanJiZi.xml_2,眼望着孤坟台珠泪难忍，,5809816198.6299944,0.0
lseh-YiLunMing-ZhuoFangCao-1.xml_15,悔不该弃县今抛却了乌（哇）纱，,5821949159.1237288,0.0
lseh-LaoZhangBu-WuPenJi.xml_6,我和你远无冤近无有仇恨，,5832980569.6977625,0.14285714285714285
lseh-ZenNengGou-BaDaChui.xml_2,前也思（喏）后又想无有计定，,5841046579.7906828,0.14285714285714285
lseh-YiLunMing-WenZhaoGuan-1.xml_25,不能（哪）哎见爹娘（兀）！,5887900176.1185827,0.0
lseh-YiLunMing-WenZhaoGuan-1.xml_26,要相逢陈非是梦（兀）里团圆。,5947060642.0115337,0.0
lseh-LaoZhangBu-WuPenJi.xml_2,休把我当作了妖魔论，,5974475066.4260635,0.14285714285714285
lseh-YiLunMing-WenZhaoGuan-1.xml_8,俺伍员好一似丧家犬，,5983969004.7238617,0.0
lseh-ZenNengGou-BaDaChui.xml_1,前后话对文龙细说衷情。,6006695274.91008,0.0
lsxp-TingTaYan-ZhuoFangCao-1.xml_3,却原（呐）来贼是个无（哇）义（呀）的冤家！,6038633765.7216511,0.0
lsxp-TingTaYan-ZhuoFangCao-2.xml_3,却愿（呐）来贼是个无（哇）义（呀）的冤家！,6038633765.7216511,0.0
lseh-YiLunMing-ZhuoFangSuDian.xml_0,一轮明月照窗下，,6057989671.4079638,0.0
lseh-TanXiongDi-SangYuanJiZi.xml_0,叹兄兀弟遭不幸一旦丧命，,6072846719.1427183,0.0
lseh-YiLunMing-ZhuoFangSuDian.xml_8,一家人倶丧在宝剑之（喏）下，,6129026553.3510323,0.14285714285714285
lseh-YangYanZhao-PengBei.xml_3,又只见老爹爹瞌睡沉沉。,6157700893.1998978,0.0
lsxp-WoBenShi-KongChengJi-2.xml_5,东西战南北剿博古（呃）通（哦）今。,6170808121.4387674,0.0
lseh-YiLunMing-WenZhaoGuan-2.xml_2,实指望到吴国借兵回转，,6246107480.965764,0.0
lsxp-WoBenShi-KongChengJi-2.xml_7,我诸葛怎比得前辈（呃）的先（呃）生。,6254059131.6718807,0.14285714285714285
lsxp-ZouYingLong-DaYanSong.xml_5,他言道严嵩老贼害他的举家一满门。,6263962491.946331,0.0
lsxp-ZouYingLong-DaYanSong.xml_2,那一日打从大街进，,6268693011.9628391,0.14285714285714285
lseh-LaoZhangBu-WuPenJi.xml_1,我有言来你是（喏）听。,6350236888.1038494,0.14285714285714285
sdxp-DangNianHan-SanJiZhang.xml_1,登台拜帅是韩信，,6353614874.4749746,0.0
lsxp-WoBenShi-KongChengJi-1.xml_7,俺诸（喏）葛怎比得前辈呀的先哪生。,6370042495.523469,0.14285714285714285
lseh-WeiKaiYan-RangXuZhou.xml_0,未开言不由人（呐）珠泪滚滚，,6373564426.5269575,0.0
lsxp-WoBenShi-KongChengJi-1.xml_5,东西战南北剿博古通呃今。,6393873535.3179722,0.0
lsxp-CiShiJian-HuaiHeYing-1.xml_3,为什么事到如今耍奸滑。,6441676470.4744444,0.0
lseh-NiangZiBu-SouGuJiuGu.xml_4,我与那公孙杵臼把计定，,6508219916.0844488,0.0
lseh-YiLunMing-ZhuoFangCao-2.xml_2,悔不该心猿并意马，,6550347510.5344133,0.0
lseh-ZiNaRi-HongYangDong.xml_0,自（喏）那日朝罢归身（呐）染重病，,6571640446.5070019,0.14285714285714285
lsxp-YiShiWu-YuCangJian.xml_3,靠山绿（哇）水常在面前。,6575887228.7138195,0.0
lsxp-DaHeYi-SiLangTanMu.xml_16,我是你四哥回宋营。,6581062034.7015467,0.0
lsxp-WeiCengKai-QiYuanBao.xml_1,尊一声太爷听端详。,6583998536.0730486,0.0
lsxp-WoZhuYe-ZhuiHanXin.xml_6,也是我主洪福广，,6594613037.2062635,0.0
lseh-YiLunMing-ZhuoFangCao-1.xml_8,一家人倶丧在宝剑之（喏）下，,6622774205.2107191,0.14285714285714285
lsxp-JiangShenEr-SanJiaDian.xml_4,杨林与我来争斗，,6714550921.208066,0.0
lsxp-WoBenShi-KongChengJi-2.xml_0,我本是卧龙岗散淡（呐）的人，,6772286930.0201025,0.0
lseh-ZiNaRi-HongYangDong.xml_1,三更时梦（呃）见（呐）了年迈爹尊（呐）。,6792299346.1606941,0.0
lsxp-WoBenShi-KongChengJi-2.xml_2,先帝（呀）爷下南阳（呃）御驾三（呃）请，,6842777667.5881681,0.0
lseh-YiLunMing-WenZhaoGuan-2.xml_8,俺伍员好一似丧家犬，,6875494114.3122482,0.0
lsxp-JiangShenEr-SanJiaDian.xml_2,一不是响马与贼寇，,6906084197.6963511,0.0
lseh-YiLunMing-ZhuoFangCao-1.xml_0,一轮明月照窗下，,6934874349.7825689,0.0
lsxp-CiShiJian-HuaiHeYing-2.xml_3,为什么事到如今耍奸滑？,7049442533.1153231,0.0
lseh-YiLunMing-ZhuoFangCao-1.xml_19,安眠好似并底之蛙，,7087099873.6893349,0.14285714285714285
lsxp-WoZhuYe-ZhuiHanXin.xml_5,后进咸阳扶保在朝纲。,7100800196.6655684,0.0
lsxp-YiShiWu-YuCangJian.xml_6,他害我满门（呐）真悲惨，,7154071903.1551657,0.0
lseh-ZiNaRi-HongYangDong.xml_5,又谁知焦克明他私（呀）自后跟（呐），,7270730914.9706144,0.0
lseh-NiangZiBu-SouGuJiuGu.xml_6,舍子搭救忠（呃）良的后，,7425244946.1979418,0.0
lseh-XiRiLi-BaoLianDeng.xml_7,兄（呃）推弟来两不能够担承。,7430787644.5257416,0.0
lsxp-WoBenShi-KongChengJi-1.xml_1,论阴阳如反掌保定乾坤。,7473125468.1281748,0.0
sdxp-SuLongWei-WuJiaPo.xml_9,衙里衙外我打点，,7501465667.3297472,0.0
lseh-JinZhongXiang-ShangTianTai.xml_0,金钟响玉磬应王登龙庭，,7796528710.8243132,0.0
lseh-XiRiLi-BaoLianDeng.xml_2,都只为孤（哇）竹君身染重病（哪），,7900718149.0417233,0.0
lsxp-ZouYingLong-DaYanSong.xml_9,那一旁坐的就是严阁老，,7908232167.074954,0.0
lseh-YiLunMing-ZhuoFangCao-2.xml_10,屈死的冤鬼魂休要怨咱，,7979488672.6304979,0.0
lsxp-WoBenShi-KongChengJi-2.xml_1,凭阴阳如反掌保定乾坤。,8041828408.7176504,0.0
lseh-YiLunMing-ZhuoFangSuDian.xml_10,屈死的怨鬼魂休要怨（呐）咱，,8319729099.8577232,0.0
lseh-WeiGuoJia-HongYangDong-3.xml_3,身不爽不由人瞌睡朦胧。,8329127642.5280981,0.0
lsxp-WoBenShi-KongChengJi-1.xml_0,我本是卧龙岗散淡哪的人，,8333845884.0182467,0.0
lsxp-WoBenShi-KongChengJi-1.xml_2,先帝呀爷下南阳御呀驾三请，,8376336344.1891193,0.0
lsxp-CiShiJian-HuaiHeYing-1.xml_7,（啊）生死二字（喏）且由他。,8481105237.1659832,0.14285714285714285
lseh-XinZhongYou-WenZhaoGuan.xml_10,爹娘（呃）要相逢除非是梦（呃）里团圆。,8641761450.9151669,0.0
lseh-WeiKaiYan-RangXuZhou.xml_3,老朽年迈我也不能够担承。,8678336121.174963,0.0
lseh-WeiGuoJia-HongYangDong-2.xml_3,身不爽不由人瞌睡朦胧（呃）（哪）。,8703437088.9561138,0.0
lseh-WeiGuoJia-HongYangDong-1.xml_3,身不爽不由人瞌睡朦胧（呃）。,8885760354.2684097,0.0
lseh-WeiKaiYan-RangXuZhou.xml_4,望使君放开怀慨然（呐）应（呐）允，,8985955593.9729328,0.0
sdxp-WoHeNi-SiLangTanMu.xml_15,宋营（哪）虽然路途远，,9103037342.8642864,0.0
lseh-NiangZiBu-SouGuJiuGu.xml_5,他舍命来你我舍亲生。,9316246157.5078068,0.14285714285714285
lseh-YiLunMing-WenZhaoGuan-1.xml_15,今夜晚怎能够盼到明天。,9506821867.0400562,0.0
lseh-YiLunMing-WenZhaoGuan-2.xml_15,今夜晚怎能够盼到明天。,9560648477.1204014,0.0
lsxp-WoBenShi-KongChengJi-2.xml_4,官封到武乡侯（呃）执掌帅印，,10178859581.650461,0.0
lseh-TanXiongDi-SangYuanJiZi.xml_1,丢下了年幼儿好不伤情。,10258825904.830055,0.0
lseh-XinZhongYou-WenZhaoGuan.xml_17,我本当拔宝剑自寻短见，,10474931341.780523,0.14285714285714285
lsxp-WoBenShi-KongChengJi-1.xml_4,官封到武乡侯哇执掌帅印，,11259564886.010683,0.0
lseh-WeiKaiYan-RangXuZhou.xml_1,天卸重任我就要（哇）你担承。,11293439434.044516,0.0
lseh-NiangZiBu-SouGuJiuGu.xml_1,卑（呀）人言来你是（喏）听。,11316211053.532696,0.0
lseh-XinZhongYou-WenZhaoGuan.xml_16,我冷冷清清向谁言（呃）。,12267604695.31675,0.0
lseh-YiLunMing-WenZhaoGuan-1.xml_32,我冷冷清清向谁言（哪）。,12335232125.416552,0.0
