猛听的金鼓响画角声震,0,猛听得金鼓响画角声震，
daxp-MengTingDe-MuiGuiYingGuaShuai.xml_0,猛听得金鼓响画角声震，,1640745.5098827253,0.9
daxp-ChunQiuTing-SuoLinNang.xml_18,听薛良一语来相告，,2789502.4588897545,0.1
daxp-ErTingDe-SuoLinNang.xml_16,听薛良一语来相告，,2835645.4796515945,0.1
sdxp-SuLongWei-WuJiaPo.xml_24,提起了旁人我不晓，,3010592.986173783,0.0
daxp-TingTaYan-ZuoGong.xml_0,听他言吓得我浑身是汗，,3075510.2593309013,0.1
sdxp-SuLongWei-WuJiaPo.xml_28,我父在朝为官宦，,3167315.6606134307,0.0
sdxp-DangNianHan-SanJiZhang.xml_9,当年韩信与苏秦，,3255680.0742488974,0.0
daxp-ErTingDe-SuoLinNang.xml_30,小小囊儿何足道，,3480195.580013793,0.0
sdxp-WoHeNi-SiLangTanMu.xml_32,适才叫咱盟誓愿，,3538579.9510323023,0.0
sdxp-WoHeNi-SiLangTanMu.xml_26,你那里休得要巧言舌辨，,3560756.3767130566,0.0
sdxp-WoHeNi-SiLangTanMu.xml_30,宋营离此路途远，,3633956.1164833223,0.0
daxp-GuanShiYin-TianNvSanHua.xml_0,观世音满月面珠开妙相，,3639763.2950385595,0.0
dldeh-ShouBiPo-ChunQiuPei.xml_6,你继母心毒狠将你打骂，,3680555.5898173894,0.0
sdxp-SuLongWei-WuJiaPo.xml_36,军爷说话理不端，,3736685.9763185605,0.0
daeh-ZiNaRi-ZhuangYuanMei-1.xml_6,百姓们闺房乐如花美眷，,3796743.7302165059,0.0
sdxp-SuLongWei-WuJiaPo.xml_40,这锭银子奴不要，,3844970.5208837776,0.0
sdxp-SuLongWei-WuJiaPo.xml_32,我进相府对父言，,3844970.5208837776,0.0
daxp-SuSanLi-NvQiJie.xml_0,苏三离了洪洞县，,3878465.9506536918,0.0
sdxp-DangNianHan-SanJiZhang.xml_17,仙女配的是董永，,3878465.9506536918,0.1
daxp-MengTingDe-MuiGuiYingGuaShuai.xml_6,番王小丑何足论，,4074189.8299955553,0.0
daxp-ChunQiuTing-SuoLinNang.xml_32,小小囊儿何足道，,4132567.6563057248,0.0
daxp-ZheCaiShi-SuoLinNang.xml_0,这才是人生难预料，,4267562.613624379,0.0
daxp-ErTingDe-SuoLinNang.xml_14,休要噪且站了，,4356628.4301520176,0.0
daxp-ChunQiuTing-SuoLinNang.xml_20,人情冷暖凭天造，,4436844.7171936557,0.0
daxp-ChunQiuTing-SuoLinNang.xml_30,麟儿那有神送到，,4489891.0007359115,0.0
daeh-ZiNaRi-ZhuangYuanMei-2.xml_8,幸喜得珍珠衫称心如愿，,4539854.7090436183,0.0
daxp-TingTaYan-ZuoGong.xml_3,他思家乡想骨肉就不能团圆。,4572352.439793244,0.0
daxp-ErTingDe-SuoLinNang.xml_28,麟儿哪有神送到，,4588447.4066801788,0.0
daxp-TingTaYan-ZuoGong.xml_5,尊一声驸马爷细听咱言。,4615074.3832139429,0.2
daeh-LiYanFei-ErJinGong.xml_3,想必是徐杨将进了昭阳。,4831384.5702603366,0.0
sdxp-SuLongWei-WuJiaPo.xml_43,落得个孝子的名儿在那天下传。,5168241.8036338175,0.1
sdxp-SuLongWei-WuJiaPo.xml_29,府内金银堆如山。,5200208.3948392468,0.1
daxp-ErTingDe-SuoLinNang.xml_18,人情冷暖凭空造，,5341343.7195089785,0.0
daxp-ErTingDe-SuoLinNang.xml_3,莫不是强婚配鸦占鸾巢。,5401441.0254687034,0.0
daxp-DiTouLi-NvQiJie.xml_0,低头离了洪洞县，,5438960.790038758,0.0
daeh-XiaoNuCai-SanNiangJiaoZi.xml_3,等候了你妻子同见阎罗。,5461444.0137001341,0.0
sdxp-SuLongWei-WuJiaPo.xml_34,将你带到官衙内，,5477131.5973180234,0.0
daxp-ChunQiuTing-SuoLinNang.xml_15,莫不是强婚配鸦占鸾巢？,5493718.1349838246,0.0
sdxp-DangNianHan-SanJiZhang.xml_15,未央宫斩的是韩信，,5620958.9825969907,0.1
daxp-WoZhuYe-SiLangTanMu.xml_0,我主爷金沙滩早把命丧，,5624366.7994503407,0.1
daxp-WoZhuYe-SiLangTanMu.xml_5,阅兵书看何人前来何安。,5636974.4534396203,0.0
daxp-ErTingDe-SuoLinNang.xml_22,分我一枝珊瑚宝，,5655733.450986011,0.0
sdxp-DangNianHan-SanJiZhang.xml_13,商鞅不中苏季子，,5655733.450986011,0.0
daxp-WoZhuYe-SiLangTanMu.xml_4,叫番儿忙摆驾银安殿，,5724760.8351059956,0.0
daeh-ZiNaRi-ZhuangYuanMei-2.xml_5,不知道他与我是否一般。,5735133.2579400158,0.0
daeh-ZaoBuXing-HeHouMaDian.xml_3,反倒说为嫂我拦阻有差，,5739889.273405062,0.0
daxp-ErTingDe-SuoLinNang.xml_20,我正不足她正少，,5742304.613142496,0.0
daspd-DuShouKong-WangJiangTing.xml_2,孀居愁苦泪洗面，,5770621.6867113672,0.0
daeh-ZiNaRi-ZhuangYuanMei-2.xml_6,百姓们闺房乐如花美眷，,5824728.6848204406,0.0
daxp-QiaoLouShang-HuangShanLei.xml_15,你爹爹到如今未转家门。,5844284.5787674841,0.0
daxp-ChenSanLiang-ChenSanLiangPaTang.xml_5,最可恨鸨儿叫我接客人。,5851373.6203024052,0.0
sdxp-DangNianHan-SanJiZhang.xml_19,非是女儿言不逊，,5855915.1546450015,0.0
daeh-ZaoBuXing-HeHouMaDian.xml_5,贼好比曹阿瞒半点不差，,5920794.9934060471,0.0
daxp-WoHeNi-SangYuanHui.xml_1,谁认你狼心狗肺的人！,5935534.6055830177,0.1
daeh-SunShangXiang-BieHuangGong.xml_5,又谁知弄假成真反配凤鸾。,5971797.5635836432,0.0
daxp-JiaoZhangSheng-HongNiang.xml_1,我步步行来你步步爬。,5995338.6262012394,0.0
daxp-ErTingDe-SuoLinNang.xml_15,薛良与我去问一遭。,6000167.6021622457,0.0
daeh-ZaoBuXing-HeHouMaDian.xml_11,两旁的文武臣珠泪如麻，,6017716.8589751851,0.1
daeh-ZiNaRi-ZhuangYuanMei-1.xml_5,不知道他与我是否一般。,6030335.3945019729,0.0
daxp-FeiShiWo-TaoHuaCun.xml_7,桃花村口莫彷徨。,6045024.1493730964,0.0
daeh-ZiNaRi-ZhuangYuanMei-2.xml_1,行不安坐不宁情态缠绵。,6081594.1324242996,0.0
daxp-XiShiNv-XiShi.xml_0,西施女生长在苎萝村里，,6116786.5810154025,0.0
daxp-LaoDieDie-DaYuShaJia-1.xml_1,到叫我桂英儿挂在心头；,6131333.5293785399,0.0
daeh-LiYanFei-DaBaoGuo.xml_7,宣太师上金殿披红插花。,6176639.6253318405,0.1
daxp-ChunQiuTing-SuoLinNang.xml_6,此时却又明白了，,6185861.9946425464,0.0
daeh-ZuoChunGui-XiShi.xml_2,奴这里心中痛玉颜清减，,6195279.644773527,0.0
daxp-JiaoZhangSheng-HongNiang.xml_0,叫张生隐藏在棋盘之下，,6288762.6714568119,0.0
daspd-DuShouKong-WangJiangTing.xml_0,独守空帏暗长叹，,6373897.3751545288,0.0
daeh-XiaoNuCai-SanNiangJiaoZi.xml_5,叹一声不由人珠泪如梭。,6395127.8751641614,0.1
daeh-NaRiFeng-YuanXiaoMi.xml_3,我与母亲两分离。,6445353.6275541726,0.0
daxp-GuanShiYin-TianNvSanHua.xml_7,催祥云驾瑞彩速赴佛场。,6454560.0470844675,0.0
daeh-WangChunE-SanNiangJiaoZi.xml_3,老薛保好一似浪里舟船。,6490454.7446472775,0.0
daeh-WangChunE-SanNiangJiaoZi.xml_5,每日里在书房苦读圣贤。,6508073.6247956147,0.0
daxp-LaoDieDie-SanJiZhang-1.xml_2,父休笑薛平贵是花郎模样，,6515416.8173780208,0.0
daxp-MengJunZi-ChunQiuPei-2.xml_1,虽然是不相识我就不得不答。,6595689.5571164982,0.0
daxp-WoHeNi-SangYuanHui.xml_0,我和你有什么夫妻的情，,6616822.0177556593,0.1
daeh-ZuoRiGong-TaiZhenWaiChuan.xml_1,有谁知一时错被逐宫廷。,6646255.1819043914,0.0
daeh-WuDuanQiao-BiYuZan.xml_7,又怕丑名误流传。,6647946.0604654085,0.0
daxp-ErDeFu-HongNiGuan.xml_2,奴这里只把那结婚思量，,6675902.696099367,0.0
sdxp-SuLongWei-WuJiaPo.xml_39,妻儿老小与奴一般。,6711323.8974187393,0.0
daeh-SunShangXiang-BieHuangGong.xml_7,阿斗儿行中途被子龙追还。,6740520.9583467059,0.0
daxp-ChunQiuTing-SuoLinNang.xml_10,轿内的人儿弹别调，,6743778.1421509236,0.1
daeh-ZiNaRi-ErJinGong.xml_7,看一看不觉到八月中秋。,6753326.8185182093,0.0
daeh-LiYanFei-DaBaoGuo.xml_5,候幼主成了龙原业归家。,6754764.7136289841,0.0
daeh-ZaoBuXing-HeHouMaDian.xml_9,只骂得贼昏王扭转身驱、闭目合晴、羞羞惭惭一语不发，,6767516.1843582494,0.0
daeh-WuDuanQiao-BiYuZan.xml_3,落得孤身病恹恹。,6778436.2305645887,0.0
daeh-ZuoRiGong-TaiZhenWaiChuan.xml_3,但不知何日里再沐圣明。,6840182.2124835011,0.0
daxp-DangRiLi-SuoLinNang.xml_3,耳听得风声断，雨声喧，雷声乱，乐声阑珊，人声呐喊，都道说是大雨倾天。,6851456.8150984449,0.2
daeh-SunShangXiang-BieHuangGong.xml_6,回荆州未三载诓我回转，,6858780.1852617608,0.0
daxp-LaoDieDie-SanJiZhang-2.xml_3,这样人得了志比父还强。,6882199.9249738604,0.0
daxp-ChenSanLiang-ChenSanLiangPaTang.xml_4,诗书易礼都学会，,6902036.0721010789,0.0
daxp-MengTingDe-MuiGuiYingGuaShuai.xml_5,寸土怎能够属于他人。,6958524.2066410668,0.0
daxp-MengTingDe-MuiGuiYingGuaShuai.xml_4,有生之日责当尽，,6997999.8795791166,0.0
daxp-QiaoLouShang-HuangShanLei.xml_0,谯楼上二更鼓声声送听，,7026600.004206189,0.3
daeh-ZaoBuXing-HeHouMaDian.xml_1,贼昏王篡了位谋乱邦家。,7032166.3084687544,0.0
danbz-KanDaWang-BaWangBieJi.xml_2,轻移步走向前荒郊站定，,7036208.6522758445,0.0
sdxp-WoHeNi-SiLangTanMu.xml_22,讲什么夫妻情恩德不浅，,7057189.1848737476,0.0
daeh-ZiNaRi-ErJinGong.xml_2,先王爷晏驾后太子年幼，,7144281.0360459937,0.0
daeh-SunShangXiang-BieHuangGong.xml_3,留下了孙仲谋执掌江南。,7155050.5092242816,0.0
daspd-HaiDaoBing-GuiFeiZuiJiu.xml_2,那冰轮离海岛，,7227152.9089110103,0.0
daxp-MengJunZi-ChunQiuPei-1.xml_3,我的父名姜绍贸易天涯。,7307269.6734583899,0.1
daxp-ChunQiuTing-SuoLinNang.xml_8,亦有饥寒悲怀抱，,7368647.4063068945,0.0
daxp-MengJunZi-ChunQiuPei-2.xml_5,因此上到郊外来捡芦花（呀）。,7370266.3739601485,0.0
daxp-MengJunZi-ChunQiuPei-2.xml_0,蒙君子至诚心再三问话，,7392654.4819273623,0.0
daxp-JiaoZhangSheng-HongNiang.xml_3,这件事倒叫我心乱如麻。,7408996.0923017096,0.0
daxp-ErDeFu-HongNiGuan.xml_7,又恐怕众将官说短论长。,7426528.1342692338,0.0
daeh-NaRiFeng-YuanXiaoMi.xml_7,不如早死命归西。,7427740.5429567276,0.0
daxp-ChunQiuTing-SuoLinNang.xml_5,为何鲛珠化泪抛？,7438282.8916437374,0.0
daxp-NiDeFu-FenHeWan.xml_3,不等到日落及早回程。,7451778.9252541969,0.0
daxp-ErTingDe-SuoLinNang.xml_10,蠢才问话太潦草，,7472111.777652232,0.0
daxp-DangRiLi-SuoLinNang.xml_5,隔帘儿我也曾侧目偷观。,7480415.2954942584,0.0
daxp-TingTaYan-ZuoGong.xml_7,不知者不怪罪你的海量放宽。,7491242.9979493525,0.1
daxp-ChenSanLiang-ChenSanLiangPaTang.xml_1,公正的老爷细听分明。,7516751.7751371684,0.2
daxp-MengJunZi-ChunQiuPei-1.xml_5,莫奈何到荒郊我就来捡芦花。,7523961.2564877477,0.0
daxp-LaoDieDie-DaYuShaJia-2.xml_3,等候了爹爹回细问根由。,7534817.9101448888,0.0
daxp-ChunQiuTing-SuoLinNang.xml_24,分我一枝珊瑚宝，,7557471.6244229218,0.0
daxp-ChunQiuTing-SuoLinNang.xml_22,我在不足他正少，,7557471.6244229218,0.0
daxp-FeiShiWo-TaoHuaCun.xml_11,是不是有人拍巴掌。,7573609.0244641518,0.0
daeh-ZiNaRi-ZhuangYuanMei-1.xml_8,幸喜得珍珠衫称心如愿，,7617249.5512589179,0.0
daxp-MengJunZi-ChunQiuPei-2.xml_2,家住在罗郡城魁星楼下，,7659288.628116928,0.0
daxp-ChunQiuTing-SuoLinNang.xml_0,春秋亭外风雨暴，,7684012.7527130274,0.0
daxp-ChunQiuTing-SuoLinNang.xml_12,耳听得悲声惨心中如捣，,7690186.8230109662,0.2
daxp-XiRiLi-LongFengChengXiang.xml_3,安排虎计害刘王。,7693345.4513890557,0.0
daxp-MengTingDe-MuiGuiYingGuaShuai.xml_3,敌血飞溅石榴裙。,7701462.3832668662,0.0
daxp-LaoDieDie-DaYuShaJia-1.xml_3,等候了爹爹回细问根由。,7704928.112367955,0.0
daxp-WoDeNiang-XinAnYi.xml_0,我的娘她忘了女生外姓，,7716978.7591792196,0.1
daxp-ErTingDe-SuoLinNang.xml_0,耳听得悲声惨心中如捣，,7729315.7811303558,0.2
daspd-DuShouKong-WangJiangTing.xml_1,芳心寂寞有谁怜，,7746490.7209389191,0.0
daxp-DangRiLi-SuoLinNang.xml_11,为什么悲切切哭得可怜。,7772687.1434346642,0.0
daxp-XiShiNv-XiShi.xml_5,对清溪时照影自整罗农。,7800753.6868071109,0.0
danbz-BeiJiuChan-ChunGuiMeng.xml_4,原来是不耐烦已经睡困，,7804786.2128326725,0.0
daxp-ZhiJianTa-WangJiangTing.xml_0,只见他一封书信握手里，,7819417.5729124388,0.0
daxp-WoDeNiang-XinAnYi.xml_2,这几日身不爽心中烦闷，,7822683.7716477392,0.0
sdeh-WenSanNiang-SanNiangJiaoZi.xml_6,又谁知平白的闪跌一跤。,7850491.4342328766,0.1
daxp-SuSanLi-NvQiJie.xml_3,过往的君子听我言。,7900488.3010441875,0.2
daxp-XiRiLi-LongFengChengXiang.xml_0,昔日里梁鸿配孟光，,7925134.7534093792,0.0
daspd-DuShouKong-WangJiangTing.xml_3,为避狂徒到此间。,7947800.1187772891,0.0
daxp-DangRiLi-SuoLinNang.xml_0,当日里好风光忽觉转变，,7954527.4915192872,0.0
daeh-NuZiYou-TouJunBieYao.xml_3,也不枉我二人苦度时光。,7972739.181292301,0.0
danbz-BeiJiuChan-ChunGuiMeng.xml_1,算当初曾经得几晌温存。,7975377.2427578224,0.0
daxp-DuiLingHua-BiYuZan.xml_3,也算得人世间美满姻缘。,7985708.3163400898,0.0
daxp-XiRiLiang-LongFengChengXiang.xml_0,昔日梁鸿配孟光，,7987587.2483858233,0.0
daxp-SuSanLi-NvQiJie.xml_5,与我那三郎把信传。,8000840.2767892648,0.0
daxp-XiRiLiang-LongFengChengXiang.xml_3,安排巧计害刘王。,8034072.2874148721,0.0
daxp-LaoDieDie-YuZhouFeng.xml_1,明早朝上金殿面奏吾皇。,8034881.019406504,0.1
daeh-ZiNaRi-ZhuangYuanMei-1.xml_12,但愿得状元媒月老引线，,8063906.6302474802,0.0
daxp-XiShiNv-XiShi.xml_1,难得有开怀事常锁双眉。,8067357.7872866085,0.0
daeh-WangChunE-SanNiangJiaoZi.xml_1,想起了我老爷好不惨然。,8084862.8704078337,0.0
daeh-ZuoChunGui-XiShi.xml_3,夜不眠朝慵起又向谁言。,8089185.0093269292,0.0
daeh-WangChunE-SanNiangJiaoZi.xml_7,等候了薛倚儿转回家园。,8122693.7796665588,0.0
sdxp-WoHeNi-SiLangTanMu.xml_33,你也对苍天就表一番。,8131162.2048845822,0.0
daxp-ErDeFu-HongNiGuan.xml_1,撇下了奴一人好不悲凉。,8148540.1238298137,0.0
sdxp-SuLongWei-WuJiaPo.xml_31,命人送到（那）西凉川。,8162006.596637913,0.0
daspd-HaiDaoBing-GuiFeiZuiJiu.xml_5,恰便似嫦娥离月宫，,8170037.9907305464,0.0
daeh-ZiNaRi-ErJinGong.xml_11,想必是徐杨进了昭阳。,8229140.2724086782,0.0
sdxp-SuLongWei-WuJiaPo.xml_25,苏龙魏虎是内亲。,8259786.719480115,0.0
daeh-ZiNaRi-ZhuangYuanMei-2.xml_9,宋天子主婚姻此事成全。,8290327.781260577,0.0
daxp-MuQinBu-FengHuanChao.xml_5,活在世上也枉然。,8331200.1027326714,0.0
daeh-CanQiQi-WuLongZuo.xml_2,千金休哪曾受磨房景况，,8334207.9346073614,0.1
daxp-MengJunZi-ChunQiuPei-1.xml_4,在家中受不过继母拷打，,8341490.7236106917,0.0
daxp-DangRiLi-SuoLinNang.xml_15,囊虽小却能做续命泉源。,8370617.7377629345,0.0
daxp-ZheCaiShi-SuoLinNang.xml_2,回首繁华如梦渺，,8373766.7734556729,0.0
daxp-TingTaYan-ZuoGong.xml_4,我这里走向前再把礼见，,8376756.3096152116,0.0
daxp-DangRiLi-SuoLinNang.xml_14,急切里想起了锁麟囊一（呀）件，,8379173.5257984325,0.0
daeh-ZiNaRi-ErJinGong.xml_6,徐小姐把守在宫门口，,8401599.7785822861,0.0
daxp-FeiShiWo-TaoHuaCun.xml_0,非是我嘱咐叮咛把话讲，,8430024.0454341713,0.0
daxp-ChunQiuTing-SuoLinNang.xml_2,在隔帘只见这一花轿，,8435197.4644965027,0.0
daxp-ErTingDe-SuoLinNang.xml_8,怜贫济困是正道，,8437043.3740038108,0.0
daxp-ZheCaiShi-SuoLinNang.xml_6,种福得福如此报，,8437448.1948853582,0.0
daeh-NuZiYou-TouJunBieYao.xml_1,为薛郎我父女断绝情长。,8442018.4143707138,0.0
daxp-DuiLingHua-BiYuZan.xml_1,听她言不由人喜上眉尖。,8457791.3628239632,0.1
daxp-NiDeFu-FenHeWan.xml_0,你的父去投军无音信，,8480102.4292116482,0.1
daxp-ErTingDe-SuoLinNang.xml_19,谁能移动它半分毫。,8483945.605067322,0.0
daxp-NiDeFu-FenHeWan.xml_2,把弓带和鱼镖与儿带定，,8485074.2693837918,0.0
sdxp-SuLongWei-WuJiaPo.xml_33,家人小厮有万千。,8507466.1882476099,0.0
daxp-FeiShiWo-TaoHuaCun.xml_8,你不要高声不要嚷，,8509430.6554680001,0.1
daeh-ZiNaRi-ZhuangYuanMei-1.xml_1,行不安坐不宁情态缠绵。,8512188.6925892755,0.0
daxp-GuanShiYin-TianNvSanHua.xml_3,白鹦鹉与仙鸟在灵岩神岘上下飞翔；,8532820.9888737407,0.0
daxp-QiaoLouShang-HuangShanLei.xml_5,猛听得窗儿外似有人行。,8562232.9683975745,0.2
daxp-ErTingDe-SuoLinNang.xml_29,积德才生玉树苗。,8593733.7744575646,0.0
daeh-TanHongYan-HuoXiaoYu.xml_1,美满姻缘付东流。,8623754.4701767135,0.0
daxp-DangRiLi-SuoLinNang.xml_6,虽然是古青庐以朴为俭，,8649469.8565507717,0.0
daxp-XiShiNv-XiShi.xml_4,怕只怕损玉颜姣容自惜，,8672492.5895261019,0.0
daxp-WoZhuYe-SiLangTanMu.xml_3,一心心要夺取宋室江山。,8686038.7251227424,0.0
dldeh-ShouBiPo-ChunQiuPei.xml_3,奴好比花未开风吹雨打，,8690740.5381683242,0.0
sdxp-DangNianHan-SanJiZhang.xml_12,登台拜帅天下闻。,8696620.7608706597,0.0
daeh-ZiNaRi-ErJinGong.xml_3,太师爷一心心想篡龙楼。,8712169.5881516337,0.0
daeh-ZuoRiGong-TaiZhenWaiChuan.xml_2,思想起从前事心中悔恨，,8716273.9770644195,0.0
daxp-ZhiJianTa-WangJiangTing.xml_1,长吁短叹语声低。,8782874.9637685549,0.1
daxp-QiaoLouShang-HuangShanLei.xml_9,看娇儿正酣睡恐被风侵。,8836602.0758753326,0.0
daxp-QiaoLouShang-HuangShanLei.xml_10,我不免引寒机伴奴坐等，,8881731.289137885,0.0
daxp-MengJunZi-ChunQiuPei-1.xml_2,家住在罗郡城魁星楼下，,8897170.8233944122,0.0
daxp-LaoDieDie-SanJiZhang-1.xml_0,老爹爹请息（呀）怒容儿细讲，,8903919.9799332302,0.0
daxp-ChunQiuTing-SuoLinNang.xml_3,想必是新婚渡鹊桥，,8951973.0231893472,0.0
dldeh-ShouBiPo-ChunQiuPei.xml_1,受逼迫去捡柴泪如雨下，,8958830.7635859549,0.0
daeh-SunShangXiang-BieHuangGong.xml_1,想起了已往事心内痛酸。,8977347.1215803958,0.0
daxp-FeiShiWo-TaoHuaCun.xml_10,不但要仔细听、还要仔细想，,9004587.2201437112,0.1
sdxp-DangNianHan-SanJiZhang.xml_20,爹爹为何你要退婚？,9011489.3742678259,0.0
daeh-ZiNaRi-ZhuangYuanMei-2.xml_10,但愿得令公令婆别无意见，,9045141.1442312934,0.0
daxp-ChunQiuTing-SuoLinNang.xml_33,救她饥渴胜琼瑶。,9097636.605836615,0.0
daxp-LaoDieDie-SanJiZhang-2.xml_2,父道那薛平贵是那化郎模样，,9100003.8214429189,0.0
sdxp-SuLongWei-WuJiaPo.xml_27,三人对面（就）说分明。,9107814.2727059443,0.0
daxp-DangRiLi-SuoLinNang.xml_4,那花轿必定是因陋就简，,9135946.9448439404,0.0
daxp-QiaoLouShang-HuangShanLei.xml_4,到三更真个是月明人静，,9136236.509937657,0.0
daeh-NaRiFeng-YuanXiaoMi.xml_1,死里逃生甚惨凄。,9153823.833721647,0.0
daxp-ChunQiuTing-SuoLinNang.xml_26,忙把梅香低声儿叫，,9180093.0946030691,0.1
sdxp-SuLongWei-WuJiaPo.xml_37,欺奴犹如欺了天。,9190523.2052862681,0.0
daxp-DangRiLi-SuoLinNang.xml_1,霎时间日色淡似坠西山。,9193746.1863662582,0.0
daxp-SuSanLi-NvQiJie.xml_4,哪一位去往南京转，,9197622.4713584259,0.0
daeh-LiYanFei-DaBaoGuo.xml_9,压定了文武臣均要画押。,9208590.8125376496,0.1
daxp-DangRiLi-SuoLinNang.xml_16,有金珠和珍宝光华灿烂，,9209822.5638616383,0.1
daxp-MengJunZi-ChunQiuPei-1.xml_0,蒙君子至殷勤再三问话，,9298375.1590999868,0.0
sdxp-SuLongWei-WuJiaPo.xml_26,你我同把相府进，,9356455.4428327233,0.0
daxp-LaoDieDie-DaYuShaJia-2.xml_1,倒叫我桂英儿挂在心头。,9364010.0365363732,0.0
daxp-ZhiJianTa-WangJiangTing.xml_5,隐情不敢实告妻。,9417695.225729404,0.0
daeh-LiYanFei-DaBaoGuo.xml_1,文站东武列西朝贺哀家。,9430075.7940715402,0.0
daspd-HaiDaoBing-GuiFeiZuiJiu.xml_1,见玉兔（哇）玉兔又早东升。,9437859.1152329762,0.0
daxp-MuQinBu-FengHuanChao.xml_2,自古常言道得好，,9461898.9806668498,0.0
daeh-NaRiFeng-YuanXiaoMi.xml_5,那厢流泪这厢啼。,9478888.550766794,0.0
daeh-ZaoBuXing-HeHouMaDian.xml_10,只骂得贼昏王无言对答。,9507166.3960059583,0.0
daxp-WoZhuYe-SiLangTanMu.xml_1,众文武扶哀家执掌军房。,9540207.3326936848,0.0
daxp-DangRiLi-SuoLinNang.xml_19,还有那赤金链，紫瑛簪，白玉环，双凤錾，八宝钗钏一个个宝孕光含。,9544906.6152813863,0.1
daxp-NiDeFu-FenHeWan.xml_1,全仗你打雁养娘亲，,9592387.6299058981,0.0
daxp-FeiShiWo-TaoHuaCun.xml_2,今夜晚非比那西厢待月、你懂提防、莫轻狂，,9594047.0195693541,0.0
daxp-QiaoLouShang-HuangShanLei.xml_11,又思来又想去越不安宁。,9617732.9014005978,0.0
sdxp-DangNianHan-SanJiZhang.xml_10,都是安邦定国臣，,9621708.880581744,0.0
daeh-WuDuanQiao-BiYuZan.xml_4,今生若被郎轻贱，,9648974.2711516451,0.0
daxp-XiRiLiang-LongFengChengXiang.xml_1,今朝仙女会襄王。,9676581.9485370424,0.0
daxp-WoZhuYe-SiLangTanMu.xml_2,众卿随忙挂点亲率官员，,9676674.2007291615,0.0
daxp-GuanShiYin-TianNvSanHua.xml_6,满眼中清妙景灵光万丈，,9691764.0602493342,0.0
daxp-DiTouLi-NvQiJie.xml_5,与我那三郎把信传。,9697048.4452956282,0.0
daxp-LaoDieDie-SanJiZhang-2.xml_1,儿命苦怎配着状元才郎？,9703150.6961502619,0.0
sdxp-DangNianHan-SanJiZhang.xml_16,难道说文官他就不丧身？,9708678.3747750781,0.0
daxp-ErDeFu-HongNiGuan.xml_4,清早起我和他一度商量，,9717744.3008304704,0.0
daxp-XiShiNv-XiShi.xml_2,只为着守清寒柴门近水，,9758546.4380196147,0.0
sdxp-DangNianHan-SanJiZhang.xml_11,淮阴漂母救韩信，,9763562.518007949,0.0
daxp-DiTouLi-NvQiJie.xml_1,将身来在大街前。,9773606.218461128,0.0
daxp-ErTingDe-SuoLinNang.xml_24,忙把梅香低声叫，,9782012.1680477187,0.1
daeh-ZaoBuXing-HeHouMaDian.xml_8,只骂得贼昏王装聋作哑，,9784129.553559849,0.0
daeh-ZuoChunGui-XiShi.xml_0,坐春闺只觉得光明似箭，,9786711.9081989881,0.0
daeh-TanHongYan-HuoXiaoYu.xml_5,隔着窗儿点滴不休。,9791633.2461911421,0.0
daxp-DiTouLi-NvQiJie.xml_4,哪一位去往南京转，,9839539.016998088,0.0
daxp-XiRiLi-LongFengChengXiang.xml_5,纵有大事料无妨。,9842037.0185844116,0.0
daxp-FeiShiWo-TaoHuaCun.xml_3,关系你患难鸳鸯永宿在池塘。,9844618.9690004028,0.0
daxp-DiTouLi-NvQiJie.xml_7,来生变犬马我当报还。,9856206.7112967502,0.0
daxp-ZhiJianTa-WangJiangTing.xml_6,低下头心生计，,9876030.014171185,0.0
daeh-ZiNaRi-ZhuangYuanMei-1.xml_3,乱军中多亏他救我回还。,9880244.9638920575,0.0
daxp-LaoDieDie-YuZhouFeng.xml_0,老爹爹发恩德将本修上，,9883555.8097442463,0.0
daxp-ErTingDe-SuoLinNang.xml_5,问那厢因何故痛哭无聊？,9890108.4724632148,0.0
danbz-KanDaWang-BaWangBieJi.xml_3,猛抬头见碧落月色清明。,9890865.723320961,0.1
daxp-XiShiNv-XiShi.xml_3,每日里浣纱去又傍清溪。,9983494.2974551991,0.0
daeh-ZiNaRi-ZhuangYuanMei-2.xml_11,但愿得杨六郎心如石坚。,9990185.092959078,0.0
daxp-ErTingDe-SuoLinNang.xml_17,满腹骄矜顿雪潇。,10037340.156105461,0.0
daxp-ErTingDe-SuoLinNang.xml_7,不该人前乱解嘲。,10037340.156105461,0.0
daxp-ErDeFu-HongNiGuan.xml_5,不想到狠心郎一味猖狂。,10039541.23343882,0.0
daxp-XiRiLi-LongFengChengXiang.xml_1,今朝仙女会襄王。,10072557.705214236,0.0
daxp-DangRiLi-SuoLinNang.xml_17,红珊瑚碧翡翠样样倶全。,10085450.600616559,0.0
daxp-XiRiLiang-LongFengChengXiang.xml_2,暗地堪笑我兄长，,10097643.504841268,0.0
daeh-WangChunE-SanNiangJiaoZi.xml_0,王春娥坐草堂自思自叹，,10103196.149761613,0.0
daxp-QiaoLouShang-HuangShanLei.xml_12,数更等交五鼓空房愈冷，,10105845.676100004,0.1
sdeh-WenSanNiang-SanNiangJiaoZi.xml_4,背转身来哭嚎啕。,10157310.059794737,0.0
daxp-TingTaYan-ZuoGong.xml_1,十五载到今日才吐真言。,10165575.237646937,0.0
sdxp-WoHeNi-SiLangTanMu.xml_24,因何故终日里愁眉不展，,10167054.518914606,0.0
daxp-QiaoLouShang-HuangShanLei.xml_1,父子们去采药未见回程。,10181145.188192967,0.0
daeh-ZiNaRi-ZhuangYuanMei-1.xml_9,宋天子主婚姻此事成全。,10208826.503554096,0.0
daxp-FeiShiWo-TaoHuaCun.xml_17,听我的号令上战场。,10211351.107350109,0.2
daxp-JiaoZhangSheng-HongNiang.xml_5,听号令且莫要惊动了她。,10224748.895358723,0.1
daxp-LaoDieDie-YuZhouFeng.xml_3,观此本免了儿一门祸殃。,10227711.521234917,0.0
daeh-ZaoBuXing-HeHouMaDian.xml_12,搬一把金交椅娘且坐下，,10229814.630111797,0.1
daxp-SuSanLi-NvQiJie.xml_7,来生变犬马我当报还！,10253922.328877972,0.0
daxp-DangRiLi-SuoLinNang.xml_12,那时节奴妆奁不下百万，,10276395.338270042,0.0
daxp-ChunQiuTing-SuoLinNang.xml_9,也有失意痛哭嚎啕，,10292429.021788532,0.0
dldeh-ShouBiPo-ChunQiuPei.xml_4,想亲娘和老父心乱如麻。,10293586.156284152,0.0
daeh-TanHongYan-HuoXiaoYu.xml_4,枕边泪（呀）共（那）阶前雨，,10313116.571051219,0.0
daeh-ZiNaRi-ErJinGong.xml_4,他那里父女情全然无有，,10341785.580273157,0.0
sdxp-SuLongWei-WuJiaPo.xml_38,西凉的鞑子将你斩，,10347746.444667477,0.1
daxp-ErDeFu-HongNiGuan.xml_3,倒不如与伯党匹配鸾凰。,10349436.456870973,0.0
sdxp-SuLongWei-WuJiaPo.xml_30,本利算来有多少，,10349751.72678409,0.0
daxp-ErTingDe-SuoLinNang.xml_21,她为饥寒我为骄。,10351928.23947145,0.0
daxp-ErDeFu-HongNiGuan.xml_6,奴本当把关印付他执掌，,10360478.467536865,0.0
daxp-QiaoLouShang-HuangShanLei.xml_2,对孤灯思远道心神不定，,10384281.709711077,0.0
daxp-LaoDieDie-SanJiZhang-1.xml_3,贫穷人得了志比富还强。,10392156.325813625,0.0
daeh-SunShangXiang-BieHuangGong.xml_2,遭不幸父王爷把驾来晏，,10453586.611119632,0.0
daeh-ZaoBuXing-HeHouMaDian.xml_7,贼好比那司马师搅乱中华。,10466502.537138944,0.0
daxp-LaoDieDie-SanJiZhang-2.xml_0,老爹爹请息怒容儿细讲，,10492586.970995435,0.0
daeh-NuZiYou-TouJunBieYao.xml_2,但愿得去投军功名有望，,10526079.906559573,0.0
sdxp-WoHeNi-SiLangTanMu.xml_25,有什么心腹事你只管明言。,10537367.223672159,0.0
daxp-ChunQiuTing-SuoLinNang.xml_1,何处悲声破寂寥。,10539382.787908234,0.1
daxp-MengJunZi-ChunQiuPei-1.xml_1,虽然是男女别不得不答。,10539485.130892562,0.0
daxp-DuiLingHua-BiYuZan.xml_0,对菱花暗地里芳心自转，,10540713.371222764,0.0
daxp-LaoDieDie-YuZhouFeng.xml_2,倘若是有道君皇恩浩荡，,10541552.478966793,0.0
daxp-QiaoLouShang-HuangShanLei.xml_6,忙移步隔花荫留神听定，,10543169.57850535,0.1
sdeh-WenSanNiang-SanNiangJiaoZi.xml_3,老薛保你不必苦哀告，,10572462.99374369,0.0
daxp-DangRiLi-SuoLinNang.xml_2,在轿中只觉得天昏地暗。,10575382.468508543,0.0
daxp-ZheCaiShi-SuoLinNang.xml_3,残生一线付惊涛。,10589728.268453605,0.0
daeh-WangChunE-SanNiangJiaoZi.xml_4,薛倚儿他好比无弓之箭，,10610187.533333464,0.0
daxp-ZhiJianTa-WangJiangTing.xml_3,害得儿夫犯焦急；,10624763.380360823,0.0
daxp-GuanShiYin-TianNvSanHua.xml_1,有善才和龙女站立两厢；,10658560.190493088,0.0
daxp-MuQinBu-FengHuanChao.xml_4,人生不知顾脸面，,10671386.439430425,0.0
daxp-LaoDieDie-DaYuShaJia-2.xml_0,老爹爹清晨起前去出首，,10699789.260725558,0.0
daeh-LiYanFei-DaBaoGuo.xml_3,各国的众王侯朝贺中华。,10704208.499953441,0.1
daeh-ZiNaRi-ZhuangYuanMei-1.xml_0,自那日与六郎姻缘相见，,10733399.570962932,0.0
daeh-ZiNaRi-ZhuangYuanMei-1.xml_11,但愿得杨六郎心如石坚，,10735045.067480275,0.0
sdxp-DangNianHan-SanJiZhang.xml_14,在六国封相人上人。,10738510.162098555,0.0
daxp-MengTingDe-MuiGuiYingGuaShuai.xml_7,我一剑能挡百万兵。,10774891.740650803,0.0
sdxp-WoHeNi-SiLangTanMu.xml_23,咱与你隔南北千里姻缘。,10788476.43101888,0.0
daxp-ZhiJianTa-WangJiangTing.xml_2,何人来把书信寄？,10798080.377355549,0.0
daxp-QiaoLouShang-HuangShanLei.xml_8,听画鼓报四更愈添凄冷，,10798362.438296266,0.3
daxp-LaoDieDie-DaYuShaJia-1.xml_2,将身儿坐至在草堂等候，,10802822.30892266,0.0
daeh-LiYanFei-DaBaoGuo.xml_2,太师爷奏一本进贡年下，,10806892.24401457,0.0
daxp-DuiLingHua-BiYuZan.xml_2,果然是成佳偶两心欢恋，,10877612.688841328,0.0
daxp-WoDeNiang-XinAnYi.xml_3,却原来母亲到儿未知情。,10885303.299646232,0.0
daxp-DangRiLi-SuoLinNang.xml_13,怎奈我在轿中赤手空拳。,10927841.83085075,0.0
danbz-BeiJiuChan-ChunGuiMeng.xml_0,被纠缠陡想起婚时情景，,10966461.972189069,0.0
daxp-ZhiJianTa-WangJiangTing.xml_7,何必独自就暗猜疑。,10975007.271361355,0.0
daeh-CanQiQi-WuLongZuo.xml_1,叹红颜多薄命父母双亡。,10992014.709491059,0.0
daxp-FeiShiWo-TaoHuaCun.xml_14,倘若是你响她也响，,11014041.583320593,0.1
daeh-SunShangXiang-BieHuangGong.xml_0,孙尚香坐宫院自思自叹，,11092215.924513873,0.0
daeh-ZaoBuXing-HeHouMaDian.xml_0,遭不幸老王爷晏了御驾，,11127310.220981166,0.0
daxp-ChunQiuTing-SuoLinNang.xml_31,积德才生玉树苗，,11148376.984294668,0.0
daxp-ErDeFu-HongNiGuan.xml_0,儿的父为国家阵前命丧，,11149384.143627152,0.1
daxp-ChunQiuTing-SuoLinNang.xml_21,谁能移动他半分毫。,11167068.474470243,0.0
daxp-SuSanLi-NvQiJie.xml_1,将身来在大街前。,11168726.958713587,0.0
daeh-ZiNaRi-ZhuangYuanMei-1.xml_4,这桩事闷得我柔肠百转，,11190985.606137177,0.0
daxp-FeiShiWo-TaoHuaCun.xml_16,你把我当做诸葛亮，,11256312.39373802,0.0
daeh-WuDuanQiao-BiYuZan.xml_0,无端巧计将人陷，,11265426.51449161,0.0
daeh-CanQiQi-WuLongZuo.xml_0,惨凄凄唤苍天天不应响，,11280339.760777628,0.1
daeh-ZuoChunGui-XiShi.xml_1,无限的闲愁恨尽上眉尖。,11287645.495848609,0.1
daeh-ZiNaRi-ErJinGong.xml_1,独坐在寒宫院闷闷悠悠。,11363895.15234953,0.0
daeh-WuDuanQiao-BiYuZan.xml_5,满腹冤屈向谁言。,11402607.028457621,0.0
daxp-LaoDieDie-DaYuShaJia-2.xml_2,将身儿坐至在草堂等候，,11405024.833179444,0.0
daeh-LiYanFei-DaBaoGuo.xml_4,将江山让太师权且代贺，,11419129.305335976,0.0
daxp-GuanShiYin-TianNvSanHua.xml_2,菩提树薝卜花千枝掩映，,11428708.395719163,0.0
daxp-FeiShiWo-TaoHuaCun.xml_9,你必须眼观六路耳听八方。,11434689.646219401,0.1
daeh-ZiNaRi-ZhuangYuanMei-1.xml_7,帝王家深宫院似水流年。,11479630.076741423,0.0
daeh-ZiNaRi-ZhuangYuanMei-2.xml_4,这桩事闷得我柔肠百转，,11486487.788818544,0.0
daxp-ChunQiuTing-SuoLinNang.xml_7,世上何尝尽富豪，,11486916.309014281,0.0
daeh-ZiNaRi-ZhuangYuanMei-2.xml_12,但愿得状元媒月老引线，,11521556.570390167,0.0
daxp-DangRiLi-SuoLinNang.xml_8,轿中人必定有一腔幽怨，,11527546.933319286,0.0
daxp-ZhiJianTa-WangJiangTing.xml_8,出二堂深施礼，,11536936.617481109,0.0
daeh-XiaoNuCai-SanNiangJiaoZi.xml_0,小奴才他一言问住我，,11546662.48995165,0.0
daeh-ZiNaRi-ErJinGong.xml_12,有一句话儿不好言讲，,11600087.08390457,0.0
daeh-ZuoRiGong-TaiZhenWaiChuan.xml_0,昨日宫中何等宠幸，,11611599.172658438,0.0
daxp-ZhiJianTa-WangJiangTing.xml_9,相公你为何不歇息？,11633901.842072152,0.0
daeh-CanQiQi-WuLongZuo.xml_3,担几肩头晕转体若筛糠。,11665129.884226633,0.0
daxp-ErTingDe-SuoLinNang.xml_25,莫把姓名你信口哓。,11859510.422482861,0.0
daxp-ChunQiuTing-SuoLinNang.xml_25,安他半世凤凰巢。,11899679.406322805,0.0
daxp-ErTingDe-SuoLinNang.xml_23,安她半世凤凰剿。,11899679.406322805,0.0
daeh-ZiNaRi-ZhuangYuanMei-2.xml_3,乱军中多亏他救我回还。,11906929.406808171,0.0
daxp-ChunQiuTing-SuoLinNang.xml_23,他为饥寒我为娇。,11924420.795040136,0.0
daxp-ChunQiuTing-SuoLinNang.xml_19,满腹骄矜顿雪潇，,11932735.973350929,0.0
daeh-ZaoBuXing-HeHouMaDian.xml_13,你叔王不让位再去骂他。,11953867.70626861,0.0
daeh-LiYanFei-DaBaoGuo.xml_8,赐你的上方剑朝房问话，,11986717.7298862,0.1
daxp-ChunQiuTing-SuoLinNang.xml_17,问那厢因何故痛哭无聊。,12038135.026511692,0.0
daxp-DangRiLi-SuoLinNang.xml_21,换衣食也够她生活几年。,12072175.387487225,0.0
daeh-WangChunE-SanNiangJiaoZi.xml_2,春娥女好一此失群孤雁，,12084362.417496994,0.0
daxp-DangRiLi-SuoLinNang.xml_7,哪有这短花帘，旧花幔，参差流苏，残破不全。,12118895.110107932,0.0
dldeh-ShouBiPo-ChunQiuPei.xml_2,病恹恹身无力难以挣扎。,12214634.618726971,0.0
daxp-FeiShiWo-TaoHuaCun.xml_1,只怪你呆头呆脑慌慌张张。,12251931.718591619,0.0
daxp-ErTingDe-SuoLinNang.xml_11,难免怀疑在心梢。,12262432.299651613,0.0
daxp-ZheCaiShi-SuoLinNang.xml_1,不想团圆在今朝。,12262432.299651613,0.0
daeh-NaRiFeng-YuanXiaoMi.xml_0,那日风波平地起，,12291839.98872887,0.0
daxp-QiaoLouShang-HuangShanLei.xml_7,原来是秋风起扫叶之声。,12295330.220889864,0.1
daspd-HaiDaoBing-GuiFeiZuiJiu.xml_6,奴似嫦娥离月宫。,12296756.524494357,0.0
daxp-DangRiLi-SuoLinNang.xml_9,她泪自弹、声续断、似杜鹃、啼别院、巴峡哀猿动人心弦，好不惨然。,12299405.117068281,0.1
daxp-MengJunZi-ChunQiuPei-2.xml_4,身有病还受那继母拷打，,12305793.596864173,0.0
daxp-LaoDieDie-SanJiZhang-1.xml_1,我立志不嫁那状元才郎。,12308195.588329665,0.0
daxp-MuQinBu-FengHuanChao.xml_1,女儿言来听根源。,12310770.282823361,0.1
daxp-FeiShiWo-TaoHuaCun.xml_12,响一声你就还一掌，,12317907.367006179,0.2
daeh-ZiNaRi-ErJinGong.xml_5,竟把我孤儿寡母当做了马牛。,12444511.156928467,0.0
daxp-LaoDieDie-DaYuShaJia-1.xml_0,老爹爹清晨起前去出前，,12459151.67384365,0.0
daeh-XiaoNuCai-SanNiangJiaoZi.xml_2,哭一声亡故夫在阴曹等我，,12502400.849919129,0.1
daxp-ChunQiuTing-SuoLinNang.xml_27,莫把姓名你信口晓，,12512687.593758048,0.0
daxp-MengTingDe-MuiGuiYingGuaShuai.xml_1,唤起我破天门状志凌云。,12518389.322849775,0.0
daeh-SunShangXiang-BieHuangGong.xml_8,恨只恨我兄长把事错办，,12587532.445512054,0.0
daxp-ErTingDe-SuoLinNang.xml_31,救她饥渴胜琼瑶。,12590827.14099953,0.0
dldeh-ShouBiPo-ChunQiuPei.xml_7,全（呐）不顾你身有病气力不佳。,12623184.111300919,0.0
daeh-LiYanFei-DaBaoGuo.xml_0,李艳妃设早朝龙书案下，,12727663.815051805,0.0
daxp-FeiShiWo-TaoHuaCun.xml_4,已然错请生波浪，,12755214.451510508,0.0
sdeh-WenSanNiang-SanNiangJiaoZi.xml_5,实指望教训他终身有靠，,12765479.035689233,0.0
daeh-WuDuanQiao-BiYuZan.xml_1,薄命自伤怨红颜。,12776619.773639187,0.0
daeh-ZiNaRi-ZhuangYuanMei-1.xml_10,但愿得令公令婆别无异见，,12805584.048569342,0.0
daeh-NuZiYou-TouJunBieYao.xml_0,奴自幼在闺阁娇生惯养，,12851937.520830231,0.0
daeh-NaRiFeng-YuanXiaoMi.xml_4,母女隔断三千里，,12864228.411016701,0.0
daeh-ZiNaRi-ErJinGong.xml_9,想起了老王爷好不惨伤。,12893443.577112703,0.0
daxp-LaoDieDie-YuZhouFeng.xml_4,老爹爹在朝中官高爵显，,12913923.802087164,0.0
daeh-XiaoNuCai-SanNiangJiaoZi.xml_4,怒气不息在机房闷坐，,12947324.330081552,0.0
daxp-ZhiJianTa-WangJiangTing.xml_4,莫不是平地风波起，,12971924.434447775,0.0
daeh-ZiNaRi-ZhuangYuanMei-2.xml_0,自那日与六郎阵前相见，,13039296.656940419,0.0
daeh-XiaoNuCai-SanNiangJiaoZi.xml_1,闭口无言王春娥。,13052974.040013364,0.0
daeh-NaRiFeng-YuanXiaoMi.xml_6,我今绝少人生趣，,13058410.688322706,0.0
sdxp-SuLongWei-WuJiaPo.xml_35,打板子、上夹棍、丢南牢、坐监禁、管叫你思前容易退后难。,13092066.60924576,0.0
daxp-ChunQiuTing-SuoLinNang.xml_28,这都是神话凭空造，,13127241.11734592,0.0
daxp-FeiShiWo-TaoHuaCun.xml_13,响两声你就凑近身旁。,13134524.532588718,0.2
daxp-ErTingDe-SuoLinNang.xml_6,梅香说话好颠倒，,13196803.863615775,0.0
daeh-ZiNaRi-ErJinGong.xml_0,自那日与徐杨决裂以后，,13350259.091651576,0.0
daxp-ZheCaiShi-SuoLinNang.xml_7,愧我当初赠木桃。,13473133.06684421,0.0
daxp-ErTingDe-SuoLinNang.xml_26,这都是神话凭空造，,13484481.388877477,0.0
daeh-TanHongYan-HuoXiaoYu.xml_3,啼花泣月在暗里（呀）添愁。,13500500.124486011,0.0
daxp-ChunQiuTing-SuoLinNang.xml_11,必有隐情在心潮。,13527523.414047629,0.0
daeh-WuDuanQiao-BiYuZan.xml_2,独处闺房愁无限，,13562392.456985997,0.0
sdxp-SuLongWei-WuJiaPo.xml_41,与你娘做一个安家钱。,13568707.213788643,0.0
daxp-ChunQiuTing-SuoLinNang.xml_16,叫梅香你把那好言相告，,13603044.259379271,0.0
daxp-MengJunZi-ChunQiuPei-2.xml_3,我爹爹名姜绍贸易天涯。,13724030.987814581,0.0
daxp-XiRiLi-LongFengChengXiang.xml_2,暗地堪笑奴兄长，,13742304.362014895,0.0
daspd-HaiDaoBing-GuiFeiZuiJiu.xml_0,海岛冰轮初转腾；,13760741.548222635,0.0
daeh-ZiNaRi-ZhuangYuanMei-1.xml_2,在潼台被贼擒在命好险，,13823035.981747808,0.0
daeh-ZiNaRi-ZhuangYuanMei-2.xml_7,帝王家深宫怨似水流年。,13841797.236841479,0.0
danbz-BeiJiuChan-ChunGuiMeng.xml_5,待我来搀扶（哇）你重订鸳盟。,13900534.126872405,0.0
daxp-DangRiLi-SuoLinNang.xml_10,于归日理应当喜形于面，,13955016.296318131,0.0
daeh-ZiNaRi-ZhuangYuanMei-2.xml_2,在潼台被贼擒性命好险，,13965451.844753891,0.0
daeh-ZiNaRi-ZhuangYuanMei-1.xml_15,愿天下从此后国泰民安。,13977593.633995265,0.0
daxp-ErTingDe-SuoLinNang.xml_4,叫梅香你把那好言相告，,13983061.465003876,0.0
daxp-DiTouLi-NvQiJie.xml_3,过往的君子听我言。,14059153.048485084,0.2
daeh-ZaoBuXing-HeHouMaDian.xml_2,把一个皇太子逼死殿下，,14074714.972921027,0.0
daeh-LiYanFei-ErJinGong.xml_2,耳边厢又听得朝靴响亮，,14116553.24343304,0.2
daeh-ZiNaRi-ErJinGong.xml_13,我只得怀抱太子两泪汪汪口口声声哭的是先王！,14169922.923934631,0.2
daxp-SuSanLi-NvQiJie.xml_2,未曾开言心内惨，,14183043.234425057,0.0
daxp-ErTingDe-SuoLinNang.xml_13,不该词费又滔滔。,14261826.341694126,0.0
daeh-ZiNaRi-ErJinGong.xml_10,耳边厢又听得朝靴响亮，,14308625.091305723,0.2
daeh-NaRiFeng-YuanXiaoMi.xml_2,舅父前来出主意，,14321664.283747507,0.0
daxp-QiaoLouShang-HuangShanLei.xml_14,我不免唤琏儿到街前探问，,14331136.830392877,0.0
daxp-QiaoLouShang-HuangShanLei.xml_13,果然是晓鸡唱天已黎明。,14343166.190663408,0.0
daxp-QiaoLouShang-HuangShanLei.xml_3,不知他在荒山何处安身。,14351489.021631783,0.0
daxp-GuanShiYin-TianNvSanHua.xml_5,好似我散天花就纷落十方；,14355860.210179618,0.0
daxp-TingTaYan-ZuoGong.xml_6,早晚间休怪我言语怠慢，,14376730.122912606,0.0
daxp-ErTingDe-SuoLinNang.xml_9,哪有个袖手旁观在壁上瞧。,14430309.024986997,0.0
daxp-ErTingDe-SuoLinNang.xml_1,同遇人为什么这样嚎啕。,14453493.82428671,0.0
daxp-ErTingDe-SuoLinNang.xml_2,莫不是夫郎丑难谐女貌，,14531555.761088816,0.0
daxp-LaoDieDie-YuZhouFeng.xml_5,却为何贪富贵不顾羞惭。,14586545.918392856,0.0
daeh-SunShangXiang-BieHuangGong.xml_4,与周郎定巧计把皇叔来骗，,14603206.587291928,0.0
sdxp-WoHeNi-SiLangTanMu.xml_31,一夜之间你怎能回还。,14617505.048762493,0.0
danbz-BeiJiuChan-ChunGuiMeng.xml_2,我不免去安排罗衾绣枕，,14731814.230635684,0.0
daxp-MuQinBu-FengHuanChao.xml_0,母亲不必心太偏，,14755723.379300063,0.0
danbz-KanDaWang-BaWangBieJi.xml_0,看大王在帐中和衣睡稳，,14954277.87694045,0.0
daxp-ChunQiuTing-SuoLinNang.xml_14,莫不是夫郎丑难谐女貌？,15083199.114523839,0.0
sdxp-DangNianHan-SanJiZhang.xml_21,不能、不能、是万不能！,15127032.864664428,0.0
daxp-MuQinBu-FengHuanChao.xml_3,女儿清白最为先。,15150056.722130539,0.0
daxp-DangRiLi-SuoLinNang.xml_18,还有那夜明珠粒粒成串，,15166995.632836774,0.0
danbz-BeiJiuChan-ChunGuiMeng.xml_3,莫负他好春宵一刻千金。,15197663.063845472,0.1
daxp-SuSanLi-NvQiJie.xml_6,言说苏三把命断，,15403027.998183995,0.0
daxp-FeiShiWo-TaoHuaCun.xml_6,鼓打二更准时往，,15431578.359822046,0.1
daxp-ErTingDe-SuoLinNang.xml_27,自把珠玉夸富豪。,15587093.144393666,0.0
daxp-MengTingDe-MuiGuiYingGuaShuai.xml_2,想当年桃花马上威风凛凛，,15611607.418719998,0.0
daeh-TanHongYan-HuoXiaoYu.xml_2,薄幸冤家音信无有，,15649410.051842554,0.0
daeh-WangChunE-SanNiangJiaoZi.xml_6,将身儿来至在机房织绢，,15652183.237938967,0.0
daeh-LiYanFei-DaBaoGuo.xml_6,写文约我且把玉玺打下，,15708605.545940962,0.0
daeh-LiYanFei-ErJinGong.xml_0,李艳妃坐昭阳自思自想，,15710181.002269207,0.0
daxp-ChunQiuTing-SuoLinNang.xml_13,同遇人为什么这样嚎啕？,16019460.548984921,0.0
daeh-LiYanFei-ErJinGong.xml_1,想起了朝中事好不惨伤！,16106707.216532629,0.0
sdxp-SuLongWei-WuJiaPo.xml_42,买绫罗、做衣衫、买白纸、糊白幡、打首饰、做妆奁，,16119814.99079317,0.0
daxp-WoDeNiang-XinAnYi.xml_1,奴年交十九岁还守闺门。,16250283.722836319,0.0
daeh-LiYanFei-ErJinGong.xml_4,有几句话儿我不好言讲，,16304953.100875467,0.0
daxp-FeiShiWo-TaoHuaCun.xml_15,那就是来了我西厢带路的小红娘。,16537244.440088173,0.1
daeh-ZiNaRi-ZhuangYuanMei-2.xml_13,但愿得八主贤王从中周旋早成美眷、扫狼烟叫那胡儿不敢进犯、保叔王锦锈江山。,16634032.794075791,0.0
daxp-ErTingDe-SuoLinNang.xml_12,你不该人前逞骄傲，,16653089.732313428,0.0
daeh-ZiNaRi-ErJinGong.xml_8,李艳妃坐昭阳自思自想，,16678375.90046287,0.0
daeh-WuDuanQiao-BiYuZan.xml_6,一心早想寻短见，,16776513.781711096,0.0
daxp-TingTaYan-ZuoGong.xml_2,原来是杨家将把名姓改换，,17065042.823175814,0.0
daxp-XiRiLi-LongFengChengXiang.xml_4,月老本是乔国丈，,17302978.773422435,0.0
daeh-ZiNaRi-ZhuangYuanMei-1.xml_13,但愿得八主贤王从中周旋，早成姻眷，扫狼烟，叫那胡儿不敢进犯保叔王锦绣江山。,17549267.075693466,0.0
daeh-LiYanFei-ErJinGong.xml_5,我只得怀抱太子两泪汪汪口口声声哭的是先王。,17667723.101451017,0.2
daxp-DangRiLi-SuoLinNang.xml_20,这囊儿虽非是千古罕见，,17705640.57267661,0.0
sdxp-WoHeNi-SiLangTanMu.xml_29,怕你一去就不回还。,17837111.295076799,0.0
daxp-DiTouLi-NvQiJie.xml_6,就说苏三把命断，,18227465.000321697,0.0
daeh-TanHongYan-HuoXiaoYu.xml_0,叹红颜薄命前生就，,18350088.587926883,0.0
daeh-ZiNaRi-ZhuangYuanMei-2.xml_15,愿邦家从此后国泰民安。,18353985.906464677,0.0
daxp-ZheCaiShi-SuoLinNang.xml_5,善果心花可自豪。,18760892.019494046,0.0
daxp-ChunQiuTing-SuoLinNang.xml_29,自把珠玉夸富豪，,18824350.773971364,0.0
daxp-ChenSanLiang-ChenSanLiangPaTang.xml_2,我本是被骗进的富春院，,19079309.301233318,0.1
sdxp-DangNianHan-SanJiZhang.xml_18,大孝之人也受贫。,19544000.422053929,0.0
sdxp-WoHeNi-SiLangTanMu.xml_27,你要见高堂母我不阻拦。,19586027.131285544,0.0
daeh-ZiNaRi-ZhuangYuanMei-2.xml_14,愿天下有情人都成姻眷，,19594896.678576577,0.0
daeh-ZaoBuXing-HeHouMaDian.xml_4,贼好比王莽贼称孤道寡，,20130020.128552686,0.0
danbz-KanDaWang-BaWangBieJi.xml_1,我这里出帐外且散愁情。,20385223.946214058,0.0
daxp-ChenSanLiang-ChenSanLiangPaTang.xml_3,发奋自强日夜读诗文。,20656476.736374814,0.0
daxp-JiaoZhangSheng-HongNiang.xml_4,这也算是一段风流佳话，,21140432.979075633,0.0
daxp-FeiShiWo-TaoHuaCun.xml_5,怎能够粗心大意你再荒唐。,21207352.451801356,0.0
sdxp-WoHeNi-SiLangTanMu.xml_28,有心赠你金鈚箭，,21283758.6043493,0.1
daxp-ZheCaiShi-SuoLinNang.xml_4,柳暗花明休啼笑，,21859806.582332652,0.0
daeh-ZiNaRi-ZhuangYuanMei-1.xml_14,愿天下有情人都成姻眷，,21974735.349668991,0.0
daxp-DiTouLi-NvQiJie.xml_2,未曾开言我心好惨，,22227020.537716586,0.0
daxp-JiaoZhangSheng-HongNiang.xml_2,放大胆忍气吞声休害怕，,23329705.868327219,0.1
daxp-ChunQiuTing-SuoLinNang.xml_4,吉日良辰当欢笑，,23493486.881259851,0.0
daxp-GuanShiYin-TianNvSanHua.xml_4,绿柳枝酒甘露三千界上，,24832080.140724622,0.0
daeh-ZaoBuXing-HeHouMaDian.xml_6,贼好比秦赵高指鹿为马，,25783832.867474843,0.0
daspd-HaiDaoBing-GuiFeiZuiJiu.xml_4,皓月当空，,26064146.821446724,0.0
daxp-ChenSanLiang-ChenSanLiangPaTang.xml_0,陈三两在大堂把话云，,26931061.850365322,0.0
daspd-HaiDaoBing-GuiFeiZuiJiu.xml_3,乾坤分外明，,27068313.324736536,0.0
daeh-SunShangXiang-BieHuangGong.xml_9,叹一声不由人珠泪涟涟。,40886356.965850115,0.1
lsxp-DaHeYi-SiLangTanMu.xml_10,火堪寨上有家门。,808211955.69498467,0.0
lsxp-ZouYingLong-DaYanSong.xml_0,忽听得万岁宣应龙，,815029042.84937561,0.1
lsxp-DaHeYi-SiLangTanMu.xml_9,家住后山磁州郡，,949145704.96312046,0.0
lseh-LaoZhangBu-WuPenJi.xml_4,我忙将树（呃）枝摆摇（哇）动，,1039839494.8066643,0.0
lseh-YiLunMing-WenZhaoGuan-2.xml_0,一轮明月照窗前，,1062818287.3570296,0.0
lseh-WeiGuoJia-HongYangDong-3.xml_1,我也曾平服了塞北西东。,1078734770.9809072,0.0
lseh-YiLunMing-WenZhaoGuan-1.xml_0,一轮明月照窗前，,1128209329.5283368,0.0
lseh-WeiGuoJia-HongYangDong-1.xml_1,我也曾平服了塞北西东。,1173916885.4079905,0.0
lsxp-WoBenShi-KongChengJi-2.xml_1,凭阴阳如反掌保定乾坤。,1181525355.0957456,0.0
lsxp-WoZhuYe-ZhuiHanXin.xml_8,一路上秋毫无犯军威壮，,1181840351.6692019,0.0
lsxp-ShenGongWu-LongFengChengXiang.xml_0,深宫无（哇）处不飞花，,1187498395.4842093,0.0
lseh-WeiGuoJia-HongYangDong-2.xml_1,我也曾平服了塞北西东。,1188377114.8901386,0.0
lseh-YiLunMing-ZhuoFangSuDian.xml_0,一轮明月照窗下，,1192257563.8789291,0.0
lsxp-WoBenShi-KongChengJi-2.xml_2,先帝（呀）爷下南阳（呃）御驾三（呃）请，,1192824422.8511117,0.0
lsxp-ZheYiFeng-DingJunShan.xml_9,到明天午时三刻要成功劳。,1223080354.7541914,0.0
lsxp-WeiCengKai-QiYuanBao.xml_2,家住在南阳太平庄，,1261740953.2229946,0.0
lseh-YiLunMing-ZhuoFangCao-2.xml_0,一轮明月照窗下，,1271689916.6093094,0.0
lsxp-CiShiJian-HuaiHeYing-1.xml_7,生死二字（喏）且由他。,1271696488.319386,0.0
sdxp-SuLongWei-WuJiaPo.xml_9,衙里衙外我打点，,1285777465.5251293,0.0
lsxp-JiangShenEr-SanJiaDian.xml_5,因此上发配到登州。,1318084419.2087667,0.0
lsxp-WoBenShi-KongChengJi-1.xml_1,论阴阳如反掌保定乾坤。,1329442663.2718737,0.0
lsxp-CiShiJian-HuaiHeYing-2.xml_7,生死二字（喏）且由他！,1332846004.7340934,0.0
lsxp-JiangShenEr-SanJiaDian.xml_1,尊一声过往的宾朋听从头：,1391253091.5752451,0.3
sdxp-WoHeNi-SiLangTanMu.xml_18,将身跪在地平川。,1398438674.3458078,0.0
lsxp-WoZhuYe-ZhuiHanXin.xml_4,先进咸阳为皇上，,1407816361.686692,0.0
lseh-YiLunMing-ZhuoFangCao-1.xml_0,一轮明月照窗下，,1412664818.037734,0.0
lsxp-WeiCengKai-QiYuanBao.xml_1,尊一声太爷听端详。,1415642801.7269163,0.2
lseh-YiLunMing-WenZhaoGuan-1.xml_24,哭一声爹娘不能相见，,1417180026.241215,0.1
lsxp-DaHeYi-SiLangTanMu.xml_22,灯光之下看不真。,1420993733.577883,0.0
lseh-YangYanZhao-PengBei.xml_1,在中途得一信甚是不明。,1421156115.4970732,0.0
lseh-ZiNaRi-HongYangDong.xml_2,我前番命孟良骸骨搬（呐）请，,1430202140.2920735,0.0
lsxp-YiZhuangZhuang-QunYingHui.xml_1,请先生到江边即刻登舟。,1441899199.0383761,0.0
lseh-YiLunMing-WenZhaoGuan-1.xml_22,贪图富贵来害我，,1443773734.8493032,0.0
lseh-XinZhongYou-WenZhaoGuan.xml_18,寻短（呃）哎见爹娘（呃）。,1456337410.7311616,0.0
lsxp-ShenGongWu-LongFengChengXiang.xml_3,耳听笙歌闹喧哗。,1456678454.4029813,0.1
lsxp-CiShiJian-HuaiHeYing-1.xml_3,为什么事到如今耍奸滑。,1459028820.6148324,0.0
lseh-YiLunMing-ZhuoFangCao-1.xml_12,听谯楼打罢了二（喏）更鼓下，,1459670815.4316132,0.2
lsxp-DaHeYi-SiLangTanMu.xml_29,众将与爷忙掩（哪）门，,1467310636.5248871,0.0
lsxp-DaHeYi-SiLangTanMu.xml_25,家住哪州并哪郡？,1467605028.3300126,0.0
lsxp-ZheYiFeng-DingJunShan.xml_2,站立在营门三军叫，,1472054816.5879552,0.0
lseh-XinZhongYou-WenZhaoGuan.xml_8,哭一声爹娘不能相见，,1473089898.240689,0.1
lsxp-LiangGuoJiao-ShiJieTing-1.xml_2,管待三（哪）军要宽厚，,1473799568.2481093,0.0
lseh-WeiKaiYan-RangXuZhou.xml_3,老朽年迈我也不能够担承。,1473801781.0870829,0.0
lsxp-TingTaYan-ZhuoFangCao-1.xml_0,听他言听得我心（呐）惊胆怕，,1473971025.8278332,0.1
lsxp-TingTaYan-ZhuoFangCao-2.xml_0,听他言吓得我心（呐）惊胆怕，,1473971025.8278332,0.1
lseh-XinZhongYou-WenZhaoGuan.xml_0,心中有事难合眼，,1479927450.5784078,0.0
lsxp-WoBenShi-KongChengJi-1.xml_2,先帝呀爷下南阳御呀驾三请，,1486529074.7324257,0.0
lseh-YiLunMing-WenZhaoGuan-1.xml_16,心中有事难合眼，,1488615212.2591949,0.0
lseh-YiLunMing-WenZhaoGuan-1.xml_34,寻短（哪）哎见爹娘（兀）！,1498013995.077986,0.0
lsxp-LiangGuoJiao-ShiJieTing-2.xml_1,各为其（呀）主统貔貅。,1504730074.5146501,0.0
lsxp-WoZhuYe-ZhuiHanXin.xml_1,拔剑斩蛇天下扬。,1524573532.0257881,0.0
lsxp-DaHeYi-SiLangTanMu.xml_1,大喝一声（哪）如雷震，,1526286607.8324668,0.2
lseh-LaoZhangBu-WuPenJi.xml_1,我有言来你是（喏）听。,1539047375.8377213,0.1
lseh-YiLunMing-ZhuoFangSuDian.xml_11,自有那神灵儿天地鉴察。,1548183775.1464727,0.0
lseh-YiLunMing-ZhuoFangCao-1.xml_11,自有那神灵（啊）天地鉴察。,1558389272.4369473,0.0
lseh-JinZhongXiang-ShangTianTai.xml_1,寡人喜的是五谷丰登。,1565272812.4203036,0.1
lsxp-CiShiJian-HuaiHeYing-2.xml_1,胡言乱语怎瞒（呐）咱！,1567567266.931726,0.0
lsxp-ZouYingLong-DaYanSong.xml_13,在品级台（呀）前臣见君。,1571578304.8893216,0.0
lseh-XinZhongYou-WenZhaoGuan.xml_6,贪图富贵来害我，,1572980914.9406135,0.0
lseh-XinZhongYou-WenZhaoGuan.xml_20,对天发下宏誓愿，,1579707214.2118473,0.0
sdxp-WoHeNi-SiLangTanMu.xml_15,宋营（哪）虽然路途远，,1583227907.4971588,0.0
lsxp-HenPingWang-WenZhaoGuan.xml_2,我的（呀）父谏奏反把命（哪）送，,1587491555.2362735,0.1
lseh-XuMaoGong-QinQiongFaPei.xml_0,徐茂公阴阳多奥妙，,1600740712.8142872,0.0
sdxp-SuLongWei-WuJiaPo.xml_5,西凉川四十单八站，,1604802799.6710808,0.0
lsxp-CiShiJian-HuaiHeYing-2.xml_3,为什么事到如今耍奸滑？,1608767410.9727421,0.0
lseh-XinZhongYou-WenZhaoGuan.xml_13,想当初在朝为官宦，,1610888226.246202,0.0
lseh-YiLunMing-WenZhaoGuan-1.xml_29,想当初在朝为官宦，,1610888226.246202,0.0
lsxp-WoZhuYe-ZhuiHanXin.xml_11,反将我主贬汉王。,1612038805.0823197,0.0
lsxp-ZiCongQian-ZhuLianZhai.xml_4,山高路远少来问候，,1612281621.9775093,0.0
lsxp-DaHeYi-SiLangTanMu.xml_8,问我一言答一声。,1614162900.5588021,0.1
lseh-YiLunMing-ZhuoFangSuDian.xml_2,悔不该心猿并意马，,1617455995.628268,0.0
lseh-YiLunMing-WenZhaoGuan-1.xml_28,越思越想好伤惨，,1619700957.3543036,0.0
lsxp-LiangGuoJiao-ShiJieTing-2.xml_4,此一番领（呃）兵去镇守，,1621820111.606061,0.0
lsxp-CiShiJian-HuaiHeYing-2.xml_6,三人同把那鬼门关上爬，,1634067398.7559507,0.0
lseh-YiLunMing-WenZhaoGuan-1.xml_36,对天发不宏誓愿，,1643914625.3896391,0.0
lsxp-WoBenShi-KongChengJi-2.xml_6,周文王访姜尚周室大振，,1650423921.0649939,0.0
lsxp-YiShiWu-YuCangJian.xml_7,我与奸贼不共戴天！,1650777893.6925373,0.0
lseh-NiangZiBu-SouGuJiuGu.xml_3,三百余口命赴幽冥。,1651378753.1448946,0.0
lseh-YiLunMing-ZhuoFangCao-1.xml_22,虎在笼中我不打，,1658858037.2865119,0.0
lseh-WeiGuoJia-HongYangDong-1.xml_2,官封到节度使（喏）皇王恩重，,1659479093.1441696,0.0
lsxp-JianMaSu-ZhanMaSu.xml_2,大胆不听我的话，,1669931177.5080423,0.2
lseh-WeiGuoJia-HongYangDong-2.xml_2,官封到节度使（喏）皇王恩重，,1670359400.3405604,0.0
lsxp-DaHeYi-SiLangTanMu.xml_6,怎知今日回宋营。,1670588944.755899,0.0
lseh-YiLunMing-WenZhaoGuan-2.xml_13,我好（呃）比波浪中失舵的舟船（喏）。,1672838779.5157104,0.1
sdxp-SuLongWei-WuJiaPo.xml_8,为军哪怕到官前。,1678490236.6072094,0.0
lsxp-CiShiJian-HuaiHeYing-1.xml_6,三人同把那鬼门关上踏（啊），,1680478811.3326838,0.0
lseh-TuZeiZuo-SouGuJiuGu.xml_2,眼见得忠良无救应，,1685999530.4535496,0.0
sdxp-WoHeNi-SiLangTanMu.xml_17,公主叫我盟誓愿，,1687649709.5974534,0.0
lsxp-ZiGuDao-HuangHeLou.xml_5,四将军保架料也无妨。,1698367532.682719,0.0
lsxp-ZouYingLong-DaYanSong.xml_6,我劝顽童你休流泪，免悲声，邹老爷就是尔的报仇人。,1721168884.3544471,0.2
lseh-JinZhongXiang-ShangTianTai.xml_0,金钟响玉磬应王登龙庭，,1727350677.1642597,0.2
lseh-YiLunMing-ZhuoFangCao-1.xml_24,执宝剑将贼的（呀）头割下，,1730322555.1239009,0.1
lsxp-ZhangGongDao-ZhuangYuanPu.xml_0,张公道三十五六（哇）子有靠，,1735281251.6730669,0.0
lseh-YiLunMing-WenZhaoGuan-1.xml_13,我好（哇）比波浪中失舵的舟船（哪）。,1745745149.9830678,0.1
sdeh-WenSanNiang-SanNiangJiaoZi.xml_1,问三娘发雷霆却是为何？,1746186930.7704501,0.0
lsxp-ZiGuDao-HuangHeLou.xml_3,二将军保架过长江。,1749525179.3736236,0.0
lsxp-DaHeYi-SiLangTanMu.xml_14,失落番邦被贼擒。,1755226218.3177547,0.0
lseh-TanXiongDi-SangYuanJiZi.xml_0,叹兄兀弟遭不幸一旦丧命，,1761984570.3588603,0.0
lseh-NiangZiBu-SouGuJiuGu.xml_0,娘子不（哇）必太烈性，,1772764998.5105164,0.0
sdxp-WoHeNi-SiLangTanMu.xml_20,黄沙盖脸尸骨不全。,1773751885.5269198,0.0
lsxp-LiangGuoJiao-ShiJieTing-1.xml_1,各为其主统貔貅，,1778111344.0199232,0.0
lseh-XinZhongYou-WenZhaoGuan.xml_9,不能（呃）哎见。,1788989674.4825919,0.0
lseh-YiLunMing-WenZhaoGuan-1.xml_9,满腹的含冤我向谁言（哪）！,1794860969.1048858,0.1
lseh-YiLunMing-WenZhaoGuan-2.xml_9,满腹的含冤我向谁言（喏）。,1794860969.1048858,0.1
lsxp-DaHeYi-SiLangTanMu.xml_3,迈步且把宝帐（呀）进，,1798170951.3160465,0.0
lsxp-YiZhuangZhuang-QunYingHui.xml_0,一桩桩一件件倶已办就，,1799504561.1619694,0.0
lsxp-CiShiJian-HuaiHeYing-2.xml_4,左手拉住了李左车，,1800150184.8532608,0.0
lsxp-LiangGuoJiao-ShiJieTing-1.xml_0,两国交（哇）锋龙虎斗，,1802943997.347645,0.0
sdxp-DangNianHan-SanJiZhang.xml_2,未央宫斩的是何人？,1804632329.0373764,0.1
lsxp-DaHeYi-SiLangTanMu.xml_7,将身站在了阶前等，,1807885393.656743,0.0
lseh-YiLunMing-WenZhaoGuan-1.xml_26,要相逢陈非是梦（兀）里团圆。,1810010385.1914005,0.0
lsxp-JiangShenEr-SanJiaDian.xml_9,舍不得老娘（呃）白了头。,1814246904.2725623,0.0
lseh-WeiGuoJia-HongYangDong-3.xml_2,官封到节度史（喏）皇王恩重，,1815008610.8700151,0.0
lsxp-YiShiWu-YuCangJian.xml_8,实指（喏）望到吴国借兵（呐）转，,1831245806.4214492,0.0
lseh-XiRiLi-BaoLianDeng.xml_15,打死个秦官保父不能担承。,1836106624.1586819,0.0
lsxp-WoZhuYe-ZhuiHanXin.xml_7,一路上得遇陆贾、郦生与张良。,1837635229.1660314,0.0
sdxp-SuLongWei-WuJiaPo.xml_6,为军的要人我是不要钱。,1840063705.3811266,0.1
lsxp-LiangGuoJiao-ShiJieTing-2.xml_3,赏罚中公（呃）平莫要自由。,1840367866.0361447,0.0
lsxp-ZhangGongDao-ZhuangYuanPu.xml_4,怕将（呃）来老天爷无（哇）有果报，,1843787232.7886648,0.0
lseh-ZenNengGou-BaDaChui.xml_2,前也思（喏）后又想无有计定，,1849752841.8667562,0.0
lsxp-LiangGuoJiao-ShiJieTing-1.xml_4,此一番领兵去镇守，,1849791606.176265,0.0
lsxp-WoBenShi-KongChengJi-2.xml_0,我本是卧龙岗散淡（呐）的人，,1856975872.5173671,0.1
lseh-XinZhongYou-WenZhaoGuan.xml_19,父母的冤仇化尘烟，,1857448619.9791248,0.1
lsxp-ZhangGongDao-ZhuangYuanPu.xml_1,陈伯愚年半百无有后苗。,1863468507.1189456,0.0
lsxp-ZiGuDao-HuangHeLou.xml_0,自古道吉人有天相，,1874321982.5099964,0.0
lsxp-DaHeYi-SiLangTanMu.xml_4,上面（哪）坐的同胞人。,1889156120.9793358,0.1
lseh-LaoZhangBu-WuPenJi.xml_0,老丈不（哇）必胆怕惊，,1900290539.49716,0.0
lseh-YiLunMing-ZhuoFangCao-2.xml_11,自有那神灵儿天地鉴察。,1902324425.3364251,0.0
lsxp-WeiCengKai-QiYuanBao.xml_4,奉母命京城往，,1911826159.9260414,0.0
lseh-YangYanZhao-PengBei.xml_2,迈虎步我且把宝帐来进，,1914832752.4180222,0.0
lsxp-ZouYingLong-DaYanSong.xml_8,上面坐的是有道君，,1925136736.578532,0.1
lsxp-LiangGuoJiao-ShiJieTing-2.xml_0,两国交锋龙虎斗，,1928018315.6372221,0.0
sdxp-WoHeNi-SiLangTanMu.xml_1,我和你好夫妻恩德不浅，,1929192789.1850255,0.0
lseh-LaoZhangBu-WuPenJi.xml_2,休把我当作了妖魔论，,1930759816.1265888,0.0
lsxp-CiShiJian-HuaiHeYing-1.xml_0,此时间不可闹笑话，,1964996488.1193013,0.0
lseh-YiLunMing-WenZhaoGuan-2.xml_15,今夜晚怎能够盼到明天。,1969872563.3880298,0.0
lseh-JinZhongXiang-ShangTianTai.xml_2,文凭着邓先生策划有准，,1980744936.5337334,0.0
lseh-YiLunMing-WenZhaoGuan-1.xml_15,今夜晚怎能够盼到明天。,1986011419.5296581,0.0
lsxp-JiangShenEr-SanJiaDian.xml_7,舍不得衙役们众班头。,1999358928.0132437,0.0
lsxp-ZheYiFeng-DingJunShan.xml_5,三通鼓刀出鞘四通（呃）鼓把兵交。,2000939652.5012515,0.1
lsxp-DaHeYi-SiLangTanMu.xml_28,原来四哥回宋营。,2002330001.8309283,0.0
lseh-JinZhongXiang-ShangTianTai.xml_3,武仗着姚皇兄保定乾坤。,2005833090.9886117,0.0
lsxp-CiShiJian-HuaiHeYing-2.xml_0,此时间不可闹笑话，,2015998678.4741545,0.0
lseh-WeiGuoJia-HongYangDong-1.xml_0,为国家那何曾半日闲空，,2018631501.1064711,0.0
lsxp-ZiGuDao-HuangHeLou.xml_2,曾记得当年赴河梁，,2019239171.9169562,0.0
lsxp-HenPingWang-WenZhaoGuan.xml_1,父纳子（呃）妻礼难容，,2032387168.6949377,0.0
sdxp-WoHeNi-SiLangTanMu.xml_7,萧天佐摆天门两国交战，,2032492318.9877341,0.0
lseh-WeiGuoJia-HongYangDong-2.xml_0,为国家哪何曾半日闲空，,2035674078.8268049,0.0
lseh-ZiNaRi-HongYangDong.xml_1,三更时梦（呃）见（呐）了年迈爹尊（呐）。,2039475925.8634472,0.0
lseh-YiLunMing-ZhuoFangCao-1.xml_18,观此贼睡卧真（呐）潇洒，,2039613006.9545147,0.0
lsxp-JiangShenEr-SanJiaDian.xml_15,叫一声解差把店役。,2041854454.5659838,0.1
sdxp-WoHeNi-SiLangTanMu.xml_2,贤公主又何必过于谦言。,2041945523.278775,0.0
lseh-NiangZiBu-SouGuJiuGu.xml_13,哀求娘子（喏）舍亲（呐）生。,2044262988.1096117,0.0
lsxp-JiangShenEr-SanJiaDian.xml_11,儿行千里母担忧。,2046959523.5790896,0.0
lsxp-WeiCengKai-QiYuanBao.xml_6,行至在中途把雨降，,2057855670.6300676,0.0
lseh-XinZhongYou-WenZhaoGuan.xml_2,背地里只把东皋公怨，,2062333120.2555933,0.0
lsxp-YiShiWu-YuCangJian.xml_0,一事无成两鬓斑，,2072949693.8627455,0.0
lsxp-QingGongYan-FaDongWu.xml_0,庆功宴上把酒饮，,2074037549.2800529,0.0
sdxp-SuLongWei-WuJiaPo.xml_17,买绫罗与绸缎、打首饰和簪环，,2078860684.9678288,0.0
lsxp-ZuoRiLi-YuanMenZhanZi.xml_3,哭啼啼坐宝帐所为何来。,2088935762.5038409,0.0
lseh-YiLunMing-ZhuoFangCao-1.xml_1,陈宫心（呐）中乱如麻，,2103406743.4844291,0.0
lseh-XiRiLi-BaoLianDeng.xml_7,兄（呃）推弟来两不能够担承。,2130217216.6507099,0.0
lseh-YiLunMing-WenZhaoGuan-1.xml_18,背地里只把东皋公怨，,2130518368.8463011,0.0
lseh-NiangZiBu-SouGuJiuGu.xml_5,他舍命来你我舍亲生。,2132077764.3294628,0.0
lseh-YiLunMing-ZhuoFangCao-1.xml_19,安眠好似并底之蛙，,2133311030.3163285,0.0
lsxp-DaHeYi-SiLangTanMu.xml_5,弟兄们分别十五春，,2140451576.5281746,0.0
lseh-YiLunMing-WenZhaoGuan-1.xml_35,父母的冤仇化尘烟，,2150279248.9135065,0.1
lsxp-DaHeYi-SiLangTanMu.xml_27,听罢言来才知情，,2164659192.2423425,0.1
lsxp-LiangGuoJiao-ShiJieTing-2.xml_2,管带三（呐）军要宽厚，,2165495478.9172273,0.0
lsxp-ZiCongQian-ZhuLianZhai.xml_0,自从千岁离朝后，,2166151149.6393323,0.0
lseh-ZiNaRi-HongYangDong.xml_3,那乃是萧天佐以（呀）假成真；,2167104858.2448716,0.0
lseh-YiLunMing-ZhuoFangCao-2.xml_3,悔不该随他人到吕家。,2175352122.0007277,0.0
lseh-YiLunMing-ZhuoFangSuDian.xml_1,陈宫心（呐）中乱如麻，,2177150740.091855,0.0
lsxp-DaHeYi-SiLangTanMu.xml_26,要见本帅为何情？,2193712869.6966977,0.0
lseh-TuZeiZuo-SouGuJiuGu.xml_0,屠贼做事心太狠，,2193754316.0837059,0.0
sdxp-DangNianHan-SanJiZhang.xml_5,我的儿说话言不逊，,2202880785.33323,0.1
lsxp-ZhangGongDao-ZhuangYuanPu.xml_2,为（呀）儿（啼）女我也曾朝山拜庙，,2205189605.4444695,0.0
lseh-YiLunMing-WenZhaoGuan-1.xml_23,你就该把我献与昭关。,2209888830.7960401,0.0
lsxp-DaHeYi-SiLangTanMu.xml_2,杨家将令鬼神惊。,2214239018.6089334,0.0
lsxp-WeiCengKai-QiYuanBao.xml_8,赵大夫妻图财害命害我一命亡，,2214391331.9600978,0.0
lsxp-QingGongYan-FaDongWu.xml_3,又谁知中途两离分。,2214722856.354044,0.0
lsxp-WoBenShi-KongChengJi-2.xml_8,闲无（呃）事在敌楼（呃）我亮一亮琴（呢）音，,2223688873.107904,0.0
lsxp-WoBenShi-KongChengJi-2.xml_9,我面前却少个知（呃）音的人。,2227981003.9547629,0.1
lseh-XinZhongYou-WenZhaoGuan.xml_7,你就该把我献与昭关。,2231757133.9415812,0.0
lsxp-DaHeYi-SiLangTanMu.xml_21,龙行虎步非凡等，,2240194814.151258,0.0
sdxp-SuLongWei-WuJiaPo.xml_13,腰中取出银一锭，,2240466649.2382731,0.0
lsxp-LiangGuoJiao-ShiJieTing-1.xml_5,靠山近水把营收。,2241868461.826952,0.0
lseh-WeiKaiYan-RangXuZhou.xml_0,未开言不由人（呐）珠泪滚滚，,2242405311.9419332,0.0
lseh-YiLunMing-ZhuoFangCao-1.xml_5,杀猪（喏）沽（哇）酒款待于他，,2252292796.4348049,0.0
lseh-NiangZiBu-SouGuJiuGu.xml_10,千言万（哪）语她不肯，,2258722268.2197971,0.0
lsxp-WoBenShi-KongChengJi-1.xml_6,周文王访姜尚周室大振，,2259159305.3740706,0.0
lseh-YiLunMing-WenZhaoGuan-2.xml_2,实指望到吴国借兵回转，,2260721988.3172131,0.0
lseh-YiLunMing-WenZhaoGuan-1.xml_5,他将我隐藏在后花园。,2267314903.4661541,0.0
lseh-ZenNengGou-BaDaChui.xml_0,怎能够思一计番营来进，,2267768786.2801166,0.0
lsxp-WoZhuYe-ZhuiHanXin.xml_15,扬尘舞蹈见大王。,2269915930.5491428,0.0
lseh-LaoZhangBu-WuPenJi.xml_5,抓一（呀）把沙土扬灰尘。,2278219692.5699263,0.0
lsxp-DaHeYi-SiLangTanMu.xml_30,自己骨肉认不清。,2280099377.313592,0.0
lseh-WeiGuoJia-HongYangDong-3.xml_0,为国家哪何曾半日闲空，,2286524403.6972475,0.0
lsxp-ZuoRiLi-YuanMenZhanZi.xml_4,叫焦赞将宝剑悬挂帐外，,2316539414.4304967,0.0
sdxp-WoHeNi-SiLangTanMu.xml_13,公主赠我的金鈚箭，,2325927288.421452,0.2
lsxp-ZiCongQian-ZhuLianZhai.xml_2,为千岁懒把朝房走，,2330891262.8865986,0.0
lseh-XinZhongYou-WenZhaoGuan.xml_12,越思越想好伤惨，,2331677979.8863797,0.0
sdxp-WoHeNi-SiLangTanMu.xml_14,见母一面即刻还。,2335389039.5595245,0.0
lseh-YiLunMing-WenZhaoGuan-2.xml_5,他将我隐藏在后花园。,2341006887.5534387,0.0
lseh-ZiNaRi-HongYangDong.xml_7,去了我左右膀难以飞行。,2341413292.2189493,0.0
lsxp-YiShiWu-YuCangJian.xml_6,他害我满门（呐）真悲惨，,2343007932.4514689,0.0
lsxp-CiShiJian-HuaiHeYing-1.xml_4,左手拉住了李左车，,2358652094.7579293,0.0
lsxp-WoBenShi-KongChengJi-1.xml_8,闲无哇事在敌楼哇我亮（呃）一亮琴哪音，,2359703762.0331545,0.0
lseh-XuMaoGong-QinQiongFaPei.xml_4,是是是（呀）来我明白了，,2360618250.5593777,0.0
lsxp-DaHeYi-SiLangTanMu.xml_17,弟兄对坐叙寒温。,2363284235.3927717,0.0
lseh-YiLunMing-ZhuoFangCao-2.xml_2,悔不该心猿并意马，,2364976385.0705023,0.0
lseh-WeiKaiYan-RangXuZhou.xml_1,天卸重任我就要（哇）你担承。,2370306269.2094059,0.0
sdxp-DangNianHan-SanJiZhang.xml_4,仙女嫁的又是何人？,2377858309.6276984,0.1
lsxp-YiShiWu-YuCangJian.xml_3,靠山绿（哇）水常在面前。,2382618672.5812802,0.0
lseh-XiRiLi-BaoLianDeng.xml_14,打死了别家子父能作主，,2385110323.1296129,0.0
lsxp-CiShiJian-HuaiHeYing-1.xml_1,胡言乱语怎瞒（呐）咱。,2386471362.266283,0.0
lseh-YiLunMing-WenZhaoGuan-1.xml_2,实指（惹）望到吴国借兵回转，,2387387403.5562119,0.0
lseh-NiangZiBu-SouGuJiuGu.xml_1,卑（呀）人言来你是（喏）听。,2395887811.9316678,0.1
lsxp-ZouYingLong-DaYanSong.xml_5,他言道严嵩老贼害他的举家一满门。,2397288336.6554837,0.1
lseh-XinZhongYou-WenZhaoGuan.xml_15,到如今夜宿在荒村院，,2398678631.4271545,0.0
lseh-YiLunMing-WenZhaoGuan-1.xml_31,到如今夜宿在荒村院，,2398678631.4271545,0.0
lsxp-ZouYingLong-DaYanSong.xml_9,那一旁坐的就是严阁老，,2405621323.78579,0.1
lseh-XiRiLi-BaoLianDeng.xml_0,昔日里有一个孤竹君，,2408274657.0257711,0.0
lsxp-WeiCengKai-QiYuanBao.xml_7,借宿一宵起祸殃。,2411892572.2291265,0.0
lseh-XiRiLi-BaoLianDeng.xml_13,二娇儿也难比那两个贤人。,2425264153.9043732,0.0
lsxp-WoBenShi-KongChengJi-1.xml_0,我本是卧龙岗散淡哪的人，,2430508825.0046597,0.1
sdxp-SuLongWei-WuJiaPo.xml_4,咬定牙关他就不认承。,2436368663.3807364,0.0
lsxp-ZheYiFeng-DingJunShan.xml_8,三军与（呀）爷归营号，,2437850124.3495383,0.0
sdxp-WoHeNi-SiLangTanMu.xml_12,无有令箭怎过关。,2448087467.2226682,0.0
lsxp-HenPingWang-WenZhaoGuan.xml_3,满门的家着血染红。,2452657324.8987031,0.1
sdxp-WoHeNi-SiLangTanMu.xml_11,公主虽然不阻拦，,2456082932.8828239,0.0
lsxp-ZheYiFeng-DingJunShan.xml_6,向前各各有赏犒，,2456691560.0197096,0.0
sdxp-SuLongWei-WuJiaPo.xml_12,百般调戏也枉然。,2467883460.8064728,0.0
lsxp-LiangGuoJiao-ShiJieTing-1.xml_3,赏罚中公（呃）平莫要自由。,2481780081.4011993,0.0
lsxp-WoBenShi-KongChengJi-2.xml_4,官封到武乡侯（呃）执掌帅印，,2501728717.9559212,0.0
lsxp-ZheYiFeng-DingJunShan.xml_0,这一封（呃）书信来得巧，,2504359509.6747799,0.0
sdxp-WoHeNi-SiLangTanMu.xml_19,我若探母不回转，,2530410681.2512603,0.0
lseh-YangYanZhao-PengBei.xml_0,杨延昭奉父命巡查大营，,2556341482.013792,0.0
lsxp-ShenGongWu-LongFengChengXiang.xml_2,朝欢暮乐无牵挂，,2564488517.5371861,0.0
lseh-YiLunMing-ZhuoFangSuDian.xml_3,悔不该随他人到吕家。,2567278356.6316848,0.0
lsxp-TingTaYan-ZhuoFangCao-2.xml_4,马行在来道内我难（呐）以回（呀）马，,2573948726.8523216,0.0
lsxp-TingTaYan-ZhuoFangCao-1.xml_4,马行在来道内我难（呐）以回（呀）马，,2573948726.8523216,0.0
sdxp-SuLongWei-WuJiaPo.xml_3,他三人与我有仇恨，,2576638144.598845,0.0
lsxp-ZhangGongDao-ZhuangYuanPu.xml_5,眼睁（呐）睁有何人去（呀）把纸烧。,2581301927.7412882,0.0
lseh-YiLunMing-ZhuoFangCao-1.xml_17,汉室后来贼是个惹祸的根芽。,2581621570.2701387,0.1
lseh-YangYanZhao-PengBei.xml_4,我本当将此事对他来论，,2593815689.0291657,0.0
lseh-YiLunMing-ZhuoFangCao-1.xml_14,悔不该把家属一（呀）旦撇下，,2598990848.2115555,0.0
lsxp-LiangGuoJiao-ShiJieTing-2.xml_5,靠山近水把管收。,2641881477.1380105,0.0
lsxp-WeiCengKai-QiYuanBao.xml_3,姓刘名安字世昌。,2650061704.5078835,0.0
lseh-XuMaoGong-QinQiongFaPei.xml_2,既是为我前来到，,2656949091.3899317,0.0
lseh-ZiNaRi-HongYangDong.xml_0,自（喏）那日朝罢归身（呐）染重病，,2664512144.9305744,0.0
lsxp-YiShiWu-YuCangJian.xml_4,恨平王无道纲常乱，,2681172733.2677708,0.0
lseh-XinZhongYou-WenZhaoGuan.xml_17,我本当拔宝剑自寻短见，,2692832890.5107398,0.0
lseh-WeiKaiYan-RangXuZhou.xml_5,救生灵（呐）积阴（呐）功也免得我坐卧不宁。,2694291174.191699,0.0
lsxp-WeiCengKai-QiYuanBao.xml_9,望求太爷与我作主张（啊）。,2694595217.3261504,0.0
lseh-YiLunMing-WenZhaoGuan-1.xml_14,思来想去我的肝肠断，,2696008649.6057062,0.1
lseh-XiRiLi-BaoLianDeng.xml_2,都只为孤（哇）竹君身染重病（哪），,2706561643.9390769,0.0
lseh-XiRiLi-BaoLianDeng.xml_3,传口诏命次子即位为君，,2708634673.9404683,0.0
lseh-YiLunMing-WenZhaoGuan-1.xml_33,我本当拔宝剑自寻短见，,2709062146.9243007,0.0
lseh-YiLunMing-WenZhaoGuan-2.xml_14,思来想去我的肝肠断，,2718194320.1408744,0.1
lseh-NiangZiBu-SouGuJiuGu.xml_2,赵屠二家有仇恨，,2719024549.0101008,0.0
lsxp-WoBenShi-KongChengJi-1.xml_5,东西战南北剿博古通呃今。,2720975612.8063688,0.0
lsxp-JiangShenEr-SanJiaDian.xml_13,娘想儿来泪双流。,2720986262.0030918,0.0
sdxp-SuLongWei-WuJiaPo.xml_22,一马双跨到西凉。,2721907479.0777435,0.0
lseh-YiLunMing-WenZhaoGuan-1.xml_10,我好（哇）比哀哀长空雁，,2721942418.3666849,0.0
lsxp-ZouYingLong-DaYanSong.xml_4,我问顽童啼哭因何故，,2731285286.2824492,0.0
lsxp-ZouYingLong-DaYanSong.xml_1,在朝房来了我这保国忠。,2756579752.5519996,0.0
lseh-YiLunMing-ZhuoFangCao-2.xml_1,陈宫心中乱如麻。,2757128986.9391589,0.0
lseh-YiLunMing-ZhuoFangCao-2.xml_10,屈死的冤鬼魂休要怨咱，,2761882170.0298991,0.1
lseh-TanXiongDi-SangYuanJiZi.xml_2,眼望着孤坟台珠泪难忍，,2769027020.4548235,0.0
lseh-XuMaoGong-QinQiongFaPei.xml_1,文韬武略智谋高。,2770454262.7216854,0.0
lseh-YiLunMing-ZhuoFangSuDian.xml_10,屈死的怨鬼魂休要怨（呐）咱，,2773293864.6197939,0.1
sdxp-DangNianHan-SanJiZhang.xml_1,登台拜帅是韩信，,2793361881.6392922,0.0
lsxp-ZheYiFeng-DingJunShan.xml_3,大小儿郎听根苗，,2796384855.7189755,0.1
lsxp-ZiGuDao-HuangHeLou.xml_4,今日主公把宴上，,2805058681.0801191,0.0
sdxp-WoHeNi-SiLangTanMu.xml_5,非是我这几日愁眉不展，,2810026227.1834774,0.0
lseh-TanXiongDi-SangYuanJiZi.xml_1,丢下了年幼儿好不伤情。,2810625765.3927379,0.0
lseh-XinZhongYou-WenZhaoGuan.xml_11,鸡鸣犬吠五更（呃）天，,2811127302.362545,0.0
lsxp-ZheYiFeng-DingJunShan.xml_7,退后的项上吃一刀。,2812903587.0125847,0.1
lsxp-DaHeYi-SiLangTanMu.xml_13,十五年前沙滩会，,2814398609.3712449,0.0
lsxp-QingGongYan-FaDongWu.xml_2,弟兄们创业多艰难，,2822469174.0632548,0.0
lsxp-QingGongYan-FaDongWu.xml_1,想起桃园结拜情。,2825537236.9392838,0.0
lsxp-ZuoRiLi-YuanMenZhanZi.xml_2,今日里斩宗保娘把儿怪，,2832368447.268898,0.0
sdxp-DangNianHan-SanJiZhang.xml_3,小奴才真个不孝顺，,2842777473.4410071,0.0
lsxp-WoZhuYe-ZhuiHanXin.xml_9,我也曾约法定过三章。,2845289260.275485,0.0
lsxp-DaHeYi-SiLangTanMu.xml_11,我父令公官极品，,2856692978.0484548,0.0
lsxp-TingTaYan-ZhuoFangCao-1.xml_6,这时候我只得暂且忍耐在心下，,2862289476.3847299,0.0
lseh-YiLunMing-ZhuoFangSuDian.xml_5,杀猪（喏）沽酒款待与他，,2870096846.852262,0.0
lsxp-ZouYingLong-DaYanSong.xml_11,我本当金（哪）殿奏一本怎奈我官卑职小不能够参大臣。,2877651800.547338,0.1
lsxp-WoBenShi-KongChengJi-2.xml_5,东西战南北剿博古（呃）通（哦）今。,2879983514.8349714,0.0
lseh-YiLunMing-WenZhaoGuan-1.xml_27,鸡鸣犬吠五更（哪）天，,2880978243.6695042,0.0
lseh-LaoZhangBu-WuPenJi.xml_6,我和你远无冤近无有仇恨，,2884690054.3386011,0.0
lseh-YiLunMing-WenZhaoGuan-1.xml_20,若是真心来救我，,2889552766.6414971,0.0
lseh-XinZhongYou-WenZhaoGuan.xml_4,若是真心来救我，,2889552766.6414971,0.0
lsxp-TingTaYan-ZhuoFangCao-2.xml_6,这时候我只得暂且忍耐在心下，,2895933643.1890044,0.0
lsxp-DaHeYi-SiLangTanMu.xml_31,走上前来忙松捆，,2897598797.6284628,0.0
lsxp-ZiCongQian-ZhuLianZhai.xml_1,满朝中文武臣泪双流。,2902798452.6470127,0.0
lseh-WeiKaiYan-RangXuZhou.xml_2,二犬子（呃）皆年幼（哇）难当（呃）重任，,2911971743.4371061,0.0
sdxp-SuLongWei-WuJiaPo.xml_15,这锭银、三两三，,2920174886.1737876,0.0
lsxp-ShenGongWu-LongFengChengXiang.xml_1,年老得配女娇娃。,2922065301.7463078,0.0
lseh-NiangZiBu-SouGuJiuGu.xml_7,老天爷不绝我的后代根。,2924981220.5614948,0.1
lsxp-DaHeYi-SiLangTanMu.xml_16,我是你四哥回宋营。,2940236541.1068807,0.0
lsxp-ZiCongQian-ZhuLianZhai.xml_5,望千岁恕学生礼貌不周。,2948729075.6652541,0.0
sdxp-DangNianHan-SanJiZhang.xml_7,要退、要退、偏要退！,2951408852.3108592,0.0
lseh-YiLunMing-WenZhaoGuan-2.xml_10,我好（呃）比哀哀长空雁，,2960485394.1315989,0.0
sdxp-SuLongWei-WuJiaPo.xml_20,为何来在大道边。,2961254632.5317497,0.0
lseh-XinZhongYou-WenZhaoGuan.xml_21,我不杀平王我的心怎甘。,2961426822.8959537,0.1
lsxp-JianMaSu-ZhanMaSu.xml_1,不由老夫咬钢牙，,2964003119.0510092,0.0
lsxp-DaHeYi-SiLangTanMu.xml_20,见一番汉帐中行。,2965119070.2965269,0.0
lsxp-WoBenShi-KongChengJi-1.xml_4,官封到武乡侯哇执掌帅印，,2983004146.8658185,0.0
lsxp-ZiGuDao-HuangHeLou.xml_1,主公不必加愁肠。,3008354573.733923,0.0
lseh-YiLunMing-ZhuoFangCao-1.xml_9,年迈的老丈命（呐）染黄沙。,3023502068.5515838,0.1
lsxp-CiShiJian-HuaiHeYing-1.xml_2,在长安是你夸大话，,3029525486.7596622,0.0
lseh-YiLunMing-WenZhaoGuan-1.xml_11,我好比龙游在浅沙滩。,3034830990.4726577,0.0
lseh-YiLunMing-WenZhaoGuan-2.xml_11,我好比龙游在浅沙滩。,3036365889.6886148,0.0
lsxp-ZuoRiLi-YuanMenZhanZi.xml_5,老娘亲再讲情儿自刎头来。,3042463770.3400202,0.0
lseh-ZiNaRi-HongYangDong.xml_8,为此事终（啊）日里忧成疾病，,3046704479.3824515,0.0
lseh-XiRiLi-BaoLianDeng.xml_6,弟让兄来兄不能应（呐）允，,3066244729.499908,0.0
lsxp-JianMaSu-ZhanMaSu.xml_0,见马谡（唩）跪帐下，,3067722091.0722532,0.0
sdxp-SuLongWei-WuJiaPo.xml_14,将银放在地平川。,3069010553.847527,0.0
sdxp-WoHeNi-SiLangTanMu.xml_10,怎奈我身在番难以过关。,3079713405.7558627,0.0
lseh-YiLunMing-ZhuoFangCao-2.xml_9,年迈老丈命染黄沙。,3086126966.3627167,0.0
sdxp-DangNianHan-SanJiZhang.xml_6,句句话儿伤父心。,3106848196.2216544,0.0
lsxp-DaHeYi-SiLangTanMu.xml_12,我母佘氏老太君。,3116102146.7625217,0.0
lseh-YiLunMing-ZhuoFangCao-1.xml_25,险些儿把事（喏）又（哇）作差。,3119606495.3535285,0.0
lseh-YiLunMing-ZhuoFangSuDian.xml_9,年迈的老丈命（呐）染黄沙。,3130156838.8650894,0.1
lsxp-WoZhuYe-ZhuiHanXin.xml_0,我主爷起义在芒砀，,3156087874.0339274,0.0
lseh-ZenNengGou-BaDaChui.xml_3,倒不如上公安观看古今。,3157087344.2834077,0.0
lseh-XinZhongYou-WenZhaoGuan.xml_1,翻来复去睡不安。,3161957382.4927268,0.0
lseh-YiLunMing-WenZhaoGuan-1.xml_37,我不杀平王我的心怎甘（哪）。,3171219006.0959363,0.1
lsxp-JiangShenEr-SanJiaDian.xml_3,二不是歹人（呐）把城偷。,3173109859.937541,0.0
lsxp-DaHeYi-SiLangTanMu.xml_23,本帅开言把他问，,3181966131.4500256,0.0
lseh-NiangZiBu-SouGuJiuGu.xml_4,我与那公孙杵臼把计定，,3193452304.0480933,0.0
lseh-XiRiLi-BaoLianDeng.xml_1,伯夷叔齐二大贤人，,3196123647.9138336,0.0
lseh-YiLunMing-WenZhaoGuan-2.xml_1,愁人心（呐）中似箭穿。,3206825942.3815684,0.0
lseh-YiLunMing-WenZhaoGuan-1.xml_1,愁人心（哪）中似箭穿。,3211564836.8096561,0.0
lseh-NiangZiBu-SouGuJiuGu.xml_8,你今舍了亲生子，,3229141938.5045476,0.0
lseh-TanXiongDi-SangYuanJiZi.xml_3,见坟台不见人刀割我心。,3271190670.7571712,0.0
sdxp-SuLongWei-WuJiaPo.xml_7,大嫂说话礼不端，,3283542635.7483144,0.0
lsxp-DaHeYi-SiLangTanMu.xml_15,六弟下位把兄认，,3293908930.8310227,0.0
lsxp-YiShiWu-YuCangJian.xml_5,信用无极狗奸谗。,3310167427.1326823,0.0
lsxp-CiShiJian-HuaiHeYing-2.xml_5,右手再把栾布拉，,3336089045.127481,0.0
lsxp-JiangShenEr-SanJiaDian.xml_2,一不是响马与贼寇，,3336987423.7402864,0.1
lsxp-WeiCengKai-QiYuanBao.xml_0,未曾开言泪汪汪，,3339625130.0556979,0.0
lsxp-ZuoRiLi-YuanMenZhanZi.xml_0,昨日里斩八将头挂营外，,3353175048.7769451,0.0
lseh-YiLunMing-WenZhaoGuan-1.xml_17,翻来覆去睡不（哇）安。,3379469808.7793965,0.0
lsxp-WeiCengKai-QiYuanBao.xml_5,贩卖绸缎转还乡。,3387547390.1850376,0.0
lseh-YiLunMing-WenZhaoGuan-1.xml_8,俺伍员好一似丧家犬，,3396608946.0378175,0.0
lseh-YiLunMing-WenZhaoGuan-1.xml_3,谁知昭关有阻拦。,3407607341.0095801,0.0
lsxp-JianMaSu-ZhanMaSu.xml_3,失去了街亭差不差。,3428062216.4277472,0.0
lseh-WeiGuoJia-HongYangDong-1.xml_3,身不爽不由人瞌睡朦胧（呃）。,3435825588.4696975,0.0
lseh-YiLunMing-WenZhaoGuan-2.xml_3,谁知昭关有阻拦。,3439197002.0614824,0.0
lsxp-ZheYiFeng-DingJunShan.xml_4,头通（呃）鼓紧战袍，,3460461859.3555613,0.1
lseh-ZiNaRi-HongYangDong.xml_6,老军报他二人在洪洋（呃）洞丧（呃）命，,3467051847.7149544,0.0
lsxp-WoBenShi-KongChengJi-1.xml_9,我面前缺少个知呃音的人。,3477753606.69836,0.1
lseh-YiLunMing-ZhuoFangSuDian.xml_4,吕伯奢可算得义气（呀）大，,3499405660.6442108,0.0
lsxp-YiShiWu-YuCangJian.xml_2,日月轮流催晓（哇）箭，,3500353962.9231997,0.0
sdxp-WoHeNi-SiLangTanMu.xml_6,有一桩心腹事不敢明言。,3510045212.9426279,0.0
lsxp-ZuoRiLi-YuanMenZhanZi.xml_1,老娘亲为什么不讲情来？,3524344523.6734214,0.0
sdxp-SuLongWei-WuJiaPo.xml_10,管保大嫂就断与咱。,3526268918.304059,0.0
lseh-WeiGuoJia-HongYangDong-3.xml_3,身不爽不由人瞌睡朦胧。,3573003540.9087672,0.0
lseh-ZiNaRi-HongYangDong.xml_9,因此上臣的病重（呃）加十分、千岁爷呀！,3573041543.1825814,0.1
lseh-XinZhongYou-WenZhaoGuan.xml_10,爹娘（呃）要相逢除非是梦（呃）里团圆。,3581830002.9161968,0.0
lsxp-CiShiJian-HuaiHeYing-1.xml_5,右手再把栾布拉。,3610443251.353785,0.0
sdxp-SuLongWei-WuJiaPo.xml_2,王丞相是我的主婚人（哪）。,3613061191.0160875,0.1
lsxp-ZouYingLong-DaYanSong.xml_7,站立在殿角用目来观定，,3613238021.7251024,0.1
sdxp-SuLongWei-WuJiaPo.xml_1,苏龙魏虎为媒证，,3642552123.8490229,0.0
lseh-YiLunMing-WenZhaoGuan-2.xml_8,俺伍员好一似丧家犬，,3705813504.6326737,0.0
sdxp-SuLongWei-WuJiaPo.xml_19,是烈女就该在家院，,3709033505.7715673,0.0
lseh-YiLunMing-ZhuoFangCao-1.xml_15,悔不该弃县今抛却了乌（哇）纱，,3710509405.4252548,0.0
lseh-YiLunMing-ZhuoFangCao-1.xml_3,悔不该随他人到吕家，,3718126133.152885,0.0
lseh-NiangZiBu-SouGuJiuGu.xml_6,舍子搭救忠（呃）良的后，,3746042849.0918913,0.1
sdxp-SuLongWei-WuJiaPo.xml_21,为军起下不良的意呀，,3759318921.7412229,0.1
sdxp-SuLongWei-WuJiaPo.xml_18,我与你露水的夫妻就过几年（呐）。,3764017788.3078818,0.1
lseh-YiLunMing-ZhuoFangCao-1.xml_13,越思越想把事来作差。,3768373417.7582049,0.0
lseh-NiangZiBu-SouGuJiuGu.xml_12,无奈何我只得双（呃）膝跪，,3778274705.3761621,0.0
lseh-WeiGuoJia-HongYangDong-2.xml_3,身不爽不由人瞌睡朦胧（呃）（哪）。,3784282940.6112828,0.0
lseh-TuZeiZuo-SouGuJiuGu.xml_1,诬杀赵家一满门。,3831802561.2020302,0.0
lsxp-JiangShenEr-SanJiaDian.xml_14,眼见得红日坠落在西山后，,3854779193.7331095,0.0
lseh-YiLunMing-WenZhaoGuan-1.xml_25,不能（哪）哎见爹娘（兀）！,3858532365.5558014,0.0
lseh-JinZhongXiang-ShangTianTai.xml_4,内侍臣忙摆驾九龙口进，,3892524786.2529664,0.0
lseh-YiLunMing-WenZhaoGuan-1.xml_7,夜夜何曾得安眠。,3913314989.2400932,0.0
lseh-YiLunMing-WenZhaoGuan-2.xml_7,夜夜何曾得安眠。,3913314989.2400932,0.0
lsxp-ZouYingLong-DaYanSong.xml_3,偶遇见小小的顽童放悲声，,3953527724.703784,0.2
lsxp-TingTaYan-ZhuoFangCao-1.xml_3,却原（呐）来贼是个无（哇）义（呀）的冤家！,3954742302.7583966,0.1
lsxp-TingTaYan-ZhuoFangCao-2.xml_3,却愿（呐）来贼是个无（哇）义（呀）的冤家！,3954742302.7583966,0.1
lsxp-ZiCongQian-ZhuLianZhai.xml_3,为千岁懒观五凤楼。,3995825302.7801151,0.0
lsxp-HenPingWang-WenZhaoGuan.xml_0,恨平王无道乱楚宫（兀），,4017455560.9772367,0.0
lseh-XiRiLi-BaoLianDeng.xml_11,留得美名万古存，,4057063756.4847021,0.0
lsxp-DaHeYi-SiLangTanMu.xml_24,你是番邦什么人？,4078063062.3467708,0.0
lseh-YiLunMing-ZhuoFangCao-1.xml_6,又谁知此贼的疑心（呐）太（呀）大，,4085134417.4282937,0.1
lseh-YangYanZhao-PengBei.xml_3,又只见老爹爹瞌睡沉沉。,4093381872.9837327,0.0
lseh-YiLunMing-ZhuoFangCao-2.xml_8,一家人倶丧在宝剑之下，,4124278774.6260695,0.0
lseh-XiRiLi-BaoLianDeng.xml_5,那伯夷尊父命也不能应承，,4140408075.01056,0.0
lsxp-CiShiJian-HuaiHeYing-2.xml_2,在长安是你夸大话，,4156410586.523025,0.0
lseh-XinZhongYou-WenZhaoGuan.xml_16,我冷冷清清向谁言（呃）。,4169830163.0546346,0.0
lseh-YiLunMing-WenZhaoGuan-2.xml_12,我好（呃）比鱼儿吞了钩线，,4234266768.1380334,0.0
lseh-YiLunMing-WenZhaoGuan-1.xml_12,我好（哇）比鱼儿吞了钩线，,4259598387.0508547,0.0
lseh-YiLunMing-WenZhaoGuan-1.xml_32,我冷冷清清向谁言（哪）。,4285454494.67063,0.0
lseh-XiRiLi-BaoLianDeng.xml_12,为父的怎比得孤竹君，,4287221340.6079044,0.1
lseh-LaoZhangBu-WuPenJi.xml_3,我本屈死一鬼魂。,4300929010.0439682,0.0
lseh-YiLunMing-ZhuoFangCao-1.xml_20,贼好比蛟龙未生鳞甲，,4307635616.6748447,0.0
lseh-YiLunMing-WenZhaoGuan-2.xml_4,幸遇那东皋公行方便，,4319019437.0513182,0.0
lseh-YiLunMing-ZhuoFangCao-1.xml_23,我岂肯放虎归山又（哇）把人抓。,4341256184.5707083,0.0
lseh-YiLunMing-WenZhaoGuan-1.xml_4,幸遇那东皋公行方便，,4363307056.5620499,0.0
lsxp-TingTaYan-ZhuoFangCao-1.xml_7,既同行共（呃）大事必须要劝解于他（呀呃）。,4371101859.9859724,0.0
lsxp-TingTaYan-ZhuoFangCao-2.xml_7,既同行共（呃）大事必须要劝解于他（呀呃）。,4371101859.9859724,0.0
lsxp-WoBenShi-KongChengJi-1.xml_3,算就了汉家的业鼎足哇三分。,4388042401.3771486,0.1
sdxp-WoHeNi-SiLangTanMu.xml_16,快马加鞭我一夜还。,4392950673.5511398,0.0
lsxp-WoZhuYe-ZhuiHanXin.xml_3,两路分（呐）兵定咸阳。,4396565104.3222065,0.0
lseh-YiLunMing-ZhuoFangCao-2.xml_6,又谁知此贼的疑心太大，,4430973595.4528828,0.1
lseh-YiLunMing-ZhuoFangCao-1.xml_8,一家人倶丧在宝剑之（喏）下，,4430984196.8480968,0.0
sdxp-WoHeNi-SiLangTanMu.xml_9,我有心回宋营见母一面，,4431901504.9806528,0.0
lseh-ZiNaRi-HongYangDong.xml_4,二次（喏）里命孟良番营来进，,4452096378.0867043,0.0
lseh-YiLunMing-ZhuoFangSuDian.xml_7,拔出剑将他的满门杀，,4463914303.3693342,0.1
lseh-XiRiLi-BaoLianDeng.xml_4,那叔齐分长幼不能担任，,4484163921.2390127,0.0
sdxp-WoHeNi-SiLangTanMu.xml_3,杨廷辉有一日愁眉得展，,4491466360.427743,0.0
lsxp-DaHeYi-SiLangTanMu.xml_19,本帅帐中用目睁，,4492480803.2001572,0.0
lseh-XiRiLi-BaoLianDeng.xml_9,那叔齐逃出了后宰门，,4503071305.7426062,0.0
lsxp-ZouYingLong-DaYanSong.xml_12,罢、罢、罢，暂且忍却我的心头恨，,4511306221.5576172,0.1
lsxp-ZheYiFeng-DingJunShan.xml_1,天助黄忠成功劳。,4594617605.8442097,0.0
lsxp-YiShiWu-YuCangJian.xml_1,叹光明一去不回还（呐）；,4613483044.0950212,0.0
lsxp-TingTaYan-ZhuoFangCao-1.xml_2,我先前只望他宽宏量（呃）大，,4636979078.7672043,0.0
lsxp-TingTaYan-ZhuoFangCao-2.xml_2,我先前只望他宽宏量（呃）大，,4636979078.7672043,0.0
lseh-YiLunMing-WenZhaoGuan-1.xml_6,一连几天我的眉不（哇）展，,4654897394.5567808,0.1
sdxp-SuLongWei-WuJiaPo.xml_11,好一个贞节王宝钏，,4661161294.9851408,0.0
lseh-XiRiLi-BaoLianDeng.xml_8,那伯夷出午门无（哇）有踪（呃）影，,4718736190.8974285,0.0
lseh-XiRiLi-BaoLianDeng.xml_10,首阳山前冻饿死（喏）。,4815049105.4717016,0.0
lseh-WeiKaiYan-RangXuZhou.xml_4,望使君放开怀慨然（呐）应（呐）允，,4861280914.3452864,0.0
lseh-YiLunMing-ZhuoFangCao-2.xml_7,拔出剑将他的满门杀。,4867431972.0953054,0.1
lseh-XinZhongYou-WenZhaoGuan.xml_5,为何几日他不言，,4879239011.5412169,0.0
sdxp-SuLongWei-WuJiaPo.xml_16,送与大嫂把家安。,4890181974.0803032,0.0
lsxp-TingTaYan-ZhuoFangCao-2.xml_5,这才是花随水水不（哇）能恋（呐）花。,4904439693.0249357,0.0
lsxp-ZouYingLong-DaYanSong.xml_2,那一日打从大街进，,4928094508.2293596,0.0
lseh-YiLunMing-ZhuoFangCao-2.xml_5,杀猪沽酒款待与他。,4928565773.3376312,0.0
lsxp-WoZhuYe-ZhuiHanXin.xml_12,今日里萧何荐良将，,4941977158.9912777,0.0
lsxp-TingTaYan-ZhuoFangCao-1.xml_5,这才是花随水水不（哇）能恋（呐）花。,4953303506.3668327,0.0
lseh-XuMaoGong-QinQiongFaPei.xml_3,缘何不救我出笼牢。,4962696346.6181717,0.0
lseh-JinZhongXiang-ShangTianTai.xml_5,又听得殿角下大放悲声。,4977416960.1475935,0.3
lseh-YiLunMing-ZhuoFangSuDian.xml_6,又谁知此贼的疑心（呐）太（呀）大，,4986147995.4997101,0.1
lseh-NiangZiBu-SouGuJiuGu.xml_9,来年必定降麒麟。,5004073213.2855644,0.0
lseh-XuMaoGong-QinQiongFaPei.xml_5,其中必有这巧（哇）妙高。,5101604508.1559191,0.0
lseh-YiLunMing-ZhuoFangCao-1.xml_21,贼好比猛虎未（呀）曾长牙，,5103083077.6548128,0.1
lsxp-TingTaYan-ZhuoFangCao-2.xml_1,背转身自埋怨我自（呃）已做差。,5113332647.7992744,0.0
lsxp-TingTaYan-ZhuoFangCao-1.xml_1,背转身只埋怨我自（呃）己作差，,5113332647.7992744,0.0
lseh-YiLunMing-WenZhaoGuan-2.xml_6,一连几天我的眉不（呃）展，,5135037438.5246754,0.1
lseh-NiangZiBu-SouGuJiuGu.xml_11,不舍娇儿难救孤身。,5172417974.6822109,0.0
lsxp-WoZhuYe-ZhuiHanXin.xml_5,后进咸阳扶保在朝纲。,5222328564.7845478,0.0
sdxp-WoHeNi-SiLangTanMu.xml_4,誓不忘贤公主恩重如山。,5232869395.6588383,0.0
lsxp-YiShiWu-YuCangJian.xml_9,行至在昭关有阻拦。,5248034706.5877695,0.0
sdxp-WoHeNi-SiLangTanMu.xml_8,我的娘押粮草来到北番。,5332133635.6916819,0.1
lsxp-ZhangGongDao-ZhuangYuanPu.xml_3,为儿（喏）女我也曾补路修桥。,5431730797.3786469,0.0
lseh-YiLunMing-ZhuoFangCao-1.xml_7,拔出剑将他的满门杀，,5453265568.907939,0.1
lseh-YiLunMing-WenZhaoGuan-1.xml_21,为何几日他不言。,5492518851.5027962,0.0
lseh-YiLunMing-ZhuoFangCao-2.xml_4,吕伯奢可算得义气大，,5507113392.4754963,0.0
lseh-XinZhongYou-WenZhaoGuan.xml_3,叫人难解巧机关。,5655437457.1342659,0.0
lseh-TuZeiZuo-SouGuJiuGu.xml_3,大事还要问程婴。,5699548383.3146248,0.0
lseh-YiLunMing-ZhuoFangSuDian.xml_8,一家人倶丧在宝剑之（喏）下，,5822150534.8762922,0.0
lseh-YangYanZhao-PengBei.xml_5,又恐怕惊动了年迈之人。,5846266401.2751455,0.0
lsxp-JiangShenEr-SanJiaDian.xml_0,将身儿来至在大街口，,5961965678.6817741,0.0
lsxp-ZouYingLong-DaYanSong.xml_10,他本是我朝中上欺天子下压臣谋朝篡位卖国的奸贼他名叫严嵩，,5985695861.4413795,0.1
lseh-YiLunMing-WenZhaoGuan-1.xml_30,朝臣待漏（哇）五更寒，,5998796000.5714321,0.0
lsxp-JiangShenEr-SanJiaDian.xml_6,舍不得太爷的恩情厚，,6114852779.1101027,0.1
lsxp-WoZhuYe-ZhuiHanXin.xml_2,怀王也曾把旨降，,6121666720.6480894,0.0
lsxp-JiangShenEr-SanJiaDian.xml_8,实难舍街坊四邻与我的好朋友，,6127078763.9388647,0.1
lsxp-WoBenShi-KongChengJi-2.xml_3,算就了汉家的业鼎足（呃）三分。,6132420624.3765278,0.1
lsxp-WoZhuYe-ZhuiHanXin.xml_14,撩袍端带我把金殿上，,6174650665.2618523,0.1
lseh-YiLunMing-ZhuoFangCao-1.xml_16,我只说贼是个宽宏量大，,6180398190.4661818,0.0
lseh-YiLunMing-WenZhaoGuan-1.xml_19,叫人难解巧机关，,6339402885.8415565,0.0
lsxp-JiangShenEr-SanJiaDian.xml_10,娘生儿连心肉，,6350547702.3119307,0.0
lsxp-WoBenShi-KongChengJi-2.xml_7,我诸葛怎比得前辈（呃）的先（呃）生。,6373475810.3531437,0.1
lsxp-WoBenShi-KongChengJi-1.xml_7,俺诸（喏）葛怎比得前辈呀的先哪生。,6416903494.4419699,0.1
lsxp-JiangShenEr-SanJiaDian.xml_12,儿想娘亲难叩首，,6496722170.921381,0.0
lseh-XinZhongYou-WenZhaoGuan.xml_14,朝臣待漏五更寒。,6581077086.0996513,0.0
lsxp-JiangShenEr-SanJiaDian.xml_4,杨林与我来争斗，,6628631729.2214689,0.0
lseh-ZiNaRi-HongYangDong.xml_5,又谁知焦克明他私（呀）自后跟（呐），,6771248947.0871267,0.0
lsxp-WoZhuYe-ZhuiHanXin.xml_13,但愿得言听计从重整汉家邦、一同回故乡。,6813061923.7188416,0.1
lsxp-WoZhuYe-ZhuiHanXin.xml_6,也是我主洪福广，,6851010494.2015476,0.0
lseh-ZenNengGou-BaDaChui.xml_1,前后话对文龙细说衷情。,7172677812.5935068,0.0
lsxp-WoZhuYe-ZhuiHanXin.xml_10,项羽不遵怀王约，,8839034135.0551987,0.0
lseh-LaoZhangBu-WuPenJi.xml_7,望求老丈把冤伸。,9171501911.555521,0.0
