好似我散天花纷落十方,0,好似我散天花就纷落十方；
daxp-GuanShiYin-TianNvSanHua.xml_5,好似我散天花就纷落十方；,2487054.8473550659,1.0
daxp-GuanShiYin-TianNvSanHua.xml_1,有善才和龙女站立两厢；,2826377.9362616972,0.0
daxp-FeiShiWo-TaoHuaCun.xml_12,响一声你就还一掌，,2941557.4506543255,0.0
sdxp-DangNianHan-SanJiZhang.xml_16,难道说文官他就不丧身？,3141900.2745390511,0.0
daxp-ChunQiuTing-SuoLinNang.xml_27,莫把姓名你信口晓，,3384058.744671043,0.0
daxp-ErTingDe-SuoLinNang.xml_25,莫把姓名你信口哓。,3523673.7230211417,0.0
sdxp-WoHeNi-SiLangTanMu.xml_33,你也对苍天就表一番。,3561598.2488943962,0.1
daxp-ErTingDe-SuoLinNang.xml_10,蠢才问话太潦草，,3621794.27353945,0.0
daxp-DangRiLi-SuoLinNang.xml_21,换衣食也够她生活几年。,3665622.4434523708,0.0
daxp-ChunQiuTing-SuoLinNang.xml_11,必有隐情在心潮。,3763059.4549560156,0.0
daxp-ZheCaiShi-SuoLinNang.xml_5,善果心花可自豪。,3937312.3222698993,0.1
sdxp-DangNianHan-SanJiZhang.xml_21,不能、不能、是万不能！,3980915.0688296929,0.0
daxp-ChunQiuTing-SuoLinNang.xml_29,自把珠玉夸富豪，,4060993.5003626309,0.0
daxp-MuQinBu-FengHuanChao.xml_3,女儿清白最为先。,4151262.3440049109,0.0
danbz-KanDaWang-BaWangBieJi.xml_0,看大王在帐中和衣睡稳，,4221868.9483984765,0.0
daxp-DangRiLi-SuoLinNang.xml_18,还有那夜明珠粒粒成串，,4274617.625143473,0.0
daxp-TingTaYan-ZuoGong.xml_2,原来是杨家将把名姓改换，,4363977.452928748,0.0
daxp-FeiShiWo-TaoHuaCun.xml_1,只怪你呆头呆脑慌慌张张。,4432127.6205894556,0.0
daxp-MuQinBu-FengHuanChao.xml_0,母亲不必心太偏，,4554591.0191368256,0.0
daeh-ZiNaRi-ZhuangYuanMei-1.xml_13,但愿得八主贤王从中周旋，早成姻眷，扫狼烟，叫那胡儿不敢进犯保叔王锦绣江山。,4644740.5852583349,0.0
daxp-DangRiLi-SuoLinNang.xml_20,这囊儿虽非是千古罕见，,4645610.8987634899,0.0
daeh-ZiNaRi-ErJinGong.xml_13,我只得怀抱太子两泪汪汪口口声声哭的是先王！,4673058.4047626778,0.1
danbz-BeiJiuChan-ChunGuiMeng.xml_2,我不免去安排罗衾绣枕，,4674099.5282180551,0.1
sdxp-WoHeNi-SiLangTanMu.xml_28,有心赠你金鈚箭，,4709216.4863992883,0.0
daxp-FeiShiWo-TaoHuaCun.xml_5,怎能够粗心大意你再荒唐。,4709900.23344767,0.0
daxp-ZheCaiShi-SuoLinNang.xml_4,柳暗花明休啼笑，,4717884.2808114188,0.1
danbz-BeiJiuChan-ChunGuiMeng.xml_5,待我来搀扶（哇）你重订鸳盟。,4722770.1214323286,0.1
sdxp-DangNianHan-SanJiZhang.xml_11,淮阴漂母救韩信，,4790852.0186952306,0.0
daeh-NaRiFeng-YuanXiaoMi.xml_2,舅父前来出主意，,4812865.652114206,0.0
daxp-MuQinBu-FengHuanChao.xml_2,自古常言道得好，,4828572.6871122215,0.1
daxp-FeiShiWo-TaoHuaCun.xml_15,那就是来了我西厢带路的小红娘。,4852432.4793721829,0.1
daxp-ErTingDe-SuoLinNang.xml_27,自把珠玉夸富豪。,4912755.7436455544,0.0
daeh-ZiNaRi-ZhuangYuanMei-2.xml_13,但愿得八主贤王从中周旋早成美眷、扫狼烟叫那胡儿不敢进犯、保叔王锦锈江山。,4964496.1933184462,0.0
daxp-ZhiJianTa-WangJiangTing.xml_7,何必独自就暗猜疑。,4972700.488619159,0.0
daeh-LiYanFei-ErJinGong.xml_5,我只得怀抱太子两泪汪汪口口声声哭的是先王。,4974041.5501259994,0.1
daxp-ErTingDe-SuoLinNang.xml_12,你不该人前逞骄傲，,5047269.4378703823,0.0
daeh-ZiNaRi-ErJinGong.xml_10,耳边厢又听得朝靴响亮，,5097714.0443295892,0.0
daxp-SuSanLi-NvQiJie.xml_1,将身来在大街前。,5128924.5623001708,0.0
daxp-ErTingDe-SuoLinNang.xml_9,哪有个袖手旁观在壁上瞧。,5211375.9255988356,0.0
daxp-FeiShiWo-TaoHuaCun.xml_6,鼓打二更准时往，,5258811.9550446291,0.0
daxp-ErTingDe-SuoLinNang.xml_21,她为饥寒我为骄。,5262045.3452023724,0.1
daxp-MuQinBu-FengHuanChao.xml_1,女儿言来听根源。,5330737.9543060604,0.0
daxp-ErTingDe-SuoLinNang.xml_11,难免怀疑在心梢。,5335217.2116882941,0.0
daxp-ZheCaiShi-SuoLinNang.xml_1,不想团圆在今朝。,5335217.2116882941,0.0
daxp-LaoDieDie-YuZhouFeng.xml_5,却为何贪富贵不顾羞惭。,5362529.3544162549,0.0
daxp-FeiShiWo-TaoHuaCun.xml_16,你把我当做诸葛亮，,5383482.493155269,0.1
daxp-DangRiLi-SuoLinNang.xml_10,于归日理应当喜形于面，,5399030.1099494789,0.0
danbz-KanDaWang-BaWangBieJi.xml_1,我这里出帐外且散愁情。,5537424.788439638,0.2
daxp-LaoDieDie-YuZhouFeng.xml_4,老爹爹在朝中官高爵显，,5549879.7567592626,0.0
daxp-DiTouLi-NvQiJie.xml_2,未曾开言我心好惨，,5575486.0035348814,0.2
daxp-XiRiLi-LongFengChengXiang.xml_2,暗地堪笑奴兄长，,5627705.3625458935,0.0
daeh-LiYanFei-DaBaoGuo.xml_6,写文约我且把玉玺打下，,5691821.9949504882,0.1
daxp-ErTingDe-SuoLinNang.xml_17,满腹骄矜顿雪潇。,5751638.5461459467,0.0
daxp-ErTingDe-SuoLinNang.xml_7,不该人前乱解嘲。,5751638.5461459467,0.0
danbz-BeiJiuChan-ChunGuiMeng.xml_3,莫负他好春宵一刻千金。,5787963.090694611,0.1
daxp-DangRiLi-SuoLinNang.xml_19,还有那赤金链，紫瑛簪，白玉环，双凤錾，八宝钗钏一个个宝孕光含。,5788948.9652410233,0.0
daeh-XiaoNuCai-SanNiangJiaoZi.xml_0,小奴才他一言问住我，,5805303.4178407574,0.1
daxp-TingTaYan-ZuoGong.xml_6,早晚间休怪我言语怠慢，,5832416.2184548499,0.1
sdxp-WoHeNi-SiLangTanMu.xml_31,一夜之间你怎能回还。,5877818.0684809191,0.0
daxp-LaoDieDie-YuZhouFeng.xml_2,倘若是有道君皇恩浩荡，,5892059.5585795278,0.0
daxp-ChunQiuTing-SuoLinNang.xml_32,小小囊儿何足道，,5897180.1320102671,0.0
daxp-ZhiJianTa-WangJiangTing.xml_3,害得儿夫犯焦急；,5952912.1553135226,0.0
daxp-SuSanLi-NvQiJie.xml_2,未曾开言心内惨，,6029570.3193631498,0.0
sdxp-WoHeNi-SiLangTanMu.xml_27,你要见高堂母我不阻拦。,6117978.0229233187,0.1
daxp-DiTouLi-NvQiJie.xml_3,过往的君子听我言。,6124518.4972665133,0.1
daeh-LiYanFei-ErJinGong.xml_0,李艳妃坐昭阳自思自想，,6144655.6137857214,0.0
daxp-ChunQiuTing-SuoLinNang.xml_7,世上何尝尽富豪，,6218046.9109037798,0.0
daxp-ChunQiuTing-SuoLinNang.xml_19,满腹骄矜顿雪潇，,6225103.4517802307,0.0
daxp-DiTouLi-NvQiJie.xml_4,哪一位去往南京转，,6232206.2562237605,0.0
daxp-ErTingDe-SuoLinNang.xml_6,梅香说话好颠倒，,6233222.5394618381,0.1
sdxp-WoHeNi-SiLangTanMu.xml_29,怕你一去就不回还。,6278877.4295035619,0.0
daxp-ChunQiuTing-SuoLinNang.xml_23,他为饥寒我为娇。,6410036.4705544934,0.1
daxp-ZheCaiShi-SuoLinNang.xml_6,种福得福如此报，,6412157.4361330075,0.0
daxp-FeiShiWo-TaoHuaCun.xml_3,关系你患难鸳鸯永宿在池塘。,6417460.5944004003,0.0
daeh-ZiNaRi-ZhuangYuanMei-1.xml_7,帝王家深宫院似水流年。,6481364.4389736969,0.1
daxp-SuSanLi-NvQiJie.xml_3,过往的君子听我言。,6487135.1086058244,0.1
daeh-LiYanFei-DaBaoGuo.xml_8,赐你的上方剑朝房问话，,6543152.1781129064,0.1
daxp-ZheCaiShi-SuoLinNang.xml_7,愧我当初赠木桃。,6602257.9420806058,0.1
daxp-DiTouLi-NvQiJie.xml_1,将身来在大街前。,6681160.3249527859,0.0
daxp-ChunQiuTing-SuoLinNang.xml_4,吉日良辰当欢笑，,6694286.0547649665,0.0
daeh-LiYanFei-DaBaoGuo.xml_3,各国的众王侯朝贺中华。,6694318.8649478732,0.0
daeh-ZiNaRi-ErJinGong.xml_8,李艳妃坐昭阳自思自想，,6710233.8659329768,0.0
daeh-WuDuanQiao-BiYuZan.xml_2,独处闺房愁无限，,6765900.9343670551,0.0
sdxp-DangNianHan-SanJiZhang.xml_12,登台拜帅天下闻。,6785121.3984856009,0.1
daeh-TanHongYan-HuoXiaoYu.xml_2,薄幸冤家音信无有，,6789375.9392070109,0.0
daxp-ErTingDe-SuoLinNang.xml_1,同遇人为什么这样嚎啕。,6795849.2654519016,0.0
daspd-HaiDaoBing-GuiFeiZuiJiu.xml_4,皓月当空，,6833179.3102097148,0.0
daxp-GuanShiYin-TianNvSanHua.xml_4,绿柳枝酒甘露三千界上，,6861184.0904903291,0.0
daxp-FeiShiWo-TaoHuaCun.xml_14,倘若是你响她也响，,6881596.1738579534,0.0
daxp-QiaoLouShang-HuangShanLei.xml_13,果然是晓鸡唱天已黎明。,6922367.1719633434,0.1
daeh-ZiNaRi-ZhuangYuanMei-1.xml_3,乱军中多亏他救我回还。,6941097.493394874,0.1
daxp-ChenSanLiang-ChenSanLiangPaTang.xml_2,我本是被骗进的富春院，,7056050.7735959468,0.1
daspd-HaiDaoBing-GuiFeiZuiJiu.xml_3,乾坤分外明，,7086606.5807799818,0.0
sdxp-SuLongWei-WuJiaPo.xml_37,欺奴犹如欺了天。,7093637.8007450197,0.1
daxp-SuSanLi-NvQiJie.xml_7,来生变犬马我当报还！,7126873.1993397865,0.1
daxp-ChunQiuTing-SuoLinNang.xml_13,同遇人为什么这样嚎啕？,7139341.435651768,0.0
daeh-WuDuanQiao-BiYuZan.xml_3,落得孤身病恹恹。,7191945.3296828754,0.1
daeh-ZiNaRi-ZhuangYuanMei-2.xml_3,乱军中多亏他救我回还。,7200864.0795943625,0.1
dldeh-ShouBiPo-ChunQiuPei.xml_3,奴好比花未开风吹雨打，,7204056.7857480915,0.2
daeh-WangChunE-SanNiangJiaoZi.xml_3,老薛保好一似浪里舟船。,7284411.8358345004,0.2
daxp-ChunQiuTing-SuoLinNang.xml_25,安他半世凤凰巢。,7295349.8643649379,0.0
daxp-ErTingDe-SuoLinNang.xml_23,安她半世凤凰剿。,7295349.8643649379,0.0
daxp-NiDeFu-FenHeWan.xml_2,把弓带和鱼镖与儿带定，,7303198.7898955606,0.0
daxp-LaoDieDie-DaYuShaJia-1.xml_0,老爹爹清晨起前去出前，,7339772.7712976281,0.0
daxp-FeiShiWo-TaoHuaCun.xml_9,你必须眼观六路耳听八方。,7362828.0732377097,0.1
daxp-MengTingDe-MuiGuiYingGuaShuai.xml_1,唤起我破天门状志凌云。,7367434.1669682814,0.2
daeh-LiYanFei-DaBaoGuo.xml_2,太师爷奏一本进贡年下，,7375011.4636156391,0.0
daeh-ZiNaRi-ZhuangYuanMei-2.xml_2,在潼台被贼擒性命好险，,7383591.0095500415,0.1
daxp-MengTingDe-MuiGuiYingGuaShuai.xml_7,我一剑能挡百万兵。,7389695.1451396085,0.1
daxp-ChenSanLiang-ChenSanLiangPaTang.xml_0,陈三两在大堂把话云，,7390609.4512166744,0.0
daeh-ZiNaRi-ZhuangYuanMei-1.xml_2,在潼台被贼擒在命好险，,7401611.4025064847,0.1
daxp-ChunQiuTing-SuoLinNang.xml_31,积德才生玉树苗，,7420683.2656630883,0.0
daeh-ZiNaRi-ZhuangYuanMei-1.xml_5,不知道他与我是否一般。,7430696.3574834717,0.1
daxp-ChunQiuTing-SuoLinNang.xml_33,救她饥渴胜琼瑶。,7458762.6348139876,0.0
daxp-SuSanLi-NvQiJie.xml_5,与我那三郎把信传。,7507848.3462579576,0.1
daxp-ErTingDe-SuoLinNang.xml_2,莫不是夫郎丑难谐女貌，,7514991.7250615042,0.0
daxp-DangRiLi-SuoLinNang.xml_2,在轿中只觉得天昏地暗。,7558086.4136007158,0.1
daspd-HaiDaoBing-GuiFeiZuiJiu.xml_0,海岛冰轮初转腾；,7607030.3060870422,0.0
daxp-MengTingDe-MuiGuiYingGuaShuai.xml_2,想当年桃花马上威风凛凛，,7630271.7802830338,0.1
daeh-TanHongYan-HuoXiaoYu.xml_5,隔着窗儿点滴不休。,7651740.2070320714,0.0
daeh-ZuoRiGong-TaiZhenWaiChuan.xml_0,昨日宫中何等宠幸，,7667478.7089497857,0.0
daxp-ErTingDe-SuoLinNang.xml_30,小小囊儿何足道，,7673120.3083506627,0.0
daeh-WangChunE-SanNiangJiaoZi.xml_6,将身儿来至在机房织绢，,7703407.7769012488,0.0
daxp-DiTouLi-NvQiJie.xml_5,与我那三郎把信传。,7724116.8813821143,0.1
daeh-ZiNaRi-ErJinGong.xml_9,想起了老王爷好不惨伤。,7731281.9282285199,0.1
sdxp-DangNianHan-SanJiZhang.xml_10,都是安邦定国臣，,7787632.9342272403,0.0
daeh-LiYanFei-ErJinGong.xml_1,想起了朝中事好不惨伤！,7833920.9162191898,0.1
daeh-XiaoNuCai-SanNiangJiaoZi.xml_4,怒气不息在机房闷坐，,7837206.0228936672,0.0
danbz-BeiJiuChan-ChunGuiMeng.xml_0,被纠缠陡想起婚时情景，,7850775.8250589408,0.0
daeh-WangChunE-SanNiangJiaoZi.xml_2,春娥女好一此失群孤雁，,7893043.7804014329,0.1
sdxp-SuLongWei-WuJiaPo.xml_33,家人小厮有万千。,7902000.634332017,0.0
daeh-LiYanFei-ErJinGong.xml_2,耳边厢又听得朝靴响亮，,7902854.1172583578,0.0
daxp-ErTingDe-SuoLinNang.xml_31,救她饥渴胜琼瑶。,7934308.4635496764,0.0
daeh-WuDuanQiao-BiYuZan.xml_1,薄命自伤怨红颜。,7978523.7868494503,0.0
sdeh-WenSanNiang-SanNiangJiaoZi.xml_4,背转身来哭嚎啕。,7983300.2517486652,0.0
daeh-WuDuanQiao-BiYuZan.xml_6,一心早想寻短见，,7988699.6916807257,0.0
daxp-DiTouLi-NvQiJie.xml_7,来生变犬马我当报还。,7996265.0941943675,0.1
daeh-NuZiYou-TouJunBieYao.xml_2,但愿得去投军功名有望，,8045125.5481022671,0.0
daxp-DangRiLi-SuoLinNang.xml_14,急切里想起了锁麟囊一（呀）件，,8065471.3337077377,0.0
daxp-ZheCaiShi-SuoLinNang.xml_2,回首繁华如梦渺，,8072568.4957664525,0.0
daeh-ZuoRiGong-TaiZhenWaiChuan.xml_2,思想起从前事心中悔恨，,8152142.1767842229,0.0
daxp-FeiShiWo-TaoHuaCun.xml_11,是不是有人拍巴掌。,8159875.6746313572,0.0
daxp-FeiShiWo-TaoHuaCun.xml_10,不但要仔细听、还要仔细想，,8175167.946792841,0.0
daeh-NaRiFeng-YuanXiaoMi.xml_6,我今绝少人生趣，,8194672.5741088688,0.1
daxp-ZhiJianTa-WangJiangTing.xml_9,相公你为何不歇息？,8198572.8377977917,0.0
daeh-WangChunE-SanNiangJiaoZi.xml_7,等候了薛倚儿转回家园。,8214626.8022689745,0.0
daeh-ZiNaRi-ErJinGong.xml_1,独坐在寒宫院闷闷悠悠。,8242155.0726912357,0.0
daxp-DangRiLi-SuoLinNang.xml_8,轿中人必定有一腔幽怨，,8319629.5561034046,0.0
daeh-ZiNaRi-ZhuangYuanMei-1.xml_4,这桩事闷得我柔肠百转，,8327083.016428655,0.1
daeh-ZiNaRi-ZhuangYuanMei-2.xml_4,这桩事闷得我柔肠百转，,8329235.39581584,0.1
daeh-ZuoRiGong-TaiZhenWaiChuan.xml_1,有谁知一时错被逐宫廷。,8331057.9834139273,0.0
daxp-DuiLingHua-BiYuZan.xml_2,果然是成佳偶两心欢恋，,8354012.0589927044,0.0
daxp-XiShiNv-XiShi.xml_1,难得有开怀事常锁双眉。,8360611.5446147649,0.0
daeh-WuDuanQiao-BiYuZan.xml_7,又怕丑名误流传。,8385880.088038967,0.0
daxp-DangRiLi-SuoLinNang.xml_4,那花轿必定是因陋就简，,8391056.4178471789,0.1
daxp-LaoDieDie-YuZhouFeng.xml_0,老爹爹发恩德将本修上，,8423533.3236202113,0.0
daxp-FeiShiWo-TaoHuaCun.xml_17,听我的号令上战场。,8423844.9775748271,0.1
daeh-LiYanFei-DaBaoGuo.xml_9,压定了文武臣均要画押。,8425910.522532355,0.0
daxp-SuSanLi-NvQiJie.xml_6,言说苏三把命断，,8427712.3089723978,0.0
daxp-ChunQiuTing-SuoLinNang.xml_14,莫不是夫郎丑难谐女貌？,8435295.3406535424,0.0
daxp-DuiLingHua-BiYuZan.xml_0,对菱花暗地里芳心自转，,8484781.3941663746,0.1
daxp-FeiShiWo-TaoHuaCun.xml_4,已然错请生波浪，,8501915.7552733254,0.0
daxp-ErTingDe-SuoLinNang.xml_29,积德才生玉树苗。,8518367.7222362477,0.0
daxp-TingTaYan-ZuoGong.xml_7,不知者不怪罪你的海量放宽。,8520335.2871166784,0.0
sdxp-SuLongWei-WuJiaPo.xml_31,命人送到（那）西凉川。,8529872.6951379795,0.0
daxp-DangRiLi-SuoLinNang.xml_12,那时节奴妆奁不下百万，,8540407.2774436064,0.0
daxp-XiShiNv-XiShi.xml_4,怕只怕损玉颜姣容自惜，,8563940.4811199587,0.0
daeh-ZiNaRi-ZhuangYuanMei-1.xml_15,愿天下从此后国泰民安。,8572536.2516026944,0.1
daxp-DangRiLi-SuoLinNang.xml_9,她泪自弹、声续断、似杜鹃、啼别院、巴峡哀猿动人心弦，好不惨然。,8603711.0195452608,0.2
daeh-WuDuanQiao-BiYuZan.xml_0,无端巧计将人陷，,8606756.6794216409,0.0
daxp-ErDeFu-HongNiGuan.xml_5,不想到狠心郎一味猖狂。,8612274.5159696098,0.0
daeh-NaRiFeng-YuanXiaoMi.xml_0,那日风波平地起，,8627748.2138491012,0.0
daxp-QiaoLouShang-HuangShanLei.xml_4,到三更真个是月明人静，,8645135.8299740087,0.0
daxp-WoHeNi-SangYuanHui.xml_1,谁认你狼心狗肺的人！,8663514.4010762814,0.0
daxp-QiaoLouShang-HuangShanLei.xml_15,你爹爹到如今未转家门。,8670714.0966733061,0.0
daxp-JiaoZhangSheng-HongNiang.xml_4,这也算是一段风流佳话，,8686479.07458652,0.0
daeh-ZiNaRi-ZhuangYuanMei-2.xml_7,帝王家深宫怨似水流年。,8737417.2524808049,0.1
daxp-LaoDieDie-SanJiZhang-1.xml_2,父休笑薛平贵是花郎模样，,8748333.6517816857,0.1
danbz-KanDaWang-BaWangBieJi.xml_3,猛抬头见碧落月色清明。,8752086.8714022171,0.1
daxp-MengTingDe-MuiGuiYingGuaShuai.xml_4,有生之日责当尽，,8760968.8599124607,0.0
daeh-ZiNaRi-ErJinGong.xml_7,看一看不觉到八月中秋。,8777254.3836820051,0.0
daxp-FeiShiWo-TaoHuaCun.xml_8,你不要高声不要嚷，,8799451.0773932412,0.0
daxp-ZhiJianTa-WangJiangTing.xml_4,莫不是平地风波起，,8863470.4695234746,0.0
daxp-DuiLingHua-BiYuZan.xml_3,也算得人世间美满姻缘。,8864910.3028482646,0.0
daxp-MengJunZi-ChunQiuPei-1.xml_5,莫奈何到荒郊我就来捡芦花。,8870943.5032880493,0.2
daeh-SunShangXiang-BieHuangGong.xml_1,想起了已往事心内痛酸。,8927124.3870307337,0.0
daxp-GuanShiYin-TianNvSanHua.xml_2,菩提树薝卜花千枝掩映，,8956657.4447640534,0.1
daxp-QiaoLouShang-HuangShanLei.xml_14,我不免唤琏儿到街前探问，,8956681.9152745046,0.1
daxp-ChunQiuTing-SuoLinNang.xml_17,问那厢因何故痛哭无聊。,8959390.9385282565,0.0
daxp-XiRiLiang-LongFengChengXiang.xml_2,暗地堪笑我兄长，,8974220.6400339752,0.1
sdxp-SuLongWei-WuJiaPo.xml_27,三人对面（就）说分明。,8974975.3427549414,0.0
sdxp-SuLongWei-WuJiaPo.xml_39,妻儿老小与奴一般。,8995054.0061733518,0.0
daeh-WangChunE-SanNiangJiaoZi.xml_4,薛倚儿他好比无弓之箭，,9022891.6428482309,0.1
daspd-DuShouKong-WangJiangTing.xml_3,为避狂徒到此间。,9025747.0932285003,0.0
daeh-TanHongYan-HuoXiaoYu.xml_0,叹红颜薄命前生就，,9049586.822158752,0.0
daxp-FeiShiWo-TaoHuaCun.xml_13,响两声你就凑近身旁。,9101911.2792834882,0.0
daeh-SunShangXiang-BieHuangGong.xml_2,遭不幸父王爷把驾来晏，,9113686.513603678,0.0
daxp-MengJunZi-ChunQiuPei-2.xml_3,我爹爹名姜绍贸易天涯。,9114953.9479052629,0.2
daeh-WuDuanQiao-BiYuZan.xml_5,满腹冤屈向谁言。,9119265.6180802416,0.0
sdxp-SuLongWei-WuJiaPo.xml_35,打板子、上夹棍、丢南牢、坐监禁、管叫你思前容易退后难。,9195437.172639057,0.0
daeh-ZiNaRi-ZhuangYuanMei-1.xml_11,但愿得杨六郎心如石坚，,9224793.8007365372,0.0
daeh-ZaoBuXing-HeHouMaDian.xml_11,两旁的文武臣珠泪如麻，,9232767.8994298801,0.0
daxp-ZhiJianTa-WangJiangTing.xml_2,何人来把书信寄？,9264482.2935667858,0.0
daeh-WangChunE-SanNiangJiaoZi.xml_1,想起了我老爷好不惨然。,9334963.5090792719,0.2
daeh-XiaoNuCai-SanNiangJiaoZi.xml_1,闭口无言王春娥。,9337680.9131846465,0.0
daeh-ZiNaRi-ErJinGong.xml_5,竟把我孤儿寡母当做了马牛。,9349640.4845697451,0.1
sdxp-SuLongWei-WuJiaPo.xml_29,府内金银堆如山。,9409137.158251984,0.0
daxp-QiaoLouShang-HuangShanLei.xml_11,又思来又想去越不安宁。,9436500.3444664683,0.0
daeh-CanQiQi-WuLongZuo.xml_1,叹红颜多薄命父母双亡。,9460736.5602018908,0.0
daxp-MuQinBu-FengHuanChao.xml_5,活在世上也枉然。,9464842.8683822379,0.0
daxp-QiaoLouShang-HuangShanLei.xml_7,原来是秋风起扫叶之声。,9497284.9209222626,0.0
danbz-BeiJiuChan-ChunGuiMeng.xml_4,原来是不耐烦已经睡困，,9499314.1220391635,0.0
daeh-CanQiQi-WuLongZuo.xml_0,惨凄凄唤苍天天不应响，,9499600.7690937165,0.1
daxp-MengTingDe-MuiGuiYingGuaShuai.xml_5,寸土怎能够属于他人。,9509941.2309813723,0.0
sdxp-DangNianHan-SanJiZhang.xml_18,大孝之人也受贫。,9517640.7623769455,0.0
daxp-ErTingDe-SuoLinNang.xml_13,不该词费又滔滔。,9523276.8157980852,0.0
daxp-LaoDieDie-DaYuShaJia-2.xml_0,老爹爹清晨起前去出首，,9541667.3559209798,0.0
sdxp-DangNianHan-SanJiZhang.xml_14,在六国封相人上人。,9550199.6899878867,0.0
daeh-SunShangXiang-BieHuangGong.xml_7,阿斗儿行中途被子龙追还。,9570445.3172100708,0.0
daeh-LiYanFei-DaBaoGuo.xml_4,将江山让太师权且代贺，,9663244.2612921689,0.0
daxp-ChunQiuTing-SuoLinNang.xml_10,轿内的人儿弹别调，,9698814.0787828434,0.0
daxp-WoZhuYe-SiLangTanMu.xml_2,众卿随忙挂点亲率官员，,9700253.506727837,0.0
daeh-SunShangXiang-BieHuangGong.xml_6,回荆州未三载诓我回转，,9713666.2867680192,0.1
daeh-NuZiYou-TouJunBieYao.xml_0,奴自幼在闺阁娇生惯养，,9735172.7014845219,0.0
daeh-SunShangXiang-BieHuangGong.xml_3,留下了孙仲谋执掌江南。,9748268.538361216,0.0
daeh-NuZiYou-TouJunBieYao.xml_3,也不枉我二人苦度时光。,9755503.0603572652,0.1
daeh-ZiNaRi-ErJinGong.xml_3,太师爷一心心想篡龙楼。,9759157.909283882,0.0
daeh-ZiNaRi-ZhuangYuanMei-1.xml_9,宋天子主婚姻此事成全。,9810181.7207976673,0.1
daxp-ErTingDe-SuoLinNang.xml_5,问那厢因何故痛哭无聊？,9819312.0921667088,0.0
daxp-ErDeFu-HongNiGuan.xml_7,又恐怕众将官说短论长。,9846600.1574644428,0.0
daxp-DangRiLi-SuoLinNang.xml_17,红珊瑚碧翡翠样样倶全。,9860261.9494440034,0.0
daxp-ChunQiuTing-SuoLinNang.xml_2,在隔帘只见这一花轿，,9907833.6243659873,0.1
daeh-ZuoRiGong-TaiZhenWaiChuan.xml_3,但不知何日里再沐圣明。,9988188.9926316775,0.0
daxp-LaoDieDie-DaYuShaJia-1.xml_2,将身儿坐至在草堂等候，,9996289.3548912462,0.0
daeh-TanHongYan-HuoXiaoYu.xml_4,枕边泪（呀）共（那）阶前雨，,10003635.939547673,0.0
daeh-ZiNaRi-ZhuangYuanMei-2.xml_5,不知道他与我是否一般。,10011288.473823754,0.1
sdeh-WenSanNiang-SanNiangJiaoZi.xml_5,实指望教训他终身有靠，,10095654.40223664,0.0
daeh-ZaoBuXing-HeHouMaDian.xml_0,遭不幸老王爷晏了御驾，,10167064.031079276,0.0
daeh-ZaoBuXing-HeHouMaDian.xml_9,只骂得贼昏王扭转身驱、闭目合晴、羞羞惭惭一语不发，,10180693.914284024,0.0
daxp-XiRiLi-LongFengChengXiang.xml_4,月老本是乔国丈，,10197637.733347628,0.0
sdxp-SuLongWei-WuJiaPo.xml_43,落得个孝子的名儿在那天下传。,10204968.912733827,0.2
daxp-MengJunZi-ChunQiuPei-1.xml_0,蒙君子至殷勤再三问话，,10223835.340668611,0.0
daeh-NuZiYou-TouJunBieYao.xml_1,为薛郎我父女断绝情长。,10232738.021035075,0.1
daeh-ZaoBuXing-HeHouMaDian.xml_4,贼好比王莽贼称孤道寡，,10254148.563702609,0.1
daxp-GuanShiYin-TianNvSanHua.xml_3,白鹦鹉与仙鸟在灵岩神岘上下飞翔；,10276339.906883685,0.0
daxp-TingTaYan-ZuoGong.xml_3,他思家乡想骨肉就不能团圆。,10288090.785980515,0.0
daeh-WangChunE-SanNiangJiaoZi.xml_5,每日里在书房苦读圣贤。,10308122.554042678,0.0
daxp-NiDeFu-FenHeWan.xml_1,全仗你打雁养娘亲，,10309060.880021958,0.0
daeh-ZaoBuXing-HeHouMaDian.xml_7,贼好比那司马师搅乱中华。,10363216.152902266,0.1
daxp-LaoDieDie-SanJiZhang-1.xml_3,贫穷人得了志比富还强。,10385751.822328186,0.0
daeh-LiYanFei-ErJinGong.xml_3,想必是徐杨将进了昭阳。,10397514.548386609,0.0
daeh-ZuoChunGui-XiShi.xml_1,无限的闲愁恨尽上眉尖。,10405131.522285527,0.0
daeh-LiYanFei-DaBaoGuo.xml_7,宣太师上金殿披红插花。,10407126.663797576,0.1
daeh-LiYanFei-DaBaoGuo.xml_1,文站东武列西朝贺哀家。,10418663.699713713,0.0
daxp-DiTouLi-NvQiJie.xml_6,就说苏三把命断，,10444880.460909203,0.0
daxp-JiaoZhangSheng-HongNiang.xml_3,这件事倒叫我心乱如麻。,10458921.836392649,0.1
daeh-ZaoBuXing-HeHouMaDian.xml_13,你叔王不让位再去骂他。,10467596.723896991,0.0
daxp-GuanShiYin-TianNvSanHua.xml_6,满眼中清妙景灵光万丈，,10475902.542295504,0.0
daxp-QiaoLouShang-HuangShanLei.xml_12,数更等交五鼓空房愈冷，,10481726.175368432,0.0
daeh-ZiNaRi-ZhuangYuanMei-2.xml_14,愿天下有情人都成姻眷，,10490569.492633026,0.1
daxp-WoZhuYe-SiLangTanMu.xml_5,阅兵书看何人前来何安。,10504361.846418424,0.0
daxp-ChenSanLiang-ChenSanLiangPaTang.xml_5,最可恨鸨儿叫我接客人。,10592884.497065751,0.1
daxp-LaoDieDie-SanJiZhang-2.xml_0,老爹爹请息怒容儿细讲，,10630771.707996964,0.0
daeh-ZaoBuXing-HeHouMaDian.xml_10,只骂得贼昏王无言对答。,10657084.591017732,0.0
daxp-JiaoZhangSheng-HongNiang.xml_2,放大胆忍气吞声休害怕，,10663946.48986212,0.0
daeh-ZuoChunGui-XiShi.xml_3,夜不眠朝慵起又向谁言。,10699685.012043752,0.0
daxp-XiRiLi-LongFengChengXiang.xml_3,安排虎计害刘王。,10765514.368551351,0.0
daxp-TingTaYan-ZuoGong.xml_1,十五载到今日才吐真言。,10815451.001742113,0.1
sdxp-WoHeNi-SiLangTanMu.xml_23,咱与你隔南北千里姻缘。,10834363.120941604,0.0
daxp-ChunQiuTing-SuoLinNang.xml_1,何处悲声破寂寥。,10836103.5829018,0.0
daeh-SunShangXiang-BieHuangGong.xml_4,与周郎定巧计把皇叔来骗，,10851850.028344335,0.0
daxp-ErDeFu-HongNiGuan.xml_0,儿的父为国家阵前命丧，,10859450.580063278,0.0
daxp-NiDeFu-FenHeWan.xml_3,不等到日落及早回程。,10898764.173643615,0.1
daxp-XiRiLi-LongFengChengXiang.xml_5,纵有大事料无妨。,10911958.226783548,0.0
daspd-HaiDaoBing-GuiFeiZuiJiu.xml_6,奴似嫦娥离月宫。,10995321.223455124,0.1
daeh-SunShangXiang-BieHuangGong.xml_9,叹一声不由人珠泪涟涟。,11050073.985298654,0.0
sdxp-SuLongWei-WuJiaPo.xml_38,西凉的鞑子将你斩，,11105026.985800002,0.0
daspd-DuShouKong-WangJiangTing.xml_0,独守空帏暗长叹，,11114206.055138374,0.0
daeh-ZaoBuXing-HeHouMaDian.xml_6,贼好比秦赵高指鹿为马，,11125491.733267084,0.1
daxp-QiaoLouShang-HuangShanLei.xml_2,对孤灯思远道心神不定，,11125756.251926724,0.0
daeh-CanQiQi-WuLongZuo.xml_2,千金休哪曾受磨房景况，,11151846.079254301,0.0
daeh-ZiNaRi-ErJinGong.xml_6,徐小姐把守在宫门口，,11153649.304630933,0.0
daxp-ChunQiuTing-SuoLinNang.xml_8,亦有饥寒悲怀抱，,11190511.349730801,0.0
daxp-QiaoLouShang-HuangShanLei.xml_9,看娇儿正酣睡恐被风侵。,11194009.500857849,0.0
daeh-ZuoChunGui-XiShi.xml_0,坐春闺只觉得光明似箭，,11249108.624364575,0.1
sdxp-SuLongWei-WuJiaPo.xml_34,将你带到官衙内，,11258727.043251986,0.0
daxp-DangRiLi-SuoLinNang.xml_7,哪有这短花帘，旧花幔，参差流苏，残破不全。,11283392.345277315,0.1
daeh-CanQiQi-WuLongZuo.xml_3,担几肩头晕转体若筛糠。,11298343.493036568,0.0
daeh-ZuoChunGui-XiShi.xml_2,奴这里心中痛玉颜清减，,11342191.187490715,0.0
dldeh-ShouBiPo-ChunQiuPei.xml_2,病恹恹身无力难以挣扎。,11406137.461476248,0.0
daeh-ZiNaRi-ZhuangYuanMei-1.xml_1,行不安坐不宁情态缠绵。,11455409.056979276,0.0
daxp-QiaoLouShang-HuangShanLei.xml_0,谯楼上二更鼓声声送听，,11499564.04333958,0.0
daeh-NaRiFeng-YuanXiaoMi.xml_4,母女隔断三千里，,11552861.582166925,0.0
danbz-KanDaWang-BaWangBieJi.xml_2,轻移步走向前荒郊站定，,11576071.339051478,0.0
daeh-NaRiFeng-YuanXiaoMi.xml_5,那厢流泪这厢啼。,11580919.664647223,0.0
daxp-ChunQiuTing-SuoLinNang.xml_24,分我一枝珊瑚宝，,11595065.885645431,0.1
daxp-ChunQiuTing-SuoLinNang.xml_22,我在不足他正少，,11595065.885645431,0.1
daeh-LiYanFei-DaBaoGuo.xml_0,李艳妃设早朝龙书案下，,11601762.336836196,0.0
daeh-NaRiFeng-YuanXiaoMi.xml_7,不如早死命归西。,11657061.093129018,0.0
daxp-JiaoZhangSheng-HongNiang.xml_1,我步步行来你步步爬。,11672533.230298268,0.1
sdxp-WoHeNi-SiLangTanMu.xml_25,有什么心腹事你只管明言。,11673190.466779234,0.0
daxp-LaoDieDie-DaYuShaJia-1.xml_3,等候了爹爹回细问根由。,11690431.307026215,0.0
daxp-LaoDieDie-DaYuShaJia-2.xml_2,将身儿坐至在草堂等候，,11693732.243451023,0.0
daeh-WangChunE-SanNiangJiaoZi.xml_0,王春娥坐草堂自思自叹，,11702445.182901518,0.0
daxp-LaoDieDie-SanJiZhang-1.xml_0,老爹爹请息（呀）怒容儿细讲，,11713105.649318941,0.0
daeh-ZaoBuXing-HeHouMaDian.xml_8,只骂得贼昏王装聋作哑，,11726790.24463794,0.0
daeh-XiaoNuCai-SanNiangJiaoZi.xml_2,哭一声亡故夫在阴曹等我，,11736732.204819905,0.1
daeh-ZiNaRi-ZhuangYuanMei-1.xml_14,愿天下有情人都成姻眷，,11757399.04051502,0.1
daeh-ZiNaRi-ErJinGong.xml_0,自那日与徐杨决裂以后，,11765807.672975732,0.0
dldeh-ShouBiPo-ChunQiuPei.xml_7,全（呐）不顾你身有病气力不佳。,11824202.083282676,0.0
daxp-DuiLingHua-BiYuZan.xml_1,听她言不由人喜上眉尖。,11843312.115578365,0.0
daxp-MengJunZi-ChunQiuPei-1.xml_3,我的父名姜绍贸易天涯。,11855987.759406157,0.2
dldeh-ShouBiPo-ChunQiuPei.xml_4,想亲娘和老父心乱如麻。,11866259.100973612,0.0
daxp-ChunQiuTing-SuoLinNang.xml_16,叫梅香你把那好言相告，,11874983.617139151,0.1
dldeh-ShouBiPo-ChunQiuPei.xml_1,受逼迫去捡柴泪如雨下，,12001232.767125433,0.0
sdeh-WenSanNiang-SanNiangJiaoZi.xml_3,老薛保你不必苦哀告，,12007982.729307389,0.0
daxp-MengJunZi-ChunQiuPei-1.xml_4,在家中受不过继母拷打，,12011230.83883388,0.0
daeh-LiYanFei-ErJinGong.xml_4,有几句话儿我不好言讲，,12028399.056278545,0.2
daxp-DangRiLi-SuoLinNang.xml_6,虽然是古青庐以朴为俭，,12079033.144195532,0.0
daxp-LaoDieDie-DaYuShaJia-2.xml_1,倒叫我桂英儿挂在心头。,12109058.746962635,0.1
daeh-SunShangXiang-BieHuangGong.xml_0,孙尚香坐宫院自思自叹，,12179508.564561432,0.0
daeh-LiYanFei-DaBaoGuo.xml_5,候幼主成了龙原业归家。,12222715.722428914,0.0
daxp-WoZhuYe-SiLangTanMu.xml_4,叫番儿忙摆驾银安殿，,12245710.088101024,0.0
sdxp-SuLongWei-WuJiaPo.xml_42,买绫罗、做衣衫、买白纸、糊白幡、打首饰、做妆奁，,12263160.384093931,0.0
daxp-ZhiJianTa-WangJiangTing.xml_5,隐情不敢实告妻。,12272435.194974421,0.0
daxp-ChunQiuTing-SuoLinNang.xml_3,想必是新婚渡鹊桥，,12282112.708049057,0.0
daxp-ErTingDe-SuoLinNang.xml_4,叫梅香你把那好言相告，,12284756.052884178,0.1
daeh-ZiNaRi-ZhuangYuanMei-1.xml_12,但愿得状元媒月老引线，,12299811.603842085,0.0
daxp-DangRiLi-SuoLinNang.xml_1,霎时间日色淡似坠西山。,12300573.682627304,0.1
daxp-QiaoLouShang-HuangShanLei.xml_5,猛听得窗儿外似有人行。,12304482.65466623,0.1
daxp-ErTingDe-SuoLinNang.xml_20,我正不足她正少，,12351899.030145671,0.1
daxp-ChunQiuTing-SuoLinNang.xml_26,忙把梅香低声儿叫，,12362419.820807023,0.0
daeh-SunShangXiang-BieHuangGong.xml_8,恨只恨我兄长把事错办，,12366043.723758899,0.1
daeh-ZiNaRi-ErJinGong.xml_11,想必是徐杨进了昭阳。,12411854.103424363,0.0
daeh-SunShangXiang-BieHuangGong.xml_5,又谁知弄假成真反配凤鸾。,12419548.683146844,0.0
daxp-LaoDieDie-SanJiZhang-2.xml_3,这样人得了志比父还强。,12472309.18475154,0.0
daxp-DangRiLi-SuoLinNang.xml_15,囊虽小却能做续命泉源。,12493233.455335995,0.0
daeh-ZiNaRi-ZhuangYuanMei-2.xml_0,自那日与六郎阵前相见，,12563765.058541598,0.0
daxp-ErTingDe-SuoLinNang.xml_19,谁能移动它半分毫。,12583599.40939544,0.0
daxp-WoDeNiang-XinAnYi.xml_3,却原来母亲到儿未知情。,12588309.207094301,0.0
daxp-ZhiJianTa-WangJiangTing.xml_6,低下头心生计，,12588920.377469698,0.0
daxp-ChunQiuTing-SuoLinNang.xml_5,为何鲛珠化泪抛？,12603854.555794179,0.0
daxp-ChunQiuTing-SuoLinNang.xml_9,也有失意痛哭嚎啕，,12627701.510311786,0.0
daxp-DangRiLi-SuoLinNang.xml_13,怎奈我在轿中赤手空拳。,12703021.230364095,0.1
daxp-FeiShiWo-TaoHuaCun.xml_2,今夜晚非比那西厢待月、你懂提防、莫轻狂，,12723624.772622157,0.0
daeh-ZaoBuXing-HeHouMaDian.xml_1,贼昏王篡了位谋乱邦家。,12753918.987590946,0.0
daxp-LaoDieDie-DaYuShaJia-1.xml_1,到叫我桂英儿挂在心头；,12754501.272777302,0.1
daxp-ErTingDe-SuoLinNang.xml_24,忙把梅香低声叫，,12878795.064885639,0.0
daxp-ChunQiuTing-SuoLinNang.xml_21,谁能移动他半分毫。,12941548.482373105,0.0
daeh-NaRiFeng-YuanXiaoMi.xml_3,我与母亲两分离。,12968815.991620237,0.1
daeh-ZiNaRi-ZhuangYuanMei-2.xml_12,但愿得状元媒月老引线，,12991417.870903766,0.0
daxp-XiShiNv-XiShi.xml_5,对清溪时照影自整罗农。,13073662.65210239,0.0
daxp-FeiShiWo-TaoHuaCun.xml_7,桃花村口莫彷徨。,13154603.996435866,0.1
daxp-DangRiLi-SuoLinNang.xml_11,为什么悲切切哭得可怜。,13171823.937571654,0.0
daxp-JiaoZhangSheng-HongNiang.xml_5,听号令且莫要惊动了她。,13173755.32731778,0.0
daeh-ZaoBuXing-HeHouMaDian.xml_5,贼好比曹阿瞒半点不差，,13247997.912730157,0.1
daeh-WuDuanQiao-BiYuZan.xml_4,今生若被郎轻贱，,13287296.416766502,0.0
daeh-XiaoNuCai-SanNiangJiaoZi.xml_5,叹一声不由人珠泪如梭。,13313351.614173541,0.0
daeh-ZiNaRi-ZhuangYuanMei-2.xml_15,愿邦家从此后国泰民安。,13343966.394267261,0.0
daspd-HaiDaoBing-GuiFeiZuiJiu.xml_5,恰便似嫦娥离月宫，,13348651.861422569,0.1
daeh-ZaoBuXing-HeHouMaDian.xml_12,搬一把金交椅娘且坐下，,13377630.222524634,0.0
daeh-ZiNaRi-ZhuangYuanMei-2.xml_9,宋天子主婚姻此事成全。,13387218.980533578,0.1
sdeh-WenSanNiang-SanNiangJiaoZi.xml_6,又谁知平白的闪跌一跤。,13411632.788675779,0.0
daxp-ZheCaiShi-SuoLinNang.xml_3,残生一线付惊涛。,13475277.806892648,0.0
daeh-ZaoBuXing-HeHouMaDian.xml_2,把一个皇太子逼死殿下，,13521512.985573379,0.0
daeh-ZiNaRi-ZhuangYuanMei-2.xml_11,但愿得杨六郎心如石坚。,13590841.173352573,0.0
daxp-QiaoLouShang-HuangShanLei.xml_8,听画鼓报四更愈添凄冷，,13593381.472365122,0.0
daxp-ErDeFu-HongNiGuan.xml_4,清早起我和他一度商量，,13622951.873091107,0.1
daxp-DangRiLi-SuoLinNang.xml_5,隔帘儿我也曾侧目偷观。,13652650.106184198,0.1
daxp-DangRiLi-SuoLinNang.xml_3,耳听得风声断，雨声喧，雷声乱，乐声阑珊，人声呐喊，都道说是大雨倾天。,13698000.224190228,0.1
daxp-FeiShiWo-TaoHuaCun.xml_0,非是我嘱咐叮咛把话讲，,13735114.079148671,0.1
daxp-ErDeFu-HongNiGuan.xml_1,撇下了奴一人好不悲凉。,13738113.315964049,0.1
daeh-TanHongYan-HuoXiaoYu.xml_3,啼花泣月在暗里（呀）添愁。,13763265.431778867,0.1
daxp-MengJunZi-ChunQiuPei-1.xml_1,虽然是男女别不得不答。,13784619.996859087,0.0
daeh-XiaoNuCai-SanNiangJiaoZi.xml_3,等候了你妻子同见阎罗。,13867267.693352824,0.0
daxp-ChunQiuTing-SuoLinNang.xml_28,这都是神话凭空造，,13924771.194583578,0.0
sdxp-WoHeNi-SiLangTanMu.xml_32,适才叫咱盟誓愿，,13941171.471108738,0.0
daxp-LaoDieDie-DaYuShaJia-2.xml_3,等候了爹爹回细问根由。,14235165.784137117,0.0
daeh-ZaoBuXing-HeHouMaDian.xml_3,反倒说为嫂我拦阻有差，,14278081.032744829,0.1
daxp-MengTingDe-MuiGuiYingGuaShuai.xml_3,敌血飞溅石榴裙。,14351446.794706991,0.0
daspd-HaiDaoBing-GuiFeiZuiJiu.xml_1,见玉兔（哇）玉兔又早东升。,14372441.053908894,0.0
daxp-DangRiLi-SuoLinNang.xml_0,当日里好风光忽觉转变，,14402412.85190122,0.1
daxp-SuSanLi-NvQiJie.xml_4,哪一位去往南京转，,14496276.895899432,0.0
daxp-WoZhuYe-SiLangTanMu.xml_0,我主爷金沙滩早把命丧，,14531287.847832231,0.1
daeh-NaRiFeng-YuanXiaoMi.xml_1,死里逃生甚惨凄。,14566145.978231328,0.0
daeh-TanHongYan-HuoXiaoYu.xml_1,美满姻缘付东流。,14664364.976513274,0.0
sdxp-WoHeNi-SiLangTanMu.xml_24,因何故终日里愁眉不展，,14732972.077873062,0.0
daxp-MengJunZi-ChunQiuPei-2.xml_4,身有病还受那继母拷打，,15000271.645953201,0.0
daeh-ZiNaRi-ZhuangYuanMei-1.xml_0,自那日与六郎姻缘相见，,15096963.758761568,0.0
sdxp-SuLongWei-WuJiaPo.xml_41,与你娘做一个安家钱。,15136391.516465887,0.0
daxp-ZhiJianTa-WangJiangTing.xml_8,出二堂深施礼，,15259037.510559497,0.0
daxp-MengJunZi-ChunQiuPei-2.xml_2,家住在罗郡城魁星楼下，,15337271.710113792,0.0
daxp-LaoDieDie-YuZhouFeng.xml_1,明早朝上金殿面奏吾皇。,15358550.536476623,0.0
daxp-XiRiLiang-LongFengChengXiang.xml_3,安排巧计害刘王。,15502575.628926614,0.0
sdxp-SuLongWei-WuJiaPo.xml_30,本利算来有多少，,15596611.689073453,0.0
daeh-ZiNaRi-ZhuangYuanMei-1.xml_10,但愿得令公令婆别无异见，,15749862.204755623,0.0
daxp-TingTaYan-ZuoGong.xml_4,我这里走向前再把礼见，,15759519.269485751,0.1
daxp-XiShiNv-XiShi.xml_3,每日里浣纱去又傍清溪。,16041702.29017389,0.0
daxp-NiDeFu-FenHeWan.xml_0,你的父去投军无音信，,16294694.669760479,0.0
daeh-ZiNaRi-ErJinGong.xml_12,有一句话儿不好言讲，,16306331.215267401,0.1
daeh-ZiNaRi-ZhuangYuanMei-2.xml_10,但愿得令公令婆别无意见，,16310471.929652099,0.0
daxp-ErDeFu-HongNiGuan.xml_3,倒不如与伯党匹配鸾凰。,16410314.426831389,0.0
daspd-HaiDaoBing-GuiFeiZuiJiu.xml_2,那冰轮离海岛，,16523208.205053329,0.0
sdxp-WoHeNi-SiLangTanMu.xml_22,讲什么夫妻情恩德不浅，,16564091.531821009,0.0
daxp-ChenSanLiang-ChenSanLiangPaTang.xml_1,公正的老爷细听分明。,16680472.591443872,0.0
daxp-ErTingDe-SuoLinNang.xml_15,薛良与我去问一遭。,16699305.938756445,0.1
daxp-ErTingDe-SuoLinNang.xml_26,这都是神话凭空造，,16930342.971439511,0.0
dldeh-ShouBiPo-ChunQiuPei.xml_6,你继母心毒狠将你打骂，,17074396.533367153,0.0
daxp-ErTingDe-SuoLinNang.xml_18,人情冷暖凭空造，,17222476.39062665,0.0
daspd-DuShouKong-WangJiangTing.xml_1,芳心寂寞有谁怜，,17233819.81115574,0.0
daxp-JiaoZhangSheng-HongNiang.xml_0,叫张生隐藏在棋盘之下，,17287715.659236733,0.0
daxp-XiShiNv-XiShi.xml_2,只为着守清寒柴门近水，,17311697.615198206,0.0
daxp-XiRiLiang-LongFengChengXiang.xml_0,昔日梁鸿配孟光，,17354608.461924236,0.0
daxp-MengJunZi-ChunQiuPei-2.xml_0,蒙君子至诚心再三问话，,17566247.974871635,0.0
daxp-WoZhuYe-SiLangTanMu.xml_1,众文武扶哀家执掌军房。,17609048.307100069,0.0
daeh-ZiNaRi-ErJinGong.xml_4,他那里父女情全然无有，,17619327.391836807,0.0
daeh-ZiNaRi-ZhuangYuanMei-2.xml_6,百姓们闺房乐如花美眷，,17696208.807957083,0.1
daxp-XiRiLi-LongFengChengXiang.xml_0,昔日里梁鸿配孟光，,17732596.744838499,0.0
daspd-DuShouKong-WangJiangTing.xml_2,孀居愁苦泪洗面，,17788318.552731324,0.0
daxp-WoHeNi-SangYuanHui.xml_0,我和你有什么夫妻的情，,17885552.82945402,0.1
daxp-XiShiNv-XiShi.xml_0,西施女生长在苎萝村里，,18016710.381545134,0.0
daxp-ChunQiuTing-SuoLinNang.xml_20,人情冷暖凭天造，,18124423.389215354,0.1
daeh-ZiNaRi-ZhuangYuanMei-2.xml_1,行不安坐不宁情态缠绵。,18159497.358098395,0.0
daxp-QiaoLouShang-HuangShanLei.xml_1,父子们去采药未见回程。,18211806.652290218,0.0
daeh-ZiNaRi-ErJinGong.xml_2,先王爷晏驾后太子年幼，,18391570.877311867,0.0
daxp-ErTingDe-SuoLinNang.xml_0,耳听得悲声惨心中如捣，,18459775.212254241,0.0
daxp-LaoDieDie-YuZhouFeng.xml_3,观此本免了儿一门祸殃。,18526970.212739252,0.0
daxp-MengJunZi-ChunQiuPei-1.xml_2,家住在罗郡城魁星楼下，,18566988.34821729,0.0
daxp-LaoDieDie-SanJiZhang-2.xml_1,儿命苦怎配着状元才郎？,18581771.102104794,0.0
daxp-QiaoLouShang-HuangShanLei.xml_3,不知他在荒山何处安身。,18728389.346198104,0.0
daxp-ZhiJianTa-WangJiangTing.xml_1,长吁短叹语声低。,18836605.992893148,0.0
daxp-MengJunZi-ChunQiuPei-2.xml_5,因此上到郊外来捡芦花（呀）。,18875619.086800847,0.1
daxp-ChenSanLiang-ChenSanLiangPaTang.xml_3,发奋自强日夜读诗文。,19144828.466346327,0.0
daxp-ChunQiuTing-SuoLinNang.xml_12,耳听得悲声惨心中如捣，,19155007.609929878,0.0
daxp-ZheCaiShi-SuoLinNang.xml_0,这才是人生难预料，,19307635.448172502,0.0
daxp-ErDeFu-HongNiGuan.xml_2,奴这里只把那结婚思量，,19338957.856120851,0.0
daxp-WoZhuYe-SiLangTanMu.xml_3,一心心要夺取宋室江山。,19419441.842647694,0.0
daxp-ZhiJianTa-WangJiangTing.xml_0,只见他一封书信握手里，,19420513.065125052,0.0
daxp-ChenSanLiang-ChenSanLiangPaTang.xml_4,诗书易礼都学会，,19437267.472829096,0.0
daeh-ZiNaRi-ZhuangYuanMei-1.xml_6,百姓们闺房乐如花美眷，,19444023.577323832,0.1
daxp-MuQinBu-FengHuanChao.xml_4,人生不知顾脸面，,19516539.403710254,0.0
daxp-ErTingDe-SuoLinNang.xml_28,麟儿哪有神送到，,19667836.626040384,0.0
sdxp-DangNianHan-SanJiZhang.xml_20,爹爹为何你要退婚？,19868233.518532664,0.0
daxp-QiaoLouShang-HuangShanLei.xml_6,忙移步隔花荫留神听定，,19975884.347354598,0.1
daxp-ChunQiuTing-SuoLinNang.xml_6,此时却又明白了，,20030832.461530894,0.0
daxp-ErTingDe-SuoLinNang.xml_22,分我一枝珊瑚宝，,20031414.798056845,0.1
sdxp-DangNianHan-SanJiZhang.xml_13,商鞅不中苏季子，,20031414.798056845,0.0
daxp-WoDeNiang-XinAnYi.xml_0,我的娘她忘了女生外姓，,20121430.384586673,0.1
sdxp-SuLongWei-WuJiaPo.xml_25,苏龙魏虎是内亲。,20327046.075546358,0.0
sdxp-SuLongWei-WuJiaPo.xml_24,提起了旁人我不晓，,20695067.07554042,0.1
daeh-ZiNaRi-ZhuangYuanMei-2.xml_8,幸喜得珍珠衫称心如愿，,20724243.951446589,0.0
daxp-ErTingDe-SuoLinNang.xml_16,听薛良一语来相告，,20757045.282339882,0.0
daxp-ChunQiuTing-SuoLinNang.xml_15,莫不是强婚配鸦占鸾巢？,20776116.487704013,0.0
daxp-GuanShiYin-TianNvSanHua.xml_7,催祥云驾瑞彩速赴佛场。,20881665.959122624,0.0
daxp-DangRiLi-SuoLinNang.xml_16,有金珠和珍宝光华灿烂，,20923862.226047687,0.0
danbz-BeiJiuChan-ChunGuiMeng.xml_1,算当初曾经得几晌温存。,20927716.923807018,0.0
sdxp-SuLongWei-WuJiaPo.xml_28,我父在朝为官宦，,21016442.6309526,0.1
daxp-ErTingDe-SuoLinNang.xml_3,莫不是强婚配鸦占鸾巢。,21017336.256413203,0.0
daxp-WoDeNiang-XinAnYi.xml_2,这几日身不爽心中烦闷，,21181805.913446411,0.0
sdxp-DangNianHan-SanJiZhang.xml_19,非是女儿言不逊，,21224367.458846278,0.0
sdxp-WoHeNi-SiLangTanMu.xml_26,你那里休得要巧言舌辨，,21262682.607489027,0.0
daxp-ChunQiuTing-SuoLinNang.xml_18,听薛良一语来相告，,21470354.878060929,0.0
daxp-MengTingDe-MuiGuiYingGuaShuai.xml_0,猛听得金鼓响画角声震，,21601947.865665041,0.0
daxp-WoDeNiang-XinAnYi.xml_1,奴年交十九岁还守闺门。,21612024.11465672,0.1
daxp-ErTingDe-SuoLinNang.xml_14,休要噪且站了，,21684604.747517336,0.0
daxp-LaoDieDie-SanJiZhang-1.xml_1,我立志不嫁那状元才郎。,21884118.91901049,0.1
daxp-ChunQiuTing-SuoLinNang.xml_30,麟儿那有神送到，,22416892.261314638,0.0
sdxp-DangNianHan-SanJiZhang.xml_9,当年韩信与苏秦，,22699178.386813123,0.0
daxp-ChunQiuTing-SuoLinNang.xml_0,春秋亭外风雨暴，,22869955.303875681,0.0
daxp-DiTouLi-NvQiJie.xml_0,低头离了洪洞县，,23064565.682800844,0.0
daxp-MengTingDe-MuiGuiYingGuaShuai.xml_6,番王小丑何足论，,23196165.026075523,0.0
daeh-ZiNaRi-ZhuangYuanMei-1.xml_8,幸喜得珍珠衫称心如愿，,23234705.202837553,0.0
daxp-TingTaYan-ZuoGong.xml_0,听他言吓得我浑身是汗，,23772221.361294866,0.1
sdxp-DangNianHan-SanJiZhang.xml_15,未央宫斩的是韩信，,23850006.475529648,0.0
daxp-MengJunZi-ChunQiuPei-2.xml_1,虽然是不相识我就不得不答。,23899660.82915001,0.1
daxp-GuanShiYin-TianNvSanHua.xml_0,观世音满月面珠开妙相，,24339479.460981317,0.0
sdxp-SuLongWei-WuJiaPo.xml_26,你我同把相府进，,24493832.649699006,0.1
daxp-TingTaYan-ZuoGong.xml_5,尊一声驸马爷细听咱言。,24813502.166685566,0.0
daxp-ErTingDe-SuoLinNang.xml_8,怜贫济困是正道，,25565128.16378713,0.0
daxp-LaoDieDie-SanJiZhang-2.xml_2,父道那薛平贵是那化郎模样，,25592950.22923908,0.0
sdxp-SuLongWei-WuJiaPo.xml_40,这锭银子奴不要，,26382458.231541805,0.0
sdxp-SuLongWei-WuJiaPo.xml_32,我进相府对父言，,26382458.231541805,0.1
sdxp-WoHeNi-SiLangTanMu.xml_30,宋营离此路途远，,27453559.940850895,0.0
daxp-ErDeFu-HongNiGuan.xml_6,奴本当把关印付他执掌，,27665321.055816755,0.0
daxp-SuSanLi-NvQiJie.xml_0,苏三离了洪洞县，,27757348.829925533,0.0
sdxp-DangNianHan-SanJiZhang.xml_17,仙女配的是董永，,27757348.829925533,0.0
sdxp-SuLongWei-WuJiaPo.xml_36,军爷说话理不端，,27864014.339460108,0.0
daxp-QiaoLouShang-HuangShanLei.xml_10,我不免引寒机伴奴坐等，,28044213.901348989,0.1
daxp-XiRiLi-LongFengChengXiang.xml_1,今朝仙女会襄王。,28133747.51273711,0.0
daxp-XiRiLiang-LongFengChengXiang.xml_1,今朝仙女会襄王。,31442693.570137169,0.0
lsxp-WeiCengKai-QiYuanBao.xml_5,贩卖绸缎转还乡。,472041124.76433259,0.0
lsxp-JiangShenEr-SanJiaDian.xml_11,儿行千里母担忧。,478988932.38628745,0.0
lsxp-WeiCengKai-QiYuanBao.xml_7,借宿一宵起祸殃。,490892174.49832636,0.0
lsxp-ZheYiFeng-DingJunShan.xml_6,向前各各有赏犒，,503514915.67016411,0.0
lsxp-ShenGongWu-LongFengChengXiang.xml_1,年老得配女娇娃。,507466090.34667093,0.0
lsxp-WeiCengKai-QiYuanBao.xml_3,姓刘名安字世昌。,528778047.79490203,0.0
lsxp-CiShiJian-HuaiHeYing-1.xml_5,右手再把栾布拉。,574205200.48188424,0.0
sdxp-WoHeNi-SiLangTanMu.xml_4,誓不忘贤公主恩重如山。,580411910.53427088,0.0
sdxp-DangNianHan-SanJiZhang.xml_7,要退、要退、偏要退！,653496393.33853829,0.0
sdxp-DangNianHan-SanJiZhang.xml_6,句句话儿伤父心。,694837109.14981806,0.0
sdxp-WoHeNi-SiLangTanMu.xml_8,我的娘押粮草来到北番。,703025225.82663345,0.1
lseh-XuMaoGong-QinQiongFaPei.xml_3,缘何不救我出笼牢。,725134143.27697039,0.1
lseh-YiLunMing-ZhuoFangCao-1.xml_21,贼好比猛虎未（呀）曾长牙，,728387322.00420964,0.1
sdxp-WoHeNi-SiLangTanMu.xml_6,有一桩心腹事不敢明言。,740151480.64771295,0.0
lseh-NiangZiBu-SouGuJiuGu.xml_12,无奈何我只得双（呃）膝跪，,743433481.98370504,0.1
lsxp-CiShiJian-HuaiHeYing-1.xml_0,此时间不可闹笑话，,780674884.47126424,0.0
lsxp-ZheYiFeng-DingJunShan.xml_7,退后的项上吃一刀。,785991196.84594822,0.0
sdxp-SuLongWei-WuJiaPo.xml_16,送与大嫂把家安。,792969567.9475224,0.0
lsxp-YiShiWu-YuCangJian.xml_5,信用无极狗奸谗。,793026811.7425462,0.0
lsxp-HenPingWang-WenZhaoGuan.xml_1,父纳子（呃）妻礼难容，,800797753.49466336,0.0
lseh-XiRiLi-BaoLianDeng.xml_11,留得美名万古存，,805388451.90153444,0.0
lsxp-ZheYiFeng-DingJunShan.xml_0,这一封（呃）书信来得巧，,839818541.75654614,0.0
sdxp-WoHeNi-SiLangTanMu.xml_18,将身跪在地平川。,868307288.26043534,0.0
lseh-YiLunMing-WenZhaoGuan-1.xml_21,为何几日他不言。,893525060.27091181,0.0
lsxp-DaHeYi-SiLangTanMu.xml_19,本帅帐中用目睁，,897218699.92562711,0.0
lsxp-DaHeYi-SiLangTanMu.xml_2,杨家将令鬼神惊。,917801836.61194658,0.0
lsxp-ZouYingLong-DaYanSong.xml_8,上面坐的是有道君，,923685234.35005176,0.0
sdxp-WoHeNi-SiLangTanMu.xml_20,黄沙盖脸尸骨不全。,951891064.39871836,0.0
lsxp-ZheYiFeng-DingJunShan.xml_1,天助黄忠成功劳。,959337499.06241548,0.1
lsxp-CiShiJian-HuaiHeYing-1.xml_2,在长安是你夸大话，,963644355.86934781,0.0
lsxp-JianMaSu-ZhanMaSu.xml_0,见马谡（唩）跪帐下，,971196967.0183059,0.0
lseh-XinZhongYou-WenZhaoGuan.xml_5,为何几日他不言，,993043969.92063558,0.0
lseh-YiLunMing-ZhuoFangCao-2.xml_5,杀猪沽酒款待与他。,998290924.24271488,0.0
lsxp-DaHeYi-SiLangTanMu.xml_5,弟兄们分别十五春，,1040667062.090493,0.1
lsxp-CiShiJian-HuaiHeYing-2.xml_2,在长安是你夸大话，,1043436857.0163584,0.0
sdxp-SuLongWei-WuJiaPo.xml_15,这锭银、三两三，,1052740825.7294747,0.0
sdxp-SuLongWei-WuJiaPo.xml_20,为何来在大道边。,1057517694.7277005,0.0
sdxp-SuLongWei-WuJiaPo.xml_21,为军起下不良的意呀，,1068717638.7288505,0.0
lseh-XuMaoGong-QinQiongFaPei.xml_1,文韬武略智谋高。,1076410256.9566443,0.0
lsxp-DaHeYi-SiLangTanMu.xml_20,见一番汉帐中行。,1079037698.5736268,0.0
lsxp-ZouYingLong-DaYanSong.xml_5,他言道严嵩老贼害他的举家一满门。,1082904337.1323814,0.0
lseh-YiLunMing-ZhuoFangCao-1.xml_5,杀猪（喏）沽（哇）酒款待于他，,1092905637.5338154,0.0
lsxp-QingGongYan-FaDongWu.xml_0,庆功宴上把酒饮，,1097304363.9227843,0.0
lsxp-YiShiWu-YuCangJian.xml_4,恨平王无道纲常乱，,1097833201.9289615,0.0
lsxp-WoZhuYe-ZhuiHanXin.xml_0,我主爷起义在芒砀，,1102081364.9828525,0.1
lsxp-ZouYingLong-DaYanSong.xml_10,他本是我朝中上欺天子下压臣谋朝篡位卖国的奸贼他名叫严嵩，,1107987340.7612607,0.2
lseh-YiLunMing-WenZhaoGuan-1.xml_30,朝臣待漏（哇）五更寒，,1108568206.5504858,0.0
lsxp-ZiCongQian-ZhuLianZhai.xml_3,为千岁懒观五凤楼。,1120460357.7046793,0.0
lseh-NiangZiBu-SouGuJiuGu.xml_9,来年必定降麒麟。,1154712387.6504357,0.0
sdxp-WoHeNi-SiLangTanMu.xml_3,杨廷辉有一日愁眉得展，,1155130031.4797082,0.0
lseh-NiangZiBu-SouGuJiuGu.xml_13,哀求娘子（喏）舍亲（呐）生。,1170698758.2089179,0.0
lsxp-JianMaSu-ZhanMaSu.xml_2,大胆不听我的话，,1173800393.4284408,0.1
lsxp-JianMaSu-ZhanMaSu.xml_1,不由老夫咬钢牙，,1175285484.1589811,0.0
lsxp-CiShiJian-HuaiHeYing-1.xml_4,左手拉住了李左车，,1184047830.6730573,0.0
lsxp-CiShiJian-HuaiHeYing-2.xml_0,此时间不可闹笑话，,1186406442.8353438,0.0
lseh-XinZhongYou-WenZhaoGuan.xml_14,朝臣待漏五更寒。,1188981989.7264991,0.0
lsxp-WoBenShi-KongChengJi-1.xml_9,我面前缺少个知呃音的人。,1190543798.6993499,0.1
lsxp-ZiGuDao-HuangHeLou.xml_0,自古道吉人有天相，,1198669361.6257527,0.1
lsxp-ZouYingLong-DaYanSong.xml_1,在朝房来了我这保国忠。,1209646751.3106804,0.1
lsxp-JiangShenEr-SanJiaDian.xml_6,舍不得太爷的恩情厚，,1212336543.3298686,0.0
sdxp-SuLongWei-WuJiaPo.xml_18,我与你露水的夫妻就过几年（呐）。,1214579626.1862211,0.1
lseh-YiLunMing-WenZhaoGuan-1.xml_17,翻来覆去睡不（哇）安。,1240282342.63762,0.0
lsxp-DaHeYi-SiLangTanMu.xml_24,你是番邦什么人？,1241184953.9370439,0.0
lseh-YiLunMing-ZhuoFangCao-1.xml_3,悔不该随他人到吕家，,1242086893.3583083,0.0
lsxp-ZiCongQian-ZhuLianZhai.xml_0,自从千岁离朝后，,1242828879.3441958,0.0
lsxp-JiangShenEr-SanJiaDian.xml_8,实难舍街坊四邻与我的好朋友，,1248853599.2584999,0.2
lsxp-YiShiWu-YuCangJian.xml_1,叹光明一去不回还（呐）；,1251229445.5567348,0.0
lseh-WeiKaiYan-RangXuZhou.xml_5,救生灵（呐）积阴（呐）功也免得我坐卧不宁。,1256369183.0336518,0.1
lseh-YiLunMing-ZhuoFangCao-1.xml_14,悔不该把家属一（呀）旦撇下，,1258884136.0431607,0.0
lseh-YangYanZhao-PengBei.xml_5,又恐怕惊动了年迈之人。,1262967052.1330476,0.0
sdxp-WoHeNi-SiLangTanMu.xml_1,我和你好夫妻恩德不浅，,1265815284.7269213,0.2
lseh-ZenNengGou-BaDaChui.xml_3,倒不如上公安观看古今。,1296657820.2031391,0.0
lseh-XinZhongYou-WenZhaoGuan.xml_9,不能（呃）哎见。,1300216146.9527988,0.0
lseh-JinZhongXiang-ShangTianTai.xml_5,又听得殿角下大放悲声。,1305579674.7562599,0.0
lsxp-DaHeYi-SiLangTanMu.xml_15,六弟下位把兄认，,1308470611.8812125,0.0
lseh-YiLunMing-WenZhaoGuan-1.xml_14,思来想去我的肝肠断，,1310391634.6731598,0.1
lseh-YiLunMing-WenZhaoGuan-1.xml_19,叫人难解巧机关，,1311225175.0486469,0.0
lsxp-JiangShenEr-SanJiaDian.xml_14,眼见得红日坠落在西山后，,1316302606.5560021,0.1
lsxp-HenPingWang-WenZhaoGuan.xml_3,满门的家着血染红。,1323495268.1314962,0.0
lseh-YiLunMing-ZhuoFangCao-1.xml_19,安眠好似并底之蛙，,1334160487.017431,0.2
lsxp-ZouYingLong-DaYanSong.xml_12,罢、罢、罢，暂且忍却我的心头恨，,1342214626.5644464,0.1
lseh-XinZhongYou-WenZhaoGuan.xml_1,翻来复去睡不安。,1342567703.2397869,0.0
lseh-YiLunMing-WenZhaoGuan-1.xml_35,父母的冤仇化尘烟，,1353165516.4078369,0.0
lseh-YiLunMing-ZhuoFangCao-1.xml_7,拔出剑将他的满门杀，,1354073981.0017653,0.0
lseh-YiLunMing-WenZhaoGuan-1.xml_23,你就该把我献与昭关。,1370998267.2276132,0.1
lsxp-DaHeYi-SiLangTanMu.xml_14,失落番邦被贼擒。,1383541440.0283868,0.1
lsxp-DaHeYi-SiLangTanMu.xml_30,自己骨肉认不清。,1386494058.8261001,0.0
lseh-XinZhongYou-WenZhaoGuan.xml_3,叫人难解巧机关。,1391011043.3540103,0.0
lseh-XinZhongYou-WenZhaoGuan.xml_19,父母的冤仇化尘烟，,1393121798.3813784,0.0
sdxp-WoHeNi-SiLangTanMu.xml_11,公主虽然不阻拦，,1402561894.7018421,0.0
lsxp-YiShiWu-YuCangJian.xml_8,实指（喏）望到吴国借兵（呐）转，,1406686462.3899662,0.0
lsxp-WoBenShi-KongChengJi-2.xml_3,算就了汉家的业鼎足（呃）三分。,1407661513.3029332,0.0
lsxp-JiangShenEr-SanJiaDian.xml_7,舍不得衙役们众班头。,1408083239.6244693,0.0
lseh-NiangZiBu-SouGuJiuGu.xml_2,赵屠二家有仇恨，,1415560687.6219852,0.0
lsxp-DaHeYi-SiLangTanMu.xml_3,迈步且把宝帐（呀）进，,1416767796.5202856,0.0
lsxp-YiShiWu-YuCangJian.xml_7,我与奸贼不共戴天！,1421804271.297081,0.2
lseh-YiLunMing-ZhuoFangCao-1.xml_15,悔不该弃县今抛却了乌（哇）纱，,1422088890.9811342,0.0
lsxp-JiangShenEr-SanJiaDian.xml_3,二不是歹人（呐）把城偷。,1436962008.254185,0.0
lseh-YiLunMing-ZhuoFangCao-2.xml_9,年迈老丈命染黄沙。,1445283602.4574835,0.0
lseh-YiLunMing-WenZhaoGuan-1.xml_27,鸡鸣犬吠五更（哪）天，,1446067793.4620125,0.1
sdxp-WoHeNi-SiLangTanMu.xml_13,公主赠我的金鈚箭，,1447223301.478756,0.1
lsxp-YiZhuangZhuang-QunYingHui.xml_1,请先生到江边即刻登舟。,1447615820.3450098,0.0
lsxp-ZuoRiLi-YuanMenZhanZi.xml_0,昨日里斩八将头挂营外，,1450648400.4771743,0.0
lsxp-DaHeYi-SiLangTanMu.xml_1,大喝一声（哪）如雷震，,1452182117.3162625,0.0
lseh-XinZhongYou-WenZhaoGuan.xml_7,你就该把我献与昭关。,1458022454.6994619,0.1
lseh-XinZhongYou-WenZhaoGuan.xml_11,鸡鸣犬吠五更（呃）天，,1458749003.9303234,0.1
lsxp-ZiGuDao-HuangHeLou.xml_4,今日主公把宴上，,1460463561.9272821,0.0
lseh-YiLunMing-ZhuoFangCao-1.xml_16,我只说贼是个宽宏量大，,1475249248.7688103,0.1
sdxp-SuLongWei-WuJiaPo.xml_17,买绫罗与绸缎、打首饰和簪环，,1477270919.080574,0.0
lseh-YiLunMing-ZhuoFangCao-2.xml_3,悔不该随他人到吕家。,1479865439.0435157,0.0
lsxp-JianMaSu-ZhanMaSu.xml_3,失去了街亭差不差。,1490063822.5235877,0.0
sdxp-SuLongWei-WuJiaPo.xml_7,大嫂说话礼不端，,1493304063.6683769,0.0
lsxp-WeiCengKai-QiYuanBao.xml_0,未曾开言泪汪汪，,1495775233.2252555,0.0
lsxp-LiangGuoJiao-ShiJieTing-1.xml_1,各为其主统貔貅，,1501565272.4398079,0.0
lsxp-WoBenShi-KongChengJi-1.xml_3,算就了汉家的业鼎足哇三分。,1514473385.2739825,0.0
lsxp-LiangGuoJiao-ShiJieTing-2.xml_5,靠山近水把管收。,1519369737.5132601,0.0
lsxp-DaHeYi-SiLangTanMu.xml_12,我母佘氏老太君。,1521897073.495523,0.1
lsxp-HenPingWang-WenZhaoGuan.xml_0,恨平王无道乱楚宫（兀），,1523336480.189841,0.0
lsxp-WoZhuYe-ZhuiHanXin.xml_3,两路分（呐）兵定咸阳。,1523992092.3538566,0.0
sdxp-WoHeNi-SiLangTanMu.xml_10,怎奈我身在番难以过关。,1527314782.4099495,0.1
lseh-YiLunMing-ZhuoFangCao-2.xml_7,拔出剑将他的满门杀。,1527333225.1426351,0.0
lseh-YiLunMing-ZhuoFangCao-2.xml_8,一家人倶丧在宝剑之下，,1528203528.3418341,0.0
lsxp-WeiCengKai-QiYuanBao.xml_6,行至在中途把雨降，,1529876191.5113218,0.0
lsxp-ZuoRiLi-YuanMenZhanZi.xml_1,老娘亲为什么不讲情来？,1533473452.7810845,0.0
lseh-XiRiLi-BaoLianDeng.xml_10,首阳山前冻饿死（喏）。,1537730094.9851589,0.0
lsxp-TingTaYan-ZhuoFangCao-1.xml_6,这时候我只得暂且忍耐在心下，,1552132079.5171366,0.1
sdxp-SuLongWei-WuJiaPo.xml_8,为军哪怕到官前。,1562221683.7625787,0.0
lsxp-ZiCongQian-ZhuLianZhai.xml_5,望千岁恕学生礼貌不周。,1567905110.3305185,0.0
lseh-ZiNaRi-HongYangDong.xml_7,去了我左右膀难以飞行。,1570861596.9558403,0.1
lseh-NiangZiBu-SouGuJiuGu.xml_0,娘子不（哇）必太烈性，,1571233641.9256108,0.0
lseh-YiLunMing-WenZhaoGuan-2.xml_14,思来想去我的肝肠断，,1572828794.7226038,0.1
lsxp-WoBenShi-KongChengJi-2.xml_9,我面前却少个知（呃）音的人。,1575603329.0096662,0.1
lseh-YiLunMing-ZhuoFangCao-1.xml_17,汉室后来贼是个惹祸的根芽。,1577923123.4856517,0.0
lsxp-DaHeYi-SiLangTanMu.xml_17,弟兄对坐叙寒温。,1582514195.4833698,0.0
lsxp-ZiGuDao-HuangHeLou.xml_1,主公不必加愁肠。,1584611500.732934,0.0
lsxp-DaHeYi-SiLangTanMu.xml_23,本帅开言把他问，,1587222161.5132761,0.0
sdxp-SuLongWei-WuJiaPo.xml_11,好一个贞节王宝钏，,1592719016.5755749,0.1
lsxp-JiangShenEr-SanJiaDian.xml_15,叫一声解差把店役。,1594177352.161382,0.0
sdxp-WoHeNi-SiLangTanMu.xml_19,我若探母不回转，,1601292536.892462,0.1
lsxp-ShenGongWu-LongFengChengXiang.xml_3,耳听笙歌闹喧哗。,1603070239.9261942,0.0
lsxp-DaHeYi-SiLangTanMu.xml_6,怎知今日回宋营。,1605909600.5455389,0.0
lsxp-WoZhuYe-ZhuiHanXin.xml_5,后进咸阳扶保在朝纲。,1608020466.765388,0.0
lsxp-DaHeYi-SiLangTanMu.xml_31,走上前来忙松捆，,1610440886.5881538,0.0
lseh-YiLunMing-ZhuoFangCao-1.xml_20,贼好比蛟龙未生鳞甲，,1611275557.51525,0.1
lsxp-TingTaYan-ZhuoFangCao-2.xml_6,这时候我只得暂且忍耐在心下，,1613272989.8498433,0.1
sdxp-WoHeNi-SiLangTanMu.xml_9,我有心回宋营见母一面，,1621300219.6275225,0.1
lsxp-DaHeYi-SiLangTanMu.xml_13,十五年前沙滩会，,1622041281.6778567,0.1
lsxp-WoZhuYe-ZhuiHanXin.xml_13,但愿得言听计从重整汉家邦、一同回故乡。,1625715871.2050557,0.0
lsxp-WoZhuYe-ZhuiHanXin.xml_12,今日里萧何荐良将，,1627359824.1203334,0.0
sdxp-DangNianHan-SanJiZhang.xml_2,未央宫斩的是何人？,1628868913.7352116,0.0
lsxp-ZouYingLong-DaYanSong.xml_13,在品级台（呀）前臣见君。,1629552997.3463709,0.0
lsxp-LiangGuoJiao-ShiJieTing-1.xml_5,靠山近水把营收。,1634009091.9939468,0.0
sdxp-SuLongWei-WuJiaPo.xml_22,一马双跨到西凉。,1644131015.1493366,0.0
lseh-YiLunMing-WenZhaoGuan-1.xml_36,对天发不宏誓愿，,1652077682.8901749,0.1
lseh-YiLunMing-WenZhaoGuan-2.xml_1,愁人心（呐）中似箭穿。,1654857452.705879,0.1
lsxp-DaHeYi-SiLangTanMu.xml_29,众将与爷忙掩（哪）门，,1663179018.9387574,0.0
lsxp-ZouYingLong-DaYanSong.xml_6,我劝顽童你休流泪，免悲声，邹老爷就是尔的报仇人。,1675844194.8405054,0.1
lseh-ZiNaRi-HongYangDong.xml_9,因此上臣的病重（呃）加十分、千岁爷呀！,1683044767.081475,0.1
lseh-YiLunMing-WenZhaoGuan-1.xml_13,我好（哇）比波浪中失舵的舟船（哪）。,1685051895.5463839,0.2
lsxp-JiangShenEr-SanJiaDian.xml_13,娘想儿来泪双流。,1688482785.1358035,0.0
lsxp-DaHeYi-SiLangTanMu.xml_11,我父令公官极品，,1689060739.6762323,0.1
lseh-YiLunMing-WenZhaoGuan-1.xml_1,愁人心（哪）中似箭穿。,1690951162.2138646,0.1
lsxp-ZiCongQian-ZhuLianZhai.xml_2,为千岁懒把朝房走，,1694286729.4439132,0.0
lseh-YiLunMing-WenZhaoGuan-1.xml_7,夜夜何曾得安眠。,1695199632.973027,0.0
lseh-YiLunMing-WenZhaoGuan-2.xml_7,夜夜何曾得安眠。,1695199632.973027,0.0
lseh-ZenNengGou-BaDaChui.xml_1,前后话对文龙细说衷情。,1702163840.6437554,0.0
lsxp-TingTaYan-ZhuoFangCao-2.xml_1,背转身自埋怨我自（呃）已做差。,1709918766.3789778,0.1
lsxp-TingTaYan-ZhuoFangCao-1.xml_1,背转身只埋怨我自（呃）己作差，,1709918766.3789778,0.1
lsxp-QingGongYan-FaDongWu.xml_1,想起桃园结拜情。,1711053831.1026292,0.0
lsxp-WoZhuYe-ZhuiHanXin.xml_11,反将我主贬汉王。,1714001266.0278511,0.1
lsxp-LiangGuoJiao-ShiJieTing-1.xml_2,管待三（哪）军要宽厚，,1720816124.0369699,0.0
lsxp-YiShiWu-YuCangJian.xml_9,行至在昭关有阻拦。,1721586012.146915,0.0
lseh-WeiKaiYan-RangXuZhou.xml_2,二犬子（呃）皆年幼（哇）难当（呃）重任，,1721776454.6793084,0.0
lseh-YiLunMing-WenZhaoGuan-2.xml_13,我好（呃）比波浪中失舵的舟船（喏）。,1733096799.5103989,0.2
lsxp-YiShiWu-YuCangJian.xml_2,日月轮流催晓（哇）箭，,1741104885.4685206,0.0
lsxp-LiangGuoJiao-ShiJieTing-1.xml_0,两国交（哇）锋龙虎斗，,1754519260.7217321,0.0
lsxp-DaHeYi-SiLangTanMu.xml_21,龙行虎步非凡等，,1762464853.9501729,0.0
lsxp-ZiCongQian-ZhuLianZhai.xml_1,满朝中文武臣泪双流。,1764235702.6390233,0.0
lsxp-ZuoRiLi-YuanMenZhanZi.xml_5,老娘亲再讲情儿自刎头来。,1777411839.1832111,0.0
sdxp-SuLongWei-WuJiaPo.xml_6,为军的要人我是不要钱。,1779353530.3820431,0.1
lsxp-WeiCengKai-QiYuanBao.xml_8,赵大夫妻图财害命害我一命亡，,1779729346.4200194,0.1
lseh-NiangZiBu-SouGuJiuGu.xml_7,老天爷不绝我的后代根。,1783616559.6529448,0.2
lsxp-WeiCengKai-QiYuanBao.xml_1,尊一声太爷听端详。,1788283570.5594826,0.0
lsxp-LiangGuoJiao-ShiJieTing-1.xml_3,赏罚中公（呃）平莫要自由。,1795428913.6525807,0.0
lseh-YiLunMing-ZhuoFangSuDian.xml_7,拔出剑将他的满门杀，,1814471156.1211274,0.0
lsxp-WoZhuYe-ZhuiHanXin.xml_1,拔剑斩蛇天下扬。,1816514582.7427673,0.1
lsxp-WeiCengKai-QiYuanBao.xml_9,望求太爷与我作主张（啊）。,1816767896.9465182,0.1
lsxp-CiShiJian-HuaiHeYing-2.xml_5,右手再把栾布拉，,1822182572.2734227,0.0
lseh-LaoZhangBu-WuPenJi.xml_5,抓一（呀）把沙土扬灰尘。,1823180801.415714,0.0
lseh-ZenNengGou-BaDaChui.xml_0,怎能够思一计番营来进，,1824050708.4041533,0.0
sdxp-SuLongWei-WuJiaPo.xml_14,将银放在地平川。,1833400583.3536761,0.0
lseh-TuZeiZuo-SouGuJiuGu.xml_0,屠贼做事心太狠，,1834346701.1993408,0.0
lseh-YiLunMing-WenZhaoGuan-1.xml_11,我好比龙游在浅沙滩。,1841396014.1531887,0.2
lseh-ZiNaRi-HongYangDong.xml_3,那乃是萧天佐以（呀）假成真；,1842163339.8135543,0.1
lseh-YiLunMing-WenZhaoGuan-2.xml_11,我好比龙游在浅沙滩。,1843855360.2498751,0.2
sdxp-SuLongWei-WuJiaPo.xml_5,西凉川四十单八站，,1844987196.9857609,0.1
lsxp-LiangGuoJiao-ShiJieTing-2.xml_1,各为其（呀）主统貔貅。,1847658076.0896909,0.0
lseh-YiLunMing-ZhuoFangSuDian.xml_3,悔不该随他人到吕家。,1854093949.2254684,0.0
lsxp-JiangShenEr-SanJiaDian.xml_9,舍不得老娘（呃）白了头。,1859462088.7050226,0.0
lseh-YiLunMing-ZhuoFangCao-1.xml_23,我岂肯放虎归山又（哇）把人抓。,1863303149.508707,0.1
lsxp-DaHeYi-SiLangTanMu.xml_28,原来四哥回宋营。,1865802494.3401098,0.0
sdxp-SuLongWei-WuJiaPo.xml_12,百般调戏也枉然。,1874168245.8407848,0.0
sdxp-SuLongWei-WuJiaPo.xml_1,苏龙魏虎为媒证，,1877073284.506259,0.0
lsxp-HenPingWang-WenZhaoGuan.xml_2,我的（呀）父谏奏反把命（哪）送，,1878274219.7485518,0.1
lseh-YiLunMing-ZhuoFangCao-1.xml_22,虎在笼中我不打，,1888612577.0216987,0.1
lsxp-ZouYingLong-DaYanSong.xml_4,我问顽童啼哭因何故，,1897085000.8856077,0.1
lsxp-TingTaYan-ZhuoFangCao-2.xml_4,马行在来道内我难（呐）以回（呀）马，,1906587489.1507771,0.1
lsxp-TingTaYan-ZhuoFangCao-1.xml_4,马行在来道内我难（呐）以回（呀）马，,1906587489.1507771,0.1
lsxp-JiangShenEr-SanJiaDian.xml_0,将身儿来至在大街口，,1907173621.2749798,0.0
lsxp-LiangGuoJiao-ShiJieTing-2.xml_2,管带三（呐）军要宽厚，,1907905453.0517457,0.0
lseh-XinZhongYou-WenZhaoGuan.xml_20,对天发下宏誓愿，,1907947999.3126822,0.1
lsxp-JiangShenEr-SanJiaDian.xml_12,儿想娘亲难叩首，,1909231366.652087,0.0
sdxp-SuLongWei-WuJiaPo.xml_3,他三人与我有仇恨，,1916932103.8114429,0.1
sdxp-SuLongWei-WuJiaPo.xml_2,王丞相是我的主婚人（哪）。,1923239310.098449,0.1
lseh-XiRiLi-BaoLianDeng.xml_9,那叔齐逃出了后宰门，,1925591517.2931733,0.0
lseh-YiLunMing-WenZhaoGuan-1.xml_25,不能（哪）哎见爹娘（兀）！,1937696769.4468708,0.0
lseh-ZiNaRi-HongYangDong.xml_4,二次（喏）里命孟良番营来进，,1943967911.8292964,0.0
lsxp-DaHeYi-SiLangTanMu.xml_22,灯光之下看不真。,1945601737.082654,0.0
lsxp-ZouYingLong-DaYanSong.xml_3,偶遇见小小的顽童放悲声，,1946268970.3945415,0.0
lseh-NiangZiBu-SouGuJiuGu.xml_10,千言万（哪）语她不肯，,1949894129.1656692,0.0
lseh-XuMaoGong-QinQiongFaPei.xml_0,徐茂公阴阳多奥妙，,1952394534.3819752,0.0
lseh-YiLunMing-WenZhaoGuan-2.xml_4,幸遇那东皋公行方便，,1956794613.5995219,0.1
lsxp-ZhangGongDao-ZhuangYuanPu.xml_4,怕将（呃）来老天爷无（哇）有果报，,1967748894.8971996,0.1
lsxp-ZhangGongDao-ZhuangYuanPu.xml_2,为（呀）儿（啼）女我也曾朝山拜庙，,1968763679.6250672,0.1
lsxp-QingGongYan-FaDongWu.xml_3,又谁知中途两离分。,1988145252.3105795,0.0
sdxp-SuLongWei-WuJiaPo.xml_19,是烈女就该在家院，,1990007662.5776346,0.0
lseh-YangYanZhao-PengBei.xml_2,迈虎步我且把宝帐来进，,1995884152.4890447,0.1
lseh-YiLunMing-WenZhaoGuan-1.xml_4,幸遇那东皋公行方便，,1996318980.8043618,0.1
lsxp-CiShiJian-HuaiHeYing-2.xml_7,生死二字（喏）且由他！,1996944584.4876065,0.0
lsxp-WoZhuYe-ZhuiHanXin.xml_15,扬尘舞蹈见大王。,1999112705.3981624,0.0
lseh-XuMaoGong-QinQiongFaPei.xml_5,其中必有这巧（哇）妙高。,2007870923.0750337,0.0
lsxp-WeiCengKai-QiYuanBao.xml_4,奉母命京城往，,2008196980.126179,0.0
lsxp-YiZhuangZhuang-QunYingHui.xml_0,一桩桩一件件倶已办就，,2012912131.9229522,0.0
lsxp-ZouYingLong-DaYanSong.xml_11,我本当金（哪）殿奏一本怎奈我官卑职小不能够参大臣。,2013593858.6612313,0.1
lsxp-JiangShenEr-SanJiaDian.xml_5,因此上发配到登州。,2019590625.1565466,0.0
lseh-YiLunMing-ZhuoFangCao-1.xml_9,年迈的老丈命（呐）染黄沙。,2022690768.3131933,0.0
lsxp-ZiGuDao-HuangHeLou.xml_2,曾记得当年赴河梁，,2027211352.2797735,0.0
lseh-YiLunMing-ZhuoFangSuDian.xml_8,一家人倶丧在宝剑之（喏）下，,2033297531.6350107,0.0
lsxp-ZheYiFeng-DingJunShan.xml_3,大小儿郎听根苗，,2033337880.7947183,0.0
lsxp-ZhangGongDao-ZhuangYuanPu.xml_5,眼睁（呐）睁有何人去（呀）把纸烧。,2054918768.9933012,0.0
lsxp-WoZhuYe-ZhuiHanXin.xml_10,项羽不遵怀王约，,2063550053.8183372,0.0
lsxp-ZiGuDao-HuangHeLou.xml_3,二将军保架过长江。,2069433923.14869,0.0
lseh-LaoZhangBu-WuPenJi.xml_7,望求老丈把冤伸。,2080917774.4386165,0.0
sdxp-WoHeNi-SiLangTanMu.xml_16,快马加鞭我一夜还。,2083828964.9841943,0.1
sdxp-WoHeNi-SiLangTanMu.xml_7,萧天佐摆天门两国交战，,2086925243.4559791,0.1
lsxp-ZheYiFeng-DingJunShan.xml_8,三军与（呀）爷归营号，,2092445816.1334035,0.0
lsxp-DaHeYi-SiLangTanMu.xml_7,将身站在了阶前等，,2094258512.020303,0.0
lsxp-DaHeYi-SiLangTanMu.xml_26,要见本帅为何情？,2097642436.8767047,0.0
lseh-YangYanZhao-PengBei.xml_0,杨延昭奉父命巡查大营，,2100147678.9332354,0.0
lsxp-LiangGuoJiao-ShiJieTing-2.xml_0,两国交锋龙虎斗，,2107526900.9007566,0.0
lsxp-ZuoRiLi-YuanMenZhanZi.xml_4,叫焦赞将宝剑悬挂帐外，,2114178109.9332137,0.0
lsxp-WoZhuYe-ZhuiHanXin.xml_14,撩袍端带我把金殿上，,2115455331.8382597,0.1
lseh-NiangZiBu-SouGuJiuGu.xml_8,你今舍了亲生子，,2121121015.3750596,0.0
lseh-TuZeiZuo-SouGuJiuGu.xml_3,大事还要问程婴。,2122857754.1019921,0.0
lseh-TanXiongDi-SangYuanJiZi.xml_3,见坟台不见人刀割我心。,2125636111.665971,0.1
lseh-XinZhongYou-WenZhaoGuan.xml_6,贪图富贵来害我，,2127014156.1338067,0.1
lsxp-DaHeYi-SiLangTanMu.xml_27,听罢言来才知情，,2132149792.8975079,0.0
sdxp-WoHeNi-SiLangTanMu.xml_14,见母一面即刻还。,2135014296.0666833,0.0
lseh-YiLunMing-ZhuoFangCao-1.xml_12,听谯楼打罢了二（喏）更鼓下，,2138667918.1943369,0.0
lseh-YiLunMing-WenZhaoGuan-1.xml_22,贪图富贵来害我，,2142255123.626085,0.1
lseh-YiLunMing-WenZhaoGuan-1.xml_3,谁知昭关有阻拦。,2147366937.7833481,0.0
lseh-YiLunMing-WenZhaoGuan-1.xml_20,若是真心来救我，,2152659575.4675665,0.1
lseh-XinZhongYou-WenZhaoGuan.xml_4,若是真心来救我，,2152659575.4675665,0.1
lseh-YiLunMing-WenZhaoGuan-1.xml_9,满腹的含冤我向谁言（哪）！,2155679848.1785827,0.1
lseh-YiLunMing-WenZhaoGuan-2.xml_9,满腹的含冤我向谁言（喏）。,2155679848.1785827,0.1
lsxp-LiangGuoJiao-ShiJieTing-1.xml_4,此一番领兵去镇守，,2158603015.2773595,0.0
lseh-YiLunMing-WenZhaoGuan-1.xml_34,寻短（哪）哎见爹娘（兀）！,2162055896.671885,0.0
lseh-TuZeiZuo-SouGuJiuGu.xml_2,眼见得忠良无救应，,2172494272.529489,0.0
lsxp-TingTaYan-ZhuoFangCao-2.xml_5,这才是花随水水不（哇）能恋（呐）花。,2175168203.4730244,0.1
sdxp-WoHeNi-SiLangTanMu.xml_2,贤公主又何必过于谦言。,2189034789.7662444,0.0
lsxp-LiangGuoJiao-ShiJieTing-2.xml_4,此一番领（呃）兵去镇守，,2191243806.3323612,0.0
sdxp-SuLongWei-WuJiaPo.xml_4,咬定牙关他就不认承。,2191917309.4034295,0.0
lseh-YiLunMing-ZhuoFangCao-1.xml_8,一家人倶丧在宝剑之（喏）下，,2197120412.71667,0.0
lseh-LaoZhangBu-WuPenJi.xml_3,我本屈死一鬼魂。,2222741742.7377009,0.1
lseh-XiRiLi-BaoLianDeng.xml_5,那伯夷尊父命也不能应承，,2225649788.009428,0.0
lseh-YiLunMing-WenZhaoGuan-1.xml_5,他将我隐藏在后花园。,2229795720.5810413,0.2
lsxp-YiShiWu-YuCangJian.xml_0,一事无成两鬓斑，,2235464805.1533861,0.0
lsxp-JiangShenEr-SanJiaDian.xml_1,尊一声过往的宾朋听从头：,2236008625.9995222,0.0
lsxp-ZheYiFeng-DingJunShan.xml_5,三通鼓刀出鞘四通（呃）鼓把兵交。,2237715555.1578526,0.0
lseh-XinZhongYou-WenZhaoGuan.xml_18,寻短（呃）哎见爹娘（呃）。,2241810164.1285605,0.0
sdxp-SuLongWei-WuJiaPo.xml_10,管保大嫂就断与咱。,2245614587.558538,0.0
lsxp-WoZhuYe-ZhuiHanXin.xml_9,我也曾约法定过三章。,2246132088.0240173,0.1
lseh-TuZeiZuo-SouGuJiuGu.xml_1,诬杀赵家一满门。,2248484985.9937611,0.0
lseh-ZiNaRi-HongYangDong.xml_8,为此事终（啊）日里忧成疾病，,2248778774.832489,0.0
lsxp-CiShiJian-HuaiHeYing-1.xml_1,胡言乱语怎瞒（呐）咱。,2252339598.1590939,0.0
lseh-YiLunMing-ZhuoFangSuDian.xml_9,年迈的老丈命（呐）染黄沙。,2254000488.8429284,0.0
lseh-JinZhongXiang-ShangTianTai.xml_3,武仗着姚皇兄保定乾坤。,2256802744.2398968,0.0
lsxp-WoBenShi-KongChengJi-2.xml_8,闲无（呃）事在敌楼（呃）我亮一亮琴（呢）音，,2257347692.2103162,0.1
lsxp-JiangShenEr-SanJiaDian.xml_4,杨林与我来争斗，,2261655867.2610211,0.1
lseh-YiLunMing-ZhuoFangCao-1.xml_1,陈宫心（呐）中乱如麻，,2263925845.6275387,0.0
lsxp-CiShiJian-HuaiHeYing-2.xml_6,三人同把那鬼门关上爬，,2275844296.7260275,0.0
lseh-YiLunMing-WenZhaoGuan-2.xml_3,谁知昭关有阻拦。,2280986429.8468986,0.0
lsxp-ZheYiFeng-DingJunShan.xml_2,站立在营门三军叫，,2315661584.5559521,0.0
lsxp-ZiGuDao-HuangHeLou.xml_5,四将军保架料也无妨。,2316987420.2242441,0.0
lseh-LaoZhangBu-WuPenJi.xml_0,老丈不（哇）必胆怕惊，,2319004719.6100621,0.0
lseh-YiLunMing-WenZhaoGuan-1.xml_24,哭一声爹娘不能相见，,2331454336.7246227,0.0
lseh-XuMaoGong-QinQiongFaPei.xml_4,是是是（呀）来我明白了，,2345338146.6225152,0.1
lseh-YiLunMing-WenZhaoGuan-2.xml_12,我好（呃）比鱼儿吞了钩线，,2352149988.7334528,0.2
lsxp-TingTaYan-ZhuoFangCao-1.xml_5,这才是花随水水不（哇）能恋（呐）花。,2363771903.5688329,0.1
lseh-XiRiLi-BaoLianDeng.xml_8,那伯夷出午门无（哇）有踪（呃）影，,2375360306.7556067,0.0
lsxp-DaHeYi-SiLangTanMu.xml_16,我是你四哥回宋营。,2385462705.4266038,0.1
lsxp-ShenGongWu-LongFengChengXiang.xml_0,深宫无（哇）处不飞花，,2386416592.2294688,0.1
lsxp-WoZhuYe-ZhuiHanXin.xml_8,一路上秋毫无犯军威壮，,2389357772.0461311,0.0
lsxp-ZuoRiLi-YuanMenZhanZi.xml_2,今日里斩宗保娘把儿怪，,2391676705.1225138,0.0
lsxp-ShenGongWu-LongFengChengXiang.xml_2,朝欢暮乐无牵挂，,2394684444.8838878,0.0
lsxp-ZhangGongDao-ZhuangYuanPu.xml_1,陈伯愚年半百无有后苗。,2395051003.3677096,0.0
lsxp-LiangGuoJiao-ShiJieTing-2.xml_3,赏罚中公（呃）平莫要自由。,2417786238.1919131,0.0
lseh-XiRiLi-BaoLianDeng.xml_3,传口诏命次子即位为君，,2419454096.5392704,0.0
sdxp-SuLongWei-WuJiaPo.xml_13,腰中取出银一锭，,2428310831.5139751,0.0
lsxp-CiShiJian-HuaiHeYing-1.xml_6,三人同把那鬼门关上踏（啊），,2433999802.1033316,0.0
lseh-YiLunMing-WenZhaoGuan-1.xml_12,我好（哇）比鱼儿吞了钩线，,2434680162.0289788,0.2
lsxp-ZhangGongDao-ZhuangYuanPu.xml_0,张公道三十五六（哇）子有靠，,2437812098.0294495,0.1
lseh-LaoZhangBu-WuPenJi.xml_6,我和你远无冤近无有仇恨，,2442724337.2605567,0.1
lseh-WeiGuoJia-HongYangDong-1.xml_0,为国家那何曾半日闲空，,2449484816.2668605,0.0
lseh-ZiNaRi-HongYangDong.xml_1,三更时梦（呃）见（呐）了年迈爹尊（呐）。,2456457956.2288909,0.0
lsxp-DaHeYi-SiLangTanMu.xml_4,上面（哪）坐的同胞人。,2457091579.0998077,0.0
lseh-YiLunMing-ZhuoFangSuDian.xml_5,杀猪（喏）沽酒款待与他，,2486648497.8082519,0.0
lseh-XinZhongYou-WenZhaoGuan.xml_15,到如今夜宿在荒村院，,2487448041.5357966,0.0
lseh-YiLunMing-WenZhaoGuan-1.xml_31,到如今夜宿在荒村院，,2487448041.5357966,0.0
lsxp-WoBenShi-KongChengJi-1.xml_7,俺诸（喏）葛怎比得前辈呀的先哪生。,2516335659.2112479,0.0
lseh-NiangZiBu-SouGuJiuGu.xml_3,三百余口命赴幽冥。,2520470161.0190873,0.0
lseh-ZiNaRi-HongYangDong.xml_6,老军报他二人在洪洋（呃）洞丧（呃）命，,2524432683.8691077,0.0
lseh-XinZhongYou-WenZhaoGuan.xml_16,我冷冷清清向谁言（呃）。,2528849464.9572549,0.1
lsxp-ZiCongQian-ZhuLianZhai.xml_4,山高路远少来问候，,2547983187.5240502,0.0
sdxp-DangNianHan-SanJiZhang.xml_4,仙女嫁的又是何人？,2556156585.3781204,0.0
lseh-YiLunMing-WenZhaoGuan-2.xml_5,他将我隐藏在后花园。,2559974294.7394247,0.2
lsxp-QingGongYan-FaDongWu.xml_2,弟兄们创业多艰难，,2566473378.8717837,0.0
lseh-YiLunMing-WenZhaoGuan-1.xml_18,背地里只把东皋公怨，,2588262050.9119992,0.0
lseh-YiLunMing-ZhuoFangCao-2.xml_1,陈宫心中乱如麻。,2588868460.6152973,0.0
lsxp-ZhangGongDao-ZhuangYuanPu.xml_3,为儿（喏）女我也曾补路修桥。,2593332101.4348612,0.1
lsxp-WoBenShi-KongChengJi-2.xml_6,周文王访姜尚周室大振，,2600615164.9846916,0.0
lseh-XinZhongYou-WenZhaoGuan.xml_12,越思越想好伤惨，,2601809114.8699913,0.1
lseh-YiLunMing-WenZhaoGuan-1.xml_10,我好（哇）比哀哀长空雁，,2603770323.6114006,0.2
lseh-XiRiLi-BaoLianDeng.xml_13,二娇儿也难比那两个贤人。,2604914823.2313671,0.0
lsxp-WoBenShi-KongChengJi-1.xml_8,闲无哇事在敌楼哇我亮（呃）一亮琴哪音，,2611452910.3423343,0.1
lseh-YiLunMing-WenZhaoGuan-1.xml_8,俺伍员好一似丧家犬，,2612031307.0590858,0.2
lseh-YiLunMing-WenZhaoGuan-1.xml_32,我冷冷清清向谁言（哪）。,2612436801.3388152,0.1
lseh-WeiGuoJia-HongYangDong-2.xml_0,为国家哪何曾半日闲空，,2614856219.0551939,0.0
lseh-XiRiLi-BaoLianDeng.xml_14,打死了别家子父能作主，,2621690693.0671625,0.0
lseh-YiLunMing-ZhuoFangSuDian.xml_6,又谁知此贼的疑心（呐）太（呀）大，,2622936070.6700802,0.0
lsxp-DaHeYi-SiLangTanMu.xml_8,问我一言答一声。,2624769173.7946715,0.1
lsxp-WoBenShi-KongChengJi-2.xml_7,我诸葛怎比得前辈（呃）的先（呃）生。,2631413201.8564916,0.1
lseh-XiRiLi-BaoLianDeng.xml_6,弟让兄来兄不能应（呐）允，,2636813984.9724879,0.0
lsxp-YiShiWu-YuCangJian.xml_3,靠山绿（哇）水常在面前。,2653939060.5944295,0.0
lseh-XiRiLi-BaoLianDeng.xml_0,昔日里有一个孤竹君，,2663713105.2955794,0.0
lsxp-CiShiJian-HuaiHeYing-2.xml_4,左手拉住了李左车，,2670567775.6152334,0.0
lseh-JinZhongXiang-ShangTianTai.xml_1,寡人喜的是五谷丰登。,2672327281.4860172,0.0
lseh-XiRiLi-BaoLianDeng.xml_4,那叔齐分长幼不能担任，,2682013734.4602618,0.0
lseh-XinZhongYou-WenZhaoGuan.xml_13,想当初在朝为官宦，,2684951413.5326085,0.0
lseh-YiLunMing-WenZhaoGuan-1.xml_29,想当初在朝为官宦，,2684951413.5326085,0.0
lseh-YiLunMing-ZhuoFangCao-1.xml_25,险些儿把事（喏）又（哇）作差。,2685896553.9097266,0.0
lseh-YiLunMing-ZhuoFangCao-1.xml_18,观此贼睡卧真（呐）潇洒，,2690537033.9289322,0.0
lseh-XiRiLi-BaoLianDeng.xml_15,打死个秦官保父不能担承。,2698837331.5382166,0.0
lseh-YiLunMing-WenZhaoGuan-2.xml_10,我好（呃）比哀哀长空雁，,2704127287.0450063,0.2
lseh-XinZhongYou-WenZhaoGuan.xml_8,哭一声爹娘不能相见，,2711397572.450572,0.0
sdxp-DangNianHan-SanJiZhang.xml_5,我的儿说话言不逊，,2717722927.430151,0.1
lsxp-TingTaYan-ZhuoFangCao-1.xml_7,既同行共（呃）大事必须要劝解于他（呀呃）。,2724917556.0589261,0.0
lsxp-TingTaYan-ZhuoFangCao-2.xml_7,既同行共（呃）大事必须要劝解于他（呀呃）。,2724917556.0589261,0.0
lseh-YiLunMing-ZhuoFangCao-1.xml_13,越思越想把事来作差。,2733669697.4631548,0.0
lseh-YiLunMing-ZhuoFangCao-2.xml_6,又谁知此贼的疑心太大，,2736212305.7483683,0.0
lseh-NiangZiBu-SouGuJiuGu.xml_6,舍子搭救忠（呃）良的后，,2779159426.0599675,0.0
lsxp-DaHeYi-SiLangTanMu.xml_10,火堪寨上有家门。,2779869821.9805107,0.0
lseh-YangYanZhao-PengBei.xml_4,我本当将此事对他来论，,2795296908.39396,0.1
lseh-XinZhongYou-WenZhaoGuan.xml_21,我不杀平王我的心怎甘。,2804849141.4032288,0.1
lsxp-CiShiJian-HuaiHeYing-2.xml_1,胡言乱语怎瞒（呐）咱！,2806143969.3330317,0.0
lseh-YiLunMing-WenZhaoGuan-1.xml_28,越思越想好伤惨，,2809052280.8742909,0.1
sdxp-WoHeNi-SiLangTanMu.xml_5,非是我这几日愁眉不展，,2811412839.0916924,0.1
lseh-XinZhongYou-WenZhaoGuan.xml_2,背地里只把东皋公怨，,2812072949.4139419,0.0
lseh-YiLunMing-WenZhaoGuan-1.xml_16,心中有事难合眼，,2817504219.780756,0.0
lseh-XinZhongYou-WenZhaoGuan.xml_0,心中有事难合眼，,2821139358.0403905,0.0
lseh-XuMaoGong-QinQiongFaPei.xml_2,既是为我前来到，,2831694603.6196442,0.1
lseh-YiLunMing-ZhuoFangSuDian.xml_1,陈宫心（呐）中乱如麻，,2832924361.5847697,0.0
lseh-WeiGuoJia-HongYangDong-3.xml_0,为国家哪何曾半日闲空，,2833395033.8349218,0.0
lsxp-WoBenShi-KongChengJi-1.xml_6,周文王访姜尚周室大振，,2838727596.1982169,0.0
lsxp-JiangShenEr-SanJiaDian.xml_10,娘生儿连心肉，,2844199608.208478,0.0
lsxp-CiShiJian-HuaiHeYing-1.xml_7,生死二字（喏）且由他。,2848576968.598033,0.0
lseh-YiLunMing-WenZhaoGuan-2.xml_8,俺伍员好一似丧家犬，,2855691624.5725808,0.2
lsxp-CiShiJian-HuaiHeYing-1.xml_3,为什么事到如今耍奸滑。,2857250713.6512084,0.0
lseh-WeiGuoJia-HongYangDong-3.xml_2,官封到节度史（喏）皇王恩重，,2859544418.1161499,0.0
lseh-XiRiLi-BaoLianDeng.xml_12,为父的怎比得孤竹君，,2869537932.2555332,0.0
lsxp-DaHeYi-SiLangTanMu.xml_25,家住哪州并哪郡？,2883257058.4208665,0.0
sdxp-DangNianHan-SanJiZhang.xml_3,小奴才真个不孝顺，,2884457373.2798734,0.0
lseh-ZiNaRi-HongYangDong.xml_0,自（喏）那日朝罢归身（呐）染重病，,2896113114.8597832,0.0
lsxp-ZheYiFeng-DingJunShan.xml_4,头通（呃）鼓紧战袍，,2897609404.625587,0.0
lsxp-DaHeYi-SiLangTanMu.xml_9,家住后山磁州郡，,2900967782.5453663,0.0
lseh-YiLunMing-WenZhaoGuan-1.xml_6,一连几天我的眉不（哇）展，,2914831120.6895504,0.2
lseh-YiLunMing-WenZhaoGuan-1.xml_2,实指（惹）望到吴国借兵回转，,2926247991.5219517,0.0
lseh-YiLunMing-ZhuoFangCao-2.xml_11,自有那神灵儿天地鉴察。,2937752351.9856782,0.1
lseh-YiLunMing-ZhuoFangCao-2.xml_4,吕伯奢可算得义气大，,2952023424.5870337,0.0
lsxp-ZouYingLong-DaYanSong.xml_7,站立在殿角用目来观定，,2963511897.086503,0.0
lsxp-TingTaYan-ZhuoFangCao-1.xml_0,听他言听得我心（呐）惊胆怕，,3002376030.4716187,0.1
lsxp-TingTaYan-ZhuoFangCao-2.xml_0,听他言吓得我心（呐）惊胆怕，,3002376030.4716187,0.1
lseh-YiLunMing-WenZhaoGuan-1.xml_37,我不杀平王我的心怎甘（哪）。,3031462614.4110661,0.1
lseh-NiangZiBu-SouGuJiuGu.xml_11,不舍娇儿难救孤身。,3056947271.8003278,0.0
lseh-YangYanZhao-PengBei.xml_3,又只见老爹爹瞌睡沉沉。,3074131761.9978342,0.0
lseh-ZiNaRi-HongYangDong.xml_5,又谁知焦克明他私（呀）自后跟（呐），,3089777889.2966189,0.0
lseh-YiLunMing-ZhuoFangSuDian.xml_11,自有那神灵儿天地鉴察。,3112682427.4726357,0.1
lsxp-JiangShenEr-SanJiaDian.xml_2,一不是响马与贼寇，,3113915087.4871702,0.0
lsxp-ZheYiFeng-DingJunShan.xml_9,到明天午时三刻要成功劳。,3141082270.5841804,0.1
lseh-YiLunMing-WenZhaoGuan-2.xml_2,实指望到吴国借兵回转，,3144268105.8270292,0.0
lsxp-WoBenShi-KongChengJi-1.xml_5,东西战南北剿博古通呃今。,3144885451.0695,0.0
lseh-YiLunMing-WenZhaoGuan-2.xml_6,一连几天我的眉不（呃）展，,3164484972.7082095,0.2
lseh-WeiKaiYan-RangXuZhou.xml_0,未开言不由人（呐）珠泪滚滚，,3176452045.4731774,0.0
lsxp-CiShiJian-HuaiHeYing-2.xml_3,为什么事到如今耍奸滑？,3177736263.6010728,0.0
sdxp-WoHeNi-SiLangTanMu.xml_17,公主叫我盟誓愿，,3179652794.6637845,0.1
lseh-XiRiLi-BaoLianDeng.xml_2,都只为孤（哇）竹君身染重病（哪），,3180264534.4866619,0.0
lseh-WeiGuoJia-HongYangDong-3.xml_3,身不爽不由人瞌睡朦胧。,3186167238.4621296,0.0
lsxp-WoZhuYe-ZhuiHanXin.xml_7,一路上得遇陆贾、郦生与张良。,3205133536.0080037,0.0
lseh-TanXiongDi-SangYuanJiZi.xml_2,眼望着孤坟台珠泪难忍，,3209331313.5978785,0.0
lseh-WeiGuoJia-HongYangDong-2.xml_2,官封到节度使（喏）皇王恩重，,3221455659.8610315,0.0
lseh-WeiGuoJia-HongYangDong-1.xml_2,官封到节度使（喏）皇王恩重，,3227695937.4595103,0.0
sdxp-DangNianHan-SanJiZhang.xml_1,登台拜帅是韩信，,3277912332.5344615,0.0
lsxp-WoBenShi-KongChengJi-2.xml_5,东西战南北剿博古（呃）通（哦）今。,3281245192.7926517,0.0
lsxp-TingTaYan-ZhuoFangCao-1.xml_3,却原（呐）来贼是个无（哇）义（呀）的冤家！,3320880856.6619596,0.0
lsxp-TingTaYan-ZhuoFangCao-2.xml_3,却愿（呐）来贼是个无（哇）义（呀）的冤家！,3320880856.6619596,0.0
lseh-YangYanZhao-PengBei.xml_1,在中途得一信甚是不明。,3327943966.4894261,0.0
lseh-LaoZhangBu-WuPenJi.xml_2,休把我当作了妖魔论，,3361313215.3834109,0.1
lseh-XiRiLi-BaoLianDeng.xml_1,伯夷叔齐二大贤人，,3361594758.9375277,0.0
lseh-YiLunMing-ZhuoFangCao-2.xml_0,一轮明月照窗下，,3417671639.6183267,0.0
lseh-JinZhongXiang-ShangTianTai.xml_2,文凭着邓先生策划有准，,3419495390.7122841,0.0
lsxp-YiShiWu-YuCangJian.xml_6,他害我满门（呐）真悲惨，,3446092037.4560618,0.1
sdeh-WenSanNiang-SanNiangJiaoZi.xml_1,问三娘发雷霆却是为何？,3456668345.4112058,0.0
lseh-XiRiLi-BaoLianDeng.xml_7,兄（呃）推弟来两不能够担承。,3465469787.0488682,0.0
lseh-LaoZhangBu-WuPenJi.xml_4,我忙将树（呃）枝摆摇（哇）动，,3466285042.495533,0.1
sdxp-WoHeNi-SiLangTanMu.xml_12,无有令箭怎过关。,3466889876.7465186,0.0
lseh-YiLunMing-ZhuoFangCao-1.xml_6,又谁知此贼的疑心（呐）太（呀）大，,3498526343.8527336,0.0
lseh-YiLunMing-WenZhaoGuan-1.xml_26,要相逢陈非是梦（兀）里团圆。,3502868150.9845629,0.0
lsxp-WoZhuYe-ZhuiHanXin.xml_2,怀王也曾把旨降，,3550744690.8707037,0.0
lseh-ZiNaRi-HongYangDong.xml_2,我前番命孟良骸骨搬（呐）请，,3550908931.2754989,0.1
lseh-WeiGuoJia-HongYangDong-1.xml_3,身不爽不由人瞌睡朦胧（呃）。,3562194390.6073995,0.0
lsxp-WoBenShi-KongChengJi-1.xml_4,官封到武乡侯哇执掌帅印，,3618756638.0281329,0.0
lseh-NiangZiBu-SouGuJiuGu.xml_4,我与那公孙杵臼把计定，,3620978673.5371356,0.1
lseh-YiLunMing-ZhuoFangSuDian.xml_2,悔不该心猿并意马，,3641361333.5111132,0.0
lseh-WeiGuoJia-HongYangDong-2.xml_3,身不爽不由人瞌睡朦胧（呃）（哪）。,3645756870.2693877,0.0
lseh-TanXiongDi-SangYuanJiZi.xml_0,叹兄兀弟遭不幸一旦丧命，,3662990054.5236044,0.0
lsxp-WoBenShi-KongChengJi-2.xml_2,先帝（呀）爷下南阳（呃）御驾三（呃）请，,3715913319.5280957,0.0
lsxp-ZouYingLong-DaYanSong.xml_0,忽听得万岁宣应龙，,3736042103.5152488,0.0
lseh-YiLunMing-ZhuoFangCao-1.xml_11,自有那神灵（啊）天地鉴察。,3753720328.7491193,0.1
lseh-WeiKaiYan-RangXuZhou.xml_1,天卸重任我就要（哇）你担承。,3778810177.0464344,0.2
lseh-YiLunMing-ZhuoFangSuDian.xml_0,一轮明月照窗下，,3804197272.5184722,0.0
lseh-NiangZiBu-SouGuJiuGu.xml_1,卑（呀）人言来你是（喏）听。,3816268970.9989028,0.0
lseh-YiLunMing-WenZhaoGuan-2.xml_0,一轮明月照窗前，,3825231966.0016284,0.0
lseh-YiLunMing-WenZhaoGuan-1.xml_0,一轮明月照窗前，,3862657314.4041018,0.0
lseh-WeiKaiYan-RangXuZhou.xml_4,望使君放开怀慨然（呐）应（呐）允，,3872436943.0482721,0.0
lseh-JinZhongXiang-ShangTianTai.xml_0,金钟响玉磬应王登龙庭，,3928567006.3252392,0.0
lseh-YiLunMing-WenZhaoGuan-1.xml_33,我本当拔宝剑自寻短见，,3938477080.9327154,0.1
lsxp-WoBenShi-KongChengJi-2.xml_4,官封到武乡侯（呃）执掌帅印，,3966472224.94209,0.0
lseh-YiLunMing-ZhuoFangCao-2.xml_10,屈死的冤鬼魂休要怨咱，,4004299131.4433446,0.0
lseh-YiLunMing-ZhuoFangSuDian.xml_4,吕伯奢可算得义气（呀）大，,4059593740.1913328,0.0
lsxp-ZouYingLong-DaYanSong.xml_2,那一日打从大街进，,4071364868.5587072,0.0
lsxp-TingTaYan-ZhuoFangCao-1.xml_2,我先前只望他宽宏量（呃）大，,4092731809.5493798,0.1
lsxp-TingTaYan-ZhuoFangCao-2.xml_2,我先前只望他宽宏量（呃）大，,4092731809.5493798,0.1
lseh-ZenNengGou-BaDaChui.xml_2,前也思（喏）后又想无有计定，,4106541134.9165268,0.0
lseh-YiLunMing-ZhuoFangCao-1.xml_0,一轮明月照窗下，,4109077736.9358926,0.0
lseh-JinZhongXiang-ShangTianTai.xml_4,内侍臣忙摆驾九龙口进，,4114575099.9787159,0.0
lseh-TanXiongDi-SangYuanJiZi.xml_1,丢下了年幼儿好不伤情。,4115306595.094203,0.1
lseh-WeiGuoJia-HongYangDong-3.xml_1,我也曾平服了塞北西东。,4158048050.9669828,0.1
lsxp-WoBenShi-KongChengJi-1.xml_1,论阴阳如反掌保定乾坤。,4217913642.2508597,0.0
lsxp-ZuoRiLi-YuanMenZhanZi.xml_3,哭啼啼坐宝帐所为何来。,4224100401.0984287,0.0
lsxp-WoZhuYe-ZhuiHanXin.xml_6,也是我主洪福广，,4259704348.725379,0.1
lsxp-WoBenShi-KongChengJi-2.xml_1,凭阴阳如反掌保定乾坤。,4273624103.4004488,0.0
lseh-WeiGuoJia-HongYangDong-1.xml_1,我也曾平服了塞北西东。,4354640180.3362207,0.1
lseh-YiLunMing-ZhuoFangSuDian.xml_10,屈死的怨鬼魂休要怨（呐）咱，,4380769008.6826324,0.0
lseh-XinZhongYou-WenZhaoGuan.xml_10,爹娘（呃）要相逢除非是梦（呃）里团圆。,4381166420.9724054,0.0
lseh-YiLunMing-WenZhaoGuan-1.xml_15,今夜晚怎能够盼到明天。,4492646581.089222,0.1
lseh-WeiGuoJia-HongYangDong-2.xml_1,我也曾平服了塞北西东。,4538483387.013586,0.1
lseh-NiangZiBu-SouGuJiuGu.xml_5,他舍命来你我舍亲生。,4552686033.0879707,0.1
lseh-YiLunMing-WenZhaoGuan-2.xml_15,今夜晚怎能够盼到明天。,4615383654.6733351,0.1
lsxp-WoZhuYe-ZhuiHanXin.xml_4,先进咸阳为皇上，,4621290723.2462873,0.0
lsxp-ZouYingLong-DaYanSong.xml_9,那一旁坐的就是严阁老，,4684534975.3923435,0.0
lseh-YiLunMing-ZhuoFangCao-1.xml_24,执宝剑将贼的（呀）头割下，,4760940003.7978277,0.0
lsxp-WeiCengKai-QiYuanBao.xml_2,家住在南阳太平庄，,4770325594.9498539,0.0
lseh-WeiKaiYan-RangXuZhou.xml_3,老朽年迈我也不能够担承。,4784335967.2318106,0.1
lseh-YiLunMing-ZhuoFangCao-2.xml_2,悔不该心猿并意马，,4800103998.4195032,0.0
lsxp-WoBenShi-KongChengJi-1.xml_2,先帝呀爷下南阳御呀驾三请，,4826462723.6222706,0.0
lseh-XinZhongYou-WenZhaoGuan.xml_17,我本当拔宝剑自寻短见，,4919724926.5848455,0.1
lsxp-WoBenShi-KongChengJi-2.xml_0,我本是卧龙岗散淡（呐）的人，,4979458713.9566183,0.2
sdxp-SuLongWei-WuJiaPo.xml_9,衙里衙外我打点，,5138359835.9562569,0.1
lseh-LaoZhangBu-WuPenJi.xml_1,我有言来你是（喏）听。,5688761427.0569601,0.1
lsxp-WoBenShi-KongChengJi-1.xml_0,我本是卧龙岗散淡哪的人，,5729852428.8232241,0.2
sdxp-WoHeNi-SiLangTanMu.xml_15,宋营（哪）虽然路途远，,5939835569.6386862,0.0
