放大胆忍气吞声休害怕,0,放大胆忍气吞声休害怕，
daxp-JiaoZhangSheng-HongNiang.xml_2,放大胆忍气吞声休害怕，,1445792.1843490372,1.0
daxp-JiaoZhangSheng-HongNiang.xml_4,这也算是一段风流佳话，,2910972.9866194036,0.0
sdxp-WoHeNi-SiLangTanMu.xml_28,有心赠你金鈚箭，,3787190.3999687033,0.0
daxp-ChunQiuTing-SuoLinNang.xml_13,同遇人为什么这样嚎啕？,4352865.7640814213,0.0
daxp-GuanShiYin-TianNvSanHua.xml_4,绿柳枝酒甘露三千界上，,4498389.516971631,0.0
daxp-TingTaYan-ZuoGong.xml_2,原来是杨家将把名姓改换，,4832507.9562861221,0.0
daxp-MuQinBu-FengHuanChao.xml_3,女儿清白最为先。,4966209.4262547605,0.0
daeh-ZaoBuXing-HeHouMaDian.xml_6,贼好比秦赵高指鹿为马，,5169461.6421545632,0.0
daxp-XiRiLi-LongFengChengXiang.xml_4,月老本是乔国丈，,5176395.9829316232,0.0
daxp-ChenSanLiang-ChenSanLiangPaTang.xml_0,陈三两在大堂把话云，,5235099.6904555392,0.1
daeh-ZiNaRi-ZhuangYuanMei-2.xml_14,愿天下有情人都成姻眷，,5339727.2037170781,0.0
daeh-ZiNaRi-ZhuangYuanMei-2.xml_15,愿邦家从此后国泰民安。,5463743.9177978234,0.0
daxp-ErTingDe-SuoLinNang.xml_1,同遇人为什么这样嚎啕。,5872076.4589856798,0.0
daeh-ZiNaRi-ZhuangYuanMei-1.xml_14,愿天下有情人都成姻眷，,5887344.8760761991,0.0
daxp-FeiShiWo-TaoHuaCun.xml_5,怎能够粗心大意你再荒唐。,6127864.9153483789,0.1
daeh-TanHongYan-HuoXiaoYu.xml_0,叹红颜薄命前生就，,6205515.088655876,0.0
daeh-NaRiFeng-YuanXiaoMi.xml_4,母女隔断三千里，,6217263.9727477934,0.0
daxp-ChunQiuTing-SuoLinNang.xml_29,自把珠玉夸富豪，,6275900.1531919427,0.0
daxp-DangRiLi-SuoLinNang.xml_18,还有那夜明珠粒粒成串，,6323218.4704924086,0.0
daspd-HaiDaoBing-GuiFeiZuiJiu.xml_3,乾坤分外明，,6340696.7747941203,0.0
daxp-MengTingDe-MuiGuiYingGuaShuai.xml_1,唤起我破天门状志凌云。,6465875.5639800541,0.0
daxp-DangRiLi-SuoLinNang.xml_20,这囊儿虽非是千古罕见，,6583581.0314789033,0.0
danbz-KanDaWang-BaWangBieJi.xml_1,我这里出帐外且散愁情。,6698903.6346704513,0.0
daxp-ErTingDe-SuoLinNang.xml_6,梅香说话好颠倒，,6737014.5118387127,0.0
daxp-SuSanLi-NvQiJie.xml_1,将身来在大街前。,6861687.2430324154,0.1
daxp-DiTouLi-NvQiJie.xml_2,未曾开言我心好惨，,6998177.232915381,0.0
daxp-DiTouLi-NvQiJie.xml_3,过往的君子听我言。,7046948.3060415797,0.0
daxp-ZheCaiShi-SuoLinNang.xml_4,柳暗花明休啼笑，,7197194.2082384732,0.1
danbz-KanDaWang-BaWangBieJi.xml_0,看大王在帐中和衣睡稳，,7233346.8844575966,0.1
daxp-LaoDieDie-DaYuShaJia-1.xml_2,将身儿坐至在草堂等候，,7247004.1809518123,0.0
danbz-BeiJiuChan-ChunGuiMeng.xml_2,我不免去安排罗衾绣枕，,7396678.3382615903,0.0
daxp-MuQinBu-FengHuanChao.xml_1,女儿言来听根源。,7417500.8420610214,0.0
daxp-FeiShiWo-TaoHuaCun.xml_16,你把我当做诸葛亮，,7423238.7342446474,0.0
daxp-ErTingDe-SuoLinNang.xml_12,你不该人前逞骄傲，,7495525.3918228131,0.0
daspd-HaiDaoBing-GuiFeiZuiJiu.xml_4,皓月当空，,7593959.8947952492,0.0
daeh-ZiNaRi-ZhuangYuanMei-1.xml_15,愿天下从此后国泰民安。,7612466.317433252,0.0
daxp-FeiShiWo-TaoHuaCun.xml_14,倘若是你响她也响，,7613280.999256691,0.0
daeh-ZiNaRi-ZhuangYuanMei-1.xml_0,自那日与六郎姻缘相见，,7668725.5032663895,0.0
daeh-XiaoNuCai-SanNiangJiaoZi.xml_1,闭口无言王春娥。,7828880.3272526627,0.0
daxp-ErTingDe-SuoLinNang.xml_2,莫不是夫郎丑难谐女貌，,7866593.7896777429,0.0
daeh-XiaoNuCai-SanNiangJiaoZi.xml_4,怒气不息在机房闷坐，,7872855.926207385,0.1
daxp-ChunQiuTing-SuoLinNang.xml_14,莫不是夫郎丑难谐女貌？,8065606.9566284465,0.0
daxp-QiaoLouShang-HuangShanLei.xml_14,我不免唤琏儿到街前探问，,8194559.1259826617,0.0
daxp-ErTingDe-SuoLinNang.xml_27,自把珠玉夸富豪。,8209726.7645823564,0.0
daeh-WangChunE-SanNiangJiaoZi.xml_2,春娥女好一此失群孤雁，,8246557.7923125392,0.0
sdxp-SuLongWei-WuJiaPo.xml_42,买绫罗、做衣衫、买白纸、糊白幡、打首饰、做妆奁，,8275837.5889854161,0.0
daxp-ChunQiuTing-SuoLinNang.xml_7,世上何尝尽富豪，,8385532.3716049828,0.0
daeh-LiYanFei-DaBaoGuo.xml_0,李艳妃设早朝龙书案下，,8399867.7926177401,0.0
daxp-ChunQiuTing-SuoLinNang.xml_4,吉日良辰当欢笑，,8452376.2350860536,0.0
daeh-ZaoBuXing-HeHouMaDian.xml_4,贼好比王莽贼称孤道寡，,8462664.0647351872,0.0
daxp-ErTingDe-SuoLinNang.xml_4,叫梅香你把那好言相告，,8497157.8186929077,0.0
daxp-FeiShiWo-TaoHuaCun.xml_1,只怪你呆头呆脑慌慌张张。,8570638.2491316218,0.0
sdxp-SuLongWei-WuJiaPo.xml_41,与你娘做一个安家钱。,8621334.8314849921,0.0
daxp-ZhiJianTa-WangJiangTing.xml_7,何必独自就暗猜疑。,8626918.1420194954,0.0
daeh-ZiNaRi-ErJinGong.xml_8,李艳妃坐昭阳自思自想，,8684638.5505860783,0.0
danbz-BeiJiuChan-ChunGuiMeng.xml_5,待我来搀扶（哇）你重订鸳盟。,8711125.6843170281,0.0
daxp-SuSanLi-NvQiJie.xml_3,过往的君子听我言。,8741072.7373170014,0.0
daeh-SunShangXiang-BieHuangGong.xml_8,恨只恨我兄长把事错办，,8741580.1850658264,0.0
daxp-ErTingDe-SuoLinNang.xml_11,难免怀疑在心梢。,8801947.6563324519,0.0
daxp-ZheCaiShi-SuoLinNang.xml_1,不想团圆在今朝。,8801947.6563324519,0.0
daxp-FeiShiWo-TaoHuaCun.xml_6,鼓打二更准时往，,8850862.6288997289,0.0
daxp-ErTingDe-SuoLinNang.xml_13,不该词费又滔滔。,8853215.311284719,0.0
daxp-ZheCaiShi-SuoLinNang.xml_5,善果心花可自豪。,8876848.0304502845,0.0
sdxp-DangNianHan-SanJiZhang.xml_21,不能、不能、是万不能！,8944981.3862841446,0.0
daeh-SunShangXiang-BieHuangGong.xml_0,孙尚香坐宫院自思自叹，,9008439.4301260412,0.0
daxp-LaoDieDie-DaYuShaJia-2.xml_2,将身儿坐至在草堂等候，,9014370.5666151475,0.0
daeh-CanQiQi-WuLongZuo.xml_0,惨凄凄唤苍天天不应响，,9015703.8463271726,0.0
daxp-TingTaYan-ZuoGong.xml_6,早晚间休怪我言语怠慢，,9029810.2478409279,0.1
daeh-WuDuanQiao-BiYuZan.xml_6,一心早想寻短见，,9085322.0549217109,0.0
daxp-ZhiJianTa-WangJiangTing.xml_3,害得儿夫犯焦急；,9096933.9995907061,0.1
daxp-ChenSanLiang-ChenSanLiangPaTang.xml_2,我本是被骗进的富春院，,9110024.3362042774,0.0
sdxp-DangNianHan-SanJiZhang.xml_12,登台拜帅天下闻。,9111017.5730298012,0.0
daeh-WuDuanQiao-BiYuZan.xml_0,无端巧计将人陷，,9164214.2383308113,0.0
daxp-ChunQiuTing-SuoLinNang.xml_16,叫梅香你把那好言相告，,9192980.911264848,0.0
daeh-LiYanFei-DaBaoGuo.xml_6,写文约我且把玉玺打下，,9304208.3381317314,0.0
daeh-ZiNaRi-ErJinGong.xml_0,自那日与徐杨决裂以后，,9320693.2005133927,0.0
daeh-LiYanFei-ErJinGong.xml_0,李艳妃坐昭阳自思自想，,9339574.4916811213,0.0
daxp-ZheCaiShi-SuoLinNang.xml_3,残生一线付惊涛。,9374536.8173419107,0.0
danbz-BeiJiuChan-ChunGuiMeng.xml_0,被纠缠陡想起婚时情景，,9416345.4491884541,0.0
sdxp-SuLongWei-WuJiaPo.xml_37,欺奴犹如欺了天。,9450278.3278916292,0.0
daxp-SuSanLi-NvQiJie.xml_5,与我那三郎把信传。,9462026.9808506705,0.0
daeh-NaRiFeng-YuanXiaoMi.xml_6,我今绝少人生趣，,9554212.0868425164,0.0
sdxp-WoHeNi-SiLangTanMu.xml_27,你要见高堂母我不阻拦。,9563308.3257926144,0.0
daxp-ChunQiuTing-SuoLinNang.xml_21,谁能移动他半分毫。,9990586.4525253605,0.0
daeh-LiYanFei-DaBaoGuo.xml_5,候幼主成了龙原业归家。,10008906.220233634,0.0
sdeh-WenSanNiang-SanNiangJiaoZi.xml_5,实指望教训他终身有靠，,10013393.816798368,0.0
daxp-DiTouLi-NvQiJie.xml_5,与我那三郎把信传。,10093082.522783486,0.0
sdxp-WoHeNi-SiLangTanMu.xml_23,咱与你隔南北千里姻缘。,10118297.984858658,0.0
daeh-LiYanFei-ErJinGong.xml_4,有几句话儿我不好言讲，,10122534.704563899,0.0
daeh-NuZiYou-TouJunBieYao.xml_0,奴自幼在闺阁娇生惯养，,10217118.202404728,0.0
daxp-MuQinBu-FengHuanChao.xml_0,母亲不必心太偏，,10227584.598266874,0.0
dldeh-ShouBiPo-ChunQiuPei.xml_1,受逼迫去捡柴泪如雨下，,10243789.361397106,0.0
daxp-SuSanLi-NvQiJie.xml_2,未曾开言心内惨，,10291768.819342988,0.0
daeh-TanHongYan-HuoXiaoYu.xml_2,薄幸冤家音信无有，,10294238.769614462,0.0
sdeh-WenSanNiang-SanNiangJiaoZi.xml_3,老薛保你不必苦哀告，,10406453.777790217,0.0
sdeh-WenSanNiang-SanNiangJiaoZi.xml_4,背转身来哭嚎啕。,10431096.615921821,0.0
daeh-ZiNaRi-ZhuangYuanMei-2.xml_2,在潼台被贼擒性命好险，,10431965.891352754,0.0
daeh-ZiNaRi-ZhuangYuanMei-2.xml_12,但愿得状元媒月老引线，,10432057.800160034,0.0
daxp-QiaoLouShang-HuangShanLei.xml_11,又思来又想去越不安宁。,10576030.786092712,0.0
daeh-ZiNaRi-ZhuangYuanMei-1.xml_2,在潼台被贼擒在命好险，,10604656.667312425,0.0
daxp-FeiShiWo-TaoHuaCun.xml_12,响一声你就还一掌，,10625722.626818048,0.1
daeh-WangChunE-SanNiangJiaoZi.xml_0,王春娥坐草堂自思自叹，,10639185.168064419,0.0
daeh-ZiNaRi-ZhuangYuanMei-1.xml_4,这桩事闷得我柔肠百转，,10718399.916958846,0.0
daeh-ZuoChunGui-XiShi.xml_0,坐春闺只觉得光明似箭，,10776964.830629358,0.0
sdxp-SuLongWei-WuJiaPo.xml_33,家人小厮有万千。,10863363.919833772,0.0
daeh-ZiNaRi-ErJinGong.xml_10,耳边厢又听得朝靴响亮，,10885086.392506812,0.0
daeh-ZaoBuXing-HeHouMaDian.xml_5,贼好比曹阿瞒半点不差，,10918848.640271688,0.0
daeh-ZaoBuXing-HeHouMaDian.xml_13,你叔王不让位再去骂他。,10971415.031520208,0.0
daeh-NaRiFeng-YuanXiaoMi.xml_0,那日风波平地起，,11013409.237688262,0.0
daeh-ZiNaRi-ZhuangYuanMei-1.xml_9,宋天子主婚姻此事成全。,11024851.91535693,0.0
daeh-NaRiFeng-YuanXiaoMi.xml_2,舅父前来出主意，,11101984.822854143,0.0
daeh-LiYanFei-ErJinGong.xml_1,想起了朝中事好不惨伤！,11107960.280596619,0.0
daeh-ZiNaRi-ZhuangYuanMei-2.xml_0,自那日与六郎阵前相见，,11148509.732442364,0.0
daeh-TanHongYan-HuoXiaoYu.xml_4,枕边泪（呀）共（那）阶前雨，,11150737.928740548,0.0
daxp-MengTingDe-MuiGuiYingGuaShuai.xml_7,我一剑能挡百万兵。,11153073.999721102,0.0
daeh-ZaoBuXing-HeHouMaDian.xml_7,贼好比那司马师搅乱中华。,11184847.149765069,0.0
danbz-BeiJiuChan-ChunGuiMeng.xml_3,莫负他好春宵一刻千金。,11203342.351239327,0.0
daeh-NuZiYou-TouJunBieYao.xml_2,但愿得去投军功名有望，,11272010.281352418,0.0
daxp-DuiLingHua-BiYuZan.xml_2,果然是成佳偶两心欢恋，,11281453.697863081,0.0
daeh-ZaoBuXing-HeHouMaDian.xml_3,反倒说为嫂我拦阻有差，,11295732.17473142,0.0
daeh-SunShangXiang-BieHuangGong.xml_4,与周郎定巧计把皇叔来骗，,11304121.371251313,0.0
daeh-ZiNaRi-ZhuangYuanMei-2.xml_4,这桩事闷得我柔肠百转，,11341608.940415781,0.0
daxp-ErTingDe-SuoLinNang.xml_19,谁能移动它半分毫。,11475698.340808338,0.0
daxp-DiTouLi-NvQiJie.xml_7,来生变犬马我当报还。,11500928.353711022,0.0
daeh-LiYanFei-ErJinGong.xml_2,耳边厢又听得朝靴响亮，,11506627.129870992,0.0
daeh-ZaoBuXing-HeHouMaDian.xml_1,贼昏王篡了位谋乱邦家。,11614599.313341899,0.0
daxp-DiTouLi-NvQiJie.xml_6,就说苏三把命断，,11640031.590552354,0.0
daxp-ErDeFu-HongNiGuan.xml_0,儿的父为国家阵前命丧，,11641004.706586214,0.0
daxp-DuiLingHua-BiYuZan.xml_0,对菱花暗地里芳心自转，,11676648.055399531,0.0
daeh-ZiNaRi-ZhuangYuanMei-1.xml_11,但愿得杨六郎心如石坚，,11748685.606193183,0.0
daxp-FeiShiWo-TaoHuaCun.xml_9,你必须眼观六路耳听八方。,11786088.053911403,0.0
daeh-ZiNaRi-ErJinGong.xml_9,想起了老王爷好不惨伤。,11803102.796884738,0.0
daxp-DiTouLi-NvQiJie.xml_1,将身来在大街前。,11808835.558295321,0.1
daxp-ChunQiuTing-SuoLinNang.xml_27,莫把姓名你信口晓，,11849834.050225658,0.0
daxp-LaoDieDie-YuZhouFeng.xml_2,倘若是有道君皇恩浩荡，,11877201.802472785,0.0
daxp-GuanShiYin-TianNvSanHua.xml_1,有善才和龙女站立两厢；,11922451.56860251,0.0
daxp-LaoDieDie-DaYuShaJia-1.xml_0,老爹爹清晨起前去出前，,11962154.866107306,0.0
daeh-ZiNaRi-ErJinGong.xml_12,有一句话儿不好言讲，,11972590.472022144,0.0
daeh-SunShangXiang-BieHuangGong.xml_2,遭不幸父王爷把驾来晏，,12004917.094435457,0.0
daxp-MengTingDe-MuiGuiYingGuaShuai.xml_2,想当年桃花马上威风凛凛，,12066439.54132898,0.0
daxp-XiRiLiang-LongFengChengXiang.xml_2,暗地堪笑我兄长，,12078237.134481359,0.0
daxp-ZhiJianTa-WangJiangTing.xml_1,长吁短叹语声低。,12113916.238853956,0.1
daxp-SuSanLi-NvQiJie.xml_6,言说苏三把命断，,12131401.237413947,0.0
sdxp-SuLongWei-WuJiaPo.xml_35,打板子、上夹棍、丢南牢、坐监禁、管叫你思前容易退后难。,12168292.115539938,0.0
daxp-XiRiLi-LongFengChengXiang.xml_2,暗地堪笑奴兄长，,12228384.747639872,0.0
daxp-LaoDieDie-YuZhouFeng.xml_4,老爹爹在朝中官高爵显，,12249669.55073642,0.0
daxp-ChunQiuTing-SuoLinNang.xml_11,必有隐情在心潮。,12324328.53986734,0.0
daxp-WoZhuYe-SiLangTanMu.xml_2,众卿随忙挂点亲率官员，,12363469.63131921,0.0
daxp-GuanShiYin-TianNvSanHua.xml_2,菩提树薝卜花千枝掩映，,12365978.237555429,0.0
daxp-LaoDieDie-SanJiZhang-1.xml_0,老爹爹请息（呀）怒容儿细讲，,12432129.737988649,0.0
daxp-DiTouLi-NvQiJie.xml_4,哪一位去往南京转，,12437634.860918337,0.0
daxp-ErTingDe-SuoLinNang.xml_10,蠢才问话太潦草，,12487900.894326437,0.0
daxp-MengJunZi-ChunQiuPei-1.xml_0,蒙君子至殷勤再三问话，,12562290.125633944,0.0
daxp-ZheCaiShi-SuoLinNang.xml_6,种福得福如此报，,12684016.143801063,0.0
daxp-ErTingDe-SuoLinNang.xml_26,这都是神话凭空造，,12701316.527254213,0.0
daeh-ZuoRiGong-TaiZhenWaiChuan.xml_2,思想起从前事心中悔恨，,12725757.629083237,0.0
sdxp-SuLongWei-WuJiaPo.xml_29,府内金银堆如山。,12807899.154050544,0.0
danbz-KanDaWang-BaWangBieJi.xml_3,猛抬头见碧落月色清明。,12831847.919711558,0.0
daeh-WangChunE-SanNiangJiaoZi.xml_6,将身儿来至在机房织绢，,12841065.750024585,0.0
daxp-FeiShiWo-TaoHuaCun.xml_13,响两声你就凑近身旁。,12841457.563747879,0.1
daeh-LiYanFei-ErJinGong.xml_5,我只得怀抱太子两泪汪汪口口声声哭的是先王。,12857964.756942173,0.1
daxp-DangRiLi-SuoLinNang.xml_8,轿中人必定有一腔幽怨，,12883683.922118349,0.0
daeh-ZaoBuXing-HeHouMaDian.xml_12,搬一把金交椅娘且坐下，,12887569.207560137,0.0
daxp-QiaoLouShang-HuangShanLei.xml_0,谯楼上二更鼓声声送听，,12909704.826996235,0.1
daeh-ZiNaRi-ZhuangYuanMei-2.xml_10,但愿得令公令婆别无意见，,12924344.905342415,0.0
sdxp-WoHeNi-SiLangTanMu.xml_29,怕你一去就不回还。,12950893.303086251,0.1
daxp-ErTingDe-SuoLinNang.xml_25,莫把姓名你信口哓。,12981167.865025146,0.0
daxp-ChunQiuTing-SuoLinNang.xml_9,也有失意痛哭嚎啕，,12981307.76979428,0.0
daxp-ErTingDe-SuoLinNang.xml_21,她为饥寒我为骄。,12986794.455329403,0.0
daeh-WangChunE-SanNiangJiaoZi.xml_5,每日里在书房苦读圣贤。,13016285.534249283,0.0
daeh-ZaoBuXing-HeHouMaDian.xml_10,只骂得贼昏王无言对答。,13021998.637620052,0.0
daeh-ZaoBuXing-HeHouMaDian.xml_8,只骂得贼昏王装聋作哑，,13044664.405336676,0.0
daxp-MuQinBu-FengHuanChao.xml_2,自古常言道得好，,13066572.39396207,0.0
daxp-LaoDieDie-DaYuShaJia-2.xml_0,老爹爹清晨起前去出首，,13076774.469014905,0.0
daeh-ZiNaRi-ZhuangYuanMei-1.xml_1,行不安坐不宁情态缠绵。,13091496.656512467,0.0
daeh-LiYanFei-DaBaoGuo.xml_8,赐你的上方剑朝房问话，,13109556.947926225,0.0
daxp-WoZhuYe-SiLangTanMu.xml_4,叫番儿忙摆驾银安殿，,13115936.186735936,0.0
daeh-ZiNaRi-ZhuangYuanMei-1.xml_12,但愿得状元媒月老引线，,13128377.749537669,0.0
daxp-FeiShiWo-TaoHuaCun.xml_8,你不要高声不要嚷，,13134581.620426284,0.1
daeh-WuDuanQiao-BiYuZan.xml_2,独处闺房愁无限，,13169740.502693506,0.0
daeh-WangChunE-SanNiangJiaoZi.xml_4,薛倚儿他好比无弓之箭，,13210988.558767714,0.0
daxp-ChunQiuTing-SuoLinNang.xml_19,满腹骄矜顿雪潇，,13229332.536568321,0.0
sdxp-DangNianHan-SanJiZhang.xml_11,淮阴漂母救韩信，,13240746.101561297,0.0
daxp-ErDeFu-HongNiGuan.xml_5,不想到狠心郎一味猖狂。,13248921.890158696,0.0
daxp-DangRiLi-SuoLinNang.xml_9,她泪自弹、声续断、似杜鹃、啼别院、巴峡哀猿动人心弦，好不惨然。,13317754.822186641,0.1
daeh-ZaoBuXing-HeHouMaDian.xml_2,把一个皇太子逼死殿下，,13374297.726433957,0.0
daxp-ChunQiuTing-SuoLinNang.xml_28,这都是神话凭空造，,13377246.651274882,0.0
daeh-ZuoRiGong-TaiZhenWaiChuan.xml_0,昨日宫中何等宠幸，,13431143.54066309,0.0
daeh-ZaoBuXing-HeHouMaDian.xml_11,两旁的文武臣珠泪如麻，,13473480.278101422,0.0
daxp-DangRiLi-SuoLinNang.xml_17,红珊瑚碧翡翠样样倶全。,13494358.730611729,0.0
daeh-ZiNaRi-ErJinGong.xml_13,我只得怀抱太子两泪汪汪口口声声哭的是先王！,13573542.007271608,0.1
daxp-ChunQiuTing-SuoLinNang.xml_23,他为饥寒我为娇。,13587168.672763603,0.0
daeh-XiaoNuCai-SanNiangJiaoZi.xml_0,小奴才他一言问住我，,13653055.948371002,0.0
daeh-XiaoNuCai-SanNiangJiaoZi.xml_2,哭一声亡故夫在阴曹等我，,13676838.592064891,0.1
daeh-LiYanFei-DaBaoGuo.xml_3,各国的众王侯朝贺中华。,13730828.287620904,0.0
dldeh-ShouBiPo-ChunQiuPei.xml_7,全（呐）不顾你身有病气力不佳。,13823753.370279621,0.1
daxp-TingTaYan-ZuoGong.xml_1,十五载到今日才吐真言。,13838060.709737949,0.0
daxp-LaoDieDie-SanJiZhang-2.xml_0,老爹爹请息怒容儿细讲，,13875392.518238058,0.0
sdxp-SuLongWei-WuJiaPo.xml_31,命人送到（那）西凉川。,14038080.204436729,0.0
daxp-ChenSanLiang-ChenSanLiangPaTang.xml_4,诗书易礼都学会，,14164311.524409963,0.0
daxp-DangRiLi-SuoLinNang.xml_10,于归日理应当喜形于面，,14285951.332857493,0.0
daxp-GuanShiYin-TianNvSanHua.xml_5,好似我散天花就纷落十方；,14325414.754393812,0.0
daxp-ChunQiuTing-SuoLinNang.xml_31,积德才生玉树苗，,14362893.140626024,0.0
sdxp-SuLongWei-WuJiaPo.xml_34,将你带到官衙内，,14370679.283782111,0.0
daeh-LiYanFei-DaBaoGuo.xml_9,压定了文武臣均要画押。,14413323.368039986,0.0
daxp-ZheCaiShi-SuoLinNang.xml_2,回首繁华如梦渺，,14442861.93904558,0.0
daeh-ZiNaRi-ErJinGong.xml_3,太师爷一心心想篡龙楼。,14475534.918634273,0.0
daeh-WangChunE-SanNiangJiaoZi.xml_3,老薛保好一似浪里舟船。,14483298.871667892,0.0
daeh-ZaoBuXing-HeHouMaDian.xml_0,遭不幸老王爷晏了御驾，,14486486.523139525,0.0
daxp-DangRiLi-SuoLinNang.xml_21,换衣食也够她生活几年。,14497596.673649509,0.0
daxp-ErTingDe-SuoLinNang.xml_17,满腹骄矜顿雪潇。,14604367.070287647,0.0
daxp-ErTingDe-SuoLinNang.xml_7,不该人前乱解嘲。,14604367.070287647,0.0
daeh-LiYanFei-DaBaoGuo.xml_4,将江山让太师权且代贺，,14674692.284699643,0.0
daeh-WangChunE-SanNiangJiaoZi.xml_7,等候了薛倚儿转回家园。,14855162.615702789,0.0
daxp-WoHeNi-SangYuanHui.xml_1,谁认你狼心狗肺的人！,14896113.830045778,0.0
daxp-MengTingDe-MuiGuiYingGuaShuai.xml_4,有生之日责当尽，,14924653.147496779,0.0
daxp-LaoDieDie-YuZhouFeng.xml_0,老爹爹发恩德将本修上，,14979176.139134079,0.0
daxp-FeiShiWo-TaoHuaCun.xml_15,那就是来了我西厢带路的小红娘。,15008423.459008042,0.0
daeh-ZiNaRi-ErJinGong.xml_11,想必是徐杨进了昭阳。,15130267.12281383,0.0
daxp-MengTingDe-MuiGuiYingGuaShuai.xml_5,寸土怎能够属于他人。,15196970.773053942,0.0
daxp-XiShiNv-XiShi.xml_2,只为着守清寒柴门近水，,15207908.614335053,0.0
daxp-FeiShiWo-TaoHuaCun.xml_11,是不是有人拍巴掌。,15236438.60447753,0.0
daxp-JiaoZhangSheng-HongNiang.xml_1,我步步行来你步步爬。,15292650.52007794,0.0
daeh-SunShangXiang-BieHuangGong.xml_6,回荆州未三载诓我回转，,15292916.814219911,0.0
sdxp-DangNianHan-SanJiZhang.xml_16,难道说文官他就不丧身？,15332137.454029813,0.0
daxp-ChunQiuTing-SuoLinNang.xml_2,在隔帘只见这一花轿，,15420043.354488065,0.0
daxp-SuSanLi-NvQiJie.xml_7,来生变犬马我当报还！,15462942.857972357,0.0
daxp-ZhiJianTa-WangJiangTing.xml_4,莫不是平地风波起，,15488633.685031658,0.0
daxp-FeiShiWo-TaoHuaCun.xml_3,关系你患难鸳鸯永宿在池塘。,15536628.378648233,0.0
sdxp-DangNianHan-SanJiZhang.xml_14,在六国封相人上人。,15566775.645751433,0.0
daspd-DuShouKong-WangJiangTing.xml_1,芳心寂寞有谁怜，,15615446.774575088,0.0
daxp-ChunQiuTing-SuoLinNang.xml_5,为何鲛珠化泪抛？,15629437.39842849,0.0
daxp-ZhiJianTa-WangJiangTing.xml_2,何人来把书信寄？,15660544.516721964,0.0
daxp-ZhiJianTa-WangJiangTing.xml_5,隐情不敢实告妻。,15663080.607839759,0.0
daeh-ZiNaRi-ErJinGong.xml_1,独坐在寒宫院闷闷悠悠。,15677760.776419584,0.0
daxp-TingTaYan-ZuoGong.xml_4,我这里走向前再把礼见，,15707968.867963683,0.0
daxp-GuanShiYin-TianNvSanHua.xml_6,满眼中清妙景灵光万丈，,15709646.085939562,0.0
daeh-SunShangXiang-BieHuangGong.xml_9,叹一声不由人珠泪涟涟。,15712007.857704371,0.1
daxp-QiaoLouShang-HuangShanLei.xml_2,对孤灯思远道心神不定，,15713482.824870298,0.0
danbz-KanDaWang-BaWangBieJi.xml_2,轻移步走向前荒郊站定，,15772575.209057845,0.0
daeh-ZiNaRi-ErJinGong.xml_4,他那里父女情全然无有，,15784398.486983797,0.0
daxp-QiaoLouShang-HuangShanLei.xml_13,果然是晓鸡唱天已黎明。,15843320.294422384,0.0
daxp-XiRiLi-LongFengChengXiang.xml_5,纵有大事料无妨。,15864705.968533615,0.1
daeh-ZuoChunGui-XiShi.xml_1,无限的闲愁恨尽上眉尖。,15891681.356680935,0.0
daeh-ZiNaRi-ZhuangYuanMei-1.xml_7,帝王家深宫院似水流年。,15930208.834342184,0.0
daspd-DuShouKong-WangJiangTing.xml_0,独守空帏暗长叹，,16011062.923791653,0.0
daeh-ZiNaRi-ZhuangYuanMei-2.xml_9,宋天子主婚姻此事成全。,16012799.961071717,0.0
daxp-MengJunZi-ChunQiuPei-2.xml_2,家住在罗郡城魁星楼下，,16050329.625949152,0.0
daxp-ChunQiuTing-SuoLinNang.xml_24,分我一枝珊瑚宝，,16099843.500765894,0.0
daxp-ChunQiuTing-SuoLinNang.xml_22,我在不足他正少，,16099843.500765894,0.0
daeh-ZiNaRi-ZhuangYuanMei-2.xml_11,但愿得杨六郎心如石坚。,16164795.337965868,0.0
daxp-DangRiLi-SuoLinNang.xml_19,还有那赤金链，紫瑛簪，白玉环，双凤錾，八宝钗钏一个个宝孕光含。,16235652.854133282,0.0
sdxp-WoHeNi-SiLangTanMu.xml_33,你也对苍天就表一番。,16251782.06808508,0.0
daeh-LiYanFei-DaBaoGuo.xml_2,太师爷奏一本进贡年下，,16324470.056382686,0.0
daxp-JiaoZhangSheng-HongNiang.xml_3,这件事倒叫我心乱如麻。,16351363.153211253,0.0
daxp-ErTingDe-SuoLinNang.xml_29,积德才生玉树苗。,16477591.991983715,0.0
daspd-HaiDaoBing-GuiFeiZuiJiu.xml_0,海岛冰轮初转腾；,16483394.735402958,0.0
daxp-DangRiLi-SuoLinNang.xml_12,那时节奴妆奁不下百万，,16490581.945374601,0.0
daxp-ChunQiuTing-SuoLinNang.xml_10,轿内的人儿弹别调，,16490705.537295641,0.0
daeh-SunShangXiang-BieHuangGong.xml_5,又谁知弄假成真反配凤鸾。,16605340.463957258,0.0
daeh-ZiNaRi-ZhuangYuanMei-1.xml_5,不知道他与我是否一般。,16622705.600844288,0.0
daeh-XiaoNuCai-SanNiangJiaoZi.xml_3,等候了你妻子同见阎罗。,16635429.575894536,0.0
daxp-ErTingDe-SuoLinNang.xml_9,哪有个袖手旁观在壁上瞧。,16648579.109810716,0.0
daxp-FeiShiWo-TaoHuaCun.xml_2,今夜晚非比那西厢待月、你懂提防、莫轻狂，,16704344.143692756,0.0
daeh-CanQiQi-WuLongZuo.xml_1,叹红颜多薄命父母双亡。,16720685.622770192,0.0
daeh-WuDuanQiao-BiYuZan.xml_1,薄命自伤怨红颜。,16773705.547375066,0.0
daxp-ChunQiuTing-SuoLinNang.xml_25,安他半世凤凰巢。,16788609.220880508,0.0
daxp-ErTingDe-SuoLinNang.xml_23,安她半世凤凰剿。,16788609.220880508,0.0
daxp-ZhiJianTa-WangJiangTing.xml_9,相公你为何不歇息？,16824338.955278076,0.0
daeh-WuDuanQiao-BiYuZan.xml_5,满腹冤屈向谁言。,16880140.285960175,0.0
daxp-ErTingDe-SuoLinNang.xml_20,我正不足她正少，,16894818.504715696,0.0
daeh-ZiNaRi-ZhuangYuanMei-2.xml_3,乱军中多亏他救我回还。,16965384.556324217,0.0
sdxp-WoHeNi-SiLangTanMu.xml_24,因何故终日里愁眉不展，,17087348.535153877,0.0
daeh-NaRiFeng-YuanXiaoMi.xml_1,死里逃生甚惨凄。,17127745.379849426,0.0
sdxp-WoHeNi-SiLangTanMu.xml_31,一夜之间你怎能回还。,17198092.542415686,0.0
daeh-ZiNaRi-ZhuangYuanMei-1.xml_3,乱军中多亏他救我回还。,17224553.320800722,0.0
dldeh-ShouBiPo-ChunQiuPei.xml_3,奴好比花未开风吹雨打，,17296135.246556852,0.0
daxp-GuanShiYin-TianNvSanHua.xml_3,白鹦鹉与仙鸟在灵岩神岘上下飞翔；,17313489.033252388,0.0
daeh-ZiNaRi-ZhuangYuanMei-2.xml_1,行不安坐不宁情态缠绵。,17328915.166845232,0.0
daeh-ZiNaRi-ZhuangYuanMei-1.xml_13,但愿得八主贤王从中周旋，早成姻眷，扫狼烟，叫那胡儿不敢进犯保叔王锦绣江山。,17389935.983416889,0.0
daeh-WuDuanQiao-BiYuZan.xml_4,今生若被郎轻贱，,17443314.542189009,0.0
daxp-DangRiLi-SuoLinNang.xml_2,在轿中只觉得天昏地暗。,17449908.732719559,0.0
daxp-ChunQiuTing-SuoLinNang.xml_8,亦有饥寒悲怀抱，,17450366.058397185,0.0
daxp-SuSanLi-NvQiJie.xml_4,哪一位去往南京转，,17493946.781563118,0.0
daxp-FeiShiWo-TaoHuaCun.xml_17,听我的号令上战场。,17694524.481953006,0.0
daspd-HaiDaoBing-GuiFeiZuiJiu.xml_1,见玉兔（哇）玉兔又早东升。,17735961.115323137,0.0
daxp-DangRiLi-SuoLinNang.xml_14,急切里想起了锁麟囊一（呀）件，,17873162.800808515,0.0
daxp-MuQinBu-FengHuanChao.xml_4,人生不知顾脸面，,17890856.783622384,0.0
daeh-WangChunE-SanNiangJiaoZi.xml_1,想起了我老爷好不惨然。,17917777.29548005,0.0
daxp-NiDeFu-FenHeWan.xml_0,你的父去投军无音信，,18091331.899542786,0.0
daxp-JiaoZhangSheng-HongNiang.xml_0,叫张生隐藏在棋盘之下，,18162872.307936661,0.0
daxp-MuQinBu-FengHuanChao.xml_5,活在世上也枉然。,18202817.221859477,0.0
daxp-ErTingDe-SuoLinNang.xml_31,救她饥渴胜琼瑶。,18254730.736511208,0.0
daxp-FeiShiWo-TaoHuaCun.xml_10,不但要仔细听、还要仔细想，,18283427.746276673,0.0
dldeh-ShouBiPo-ChunQiuPei.xml_2,病恹恹身无力难以挣扎。,18288620.698084209,0.0
daeh-SunShangXiang-BieHuangGong.xml_1,想起了已往事心内痛酸。,18379672.552775767,0.0
daxp-QiaoLouShang-HuangShanLei.xml_12,数更等交五鼓空房愈冷，,18395601.469554469,0.0
daxp-ErTingDe-SuoLinNang.xml_8,怜贫济困是正道，,18395679.355067637,0.0
daeh-ZiNaRi-ZhuangYuanMei-2.xml_13,但愿得八主贤王从中周旋早成美眷、扫狼烟叫那胡儿不敢进犯、保叔王锦锈江山。,18396243.422450386,0.0
daxp-MengJunZi-ChunQiuPei-2.xml_0,蒙君子至诚心再三问话，,18397151.093734451,0.0
daxp-XiShiNv-XiShi.xml_4,怕只怕损玉颜姣容自惜，,18427519.778348334,0.1
daeh-ZuoChunGui-XiShi.xml_2,奴这里心中痛玉颜清减，,18429817.043180399,0.0
daxp-DangRiLi-SuoLinNang.xml_5,隔帘儿我也曾侧目偷观。,18479350.073948994,0.0
daeh-NaRiFeng-YuanXiaoMi.xml_5,那厢流泪这厢啼。,18485431.390787799,0.0
daeh-SunShangXiang-BieHuangGong.xml_3,留下了孙仲谋执掌江南。,18590026.075452588,0.0
daxp-MengJunZi-ChunQiuPei-2.xml_4,身有病还受那继母拷打，,18603429.592824761,0.0
daxp-DangRiLi-SuoLinNang.xml_1,霎时间日色淡似坠西山。,18638695.351374909,0.0
sdxp-SuLongWei-WuJiaPo.xml_25,苏龙魏虎是内亲。,18658025.993708257,0.0
daspd-HaiDaoBing-GuiFeiZuiJiu.xml_6,奴似嫦娥离月宫。,18678540.079689413,0.0
daxp-ErDeFu-HongNiGuan.xml_7,又恐怕众将官说短论长。,18694524.271929953,0.1
daeh-ZaoBuXing-HeHouMaDian.xml_9,只骂得贼昏王扭转身驱、闭目合晴、羞羞惭惭一语不发，,18718867.93354857,0.0
daeh-ZiNaRi-ErJinGong.xml_5,竟把我孤儿寡母当做了马牛。,18724299.493867312,0.0
daeh-NuZiYou-TouJunBieYao.xml_1,为薛郎我父女断绝情长。,18732056.076565217,0.0
daeh-ZiNaRi-ZhuangYuanMei-2.xml_5,不知道他与我是否一般。,18752969.137539532,0.0
daxp-QiaoLouShang-HuangShanLei.xml_15,你爹爹到如今未转家门。,18833417.922938611,0.0
daxp-TingTaYan-ZuoGong.xml_7,不知者不怪罪你的海量放宽。,18860403.445153087,0.1
daeh-SunShangXiang-BieHuangGong.xml_7,阿斗儿行中途被子龙追还。,18878447.792871021,0.0
daxp-MengJunZi-ChunQiuPei-1.xml_5,莫奈何到荒郊我就来捡芦花。,18889423.744049918,0.0
sdxp-DangNianHan-SanJiZhang.xml_10,都是安邦定国臣，,18924582.556261819,0.0
daxp-DangRiLi-SuoLinNang.xml_0,当日里好风光忽觉转变，,18944553.230308324,0.0
daxp-ChunQiuTing-SuoLinNang.xml_17,问那厢因何故痛哭无聊。,18988044.274750974,0.0
daxp-FeiShiWo-TaoHuaCun.xml_7,桃花村口莫彷徨。,19015805.354725618,0.0
daeh-ZiNaRi-ErJinGong.xml_6,徐小姐把守在宫门口，,19168223.828671075,0.0
sdxp-DangNianHan-SanJiZhang.xml_18,大孝之人也受贫。,19181391.719143461,0.1
daeh-CanQiQi-WuLongZuo.xml_2,千金休哪曾受磨房景况，,19231243.597886339,0.1
daxp-ChunQiuTing-SuoLinNang.xml_3,想必是新婚渡鹊桥，,19239119.643667758,0.0
daxp-WoZhuYe-SiLangTanMu.xml_0,我主爷金沙滩早把命丧，,19292977.640144512,0.0
daxp-NiDeFu-FenHeWan.xml_2,把弓带和鱼镖与儿带定，,19350321.358187675,0.0
daxp-LaoDieDie-YuZhouFeng.xml_5,却为何贪富贵不顾羞惭。,19396176.042665668,0.0
daxp-XiRiLi-LongFengChengXiang.xml_0,昔日里梁鸿配孟光，,19430699.21263919,0.0
daeh-LiYanFei-DaBaoGuo.xml_1,文站东武列西朝贺哀家。,19441999.38026201,0.0
daeh-ZiNaRi-ZhuangYuanMei-1.xml_10,但愿得令公令婆别无异见，,19463471.186920725,0.0
daxp-DangRiLi-SuoLinNang.xml_4,那花轿必定是因陋就简，,19469334.51931243,0.0
daeh-ZiNaRi-ZhuangYuanMei-2.xml_6,百姓们闺房乐如花美眷，,19486383.532657545,0.0
daxp-ChunQiuTing-SuoLinNang.xml_30,麟儿那有神送到，,19536688.281326808,0.0
sdeh-WenSanNiang-SanNiangJiaoZi.xml_6,又谁知平白的闪跌一跤。,19617458.074154757,0.0
daeh-NuZiYou-TouJunBieYao.xml_3,也不枉我二人苦度时光。,19699447.610749416,0.0
daxp-QiaoLouShang-HuangShanLei.xml_9,看娇儿正酣睡恐被风侵。,19792632.989772718,0.0
sdxp-WoHeNi-SiLangTanMu.xml_25,有什么心腹事你只管明言。,19845863.912159,0.0
daxp-DangRiLi-SuoLinNang.xml_15,囊虽小却能做续命泉源。,19871389.383599494,0.0
sdxp-SuLongWei-WuJiaPo.xml_38,西凉的鞑子将你斩，,19893850.812855154,0.0
daxp-WoZhuYe-SiLangTanMu.xml_1,众文武扶哀家执掌军房。,19938704.533725187,0.0
daxp-LaoDieDie-DaYuShaJia-1.xml_3,等候了爹爹回细问根由。,19964288.400889341,0.0
daxp-ZheCaiShi-SuoLinNang.xml_7,愧我当初赠木桃。,20042593.360155281,0.0
daxp-QiaoLouShang-HuangShanLei.xml_4,到三更真个是月明人静，,20056771.085713271,0.0
daxp-ErDeFu-HongNiGuan.xml_2,奴这里只把那结婚思量，,20108365.06346634,0.0
daxp-ErDeFu-HongNiGuan.xml_4,清早起我和他一度商量，,20383369.141375631,0.0
daxp-WoDeNiang-XinAnYi.xml_0,我的娘她忘了女生外姓，,20407049.130055085,0.0
daxp-LaoDieDie-SanJiZhang-1.xml_3,贫穷人得了志比富还强。,20632243.991885472,0.0
daxp-ErTingDe-SuoLinNang.xml_5,问那厢因何故痛哭无聊？,20759380.550417401,0.0
sdxp-SuLongWei-WuJiaPo.xml_26,你我同把相府进，,20792188.512254953,0.0
daeh-XiaoNuCai-SanNiangJiaoZi.xml_5,叹一声不由人珠泪如梭。,20845564.924261495,0.1
daxp-ChunQiuTing-SuoLinNang.xml_6,此时却又明白了，,20905925.523905706,0.0
daxp-ErTingDe-SuoLinNang.xml_30,小小囊儿何足道，,20928337.784358792,0.0
sdxp-SuLongWei-WuJiaPo.xml_27,三人对面（就）说分明。,20937142.128823183,0.0
daxp-XiRiLiang-LongFengChengXiang.xml_0,昔日梁鸿配孟光，,20948943.140788112,0.0
daxp-ChunQiuTing-SuoLinNang.xml_33,救她饥渴胜琼瑶。,21013778.038679566,0.0
daeh-ZiNaRi-ErJinGong.xml_7,看一看不觉到八月中秋。,21023865.193007831,0.0
daxp-XiShiNv-XiShi.xml_0,西施女生长在苎萝村里，,21048192.584030308,0.0
daeh-LiYanFei-ErJinGong.xml_3,想必是徐杨将进了昭阳。,21178980.419529565,0.0
sdxp-SuLongWei-WuJiaPo.xml_43,落得个孝子的名儿在那天下传。,21204860.659864154,0.0
daxp-ChunQiuTing-SuoLinNang.xml_32,小小囊儿何足道，,21292911.923138361,0.0
daxp-FeiShiWo-TaoHuaCun.xml_4,已然错请生波浪，,21456284.113671225,0.0
daxp-ErTingDe-SuoLinNang.xml_28,麟儿哪有神送到，,21645862.673473649,0.0
daeh-ZiNaRi-ZhuangYuanMei-2.xml_7,帝王家深宫怨似水流年。,21693838.433919072,0.0
daeh-WuDuanQiao-BiYuZan.xml_3,落得孤身病恹恹。,21729730.939842552,0.0
daxp-XiShiNv-XiShi.xml_1,难得有开怀事常锁双眉。,21801460.021116368,0.0
daxp-QiaoLouShang-HuangShanLei.xml_8,听画鼓报四更愈添凄冷，,21992917.141085986,0.0
daxp-DuiLingHua-BiYuZan.xml_3,也算得人世间美满姻缘。,22000249.286776677,0.0
daspd-DuShouKong-WangJiangTing.xml_2,孀居愁苦泪洗面，,22126533.489123937,0.0
daeh-NaRiFeng-YuanXiaoMi.xml_7,不如早死命归西。,22281167.130563866,0.0
daxp-NiDeFu-FenHeWan.xml_3,不等到日落及早回程。,22312654.816369712,0.0
daxp-NiDeFu-FenHeWan.xml_1,全仗你打雁养娘亲，,22351624.59966309,0.0
daeh-ZuoChunGui-XiShi.xml_3,夜不眠朝慵起又向谁言。,22366614.587843321,0.0
daeh-ZiNaRi-ErJinGong.xml_2,先王爷晏驾后太子年幼，,22745162.310540937,0.0
daxp-ChenSanLiang-ChenSanLiangPaTang.xml_5,最可恨鸨儿叫我接客人。,22941945.452246241,0.0
daxp-MengTingDe-MuiGuiYingGuaShuai.xml_3,敌血飞溅石榴裙。,23108309.265590645,0.0
daxp-MengJunZi-ChunQiuPei-1.xml_4,在家中受不过继母拷打，,23313366.406996254,0.0
daeh-ZiNaRi-ZhuangYuanMei-1.xml_6,百姓们闺房乐如花美眷，,23401390.954278179,0.0
daxp-XiRiLi-LongFengChengXiang.xml_3,安排虎计害刘王。,23544412.921889964,0.1
daxp-MengJunZi-ChunQiuPei-2.xml_3,我爹爹名姜绍贸易天涯。,23578485.25995953,0.0
daxp-DuiLingHua-BiYuZan.xml_1,听她言不由人喜上眉尖。,23632703.382221792,0.0
daxp-DangRiLi-SuoLinNang.xml_3,耳听得风声断，雨声喧，雷声乱，乐声阑珊，人声呐喊，都道说是大雨倾天。,23659676.627762612,0.2
daxp-ErTingDe-SuoLinNang.xml_14,休要噪且站了，,23736901.035626516,0.1
daxp-LaoDieDie-SanJiZhang-2.xml_3,这样人得了志比父还强。,23898254.041217763,0.0
daxp-DangRiLi-SuoLinNang.xml_6,虽然是古青庐以朴为俭，,23946253.768662337,0.0
daspd-HaiDaoBing-GuiFeiZuiJiu.xml_5,恰便似嫦娥离月宫，,23993339.137431551,0.0
daxp-DangRiLi-SuoLinNang.xml_13,怎奈我在轿中赤手空拳。,24000788.478308853,0.0
daxp-QiaoLouShang-HuangShanLei.xml_7,原来是秋风起扫叶之声。,24423232.947214462,0.1
daeh-ZuoRiGong-TaiZhenWaiChuan.xml_1,有谁知一时错被逐宫廷。,24503405.4109855,0.0
daeh-TanHongYan-HuoXiaoYu.xml_3,啼花泣月在暗里（呀）添愁。,24615941.755980551,0.0
daxp-MengJunZi-ChunQiuPei-1.xml_2,家住在罗郡城魁星楼下，,24652106.887381937,0.0
daxp-ChunQiuTing-SuoLinNang.xml_1,何处悲声破寂寥。,24689886.431414213,0.1
daspd-HaiDaoBing-GuiFeiZuiJiu.xml_2,那冰轮离海岛，,24733202.74262638,0.0
daxp-QiaoLouShang-HuangShanLei.xml_5,猛听得窗儿外似有人行。,24942018.626029033,0.0
daxp-DangRiLi-SuoLinNang.xml_11,为什么悲切切哭得可怜。,24955429.298932146,0.0
daxp-LaoDieDie-DaYuShaJia-2.xml_3,等候了爹爹回细问根由。,25180883.565203268,0.0
daxp-ErTingDe-SuoLinNang.xml_22,分我一枝珊瑚宝，,25181117.90926794,0.0
sdxp-DangNianHan-SanJiZhang.xml_13,商鞅不中苏季子，,25181117.90926794,0.0
sdxp-SuLongWei-WuJiaPo.xml_30,本利算来有多少，,25204646.736648865,0.0
daxp-LaoDieDie-SanJiZhang-1.xml_2,父休笑薛平贵是花郎模样，,25473550.276001405,0.1
daxp-ErTingDe-SuoLinNang.xml_18,人情冷暖凭空造，,25581517.807130706,0.0
daxp-MengTingDe-MuiGuiYingGuaShuai.xml_0,猛听得金鼓响画角声震，,25761572.988399677,0.1
daxp-JiaoZhangSheng-HongNiang.xml_5,听号令且莫要惊动了她。,25834607.316536903,0.0
daxp-XiShiNv-XiShi.xml_5,对清溪时照影自整罗农。,25893456.573543105,0.0
daeh-NaRiFeng-YuanXiaoMi.xml_3,我与母亲两分离。,25954489.333856735,0.0
daxp-WoZhuYe-SiLangTanMu.xml_5,阅兵书看何人前来何安。,26019661.273501869,0.0
daeh-CanQiQi-WuLongZuo.xml_3,担几肩头晕转体若筛糠。,26500585.746685091,0.0
daeh-ZiNaRi-ZhuangYuanMei-2.xml_8,幸喜得珍珠衫称心如愿，,26551737.455986023,0.0
daxp-MengJunZi-ChunQiuPei-1.xml_3,我的父名姜绍贸易天涯。,26687529.294505183,0.0
daspd-DuShouKong-WangJiangTing.xml_3,为避狂徒到此间。,26777495.575017717,0.0
daxp-LaoDieDie-SanJiZhang-2.xml_2,父道那薛平贵是那化郎模样，,26802399.40734937,0.0
daeh-TanHongYan-HuoXiaoYu.xml_5,隔着窗儿点滴不休。,26827947.197450049,0.1
daeh-ZuoRiGong-TaiZhenWaiChuan.xml_3,但不知何日里再沐圣明。,26938941.964777257,0.0
daxp-GuanShiYin-TianNvSanHua.xml_0,观世音满月面珠开妙相，,27086561.523516003,0.0
daxp-DangRiLi-SuoLinNang.xml_7,哪有这短花帘，旧花幔，参差流苏，残破不全。,27528796.102422144,0.0
daxp-ZhiJianTa-WangJiangTing.xml_8,出二堂深施礼，,27533357.338418439,0.0
daxp-XiRiLiang-LongFengChengXiang.xml_3,安排巧计害刘王。,27585151.751156729,0.1
dldeh-ShouBiPo-ChunQiuPei.xml_4,想亲娘和老父心乱如麻。,27723290.316752423,0.0
daxp-LaoDieDie-YuZhouFeng.xml_3,观此本免了儿一门祸殃。,28069554.139478635,0.0
daxp-TingTaYan-ZuoGong.xml_0,听他言吓得我浑身是汗，,28093501.307384521,0.0
daxp-WoDeNiang-XinAnYi.xml_3,却原来母亲到儿未知情。,28204504.215687428,0.0
daxp-LaoDieDie-DaYuShaJia-1.xml_1,到叫我桂英儿挂在心头；,28213538.221246872,0.0
daxp-MengJunZi-ChunQiuPei-1.xml_1,虽然是男女别不得不答。,28259376.728759162,0.0
daeh-TanHongYan-HuoXiaoYu.xml_1,美满姻缘付东流。,28266060.457601879,0.0
daxp-MengTingDe-MuiGuiYingGuaShuai.xml_6,番王小丑何足论，,28313337.152080242,0.0
danbz-BeiJiuChan-ChunGuiMeng.xml_1,算当初曾经得几晌温存。,28342746.234224223,0.0
daxp-ChunQiuTing-SuoLinNang.xml_20,人情冷暖凭天造，,28583310.097614516,0.0
daeh-WuDuanQiao-BiYuZan.xml_7,又怕丑名误流传。,28719358.912831362,0.1
daxp-ErDeFu-HongNiGuan.xml_1,撇下了奴一人好不悲凉。,29033328.96610719,0.0
daxp-ErTingDe-SuoLinNang.xml_16,听薛良一语来相告，,29101754.416812532,0.0
daxp-ZhiJianTa-WangJiangTing.xml_6,低下头心生计，,29238486.863316931,0.0
daxp-LaoDieDie-YuZhouFeng.xml_1,明早朝上金殿面奏吾皇。,29404161.104274061,0.0
sdxp-WoHeNi-SiLangTanMu.xml_32,适才叫咱盟誓愿，,29795311.985063873,0.0
sdxp-DangNianHan-SanJiZhang.xml_9,当年韩信与苏秦，,30082842.030915,0.0
sdxp-SuLongWei-WuJiaPo.xml_28,我父在朝为官宦，,30101756.459654137,0.0
daxp-ChunQiuTing-SuoLinNang.xml_18,听薛良一语来相告，,30130072.673215803,0.0
daxp-DangRiLi-SuoLinNang.xml_16,有金珠和珍宝光华灿烂，,30140692.395396136,0.0
daxp-LaoDieDie-DaYuShaJia-2.xml_1,倒叫我桂英儿挂在心头。,30302528.929842636,0.0
daxp-ChunQiuTing-SuoLinNang.xml_0,春秋亭外风雨暴，,30515255.901413824,0.0
daeh-LiYanFei-DaBaoGuo.xml_7,宣太师上金殿披红插花。,30643706.599098932,0.0
daxp-ZhiJianTa-WangJiangTing.xml_0,只见他一封书信握手里，,30676206.044275694,0.0
daeh-ZiNaRi-ZhuangYuanMei-1.xml_8,幸喜得珍珠衫称心如愿，,30704971.513850823,0.0
sdxp-WoHeNi-SiLangTanMu.xml_22,讲什么夫妻情恩德不浅，,31736641.995839644,0.0
daxp-ChenSanLiang-ChenSanLiangPaTang.xml_1,公正的老爷细听分明。,32080891.713050894,0.0
danbz-BeiJiuChan-ChunGuiMeng.xml_4,原来是不耐烦已经睡困，,32217557.023422178,0.0
daxp-FeiShiWo-TaoHuaCun.xml_0,非是我嘱咐叮咛把话讲，,32472546.588192586,0.0
daxp-MengJunZi-ChunQiuPei-2.xml_1,虽然是不相识我就不得不答。,32579303.969000664,0.0
sdxp-DangNianHan-SanJiZhang.xml_20,爹爹为何你要退婚？,32932085.725290135,0.0
daxp-WoHeNi-SangYuanHui.xml_0,我和你有什么夫妻的情，,33810997.047203578,0.0
dldeh-ShouBiPo-ChunQiuPei.xml_6,你继母心毒狠将你打骂，,33988021.30291196,0.0
sdxp-WoHeNi-SiLangTanMu.xml_26,你那里休得要巧言舌辨，,34395465.167086065,0.1
daxp-TingTaYan-ZuoGong.xml_3,他思家乡想骨肉就不能团圆。,34453638.928904034,0.0
sdxp-SuLongWei-WuJiaPo.xml_39,妻儿老小与奴一般。,34509022.68558982,0.0
lseh-NiangZiBu-SouGuJiuGu.xml_11,不舍娇儿难救孤身。,34632061.261268042,0.0
daxp-MengJunZi-ChunQiuPei-2.xml_5,因此上到郊外来捡芦花（呀）。,34656722.800992168,0.0
lseh-YiLunMing-WenZhaoGuan-1.xml_19,叫人难解巧机关，,34745926.726992667,0.0
lseh-XinZhongYou-WenZhaoGuan.xml_3,叫人难解巧机关。,34888708.822779633,0.0
daxp-ErTingDe-SuoLinNang.xml_0,耳听得悲声惨心中如捣，,35215755.985945828,0.1
daxp-ChunQiuTing-SuoLinNang.xml_12,耳听得悲声惨心中如捣，,35366797.737755321,0.1
daxp-WoDeNiang-XinAnYi.xml_1,奴年交十九岁还守闺门。,36075070.010205768,0.0
daxp-QiaoLouShang-HuangShanLei.xml_10,我不免引寒机伴奴坐等，,36093081.898864463,0.0
daxp-GuanShiYin-TianNvSanHua.xml_7,催祥云驾瑞彩速赴佛场。,36788915.862945199,0.0
daxp-XiShiNv-XiShi.xml_3,每日里浣纱去又傍清溪。,37556418.732242264,0.0
daxp-WoZhuYe-SiLangTanMu.xml_3,一心心要夺取宋室江山。,37875661.219677858,0.0
daxp-ErDeFu-HongNiGuan.xml_3,倒不如与伯党匹配鸾凰。,38270339.882968806,0.0
daxp-QiaoLouShang-HuangShanLei.xml_1,父子们去采药未见回程。,38327307.063383356,0.0
daxp-ErTingDe-SuoLinNang.xml_15,薛良与我去问一遭。,38727293.997629389,0.0
sdxp-DangNianHan-SanJiZhang.xml_19,非是女儿言不逊，,38897979.874519385,0.0
daxp-ErTingDe-SuoLinNang.xml_24,忙把梅香低声叫，,39147842.019146726,0.1
sdxp-SuLongWei-WuJiaPo.xml_40,这锭银子奴不要，,39509169.267635778,0.0
sdxp-SuLongWei-WuJiaPo.xml_32,我进相府对父言，,39509169.267635778,0.0
sdxp-SuLongWei-WuJiaPo.xml_36,军爷说话理不端，,40308208.715043269,0.0
daxp-ChunQiuTing-SuoLinNang.xml_26,忙把梅香低声儿叫，,40348472.014697097,0.1
daxp-TingTaYan-ZuoGong.xml_5,尊一声驸马爷细听咱言。,40722970.231135145,0.1
lsxp-JiangShenEr-SanJiaDian.xml_4,杨林与我来争斗，,40787800.224001661,0.0
daxp-LaoDieDie-SanJiZhang-1.xml_1,我立志不嫁那状元才郎。,40953979.286020473,0.0
daxp-LaoDieDie-SanJiZhang-2.xml_1,儿命苦怎配着状元才郎？,41021123.868870817,0.0
sdxp-SuLongWei-WuJiaPo.xml_24,提起了旁人我不晓，,42222151.110254459,0.0
sdxp-WoHeNi-SiLangTanMu.xml_30,宋营离此路途远，,42250058.002818964,0.0
daxp-XiRiLi-LongFengChengXiang.xml_1,今朝仙女会襄王。,42775925.596978784,0.0
daxp-QiaoLouShang-HuangShanLei.xml_3,不知他在荒山何处安身。,43751828.494688302,0.0
daxp-QiaoLouShang-HuangShanLei.xml_6,忙移步隔花荫留神听定，,44805018.613164678,0.0
daxp-ChunQiuTing-SuoLinNang.xml_15,莫不是强婚配鸦占鸾巢？,45405174.124632165,0.0
daxp-ErTingDe-SuoLinNang.xml_3,莫不是强婚配鸦占鸾巢。,46029676.66217383,0.0
daxp-ZheCaiShi-SuoLinNang.xml_0,这才是人生难预料，,46733741.854055867,0.0
daxp-DiTouLi-NvQiJie.xml_0,低头离了洪洞县，,47539194.673783138,0.0
daxp-SuSanLi-NvQiJie.xml_0,苏三离了洪洞县，,47928112.571361907,0.0
sdxp-DangNianHan-SanJiZhang.xml_17,仙女配的是董永，,47928112.571361907,0.0
daxp-WoDeNiang-XinAnYi.xml_2,这几日身不爽心中烦闷，,48114211.731309362,0.0
lsxp-JiangShenEr-SanJiaDian.xml_6,舍不得太爷的恩情厚，,48990996.454506062,0.0
daxp-ChenSanLiang-ChenSanLiangPaTang.xml_3,发奋自强日夜读诗文。,49053063.680391699,0.0
lsxp-JiangShenEr-SanJiaDian.xml_3,二不是歹人（呐）把城偷。,49478562.705168679,0.0
lsxp-CiShiJian-HuaiHeYing-2.xml_2,在长安是你夸大话，,49498717.944542952,0.1
lsxp-DaHeYi-SiLangTanMu.xml_13,十五年前沙滩会，,49882516.245692261,0.0
lsxp-ZheYiFeng-DingJunShan.xml_1,天助黄忠成功劳。,50309194.653187968,0.0
daxp-XiRiLiang-LongFengChengXiang.xml_1,今朝仙女会襄王。,50416147.564124838,0.0
lseh-YiLunMing-WenZhaoGuan-1.xml_30,朝臣待漏（哇）五更寒，,51124139.385355778,0.0
lseh-LaoZhangBu-WuPenJi.xml_3,我本屈死一鬼魂。,51938751.596247986,0.0
lsxp-JiangShenEr-SanJiaDian.xml_0,将身儿来至在大街口，,52060849.151611798,0.1
lseh-XinZhongYou-WenZhaoGuan.xml_14,朝臣待漏五更寒。,53311709.319233455,0.0
lseh-ZenNengGou-BaDaChui.xml_1,前后话对文龙细说衷情。,53956438.001782864,0.0
daxp-ErDeFu-HongNiGuan.xml_6,奴本当把关印付他执掌，,54356183.342236996,0.0
lsxp-JiangShenEr-SanJiaDian.xml_12,儿想娘亲难叩首，,55225023.673897564,0.0
lsxp-JiangShenEr-SanJiaDian.xml_14,眼见得红日坠落在西山后，,56211621.657700501,0.0
sdxp-DangNianHan-SanJiZhang.xml_15,未央宫斩的是韩信，,57490780.509000093,0.0
sdxp-SuLongWei-WuJiaPo.xml_16,送与大嫂把家安。,59275017.969127595,0.1
lsxp-WoZhuYe-ZhuiHanXin.xml_10,项羽不遵怀王约，,60251936.732407138,0.0
lsxp-WoZhuYe-ZhuiHanXin.xml_6,也是我主洪福广，,62296952.887730569,0.0
lseh-XiRiLi-BaoLianDeng.xml_10,首阳山前冻饿死（喏）。,62936654.079684131,0.0
lseh-YiLunMing-ZhuoFangCao-1.xml_21,贼好比猛虎未（呀）曾长牙，,63196210.502207927,0.0
lseh-NiangZiBu-SouGuJiuGu.xml_9,来年必定降麒麟。,63679088.865975745,0.0
lsxp-ZouYingLong-DaYanSong.xml_7,站立在殿角用目来观定，,63825172.98925487,0.0
sdxp-WoHeNi-SiLangTanMu.xml_8,我的娘押粮草来到北番。,65165692.818268515,0.0
lseh-TuZeiZuo-SouGuJiuGu.xml_1,诬杀赵家一满门。,65288298.944254965,0.0
lseh-YiLunMing-ZhuoFangCao-2.xml_4,吕伯奢可算得义气大，,65898763.669863611,0.2
lsxp-JiangShenEr-SanJiaDian.xml_8,实难舍街坊四邻与我的好朋友，,66785683.488941729,0.0
lsxp-WoZhuYe-ZhuiHanXin.xml_12,今日里萧何荐良将，,67185619.072378308,0.0
lseh-LaoZhangBu-WuPenJi.xml_7,望求老丈把冤伸。,67707660.389802396,0.0
lseh-YiLunMing-WenZhaoGuan-1.xml_12,我好（哇）比鱼儿吞了钩线，,69302481.961815983,0.1
lseh-YiLunMing-WenZhaoGuan-2.xml_12,我好（呃）比鱼儿吞了钩线，,69470052.479190409,0.1
lsxp-ZouYingLong-DaYanSong.xml_2,那一日打从大街进，,69534703.074595228,0.1
sdxp-SuLongWei-WuJiaPo.xml_15,这锭银、三两三，,70410289.737791583,0.0
lseh-YiLunMing-ZhuoFangCao-1.xml_16,我只说贼是个宽宏量大，,70925182.008662388,0.1
lsxp-JiangShenEr-SanJiaDian.xml_10,娘生儿连心肉，,71650116.202495694,0.0
lseh-YiLunMing-ZhuoFangCao-2.xml_6,又谁知此贼的疑心太大，,72756358.73483108,0.1
lseh-YiLunMing-ZhuoFangCao-1.xml_13,越思越想把事来作差。,72939313.250128746,0.0
lsxp-HenPingWang-WenZhaoGuan.xml_0,恨平王无道乱楚宫（兀），,73053149.450110048,0.0
lsxp-WoZhuYe-ZhuiHanXin.xml_2,怀王也曾把旨降，,73827108.896829844,0.0
lsxp-ZouYingLong-DaYanSong.xml_12,罢、罢、罢，暂且忍却我的心头恨，,74533507.186189577,0.1
lsxp-ZouYingLong-DaYanSong.xml_4,我问顽童啼哭因何故，,74758669.285762921,0.0
lseh-YiLunMing-ZhuoFangCao-1.xml_25,险些儿把事（喏）又（哇）作差。,76774546.139681086,0.0
lseh-YiLunMing-WenZhaoGuan-1.xml_21,为何几日他不言。,77379749.542707816,0.0
lsxp-ZouYingLong-DaYanSong.xml_10,他本是我朝中上欺天子下压臣谋朝篡位卖国的奸贼他名叫严嵩，,77924640.311973959,0.0
lsxp-JiangShenEr-SanJiaDian.xml_2,一不是响马与贼寇，,78263591.199718341,0.0
lsxp-DaHeYi-SiLangTanMu.xml_23,本帅开言把他问，,78456449.761447698,0.0
lseh-YiLunMing-ZhuoFangSuDian.xml_6,又谁知此贼的疑心（呐）太（呀）大，,78890713.796230376,0.1
lseh-YiLunMing-ZhuoFangCao-1.xml_8,一家人倶丧在宝剑之（喏）下，,79176195.826930299,0.0
lseh-YiLunMing-ZhuoFangCao-1.xml_7,拔出剑将他的满门杀，,79781877.336184293,0.0
lsxp-WoZhuYe-ZhuiHanXin.xml_13,但愿得言听计从重整汉家邦、一同回故乡。,79836119.924830019,0.0
lseh-YiLunMing-ZhuoFangSuDian.xml_7,拔出剑将他的满门杀，,80396897.05357179,0.0
lsxp-JiangShenEr-SanJiaDian.xml_7,舍不得衙役们众班头。,80420266.379636392,0.0
lsxp-JiangShenEr-SanJiaDian.xml_9,舍不得老娘（呃）白了头。,81005738.507137626,0.0
lsxp-ZuoRiLi-YuanMenZhanZi.xml_0,昨日里斩八将头挂营外，,81508032.602421865,0.0
lsxp-WoZhuYe-ZhuiHanXin.xml_14,撩袍端带我把金殿上，,81948598.311611891,0.0
lsxp-YiShiWu-YuCangJian.xml_9,行至在昭关有阻拦。,83651472.451318458,0.0
lsxp-CiShiJian-HuaiHeYing-1.xml_2,在长安是你夸大话，,83732190.931909516,0.1
lsxp-ZouYingLong-DaYanSong.xml_3,偶遇见小小的顽童放悲声，,84185753.805992037,0.2
lsxp-DaHeYi-SiLangTanMu.xml_15,六弟下位把兄认，,84792666.408563077,0.0
lsxp-DaHeYi-SiLangTanMu.xml_31,走上前来忙松捆，,84915808.019514948,0.0
lsxp-ZuoRiLi-YuanMenZhanZi.xml_1,老娘亲为什么不讲情来？,85458201.55219394,0.0
lseh-XiRiLi-BaoLianDeng.xml_11,留得美名万古存，,86465858.95807007,0.0
lsxp-DaHeYi-SiLangTanMu.xml_19,本帅帐中用目睁，,86982958.370727077,0.0
lsxp-CiShiJian-HuaiHeYing-1.xml_5,右手再把栾布拉。,87075721.577814758,0.0
lseh-YangYanZhao-PengBei.xml_5,又恐怕惊动了年迈之人。,87470617.664337784,0.1
lseh-ZiNaRi-HongYangDong.xml_5,又谁知焦克明他私（呀）自后跟（呐），,89598238.962673962,0.0
lsxp-WoZhuYe-ZhuiHanXin.xml_15,扬尘舞蹈见大王。,90749462.920817569,0.1
lseh-YiLunMing-ZhuoFangSuDian.xml_8,一家人倶丧在宝剑之（喏）下，,90912696.982482702,0.0
lseh-ZiNaRi-HongYangDong.xml_4,二次（喏）里命孟良番营来进，,91019197.051420882,0.0
lseh-YiLunMing-ZhuoFangCao-1.xml_3,悔不该随他人到吕家，,92137874.505149797,0.0
lseh-YiLunMing-ZhuoFangSuDian.xml_9,年迈的老丈命（呐）染黄沙。,92649091.014722764,0.0
lsxp-WoZhuYe-ZhuiHanXin.xml_3,两路分（呐）兵定咸阳。,92949359.127754197,0.0
lseh-XinZhongYou-WenZhaoGuan.xml_5,为何几日他不言，,93048161.845043495,0.0
lseh-XiRiLi-BaoLianDeng.xml_12,为父的怎比得孤竹君，,93572247.202550888,0.0
sdxp-SuLongWei-WuJiaPo.xml_21,为军起下不良的意呀，,94011027.768673241,0.0
lseh-XiRiLi-BaoLianDeng.xml_14,打死了别家子父能作主，,94082518.721642792,0.0
lseh-YiLunMing-ZhuoFangSuDian.xml_3,悔不该随他人到吕家。,94307488.765247568,0.0
lseh-XinZhongYou-WenZhaoGuan.xml_7,你就该把我献与昭关。,94946165.837678492,0.0
sdxp-WoHeNi-SiLangTanMu.xml_3,杨廷辉有一日愁眉得展，,96334096.518606633,0.0
lsxp-ZouYingLong-DaYanSong.xml_5,他言道严嵩老贼害他的举家一满门。,96374991.200181454,0.1
lsxp-DaHeYi-SiLangTanMu.xml_20,见一番汉帐中行。,96409941.016538635,0.0
lseh-NiangZiBu-SouGuJiuGu.xml_8,你今舍了亲生子，,96604127.655605987,0.0
lseh-YiLunMing-ZhuoFangCao-2.xml_7,拔出剑将他的满门杀。,97066630.624368489,0.0
lsxp-WoZhuYe-ZhuiHanXin.xml_5,后进咸阳扶保在朝纲。,98316676.34031792,0.0
lseh-XiRiLi-BaoLianDeng.xml_6,弟让兄来兄不能应（呐）允，,98875896.350824207,0.0
lseh-YiLunMing-WenZhaoGuan-1.xml_23,你就该把我献与昭关。,100427251.70730254,0.0
lsxp-YiShiWu-YuCangJian.xml_2,日月轮流催晓（哇）箭，,102107497.59680346,0.0
sdxp-WoHeNi-SiLangTanMu.xml_9,我有心回宋营见母一面，,102240704.04068181,0.0
lseh-YiLunMing-WenZhaoGuan-2.xml_11,我好比龙游在浅沙滩。,102291578.87893246,0.0
lseh-YiLunMing-ZhuoFangSuDian.xml_4,吕伯奢可算得义气（呀）大，,102424566.5631794,0.2
sdxp-WoHeNi-SiLangTanMu.xml_4,誓不忘贤公主恩重如山。,103752795.70117916,0.0
lsxp-ZiCongQian-ZhuLianZhai.xml_5,望千岁恕学生礼貌不周。,103797536.96117695,0.0
lseh-XinZhongYou-WenZhaoGuan.xml_15,到如今夜宿在荒村院，,103886496.47835878,0.0
lseh-YiLunMing-WenZhaoGuan-1.xml_31,到如今夜宿在荒村院，,103886496.47835878,0.0
lseh-XinZhongYou-WenZhaoGuan.xml_6,贪图富贵来害我，,105180650.03037018,0.1
lsxp-ZouYingLong-DaYanSong.xml_11,我本当金（哪）殿奏一本怎奈我官卑职小不能够参大臣。,105767895.46079269,0.1
lseh-YiLunMing-ZhuoFangCao-2.xml_8,一家人倶丧在宝剑之下，,106168264.00709312,0.0
lseh-YiLunMing-WenZhaoGuan-1.xml_8,俺伍员好一似丧家犬，,106680454.41891982,0.0
lseh-YiLunMing-WenZhaoGuan-1.xml_4,幸遇那东皋公行方便，,107454764.00361678,0.0
lseh-YiLunMing-WenZhaoGuan-1.xml_11,我好比龙游在浅沙滩。,107507658.20407781,0.0
lseh-NiangZiBu-SouGuJiuGu.xml_2,赵屠二家有仇恨，,107977311.36825967,0.0
lsxp-JianMaSu-ZhanMaSu.xml_1,不由老夫咬钢牙，,108051804.08800092,0.0
lseh-YiLunMing-WenZhaoGuan-1.xml_10,我好（哇）比哀哀长空雁，,108340285.95991683,0.0
lseh-YiLunMing-ZhuoFangCao-1.xml_20,贼好比蛟龙未生鳞甲，,109129756.9224385,0.0
lseh-YiLunMing-WenZhaoGuan-2.xml_10,我好（呃）比哀哀长空雁，,109176185.25377406,0.0
lseh-XiRiLi-BaoLianDeng.xml_1,伯夷叔齐二大贤人，,110276178.25305855,0.1
lseh-XuMaoGong-QinQiongFaPei.xml_2,既是为我前来到，,110848981.40577747,0.0
lsxp-WoBenShi-KongChengJi-2.xml_3,算就了汉家的业鼎足（呃）三分。,110893668.74805047,0.0
lseh-XiRiLi-BaoLianDeng.xml_4,那叔齐分长幼不能担任，,111447551.11435275,0.0
lseh-XiRiLi-BaoLianDeng.xml_8,那伯夷出午门无（哇）有踪（呃）影，,111491517.82336062,0.0
lsxp-WoBenShi-KongChengJi-1.xml_8,闲无哇事在敌楼哇我亮（呃）一亮琴哪音，,111556342.2113173,0.0
lsxp-TingTaYan-ZhuoFangCao-1.xml_2,我先前只望他宽宏量（呃）大，,111814236.66382298,0.1
lsxp-TingTaYan-ZhuoFangCao-2.xml_2,我先前只望他宽宏量（呃）大，,111814236.66382298,0.1
lseh-YiLunMing-WenZhaoGuan-2.xml_4,幸遇那东皋公行方便，,111885032.02837482,0.0
lseh-TuZeiZuo-SouGuJiuGu.xml_3,大事还要问程婴。,111906465.42902042,0.1
lseh-NiangZiBu-SouGuJiuGu.xml_12,无奈何我只得双（呃）膝跪，,112091254.33680628,0.0
lsxp-WoZhuYe-ZhuiHanXin.xml_7,一路上得遇陆贾、郦生与张良。,112105950.57898475,0.0
lseh-YiLunMing-WenZhaoGuan-1.xml_22,贪图富贵来害我，,112367861.88689406,0.1
lseh-XinZhongYou-WenZhaoGuan.xml_11,鸡鸣犬吠五更（呃）天，,112428736.79936874,0.0
lsxp-LiangGuoJiao-ShiJieTing-2.xml_5,靠山近水把管收。,112717626.81365338,0.0
lsxp-LiangGuoJiao-ShiJieTing-1.xml_5,靠山近水把营收。,112726307.94216768,0.0
lseh-XuMaoGong-QinQiongFaPei.xml_4,是是是（呀）来我明白了，,113833796.33317417,0.0
lseh-YiLunMing-WenZhaoGuan-2.xml_8,俺伍员好一似丧家犬，,113899055.55444841,0.0
lsxp-WoBenShi-KongChengJi-2.xml_8,闲无（呃）事在敌楼（呃）我亮一亮琴（呢）音，,114302703.40664865,0.0
lsxp-WeiCengKai-QiYuanBao.xml_0,未曾开言泪汪汪，,114698480.24390349,0.0
lsxp-ZiGuDao-HuangHeLou.xml_4,今日主公把宴上，,114719015.16607779,0.0
lseh-YiLunMing-WenZhaoGuan-1.xml_14,思来想去我的肝肠断，,115465639.41287121,0.0
lseh-YiLunMing-WenZhaoGuan-1.xml_27,鸡鸣犬吠五更（哪）天，,116011192.40685014,0.0
lseh-XuMaoGong-QinQiongFaPei.xml_5,其中必有这巧（哇）妙高。,117406894.17465289,0.0
lseh-YiLunMing-ZhuoFangCao-1.xml_9,年迈的老丈命（呐）染黄沙。,117459084.12678027,0.0
lseh-XuMaoGong-QinQiongFaPei.xml_3,缘何不救我出笼牢。,117720011.68338117,0.0
lseh-YangYanZhao-PengBei.xml_3,又只见老爹爹瞌睡沉沉。,118582433.25730005,0.0
lseh-YiLunMing-ZhuoFangCao-2.xml_3,悔不该随他人到吕家。,118723350.64136641,0.0
lseh-YiLunMing-WenZhaoGuan-1.xml_20,若是真心来救我，,119483877.82648824,0.0
lseh-XinZhongYou-WenZhaoGuan.xml_4,若是真心来救我，,119483877.82648824,0.0
sdxp-SuLongWei-WuJiaPo.xml_22,一马双跨到西凉。,119626796.59661543,0.0
lsxp-ZuoRiLi-YuanMenZhanZi.xml_2,今日里斩宗保娘把儿怪，,119976316.51213835,0.0
sdxp-WoHeNi-SiLangTanMu.xml_6,有一桩心腹事不敢明言。,120524424.35737321,0.0
lsxp-YiZhuangZhuang-QunYingHui.xml_0,一桩桩一件件倶已办就，,121077596.8796832,0.0
lseh-JinZhongXiang-ShangTianTai.xml_5,又听得殿角下大放悲声。,121315505.99147572,0.3
lsxp-ZiCongQian-ZhuLianZhai.xml_3,为千岁懒观五凤楼。,122282629.05768003,0.0
lseh-ZiNaRi-HongYangDong.xml_6,老军报他二人在洪洋（呃）洞丧（呃）命，,124054040.8322836,0.0
lseh-YiLunMing-WenZhaoGuan-2.xml_6,一连几天我的眉不（呃）展，,124889241.31574051,0.0
sdxp-WoHeNi-SiLangTanMu.xml_11,公主虽然不阻拦，,125200755.60837245,0.0
lseh-XinZhongYou-WenZhaoGuan.xml_13,想当初在朝为官宦，,125708881.95467164,0.0
lseh-YiLunMing-WenZhaoGuan-1.xml_29,想当初在朝为官宦，,125708881.95467164,0.0
sdxp-SuLongWei-WuJiaPo.xml_14,将银放在地平川。,126065391.43334913,0.1
sdxp-DangNianHan-SanJiZhang.xml_6,句句话儿伤父心。,126657907.33272637,0.0
lsxp-DaHeYi-SiLangTanMu.xml_12,我母佘氏老太君。,127577470.58458266,0.0
lsxp-WoZhuYe-ZhuiHanXin.xml_11,反将我主贬汉王。,128078897.65049158,0.0
lseh-YiLunMing-WenZhaoGuan-1.xml_6,一连几天我的眉不（哇）展，,128647509.13952118,0.0
lsxp-CiShiJian-HuaiHeYing-1.xml_3,为什么事到如今耍奸滑。,128883800.72102787,0.0
lsxp-ZouYingLong-DaYanSong.xml_9,那一旁坐的就是严阁老，,129050879.94059144,0.0
lsxp-WoZhuYe-ZhuiHanXin.xml_1,拔剑斩蛇天下扬。,130062940.30897552,0.0
lseh-YiLunMing-ZhuoFangCao-2.xml_10,屈死的冤鬼魂休要怨咱，,130429410.46820189,0.1
sdxp-SuLongWei-WuJiaPo.xml_20,为何来在大道边。,130438856.38650264,0.1
lsxp-TingTaYan-ZhuoFangCao-1.xml_7,既同行共（呃）大事必须要劝解于他（呀呃）。,131097536.87022677,0.1
lsxp-TingTaYan-ZhuoFangCao-2.xml_7,既同行共（呃）大事必须要劝解于他（呀呃）。,131097536.87022677,0.1
lsxp-ZhangGongDao-ZhuangYuanPu.xml_5,眼睁（呐）睁有何人去（呀）把纸烧。,131697335.79309265,0.0
lsxp-CiShiJian-HuaiHeYing-2.xml_5,右手再把栾布拉，,131824832.43642563,0.0
lsxp-YiShiWu-YuCangJian.xml_1,叹光明一去不回还（呐）；,131876094.08094206,0.0
lsxp-WeiCengKai-QiYuanBao.xml_6,行至在中途把雨降，,131983692.31574698,0.0
sdxp-SuLongWei-WuJiaPo.xml_11,好一个贞节王宝钏，,133361610.97248366,0.0
lsxp-WoZhuYe-ZhuiHanXin.xml_8,一路上秋毫无犯军威壮，,133467525.16765133,0.0
lsxp-CiShiJian-HuaiHeYing-2.xml_3,为什么事到如今耍奸滑？,133722886.12962091,0.0
lsxp-LiangGuoJiao-ShiJieTing-1.xml_4,此一番领兵去镇守，,133877836.9555389,0.0
lsxp-ZheYiFeng-DingJunShan.xml_2,站立在营门三军叫，,134147967.89410549,0.0
lsxp-TingTaYan-ZhuoFangCao-2.xml_1,背转身自埋怨我自（呃）已做差。,134348689.38219535,0.0
lsxp-TingTaYan-ZhuoFangCao-1.xml_1,背转身只埋怨我自（呃）己作差，,134348689.38219535,0.0
lsxp-ZuoRiLi-YuanMenZhanZi.xml_3,哭啼啼坐宝帐所为何来。,134661281.48973024,0.0
lseh-XinZhongYou-WenZhaoGuan.xml_8,哭一声爹娘不能相见，,134787073.9575167,0.1
lseh-YiLunMing-ZhuoFangCao-2.xml_9,年迈老丈命染黄沙。,135970327.55540803,0.0
lsxp-JianMaSu-ZhanMaSu.xml_3,失去了街亭差不差。,136192474.55056012,0.0
lsxp-LiangGuoJiao-ShiJieTing-1.xml_2,管待三（哪）军要宽厚，,136511711.10515925,0.0
lsxp-YiShiWu-YuCangJian.xml_0,一事无成两鬓斑，,137453973.96594539,0.0
lseh-NiangZiBu-SouGuJiuGu.xml_0,娘子不（哇）必太烈性，,137492822.27619022,0.0
lseh-YiLunMing-WenZhaoGuan-1.xml_24,哭一声爹娘不能相见，,138127806.76967072,0.1
sdxp-WoHeNi-SiLangTanMu.xml_13,公主赠我的金鈚箭，,138640551.31415173,0.0
lseh-YiLunMing-WenZhaoGuan-1.xml_18,背地里只把东皋公怨，,138848091.7781204,0.0
lsxp-DaHeYi-SiLangTanMu.xml_21,龙行虎步非凡等，,139380991.06497774,0.0
lsxp-WeiCengKai-QiYuanBao.xml_5,贩卖绸缎转还乡。,140217039.39963275,0.0
lsxp-WoBenShi-KongChengJi-2.xml_6,周文王访姜尚周室大振，,141718394.55113304,0.1
lseh-YiLunMing-ZhuoFangCao-1.xml_6,又谁知此贼的疑心（呐）太（呀）大，,141767445.51781178,0.1
lsxp-DaHeYi-SiLangTanMu.xml_11,我父令公官极品，,142240252.3051064,0.0
sdxp-WoHeNi-SiLangTanMu.xml_19,我若探母不回转，,142544095.6826534,0.0
lsxp-WoBenShi-KongChengJi-1.xml_3,算就了汉家的业鼎足哇三分。,142934602.12249511,0.0
lseh-NiangZiBu-SouGuJiuGu.xml_13,哀求娘子（喏）舍亲（呐）生。,143227118.09526458,0.0
lsxp-ZiCongQian-ZhuLianZhai.xml_0,自从千岁离朝后，,143335434.00502607,0.0
lsxp-YiShiWu-YuCangJian.xml_4,恨平王无道纲常乱，,144227550.24236199,0.0
lseh-YiLunMing-WenZhaoGuan-2.xml_14,思来想去我的肝肠断，,144830124.14263511,0.0
lsxp-WeiCengKai-QiYuanBao.xml_3,姓刘名安字世昌。,145041302.78517416,0.0
lsxp-WeiCengKai-QiYuanBao.xml_4,奉母命京城往，,145168473.93300122,0.0
lseh-ZiNaRi-HongYangDong.xml_8,为此事终（啊）日里忧成疾病，,145554258.63744718,0.0
lseh-NiangZiBu-SouGuJiuGu.xml_1,卑（呀）人言来你是（喏）听。,146101476.46034634,0.0
lsxp-ZhangGongDao-ZhuangYuanPu.xml_0,张公道三十五六（哇）子有靠，,146329950.451628,0.0
lseh-YiLunMing-ZhuoFangCao-1.xml_12,听谯楼打罢了二（喏）更鼓下，,146937487.6142028,0.0
lsxp-ZouYingLong-DaYanSong.xml_8,上面坐的是有道君，,147287855.02546704,0.0
lsxp-DaHeYi-SiLangTanMu.xml_5,弟兄们分别十五春，,147547117.48563549,0.0
lsxp-ZheYiFeng-DingJunShan.xml_6,向前各各有赏犒，,147884788.59936765,0.0
lsxp-DaHeYi-SiLangTanMu.xml_3,迈步且把宝帐（呀）进，,148507207.08495751,0.0
lsxp-WoZhuYe-ZhuiHanXin.xml_9,我也曾约法定过三章。,149307850.15615276,0.0
sdxp-DangNianHan-SanJiZhang.xml_7,要退、要退、偏要退！,149615912.05188701,0.0
sdxp-SuLongWei-WuJiaPo.xml_19,是烈女就该在家院，,150446438.83726814,0.0
lseh-NiangZiBu-SouGuJiuGu.xml_4,我与那公孙杵臼把计定，,152363286.98061785,0.0
lsxp-LiangGuoJiao-ShiJieTing-2.xml_0,两国交锋龙虎斗，,152831007.31855288,0.0
sdxp-DangNianHan-SanJiZhang.xml_3,小奴才真个不孝顺，,153173646.82270864,0.0
lsxp-ZheYiFeng-DingJunShan.xml_8,三军与（呀）爷归营号，,153258424.06881368,0.0
lsxp-LiangGuoJiao-ShiJieTing-1.xml_0,两国交（哇）锋龙虎斗，,153382408.29751492,0.0
lseh-YiLunMing-ZhuoFangSuDian.xml_10,屈死的怨鬼魂休要怨（呐）咱，,153709255.927551,0.1
lseh-YiLunMing-ZhuoFangCao-1.xml_5,杀猪（喏）沽（哇）酒款待于他，,153941184.73321152,0.0
lseh-NiangZiBu-SouGuJiuGu.xml_7,老天爷不绝我的后代根。,153995388.37274095,0.0
lsxp-WoBenShi-KongChengJi-1.xml_6,周文王访姜尚周室大振，,154513530.08267859,0.1
lseh-WeiKaiYan-RangXuZhou.xml_1,天卸重任我就要（哇）你担承。,155113246.10450569,0.0
lsxp-LiangGuoJiao-ShiJieTing-2.xml_4,此一番领（呃）兵去镇守，,155425254.10686782,0.0
lsxp-DaHeYi-SiLangTanMu.xml_17,弟兄对坐叙寒温。,156524364.27252164,0.0
lsxp-LiangGuoJiao-ShiJieTing-2.xml_2,管带三（呐）军要宽厚，,156616318.63293502,0.0
lseh-XiRiLi-BaoLianDeng.xml_3,传口诏命次子即位为君，,157954943.64030766,0.0
lsxp-TingTaYan-ZhuoFangCao-1.xml_0,听他言听得我心（呐）惊胆怕，,158034047.24680376,0.2
lsxp-TingTaYan-ZhuoFangCao-2.xml_0,听他言吓得我心（呐）惊胆怕，,158034047.24680376,0.2
sdxp-SuLongWei-WuJiaPo.xml_8,为军哪怕到官前。,158535369.22069168,0.1
lseh-XinZhongYou-WenZhaoGuan.xml_2,背地里只把东皋公怨，,158568914.12973112,0.0
lsxp-JiangShenEr-SanJiaDian.xml_1,尊一声过往的宾朋听从头：,158633229.19396108,0.1
lseh-ZiNaRi-HongYangDong.xml_7,去了我左右膀难以飞行。,159073265.07080775,0.0
lseh-TuZeiZuo-SouGuJiuGu.xml_2,眼见得忠良无救应，,159254806.43511871,0.0
sdxp-SuLongWei-WuJiaPo.xml_18,我与你露水的夫妻就过几年（呐）。,159264086.47348914,0.0
lseh-YangYanZhao-PengBei.xml_2,迈虎步我且把宝帐来进，,159296064.43552738,0.0
sdxp-WoHeNi-SiLangTanMu.xml_7,萧天佐摆天门两国交战，,159389904.9162598,0.0
lsxp-QingGongYan-FaDongWu.xml_3,又谁知中途两离分。,159514321.62445974,0.0
sdxp-WoHeNi-SiLangTanMu.xml_5,非是我这几日愁眉不展，,159632476.73732573,0.0
lsxp-WeiCengKai-QiYuanBao.xml_1,尊一声太爷听端详。,159698722.63436282,0.1
lseh-YiLunMing-ZhuoFangCao-2.xml_5,杀猪沽酒款待与他。,159790167.36383024,0.0
lsxp-WeiCengKai-QiYuanBao.xml_8,赵大夫妻图财害命害我一命亡，,160044536.02901793,0.2
lsxp-ZiGuDao-HuangHeLou.xml_5,四将军保架料也无妨。,160084947.42859995,0.0
lsxp-DaHeYi-SiLangTanMu.xml_27,听罢言来才知情，,160964085.25037876,0.0
lseh-YiLunMing-WenZhaoGuan-1.xml_35,父母的冤仇化尘烟，,161763892.4967986,0.0
lseh-XinZhongYou-WenZhaoGuan.xml_19,父母的冤仇化尘烟，,163303655.56505868,0.0
lsxp-DaHeYi-SiLangTanMu.xml_29,众将与爷忙掩（哪）门，,163623345.54706839,0.0
lseh-JinZhongXiang-ShangTianTai.xml_3,武仗着姚皇兄保定乾坤。,163902040.38207808,0.0
lseh-WeiKaiYan-RangXuZhou.xml_2,二犬子（呃）皆年幼（哇）难当（呃）重任，,164143420.15905771,0.0
lseh-YiLunMing-ZhuoFangCao-1.xml_23,我岂肯放虎归山又（哇）把人抓。,165531615.49645901,0.1
sdxp-SuLongWei-WuJiaPo.xml_17,买绫罗与绸缎、打首饰和簪环，,165912385.31843498,0.0
lseh-XiRiLi-BaoLianDeng.xml_5,那伯夷尊父命也不能应承，,167158398.66251522,0.0
sdxp-DangNianHan-SanJiZhang.xml_5,我的儿说话言不逊，,167310903.13191488,0.0
sdxp-WoHeNi-SiLangTanMu.xml_1,我和你好夫妻恩德不浅，,167491739.98675263,0.0
lseh-XuMaoGong-QinQiongFaPei.xml_1,文韬武略智谋高。,167641794.38920876,0.0
lseh-WeiGuoJia-HongYangDong-3.xml_1,我也曾平服了塞北西东。,168365463.82461813,0.0
lsxp-ShenGongWu-LongFengChengXiang.xml_1,年老得配女娇娃。,169012214.29494458,0.0
lsxp-ZouYingLong-DaYanSong.xml_1,在朝房来了我这保国忠。,169054126.39178038,0.0
lseh-NiangZiBu-SouGuJiuGu.xml_6,舍子搭救忠（呃）良的后，,169306309.16211775,0.0
sdxp-SuLongWei-WuJiaPo.xml_12,百般调戏也枉然。,170649335.91337702,0.0
lsxp-CiShiJian-HuaiHeYing-2.xml_0,此时间不可闹笑话，,171658142.45145965,0.0
lsxp-CiShiJian-HuaiHeYing-2.xml_4,左手拉住了李左车，,171750151.09365466,0.0
lseh-WeiKaiYan-RangXuZhou.xml_4,望使君放开怀慨然（呐）应（呐）允，,172229227.60945192,0.1
lseh-XinZhongYou-WenZhaoGuan.xml_1,翻来复去睡不安。,173118876.2542555,0.0
lsxp-ZheYiFeng-DingJunShan.xml_3,大小儿郎听根苗，,174127123.32869205,0.1
lsxp-WeiCengKai-QiYuanBao.xml_9,望求太爷与我作主张（啊）。,174331444.05194354,0.0
lsxp-YiShiWu-YuCangJian.xml_8,实指（喏）望到吴国借兵（呐）转，,174395799.04528081,0.0
lsxp-HenPingWang-WenZhaoGuan.xml_3,满门的家着血染红。,174925492.35223994,0.0
lsxp-CiShiJian-HuaiHeYing-1.xml_0,此时间不可闹笑话，,175568035.35283968,0.0
lsxp-DaHeYi-SiLangTanMu.xml_7,将身站在了阶前等，,175810286.10342947,0.0
lseh-YiLunMing-WenZhaoGuan-1.xml_28,越思越想好伤惨，,177381478.95073724,0.0
lseh-XiRiLi-BaoLianDeng.xml_9,那叔齐逃出了后宰门，,177735657.8555654,0.0
lseh-YiLunMing-WenZhaoGuan-1.xml_13,我好（哇）比波浪中失舵的舟船（哪）。,178044027.24814638,0.0
lseh-YiLunMing-WenZhaoGuan-1.xml_17,翻来覆去睡不（哇）安。,178322156.37181771,0.0
lsxp-JiangShenEr-SanJiaDian.xml_13,娘想儿来泪双流。,178499281.20508531,0.0
lsxp-ZhangGongDao-ZhuangYuanPu.xml_3,为儿（喏）女我也曾补路修桥。,178647398.83703244,0.0
lsxp-ZiGuDao-HuangHeLou.xml_2,曾记得当年赴河梁，,178948298.82714674,0.0
lseh-WeiGuoJia-HongYangDong-1.xml_1,我也曾平服了塞北西东。,178970349.44635171,0.0
lsxp-ZuoRiLi-YuanMenZhanZi.xml_4,叫焦赞将宝剑悬挂帐外，,179051475.69347137,0.0
lsxp-ZiCongQian-ZhuLianZhai.xml_4,山高路远少来问候，,179105245.65804243,0.0
lsxp-DaHeYi-SiLangTanMu.xml_1,大喝一声（哪）如雷震，,180104041.1406467,0.2
lseh-YiLunMing-WenZhaoGuan-2.xml_13,我好（呃）比波浪中失舵的舟船（喏）。,181497440.16573092,0.0
lseh-YiLunMing-ZhuoFangCao-1.xml_19,安眠好似并底之蛙，,181831290.87948039,0.0
lseh-XuMaoGong-QinQiongFaPei.xml_0,徐茂公阴阳多奥妙，,182669213.03248003,0.0
lsxp-CiShiJian-HuaiHeYing-1.xml_1,胡言乱语怎瞒（呐）咱。,183437826.84093079,0.0
lsxp-CiShiJian-HuaiHeYing-1.xml_4,左手拉住了李左车，,183809923.7695353,0.0
lseh-YiLunMing-WenZhaoGuan-1.xml_9,满腹的含冤我向谁言（哪）！,184102120.54903024,0.0
lseh-YiLunMing-WenZhaoGuan-2.xml_9,满腹的含冤我向谁言（喏）。,184102120.54903024,0.0
lseh-YiLunMing-ZhuoFangCao-1.xml_18,观此贼睡卧真（呐）潇洒，,185065344.37794718,0.0
lseh-YiLunMing-ZhuoFangCao-1.xml_15,悔不该弃县今抛却了乌（哇）纱，,185735228.48936269,0.0
lsxp-JiangShenEr-SanJiaDian.xml_11,儿行千里母担忧。,186490822.3433876,0.0
lseh-ZiNaRi-HongYangDong.xml_3,那乃是萧天佐以（呀）假成真；,186563882.50868571,0.0
lseh-XinZhongYou-WenZhaoGuan.xml_12,越思越想好伤惨，,186565997.50336006,0.0
lsxp-TingTaYan-ZhuoFangCao-2.xml_4,马行在来道内我难（呐）以回（呀）马，,186708097.6474722,0.0
lsxp-TingTaYan-ZhuoFangCao-1.xml_4,马行在来道内我难（呐）以回（呀）马，,186708097.6474722,0.0
sdxp-DangNianHan-SanJiZhang.xml_1,登台拜帅是韩信，,186843945.26994398,0.0
lseh-YiLunMing-WenZhaoGuan-2.xml_2,实指望到吴国借兵回转，,187812164.01761472,0.0
lsxp-QingGongYan-FaDongWu.xml_0,庆功宴上把酒饮，,187960807.12872183,0.0
lseh-YiLunMing-WenZhaoGuan-1.xml_7,夜夜何曾得安眠。,189522438.11505556,0.0
lseh-YiLunMing-WenZhaoGuan-2.xml_7,夜夜何曾得安眠。,189522438.11505556,0.0
sdxp-SuLongWei-WuJiaPo.xml_10,管保大嫂就断与咱。,191341544.02207068,0.1
lsxp-DaHeYi-SiLangTanMu.xml_24,你是番邦什么人？,191742882.17470214,0.0
lseh-TuZeiZuo-SouGuJiuGu.xml_0,屠贼做事心太狠，,193556818.07988527,0.0
lseh-NiangZiBu-SouGuJiuGu.xml_5,他舍命来你我舍亲生。,194155161.8473188,0.0
lseh-YiLunMing-WenZhaoGuan-1.xml_2,实指（惹）望到吴国借兵回转，,194356506.84534445,0.0
lseh-YiLunMing-ZhuoFangCao-1.xml_24,执宝剑将贼的（呀）头割下，,195002174.99365756,0.0
lsxp-DaHeYi-SiLangTanMu.xml_28,原来四哥回宋营。,195551581.02501684,0.0
lseh-XiRiLi-BaoLianDeng.xml_13,二娇儿也难比那两个贤人。,196703333.46832705,0.0
lseh-YiLunMing-ZhuoFangSuDian.xml_5,杀猪（喏）沽酒款待与他，,197233304.00700927,0.0
lseh-WeiGuoJia-HongYangDong-2.xml_1,我也曾平服了塞北西东。,197468448.54277936,0.0
lsxp-ZiGuDao-HuangHeLou.xml_0,自古道吉人有天相，,197997747.38007817,0.0
lseh-TanXiongDi-SangYuanJiZi.xml_3,见坟台不见人刀割我心。,199395075.90299651,0.0
sdxp-WoHeNi-SiLangTanMu.xml_18,将身跪在地平川。,201086974.56424052,0.0
lsxp-WeiCengKai-QiYuanBao.xml_7,借宿一宵起祸殃。,201173613.90081689,0.0
lsxp-ZouYingLong-DaYanSong.xml_6,我劝顽童你休流泪，免悲声，邹老爷就是尔的报仇人。,202492110.0932551,0.2
lseh-YiLunMing-WenZhaoGuan-1.xml_3,谁知昭关有阻拦。,204134426.02833551,0.0
sdxp-WoHeNi-SiLangTanMu.xml_10,怎奈我身在番难以过关。,204160157.82409334,0.0
sdxp-SuLongWei-WuJiaPo.xml_4,咬定牙关他就不认承。,204806116.15504667,0.0
lsxp-ZuoRiLi-YuanMenZhanZi.xml_5,老娘亲再讲情儿自刎头来。,208852322.70007467,0.0
lsxp-ShenGongWu-LongFengChengXiang.xml_0,深宫无（哇）处不飞花，,208888660.39072037,0.0
lseh-WeiKaiYan-RangXuZhou.xml_5,救生灵（呐）积阴（呐）功也免得我坐卧不宁。,209492900.15611795,0.0
lsxp-ZheYiFeng-DingJunShan.xml_5,三通鼓刀出鞘四通（呃）鼓把兵交。,209636289.8208369,0.0
lsxp-ZouYingLong-DaYanSong.xml_13,在品级台（呀）前臣见君。,209808033.8489798,0.0
lsxp-WeiCengKai-QiYuanBao.xml_2,家住在南阳太平庄，,210398777.87252462,0.0
lsxp-JiangShenEr-SanJiaDian.xml_15,叫一声解差把店役。,212972389.96138555,0.1
lsxp-WoBenShi-KongChengJi-2.xml_7,我诸葛怎比得前辈（呃）的先（呃）生。,213073255.75200847,0.0
lseh-YangYanZhao-PengBei.xml_4,我本当将此事对他来论，,213235397.1047774,0.0
lsxp-YiZhuangZhuang-QunYingHui.xml_1,请先生到江边即刻登舟。,213372207.22706571,0.0
lseh-YiLunMing-WenZhaoGuan-2.xml_3,谁知昭关有阻拦。,213513104.2146031,0.0
lseh-XinZhongYou-WenZhaoGuan.xml_17,我本当拔宝剑自寻短见，,213739629.56846771,0.0
lsxp-TingTaYan-ZhuoFangCao-2.xml_5,这才是花随水水不（哇）能恋（呐）花。,213760572.48755077,0.0
sdxp-WoHeNi-SiLangTanMu.xml_20,黄沙盖脸尸骨不全。,215191575.68495363,0.0
sdxp-SuLongWei-WuJiaPo.xml_6,为军的要人我是不要钱。,217069204.87983882,0.0
lsxp-TingTaYan-ZhuoFangCao-1.xml_5,这才是花随水水不（哇）能恋（呐）花。,218849685.5697552,0.0
sdxp-SuLongWei-WuJiaPo.xml_1,苏龙魏虎为媒证，,219642862.45731243,0.0
lseh-YangYanZhao-PengBei.xml_0,杨延昭奉父命巡查大营，,221069019.73704514,0.1
lsxp-CiShiJian-HuaiHeYing-2.xml_1,胡言乱语怎瞒（呐）咱！,221323790.68378556,0.0
lsxp-YiShiWu-YuCangJian.xml_5,信用无极狗奸谗。,221825654.67321596,0.0
lsxp-DaHeYi-SiLangTanMu.xml_9,家住后山磁州郡，,222212945.25894386,0.0
lseh-YangYanZhao-PengBei.xml_1,在中途得一信甚是不明。,222605281.43110114,0.0
lsxp-LiangGuoJiao-ShiJieTing-2.xml_1,各为其（呀）主统貔貅。,222884411.5112299,0.0
sdxp-WoHeNi-SiLangTanMu.xml_2,贤公主又何必过于谦言。,223388535.16158369,0.0
lseh-ZiNaRi-HongYangDong.xml_9,因此上臣的病重（呃）加十分、千岁爷呀！,223574620.42967671,0.0
lsxp-YiShiWu-YuCangJian.xml_7,我与奸贼不共戴天！,225620722.15476793,0.0
lseh-ZiNaRi-HongYangDong.xml_1,三更时梦（呃）见（呐）了年迈爹尊（呐）。,226380820.75075772,0.0
lseh-JinZhongXiang-ShangTianTai.xml_4,内侍臣忙摆驾九龙口进，,227251358.9228375,0.0
lseh-YiLunMing-WenZhaoGuan-1.xml_5,他将我隐藏在后花园。,228043200.1043404,0.0
sdxp-SuLongWei-WuJiaPo.xml_5,西凉川四十单八站，,230733339.23816195,0.0
lsxp-LiangGuoJiao-ShiJieTing-1.xml_1,各为其主统貔貅，,231325423.78723463,0.0
sdxp-WoHeNi-SiLangTanMu.xml_17,公主叫我盟誓愿，,232203332.18797231,0.0
lseh-LaoZhangBu-WuPenJi.xml_5,抓一（呀）把沙土扬灰尘。,232530585.47978693,0.0
lseh-YiLunMing-WenZhaoGuan-1.xml_16,心中有事难合眼，,232537559.37740868,0.0
lsxp-WoZhuYe-ZhuiHanXin.xml_0,我主爷起义在芒砀，,232799959.64086512,0.0
lsxp-QingGongYan-FaDongWu.xml_2,弟兄们创业多艰难，,234284868.58202067,0.0
lseh-JinZhongXiang-ShangTianTai.xml_1,寡人喜的是五谷丰登。,236363577.12227148,0.0
lseh-JinZhongXiang-ShangTianTai.xml_2,文凭着邓先生策划有准，,237083471.69037944,0.0
sdxp-SuLongWei-WuJiaPo.xml_7,大嫂说话礼不端，,238318682.6259639,0.1
lseh-XinZhongYou-WenZhaoGuan.xml_0,心中有事难合眼，,238377945.31745887,0.0
sdxp-DangNianHan-SanJiZhang.xml_2,未央宫斩的是何人？,238962328.9569976,0.0
lsxp-ZouYingLong-DaYanSong.xml_0,忽听得万岁宣应龙，,239262302.40543017,0.0
lsxp-ZiGuDao-HuangHeLou.xml_1,主公不必加愁肠。,240222731.71920568,0.0
sdxp-SuLongWei-WuJiaPo.xml_13,腰中取出银一锭，,240599306.15580356,0.0
lseh-YiLunMing-WenZhaoGuan-2.xml_5,他将我隐藏在后花园。,241738075.17151088,0.0
lsxp-ShenGongWu-LongFengChengXiang.xml_2,朝欢暮乐无牵挂，,242622174.46893904,0.0
lsxp-TingTaYan-ZhuoFangCao-1.xml_6,这时候我只得暂且忍耐在心下，,243066918.58536908,0.1
sdxp-DangNianHan-SanJiZhang.xml_4,仙女嫁的又是何人？,243116976.18654609,0.0
lseh-LaoZhangBu-WuPenJi.xml_1,我有言来你是（喏）听。,243327224.90339461,0.0
lsxp-DaHeYi-SiLangTanMu.xml_14,失落番邦被贼擒。,244136813.19815394,0.0
lsxp-ShenGongWu-LongFengChengXiang.xml_3,耳听笙歌闹喧哗。,245501403.8976126,0.0
lsxp-ZiCongQian-ZhuLianZhai.xml_2,为千岁懒把朝房走，,245701823.60251117,0.0
lseh-YiLunMing-ZhuoFangCao-2.xml_2,悔不该心猿并意马，,246988324.71416515,0.0
lsxp-TingTaYan-ZhuoFangCao-2.xml_6,这时候我只得暂且忍耐在心下，,246994267.10061529,0.1
lsxp-JiangShenEr-SanJiaDian.xml_5,因此上发配到登州。,247258360.65785795,0.0
lseh-XiRiLi-BaoLianDeng.xml_15,打死个秦官保父不能担承。,247404701.7737554,0.0
sdxp-WoHeNi-SiLangTanMu.xml_14,见母一面即刻还。,248067424.65340465,0.0
lseh-YiLunMing-ZhuoFangCao-1.xml_22,虎在笼中我不打，,248652792.13940674,0.0
lsxp-JianMaSu-ZhanMaSu.xml_0,见马谡（唩）跪帐下，,249020067.91064352,0.0
lsxp-JianMaSu-ZhanMaSu.xml_2,大胆不听我的话，,251325305.82585892,0.2
lsxp-ZiCongQian-ZhuLianZhai.xml_1,满朝中文武臣泪双流。,251760880.40882903,0.0
lsxp-DaHeYi-SiLangTanMu.xml_10,火堪寨上有家门。,252217961.76646578,0.0
lsxp-WoBenShi-KongChengJi-1.xml_9,我面前缺少个知呃音的人。,252280353.53788692,0.0
lseh-YiLunMing-ZhuoFangSuDian.xml_2,悔不该心猿并意马，,253454157.7275345,0.0
lseh-XiRiLi-BaoLianDeng.xml_7,兄（呃）推弟来两不能够担承。,254214118.77447405,0.0
lseh-YiLunMing-ZhuoFangCao-1.xml_14,悔不该把家属一（呀）旦撇下，,254288317.63315094,0.0
lsxp-ZheYiFeng-DingJunShan.xml_4,头通（呃）鼓紧战袍，,258351054.10468525,0.0
lsxp-HenPingWang-WenZhaoGuan.xml_1,父纳子（呃）妻礼难容，,260110516.43662602,0.0
lseh-YiLunMing-ZhuoFangCao-1.xml_17,汉室后来贼是个惹祸的根芽。,260301875.2577956,0.0
lseh-YiLunMing-WenZhaoGuan-1.xml_32,我冷冷清清向谁言（哪）。,261235829.37954515,0.0
lsxp-WoBenShi-KongChengJi-2.xml_9,我面前却少个知（呃）音的人。,261367344.14454597,0.0
lseh-XinZhongYou-WenZhaoGuan.xml_16,我冷冷清清向谁言（呃）。,262855046.57461393,0.0
lseh-ZenNengGou-BaDaChui.xml_3,倒不如上公安观看古今。,263447454.8174732,0.0
lseh-WeiGuoJia-HongYangDong-2.xml_0,为国家哪何曾半日闲空，,264239587.7626515,0.0
lsxp-WoBenShi-KongChengJi-2.xml_0,我本是卧龙岗散淡（呐）的人，,264781078.99937662,0.0
lsxp-WoBenShi-KongChengJi-1.xml_7,俺诸（喏）葛怎比得前辈呀的先哪生。,267230516.57050115,0.0
lsxp-DaHeYi-SiLangTanMu.xml_30,自己骨肉认不清。,267263142.80227163,0.0
sdeh-WenSanNiang-SanNiangJiaoZi.xml_1,问三娘发雷霆却是为何？,268527784.10940391,0.0
lsxp-ZhangGongDao-ZhuangYuanPu.xml_2,为（呀）儿（啼）女我也曾朝山拜庙，,269055854.56294972,0.0
lsxp-ZheYiFeng-DingJunShan.xml_0,这一封（呃）书信来得巧，,270931026.3142904,0.0
lseh-XinZhongYou-WenZhaoGuan.xml_9,不能（呃）哎见。,272236772.62360674,0.0
lsxp-ZiGuDao-HuangHeLou.xml_3,二将军保架过长江。,273880389.16639334,0.0
lseh-ZiNaRi-HongYangDong.xml_2,我前番命孟良骸骨搬（呐）请，,274161191.88034475,0.0
lsxp-ZheYiFeng-DingJunShan.xml_7,退后的项上吃一刀。,274382930.68233126,0.0
lseh-NiangZiBu-SouGuJiuGu.xml_3,三百余口命赴幽冥。,274553651.80720782,0.0
lsxp-ZhangGongDao-ZhuangYuanPu.xml_1,陈伯愚年半百无有后苗。,276338851.23475182,0.0
sdxp-SuLongWei-WuJiaPo.xml_2,王丞相是我的主婚人（哪）。,277855091.75222027,0.0
lseh-YiLunMing-WenZhaoGuan-1.xml_25,不能（哪）哎见爹娘（兀）！,277961074.0011999,0.0
lsxp-WoZhuYe-ZhuiHanXin.xml_4,先进咸阳为皇上，,278917588.33499485,0.0
lsxp-ZheYiFeng-DingJunShan.xml_9,到明天午时三刻要成功劳。,279217397.25079662,0.0
lsxp-DaHeYi-SiLangTanMu.xml_2,杨家将令鬼神惊。,279980343.17589182,0.0
lseh-YiLunMing-WenZhaoGuan-1.xml_34,寻短（哪）哎见爹娘（兀）！,280351397.87799758,0.0
lseh-YiLunMing-WenZhaoGuan-1.xml_37,我不杀平王我的心怎甘（哪）。,282877776.07609832,0.0
lsxp-ZhangGongDao-ZhuangYuanPu.xml_4,怕将（呃）来老天爷无（哇）有果报，,282904072.49608099,0.1
lseh-LaoZhangBu-WuPenJi.xml_0,老丈不（哇）必胆怕惊，,283512637.83721966,0.2
lsxp-LiangGuoJiao-ShiJieTing-2.xml_3,赏罚中公（呃）平莫要自由。,283513831.4904902,0.0
lsxp-WoBenShi-KongChengJi-1.xml_0,我本是卧龙岗散淡哪的人，,287422026.50905418,0.0
lsxp-DaHeYi-SiLangTanMu.xml_6,怎知今日回宋营。,288329987.4887383,0.0
lseh-XinZhongYou-WenZhaoGuan.xml_21,我不杀平王我的心怎甘。,288546401.62927872,0.0
lseh-YiLunMing-WenZhaoGuan-1.xml_1,愁人心（哪）中似箭穿。,291578031.72151983,0.0
lseh-ZenNengGou-BaDaChui.xml_2,前也思（喏）后又想无有计定，,292099943.6747061,0.0
lseh-YiLunMing-WenZhaoGuan-2.xml_1,愁人心（呐）中似箭穿。,294242790.55659658,0.0
lsxp-CiShiJian-HuaiHeYing-2.xml_7,生死二字（喏）且由他！,294747458.9199726,0.0
lsxp-LiangGuoJiao-ShiJieTing-1.xml_3,赏罚中公（呃）平莫要自由。,294846106.77671659,0.0
lseh-YiLunMing-WenZhaoGuan-1.xml_36,对天发不宏誓愿，,299603305.68109906,0.0
lsxp-DaHeYi-SiLangTanMu.xml_26,要见本帅为何情？,300236580.60308182,0.0
lseh-WeiGuoJia-HongYangDong-1.xml_0,为国家那何曾半日闲空，,301410098.5680263,0.0
lseh-XiRiLi-BaoLianDeng.xml_0,昔日里有一个孤竹君，,302529439.05793494,0.0
lsxp-HenPingWang-WenZhaoGuan.xml_2,我的（呀）父谏奏反把命（哪）送，,302737294.17283946,0.0
lsxp-QingGongYan-FaDongWu.xml_1,想起桃园结拜情。,302839894.75163406,0.0
lsxp-TingTaYan-ZhuoFangCao-1.xml_3,却原（呐）来贼是个无（哇）义（呀）的冤家！,303857154.86248875,0.0
lsxp-TingTaYan-ZhuoFangCao-2.xml_3,却愿（呐）来贼是个无（哇）义（呀）的冤家！,303857154.86248875,0.0
lseh-LaoZhangBu-WuPenJi.xml_2,休把我当作了妖魔论，,304110954.46511221,0.1
lseh-WeiKaiYan-RangXuZhou.xml_3,老朽年迈我也不能够担承。,306119082.11345303,0.0
sdxp-SuLongWei-WuJiaPo.xml_3,他三人与我有仇恨，,306575685.18001825,0.0
lseh-NiangZiBu-SouGuJiuGu.xml_10,千言万（哪）语她不肯，,307348154.61373806,0.0
lseh-XinZhongYou-WenZhaoGuan.xml_18,寻短（呃）哎见爹娘（呃）。,307372795.0145312,0.0
lsxp-DaHeYi-SiLangTanMu.xml_4,上面（哪）坐的同胞人。,309967804.66662943,0.0
lsxp-CiShiJian-HuaiHeYing-1.xml_7,生死二字（喏）且由他。,313842047.70927262,0.0
lsxp-YiShiWu-YuCangJian.xml_3,靠山绿（哇）水常在面前。,319340462.15105736,0.0
lsxp-DaHeYi-SiLangTanMu.xml_25,家住哪州并哪郡？,319816982.95882827,0.0
lseh-XinZhongYou-WenZhaoGuan.xml_20,对天发下宏誓愿，,324695498.32106507,0.0
lseh-WeiGuoJia-HongYangDong-1.xml_2,官封到节度使（喏）皇王恩重，,325420715.48936319,0.0
lseh-WeiKaiYan-RangXuZhou.xml_0,未开言不由人（呐）珠泪滚滚，,325918620.17533052,0.0
lseh-YiLunMing-WenZhaoGuan-1.xml_33,我本当拔宝剑自寻短见，,327924248.52704883,0.0
lseh-YiLunMing-ZhuoFangCao-2.xml_1,陈宫心中乱如麻。,328955228.59416759,0.0
lseh-WeiGuoJia-HongYangDong-2.xml_2,官封到节度使（喏）皇王恩重，,335648819.75269586,0.0
lsxp-WoBenShi-KongChengJi-1.xml_2,先帝呀爷下南阳御呀驾三请，,336874403.10081875,0.0
lsxp-CiShiJian-HuaiHeYing-2.xml_6,三人同把那鬼门关上爬，,337178903.31148785,0.0
lsxp-WoBenShi-KongChengJi-2.xml_2,先帝（呀）爷下南阳（呃）御驾三（呃）请，,339555939.4573763,0.0
lseh-WeiGuoJia-HongYangDong-3.xml_0,为国家哪何曾半日闲空，,341182813.61228585,0.0
lsxp-WoBenShi-KongChengJi-2.xml_5,东西战南北剿博古（呃）通（哦）今。,343034427.92119527,0.0
lseh-ZiNaRi-HongYangDong.xml_0,自（喏）那日朝罢归身（呐）染重病，,343212213.50191426,0.0
lseh-WeiGuoJia-HongYangDong-3.xml_2,官封到节度史（喏）皇王恩重，,343382849.76273656,0.0
lsxp-WoBenShi-KongChengJi-1.xml_5,东西战南北剿博古通呃今。,347335963.16525102,0.0
lseh-YiLunMing-ZhuoFangCao-1.xml_1,陈宫心（呐）中乱如麻，,348083964.26280701,0.0
lsxp-DaHeYi-SiLangTanMu.xml_22,灯光之下看不真。,350466724.47167271,0.0
lseh-ZenNengGou-BaDaChui.xml_0,怎能够思一计番营来进，,354321816.92958719,0.0
lsxp-CiShiJian-HuaiHeYing-1.xml_6,三人同把那鬼门关上踏（啊），,355232999.53625089,0.0
lseh-TanXiongDi-SangYuanJiZi.xml_0,叹兄兀弟遭不幸一旦丧命，,356182059.74788249,0.0
sdxp-WoHeNi-SiLangTanMu.xml_12,无有令箭怎过关。,358084437.19773513,0.0
lseh-YiLunMing-ZhuoFangSuDian.xml_0,一轮明月照窗下，,358328212.95986593,0.0
lseh-LaoZhangBu-WuPenJi.xml_6,我和你远无冤近无有仇恨，,358587754.5984934,0.0
lseh-TanXiongDi-SangYuanJiZi.xml_2,眼望着孤坟台珠泪难忍，,358858054.0651018,0.1
lseh-YiLunMing-ZhuoFangCao-2.xml_0,一轮明月照窗下，,366258207.11793178,0.0
lseh-JinZhongXiang-ShangTianTai.xml_0,金钟响玉磬应王登龙庭，,369001402.99264348,0.0
lseh-YiLunMing-ZhuoFangSuDian.xml_1,陈宫心（呐）中乱如麻，,380080163.81992245,0.0
lsxp-YiShiWu-YuCangJian.xml_6,他害我满门（呐）真悲惨，,382889405.37914574,0.1
lsxp-DaHeYi-SiLangTanMu.xml_16,我是你四哥回宋营。,388025095.51571274,0.0
lseh-YiLunMing-WenZhaoGuan-1.xml_26,要相逢陈非是梦（兀）里团圆。,395411866.92711377,0.0
lsxp-WoBenShi-KongChengJi-1.xml_1,论阴阳如反掌保定乾坤。,396745995.97834122,0.0
sdxp-WoHeNi-SiLangTanMu.xml_16,快马加鞭我一夜还。,398533258.12511265,0.0
lseh-LaoZhangBu-WuPenJi.xml_4,我忙将树（呃）枝摆摇（哇）动，,401017791.82893735,0.0
lseh-YiLunMing-WenZhaoGuan-1.xml_0,一轮明月照窗前，,403405245.86021268,0.0
lsxp-DaHeYi-SiLangTanMu.xml_8,问我一言答一声。,408181584.3714177,0.1
lseh-YiLunMing-WenZhaoGuan-2.xml_0,一轮明月照窗前，,409020875.97948885,0.0
lseh-YiLunMing-ZhuoFangCao-1.xml_0,一轮明月照窗下，,412371716.65869749,0.0
lseh-WeiGuoJia-HongYangDong-2.xml_3,身不爽不由人瞌睡朦胧（呃）（哪）。,414634967.39080554,0.0
sdxp-SuLongWei-WuJiaPo.xml_9,衙里衙外我打点，,418132727.2227422,0.0
lsxp-WoBenShi-KongChengJi-1.xml_4,官封到武乡侯哇执掌帅印，,420450144.56666493,0.0
lsxp-WoBenShi-KongChengJi-2.xml_4,官封到武乡侯（呃）执掌帅印，,426934699.52761286,0.0
lseh-WeiGuoJia-HongYangDong-3.xml_3,身不爽不由人瞌睡朦胧。,433068498.36112213,0.0
lseh-TanXiongDi-SangYuanJiZi.xml_1,丢下了年幼儿好不伤情。,439421274.75127316,0.0
sdxp-WoHeNi-SiLangTanMu.xml_15,宋营（哪）虽然路途远，,441303944.44802111,0.0
lseh-YiLunMing-ZhuoFangCao-2.xml_11,自有那神灵儿天地鉴察。,441744283.17468148,0.0
lseh-YiLunMing-ZhuoFangCao-1.xml_11,自有那神灵（啊）天地鉴察。,450091943.64518827,0.0
lseh-WeiGuoJia-HongYangDong-1.xml_3,身不爽不由人瞌睡朦胧（呃）。,453536650.25698251,0.0
lseh-XinZhongYou-WenZhaoGuan.xml_10,爹娘（呃）要相逢除非是梦（呃）里团圆。,454553295.64219439,0.0
lsxp-WoBenShi-KongChengJi-2.xml_1,凭阴阳如反掌保定乾坤。,481948523.25245178,0.0
lseh-XiRiLi-BaoLianDeng.xml_2,都只为孤（哇）竹君身染重病（哪），,485200920.56123227,0.0
lseh-YiLunMing-WenZhaoGuan-1.xml_15,今夜晚怎能够盼到明天。,486112817.73289478,0.0
lseh-YiLunMing-WenZhaoGuan-2.xml_15,今夜晚怎能够盼到明天。,487907750.47238052,0.0
lseh-YiLunMing-ZhuoFangSuDian.xml_11,自有那神灵儿天地鉴察。,503096228.46566957,0.0
