愧我当初赠木桃,27,愧我当初赠木桃。
daeh-ZiNaRi-ZhuangYuanMei-2.xml_5,不知道他与我是否一般。,2255591.4780904935,0.14285714285714285
daeh-ZiNaRi-ZhuangYuanMei-1.xml_5,不知道他与我是否一般。,2417427.4667311586,0.14285714285714285
daxp-ZheCaiShi-SuoLinNang.xml_4,柳暗花明休啼笑，,2790850.1574714119,0.0
daxp-ErTingDe-SuoLinNang.xml_10,蠢才问话太潦草，,3380028.9140203889,0.0
daxp-ZheCaiShi-SuoLinNang.xml_5,善果心花可自豪。,3527839.5076713357,0.0
daxp-ErTingDe-SuoLinNang.xml_25,莫把姓名你信口哓。,3532602.4792101611,0.0
daxp-FeiShiWo-TaoHuaCun.xml_9,你必须眼观六路耳听八方。,3613456.4755849745,0.0
daeh-ZiNaRi-ZhuangYuanMei-2.xml_2,在潼台被贼擒性命好险，,3700634.609766793,0.0
daxp-WoZhuYe-SiLangTanMu.xml_4,叫番儿忙摆驾银安殿，,3768076.7507487037,0.0
daxp-SuSanLi-NvQiJie.xml_2,未曾开言心内惨，,3776055.2234626999,0.0
daxp-FeiShiWo-TaoHuaCun.xml_12,响一声你就还一掌，,3849167.7879416258,0.0
daxp-LaoDieDie-YuZhouFeng.xml_5,却为何贪富贵不顾羞惭。,3849985.8616069732,0.0
daxp-DangRiLi-SuoLinNang.xml_21,换衣食也够她生活几年。,3932832.3140285308,0.0
daxp-MuQinBu-FengHuanChao.xml_2,自古常言道得好，,4004959.6937076142,0.0
daeh-ZiNaRi-ZhuangYuanMei-1.xml_2,在潼台被贼擒在命好险，,4021479.2174358638,0.0
daxp-QiaoLouShang-HuangShanLei.xml_12,数更等交五鼓空房愈冷，,4029373.7790143886,0.0
daxp-QiaoLouShang-HuangShanLei.xml_15,你爹爹到如今未转家门。,4065894.3729396765,0.0
daeh-ZiNaRi-ErJinGong.xml_7,看一看不觉到八月中秋。,4107194.5721819401,0.0
daxp-ChunQiuTing-SuoLinNang.xml_32,小小囊儿何足道，,4154332.317395363,0.0
daeh-WangChunE-SanNiangJiaoZi.xml_7,等候了薛倚儿转回家园。,4230326.5068604229,0.0
daxp-DangRiLi-SuoLinNang.xml_17,红珊瑚碧翡翠样样倶全。,4238175.1343773464,0.0
daxp-ChunQiuTing-SuoLinNang.xml_17,问那厢因何故痛哭无聊。,4335799.0033368245,0.0
sdxp-DangNianHan-SanJiZhang.xml_11,淮阴漂母救韩信，,4378031.0042411927,0.0
daxp-ErTingDe-SuoLinNang.xml_5,问那厢因何故痛哭无聊？,4426963.7336359052,0.0
daeh-ZiNaRi-ErJinGong.xml_3,太师爷一心心想篡龙楼。,4478805.5979519896,0.0
daxp-DangRiLi-SuoLinNang.xml_5,隔帘儿我也曾侧目偷观。,4503682.3091225401,0.14285714285714285
daxp-ChunQiuTing-SuoLinNang.xml_27,莫把姓名你信口晓，,4547312.5731032612,0.0
daxp-ZheCaiShi-SuoLinNang.xml_7,愧我当初赠木桃。,4589626.3557194127,1.0
daeh-SunShangXiang-BieHuangGong.xml_3,留下了孙仲谋执掌江南。,4594056.0541061619,0.0
daxp-LaoDieDie-DaYuShaJia-1.xml_3,等候了爹爹回细问根由。,4605044.4607311506,0.0
daxp-ZheCaiShi-SuoLinNang.xml_6,种福得福如此报，,4607528.432732448,0.0
daxp-MuQinBu-FengHuanChao.xml_0,母亲不必心太偏，,4624671.7570754141,0.0
daxp-ChenSanLiang-ChenSanLiangPaTang.xml_5,最可恨鸨儿叫我接客人。,4675202.6508185007,0.14285714285714285
daxp-MengTingDe-MuiGuiYingGuaShuai.xml_1,唤起我破天门状志凌云。,4705038.6445717551,0.14285714285714285
danbz-BeiJiuChan-ChunGuiMeng.xml_0,被纠缠陡想起婚时情景，,4792529.7643044591,0.0
daeh-NuZiYou-TouJunBieYao.xml_2,但愿得去投军功名有望，,4813295.021915881,0.0
daxp-TingTaYan-ZuoGong.xml_6,早晚间休怪我言语怠慢，,4824732.4057179429,0.14285714285714285
daeh-ZaoBuXing-HeHouMaDian.xml_9,只骂得贼昏王扭转身驱、闭目合晴、羞羞惭惭一语不发，,4829309.4109587353,0.0
daxp-LaoDieDie-SanJiZhang-1.xml_2,父休笑薛平贵是花郎模样，,4838052.9231139673,0.0
daxp-DangRiLi-SuoLinNang.xml_10,于归日理应当喜形于面，,4948264.3967280323,0.14285714285714285
daeh-WuDuanQiao-BiYuZan.xml_7,又怕丑名误流传。,4994158.4143651668,0.0
daeh-ZaoBuXing-HeHouMaDian.xml_1,贼昏王篡了位谋乱邦家。,5007740.1162710516,0.0
daxp-MengTingDe-MuiGuiYingGuaShuai.xml_4,有生之日责当尽，,5028818.5631550616,0.14285714285714285
daxp-ErTingDe-SuoLinNang.xml_30,小小囊儿何足道，,5057477.2297727959,0.0
daxp-ErTingDe-SuoLinNang.xml_2,莫不是夫郎丑难谐女貌，,5073957.6018222673,0.0
daeh-XiaoNuCai-SanNiangJiaoZi.xml_5,叹一声不由人珠泪如梭。,5085398.4114045519,0.0
daxp-XiRiLi-LongFengChengXiang.xml_5,纵有大事料无妨。,5116847.4251058949,0.0
daxp-MengJunZi-ChunQiuPei-1.xml_0,蒙君子至殷勤再三问话，,5142040.5108412299,0.0
daxp-DangRiLi-SuoLinNang.xml_19,还有那赤金链，紫瑛簪，白玉环，双凤錾，八宝钗钏一个个宝孕光含。,5160091.7944136774,0.0
daxp-DuiLingHua-BiYuZan.xml_3,也算得人世间美满姻缘。,5170276.3456464941,0.0
daxp-QiaoLouShang-HuangShanLei.xml_0,谯楼上二更鼓声声送听，,5178050.0232642796,0.0
daxp-FeiShiWo-TaoHuaCun.xml_5,怎能够粗心大意你再荒唐。,5192222.8695468307,0.0
daeh-NaRiFeng-YuanXiaoMi.xml_5,那厢流泪这厢啼。,5203723.899279302,0.0
daxp-LaoDieDie-YuZhouFeng.xml_0,老爹爹发恩德将本修上，,5216492.9716144428,0.0
daxp-GuanShiYin-TianNvSanHua.xml_1,有善才和龙女站立两厢；,5235245.8177780742,0.0
daxp-DangRiLi-SuoLinNang.xml_8,轿中人必定有一腔幽怨，,5264005.3617915986,0.0
daeh-NuZiYou-TouJunBieYao.xml_3,也不枉我二人苦度时光。,5281807.8025531797,0.14285714285714285
sdxp-WoHeNi-SiLangTanMu.xml_33,你也对苍天就表一番。,5300119.7966062604,0.0
daxp-TingTaYan-ZuoGong.xml_7,不知者不怪罪你的海量放宽。,5350103.046612544,0.0
daxp-WoHeNi-SangYuanHui.xml_1,谁认你狼心狗肺的人！,5394306.4706426654,0.0
daxp-QiaoLouShang-HuangShanLei.xml_2,对孤灯思远道心神不定，,5438717.4811529759,0.0
daeh-SunShangXiang-BieHuangGong.xml_6,回荆州未三载诓我回转，,5447408.65363074,0.14285714285714285
daxp-FeiShiWo-TaoHuaCun.xml_13,响两声你就凑近身旁。,5465092.387863595,0.0
danbz-BeiJiuChan-ChunGuiMeng.xml_5,待我来搀扶（哇）你重订鸳盟。,5481219.4219135912,0.14285714285714285
sdxp-DangNianHan-SanJiZhang.xml_21,不能、不能、是万不能！,5482845.8358240845,0.0
daxp-MengJunZi-ChunQiuPei-1.xml_5,莫奈何到荒郊我就来捡芦花。,5533823.1027659923,0.14285714285714285
daxp-ChunQiuTing-SuoLinNang.xml_14,莫不是夫郎丑难谐女貌？,5538984.0183482319,0.0
daxp-MengTingDe-MuiGuiYingGuaShuai.xml_7,我一剑能挡百万兵。,5544453.5223581791,0.14285714285714285
daxp-FeiShiWo-TaoHuaCun.xml_6,鼓打二更准时往，,5552410.2499453155,0.0
daeh-LiYanFei-DaBaoGuo.xml_1,文站东武列西朝贺哀家。,5552553.4760681316,0.0
daxp-LaoDieDie-DaYuShaJia-1.xml_2,将身儿坐至在草堂等候，,5555260.4418325657,0.0
daxp-XiRiLi-LongFengChengXiang.xml_2,暗地堪笑奴兄长，,5566411.7574206786,0.0
daxp-WoDeNiang-XinAnYi.xml_3,却原来母亲到儿未知情。,5591506.9465919109,0.0
daxp-MengTingDe-MuiGuiYingGuaShuai.xml_2,想当年桃花马上威风凛凛，,5604722.7985015763,0.2857142857142857
daxp-LaoDieDie-YuZhouFeng.xml_4,老爹爹在朝中官高爵显，,5613006.6972906478,0.0
daxp-ErTingDe-SuoLinNang.xml_27,自把珠玉夸富豪。,5617646.6050593583,0.0
daxp-DangRiLi-SuoLinNang.xml_20,这囊儿虽非是千古罕见，,5636846.653716607,0.0
daeh-ZuoChunGui-XiShi.xml_1,无限的闲愁恨尽上眉尖。,5659131.8569744565,0.0
daeh-WuDuanQiao-BiYuZan.xml_3,落得孤身病恹恹。,5662229.0674092798,0.0
daxp-LaoDieDie-DaYuShaJia-1.xml_1,到叫我桂英儿挂在心头；,5668133.705893375,0.14285714285714285
daxp-JiaoZhangSheng-HongNiang.xml_0,叫张生隐藏在棋盘之下，,5678588.0802781628,0.0
daxp-SuSanLi-NvQiJie.xml_1,将身来在大街前。,5693761.5069820285,0.0
daeh-SunShangXiang-BieHuangGong.xml_5,又谁知弄假成真反配凤鸾。,5750135.1628502458,0.0
danbz-KanDaWang-BaWangBieJi.xml_0,看大王在帐中和衣睡稳，,5761763.6282780645,0.0
daxp-ZheCaiShi-SuoLinNang.xml_2,回首繁华如梦渺，,5775403.0257028639,0.0
daeh-SunShangXiang-BieHuangGong.xml_7,阿斗儿行中途被子龙追还。,5788284.3423217358,0.0
daxp-ErDeFu-HongNiGuan.xml_7,又恐怕众将官说短论长。,5790067.2840336375,0.0
daxp-NiDeFu-FenHeWan.xml_2,把弓带和鱼镖与儿带定，,5795723.0789664295,0.0
daxp-DangRiLi-SuoLinNang.xml_3,耳听得风声断，雨声喧，雷声乱，乐声阑珊，人声呐喊，都道说是大雨倾天。,5797695.1138738096,0.0
daeh-ZuoChunGui-XiShi.xml_3,夜不眠朝慵起又向谁言。,5811236.3076536469,0.0
daxp-DiTouLi-NvQiJie.xml_6,就说苏三把命断，,5821437.1601649374,0.0
daxp-SuSanLi-NvQiJie.xml_6,言说苏三把命断，,5824481.8848509751,0.0
daxp-ErDeFu-HongNiGuan.xml_5,不想到狠心郎一味猖狂。,5841352.9870113805,0.0
daeh-ZiNaRi-ZhuangYuanMei-1.xml_7,帝王家深宫院似水流年。,5845250.3921359172,0.0
daxp-TingTaYan-ZuoGong.xml_3,他思家乡想骨肉就不能团圆。,5882980.7248683739,0.0
daeh-TanHongYan-HuoXiaoYu.xml_5,隔着窗儿点滴不休。,5887602.8137480365,0.0
daxp-WoZhuYe-SiLangTanMu.xml_2,众卿随忙挂点亲率官员，,5932002.8793371851,0.0
daxp-ErDeFu-HongNiGuan.xml_0,儿的父为国家阵前命丧，,5942435.8632118646,0.0
daxp-LaoDieDie-DaYuShaJia-2.xml_3,等候了爹爹回细问根由。,5969721.9716586713,0.0
daeh-ZuoRiGong-TaiZhenWaiChuan.xml_3,但不知何日里再沐圣明。,5985909.7551727584,0.0
daeh-ZiNaRi-ZhuangYuanMei-2.xml_9,宋天子主婚姻此事成全。,6005199.9080349328,0.0
daxp-DiTouLi-NvQiJie.xml_2,未曾开言我心好惨，,6010592.1645223331,0.14285714285714285
daxp-MengJunZi-ChunQiuPei-1.xml_4,在家中受不过继母拷打，,6012445.892313187,0.0
daeh-ZaoBuXing-HeHouMaDian.xml_7,贼好比那司马师搅乱中华。,6019854.2232132629,0.0
daxp-ChunQiuTing-SuoLinNang.xml_8,亦有饥寒悲怀抱，,6023417.0439481214,0.0
daxp-LaoDieDie-DaYuShaJia-2.xml_0,老爹爹清晨起前去出首，,6025382.2051478056,0.0
daxp-MuQinBu-FengHuanChao.xml_1,女儿言来听根源。,6034076.8559962725,0.0
daxp-LaoDieDie-SanJiZhang-1.xml_3,贫穷人得了志比富还强。,6034079.3445401704,0.0
daxp-FeiShiWo-TaoHuaCun.xml_8,你不要高声不要嚷，,6039739.7614165796,0.0
daeh-NaRiFeng-YuanXiaoMi.xml_2,舅父前来出主意，,6045182.8073550249,0.0
daxp-ErTingDe-SuoLinNang.xml_13,不该词费又滔滔。,6072323.8486191751,0.0
daxp-GuanShiYin-TianNvSanHua.xml_6,满眼中清妙景灵光万丈，,6137768.1128842356,0.0
daeh-ZaoBuXing-HeHouMaDian.xml_11,两旁的文武臣珠泪如麻，,6151256.3397537153,0.0
daxp-ErTingDe-SuoLinNang.xml_1,同遇人为什么这样嚎啕。,6154625.8768648496,0.0
daxp-QiaoLouShang-HuangShanLei.xml_5,猛听得窗儿外似有人行。,6168026.0722879861,0.0
daxp-DiTouLi-NvQiJie.xml_1,将身来在大街前。,6184758.0706828032,0.0
daspd-DuShouKong-WangJiangTing.xml_0,独守空帏暗长叹，,6188584.3029042725,0.0
daxp-XiRiLiang-LongFengChengXiang.xml_2,暗地堪笑我兄长，,6225772.8795146737,0.14285714285714285
daeh-ZiNaRi-ErJinGong.xml_11,想必是徐杨进了昭阳。,6278718.7326775389,0.0
dldeh-ShouBiPo-ChunQiuPei.xml_2,病恹恹身无力难以挣扎。,6281223.5332615376,0.0
daxp-ErTingDe-SuoLinNang.xml_17,满腹骄矜顿雪潇。,6337247.0384089891,0.0
daxp-ErTingDe-SuoLinNang.xml_7,不该人前乱解嘲。,6337247.0384089891,0.0
daxp-ZhiJianTa-WangJiangTing.xml_9,相公你为何不歇息？,6337636.503038168,0.0
daxp-DangRiLi-SuoLinNang.xml_2,在轿中只觉得天昏地暗。,6345543.7239383124,0.0
daxp-ChunQiuTing-SuoLinNang.xml_29,自把珠玉夸富豪，,6356090.0341945328,0.0
daxp-DuiLingHua-BiYuZan.xml_2,果然是成佳偶两心欢恋，,6420583.5181895839,0.0
daxp-ErTingDe-SuoLinNang.xml_21,她为饥寒我为骄。,6424911.5758876288,0.14285714285714285
daxp-DangRiLi-SuoLinNang.xml_1,霎时间日色淡似坠西山。,6436196.6353398869,0.0
daxp-LaoDieDie-SanJiZhang-2.xml_3,这样人得了志比父还强。,6439581.720809848,0.0
daeh-CanQiQi-WuLongZuo.xml_3,担几肩头晕转体若筛糠。,6464253.3574029496,0.0
daxp-DangRiLi-SuoLinNang.xml_11,为什么悲切切哭得可怜。,6466830.378560978,0.0
daxp-DangRiLi-SuoLinNang.xml_18,还有那夜明珠粒粒成串，,6491313.79525756,0.0
daxp-XiShiNv-XiShi.xml_1,难得有开怀事常锁双眉。,6520937.2776329629,0.0
daxp-MuQinBu-FengHuanChao.xml_3,女儿清白最为先。,6538961.3948373972,0.0
daxp-LaoDieDie-DaYuShaJia-2.xml_2,将身儿坐至在草堂等候，,6560346.4209007751,0.0
daxp-NiDeFu-FenHeWan.xml_3,不等到日落及早回程。,6582397.435755522,0.0
daeh-XiaoNuCai-SanNiangJiaoZi.xml_0,小奴才他一言问住我，,6583766.0315971086,0.14285714285714285
daeh-LiYanFei-DaBaoGuo.xml_9,压定了文武臣均要画押。,6597912.7008454325,0.0
daeh-NuZiYou-TouJunBieYao.xml_1,为薛郎我父女断绝情长。,6626384.1750099491,0.14285714285714285
danbz-BeiJiuChan-ChunGuiMeng.xml_2,我不免去安排罗衾绣枕，,6648555.2546879621,0.14285714285714285
daxp-NiDeFu-FenHeWan.xml_1,全仗你打雁养娘亲，,6661977.3840836557,0.0
daxp-QiaoLouShang-HuangShanLei.xml_9,看娇儿正酣睡恐被风侵。,6681767.5333273886,0.0
daxp-WoZhuYe-SiLangTanMu.xml_5,阅兵书看何人前来何安。,6704986.7124573989,0.0
daxp-QiaoLouShang-HuangShanLei.xml_11,又思来又想去越不安宁。,6764766.1599504203,0.0
daxp-GuanShiYin-TianNvSanHua.xml_5,好似我散天花就纷落十方；,6764800.4442471126,0.14285714285714285
dldeh-ShouBiPo-ChunQiuPei.xml_6,你继母心毒狠将你打骂，,6777904.6721941531,0.0
daxp-ErTingDe-SuoLinNang.xml_12,你不该人前逞骄傲，,6782973.513611014,0.0
sdxp-WoHeNi-SiLangTanMu.xml_27,你要见高堂母我不阻拦。,6784841.2626848212,0.14285714285714285
daxp-QiaoLouShang-HuangShanLei.xml_14,我不免唤琏儿到街前探问，,6799793.3879583888,0.14285714285714285
daxp-XiShiNv-XiShi.xml_5,对清溪时照影自整罗农。,6837587.7788828118,0.0
daeh-ZaoBuXing-HeHouMaDian.xml_5,贼好比曹阿瞒半点不差，,6859037.0673187943,0.0
daxp-ErTingDe-SuoLinNang.xml_31,救她饥渴胜琼瑶。,6907838.4394200556,0.0
daspd-DuShouKong-WangJiangTing.xml_3,为避狂徒到此间。,6908534.5051459922,0.0
daeh-WuDuanQiao-BiYuZan.xml_5,满腹冤屈向谁言。,6909958.404432877,0.0
daeh-LiYanFei-ErJinGong.xml_2,耳边厢又听得朝靴响亮，,6931176.8659742046,0.0
daeh-NaRiFeng-YuanXiaoMi.xml_0,那日风波平地起，,6952391.0567566454,0.0
daxp-DuiLingHua-BiYuZan.xml_0,对菱花暗地里芳心自转，,6961598.6199459936,0.0
daeh-ZuoRiGong-TaiZhenWaiChuan.xml_1,有谁知一时错被逐宫廷。,7000032.2416610373,0.0
daxp-LaoDieDie-DaYuShaJia-1.xml_0,老爹爹清晨起前去出前，,7000421.5099345762,0.0
daxp-LaoDieDie-DaYuShaJia-2.xml_1,倒叫我桂英儿挂在心头。,7023249.9848551024,0.14285714285714285
daxp-ErTingDe-SuoLinNang.xml_4,叫梅香你把那好言相告，,7026152.1165455412,0.0
daxp-ChunQiuTing-SuoLinNang.xml_10,轿内的人儿弹别调，,7040842.1641280772,0.0
daxp-DangRiLi-SuoLinNang.xml_14,急切里想起了锁麟囊一（呀）件，,7059631.3522719666,0.0
sdxp-SuLongWei-WuJiaPo.xml_39,妻儿老小与奴一般。,7071507.0052914908,0.0
daxp-FeiShiWo-TaoHuaCun.xml_16,你把我当做诸葛亮，,7078762.8595602727,0.2857142857142857
daspd-HaiDaoBing-GuiFeiZuiJiu.xml_0,海岛冰轮初转腾；,7107461.2620417755,0.14285714285714285
daeh-ZiNaRi-ZhuangYuanMei-1.xml_9,宋天子主婚姻此事成全。,7181642.5444358923,0.0
daeh-SunShangXiang-BieHuangGong.xml_1,想起了已往事心内痛酸。,7186845.2277517188,0.0
daxp-FeiShiWo-TaoHuaCun.xml_3,关系你患难鸳鸯永宿在池塘。,7215187.6751106279,0.0
sdxp-WoHeNi-SiLangTanMu.xml_28,有心赠你金鈚箭，,7234570.4803992203,0.14285714285714285
daeh-ZiNaRi-ZhuangYuanMei-1.xml_3,乱军中多亏他救我回还。,7242863.6849719351,0.14285714285714285
daxp-ChunQiuTing-SuoLinNang.xml_19,满腹骄矜顿雪潇，,7277118.5069385264,0.0
daeh-ZiNaRi-ZhuangYuanMei-2.xml_7,帝王家深宫怨似水流年。,7277938.8081676112,0.0
daeh-WuDuanQiao-BiYuZan.xml_1,薄命自伤怨红颜。,7330941.4936552048,0.0
daxp-DangRiLi-SuoLinNang.xml_15,囊虽小却能做续命泉源。,7371930.8342853291,0.0
daeh-NaRiFeng-YuanXiaoMi.xml_7,不如早死命归西。,7386422.9987519765,0.0
daxp-ChunQiuTing-SuoLinNang.xml_16,叫梅香你把那好言相告，,7435037.2995377881,0.0
daxp-ErTingDe-SuoLinNang.xml_29,积德才生玉树苗。,7502731.9675288955,0.0
daxp-LaoDieDie-SanJiZhang-1.xml_0,老爹爹请息（呀）怒容儿细讲，,7503640.6001705434,0.0
daxp-ChunQiuTing-SuoLinNang.xml_31,积德才生玉树苗，,7542813.8287320202,0.0
daxp-DangRiLi-SuoLinNang.xml_12,那时节奴妆奁不下百万，,7544108.7185977036,0.0
daxp-QiaoLouShang-HuangShanLei.xml_4,到三更真个是月明人静，,7544129.5711968439,0.0
sdeh-WenSanNiang-SanNiangJiaoZi.xml_6,又谁知平白的闪跌一跤。,7576572.3326046057,0.0
daxp-ChunQiuTing-SuoLinNang.xml_11,必有隐情在心潮。,7587439.8050511749,0.0
daeh-ZaoBuXing-HeHouMaDian.xml_3,反倒说为嫂我拦阻有差，,7589661.4555317098,0.14285714285714285
daeh-ZiNaRi-ZhuangYuanMei-1.xml_4,这桩事闷得我柔肠百转，,7595831.1604126794,0.14285714285714285
daeh-WangChunE-SanNiangJiaoZi.xml_1,想起了我老爷好不惨然。,7607161.2376841707,0.14285714285714285
daeh-LiYanFei-DaBaoGuo.xml_2,太师爷奏一本进贡年下，,7613527.8485912168,0.0
daeh-LiYanFei-ErJinGong.xml_3,想必是徐杨将进了昭阳。,7641188.6646683421,0.0
daeh-ZiNaRi-ZhuangYuanMei-1.xml_11,但愿得杨六郎心如石坚，,7643893.5486626746,0.0
daeh-LiYanFei-DaBaoGuo.xml_7,宣太师上金殿披红插花。,7653779.3023315128,0.0
daxp-LaoDieDie-SanJiZhang-2.xml_0,老爹爹请息怒容儿细讲，,7692005.0695636822,0.0
daeh-ZuoChunGui-XiShi.xml_2,奴这里心中痛玉颜清减，,7704981.3714863583,0.0
daxp-ChunQiuTing-SuoLinNang.xml_28,这都是神话凭空造，,7714893.1107870797,0.0
sdxp-DangNianHan-SanJiZhang.xml_16,难道说文官他就不丧身？,7739208.0886480156,0.0
daxp-FeiShiWo-TaoHuaCun.xml_11,是不是有人拍巴掌。,7752457.7263290193,0.0
sdxp-SuLongWei-WuJiaPo.xml_27,三人对面（就）说分明。,7778694.0910402462,0.0
daeh-LiYanFei-DaBaoGuo.xml_5,候幼主成了龙原业归家。,7781264.0125893503,0.0
daeh-NaRiFeng-YuanXiaoMi.xml_6,我今绝少人生趣，,7825358.8573827492,0.14285714285714285
daxp-ChunQiuTing-SuoLinNang.xml_33,救她饥渴胜琼瑶。,7891616.5376978228,0.0
daeh-TanHongYan-HuoXiaoYu.xml_4,枕边泪（呀）共（那）阶前雨，,7960710.2238720348,0.0
daxp-ErTingDe-SuoLinNang.xml_6,梅香说话好颠倒，,7972795.5964172985,0.0
daeh-XiaoNuCai-SanNiangJiaoZi.xml_3,等候了你妻子同见阎罗。,7983486.323533535,0.0
daxp-ChunQiuTing-SuoLinNang.xml_23,他为饥寒我为娇。,7990341.5085863993,0.14285714285714285
daxp-ChunQiuTing-SuoLinNang.xml_13,同遇人为什么这样嚎啕？,7996582.7157888664,0.0
sdxp-SuLongWei-WuJiaPo.xml_29,府内金银堆如山。,8011016.1098312121,0.0
daspd-HaiDaoBing-GuiFeiZuiJiu.xml_2,那冰轮离海岛，,8013701.6883253306,0.0
daxp-ZhiJianTa-WangJiangTing.xml_1,长吁短叹语声低。,8019625.4382413458,0.0
daxp-ChunQiuTing-SuoLinNang.xml_2,在隔帘只见这一花轿，,8034669.476101608,0.0
daeh-ZiNaRi-ZhuangYuanMei-1.xml_1,行不安坐不宁情态缠绵。,8054793.7831094442,0.0
daeh-ZuoChunGui-XiShi.xml_0,坐春闺只觉得光明似箭，,8056945.8839140646,0.0
daeh-ZiNaRi-ErJinGong.xml_1,独坐在寒宫院闷闷悠悠。,8064315.2638911018,0.0
daeh-CanQiQi-WuLongZuo.xml_1,叹红颜多薄命父母双亡。,8069966.8999041915,0.0
sdxp-DangNianHan-SanJiZhang.xml_10,都是安邦定国臣，,8074172.9351779372,0.0
daxp-MengJunZi-ChunQiuPei-2.xml_3,我爹爹名姜绍贸易天涯。,8084898.1220055139,0.14285714285714285
daeh-ZiNaRi-ZhuangYuanMei-2.xml_11,但愿得杨六郎心如石坚。,8089401.8598077018,0.0
danbz-BeiJiuChan-ChunGuiMeng.xml_4,原来是不耐烦已经睡困，,8106116.5700205248,0.0
daeh-WangChunE-SanNiangJiaoZi.xml_5,每日里在书房苦读圣贤。,8130170.9937860072,0.0
daxp-MengJunZi-ChunQiuPei-1.xml_3,我的父名姜绍贸易天涯。,8130506.9433855033,0.14285714285714285
daxp-LaoDieDie-YuZhouFeng.xml_2,倘若是有道君皇恩浩荡，,8158443.8506325968,0.0
dldeh-ShouBiPo-ChunQiuPei.xml_3,奴好比花未开风吹雨打，,8161512.1127344063,0.0
daeh-CanQiQi-WuLongZuo.xml_0,惨凄凄唤苍天天不应响，,8164847.9075871948,0.0
daxp-ErTingDe-SuoLinNang.xml_26,这都是神话凭空造，,8178834.7513241889,0.0
daeh-WuDuanQiao-BiYuZan.xml_2,独处闺房愁无限，,8183738.3355330043,0.0
danbz-BeiJiuChan-ChunGuiMeng.xml_3,莫负他好春宵一刻千金。,8235363.5158657627,0.0
daeh-LiYanFei-ErJinGong.xml_0,李艳妃坐昭阳自思自想，,8240871.2815771159,0.0
daeh-ZiNaRi-ErJinGong.xml_13,我只得怀抱太子两泪汪汪口口声声哭的是先王！,8273248.1161462413,0.14285714285714285
daxp-XiShiNv-XiShi.xml_4,怕只怕损玉颜姣容自惜，,8318903.8369046776,0.0
daeh-ZiNaRi-ZhuangYuanMei-1.xml_13,但愿得八主贤王从中周旋，早成姻眷，扫狼烟，叫那胡儿不敢进犯保叔王锦绣江山。,8345557.9008460678,0.0
sdxp-DangNianHan-SanJiZhang.xml_18,大孝之人也受贫。,8348109.6928582443,0.0
daspd-HaiDaoBing-GuiFeiZuiJiu.xml_3,乾坤分外明，,8362185.8850274161,0.0
daxp-ChunQiuTing-SuoLinNang.xml_26,忙把梅香低声儿叫，,8380735.1559607806,0.0
daeh-NuZiYou-TouJunBieYao.xml_0,奴自幼在闺阁娇生惯养，,8381698.4149748599,0.0
daeh-ZiNaRi-ErJinGong.xml_6,徐小姐把守在宫门口，,8397335.2262650654,0.0
dldeh-ShouBiPo-ChunQiuPei.xml_1,受逼迫去捡柴泪如雨下，,8423795.1795271374,0.0
daeh-WangChunE-SanNiangJiaoZi.xml_0,王春娥坐草堂自思自叹，,8451361.5259282067,0.0
daspd-DuShouKong-WangJiangTing.xml_2,孀居愁苦泪洗面，,8491482.7867536042,0.0
daxp-ErTingDe-SuoLinNang.xml_14,休要噪且站了，,8518774.4594922513,0.0
daeh-SunShangXiang-BieHuangGong.xml_2,遭不幸父王爷把驾来晏，,8547529.6275780182,0.0
daxp-TingTaYan-ZuoGong.xml_2,原来是杨家将把名姓改换，,8564278.2725613136,0.0
daxp-ErTingDe-SuoLinNang.xml_24,忙把梅香低声叫，,8590090.8515316192,0.0
daeh-ZiNaRi-ZhuangYuanMei-2.xml_3,乱军中多亏他救我回还。,8615471.4633700624,0.14285714285714285
daxp-FeiShiWo-TaoHuaCun.xml_15,那就是来了我西厢带路的小红娘。,8653218.4577634111,0.14285714285714285
daeh-LiYanFei-DaBaoGuo.xml_3,各国的众王侯朝贺中华。,8679020.5443588141,0.0
daeh-LiYanFei-DaBaoGuo.xml_0,李艳妃设早朝龙书案下，,8722017.5373907126,0.0
daxp-MengTingDe-MuiGuiYingGuaShuai.xml_6,番王小丑何足论，,8726678.1661432721,0.0
daeh-WuDuanQiao-BiYuZan.xml_0,无端巧计将人陷，,8732870.0223521274,0.0
sdxp-SuLongWei-WuJiaPo.xml_31,命人送到（那）西凉川。,8736981.773490319,0.0
daeh-ZiNaRi-ZhuangYuanMei-2.xml_4,这桩事闷得我柔肠百转，,8747301.4325583521,0.14285714285714285
dldeh-ShouBiPo-ChunQiuPei.xml_7,全（呐）不顾你身有病气力不佳。,8759026.4248058088,0.0
daxp-ChunQiuTing-SuoLinNang.xml_18,听薛良一语来相告，,8760638.0749758277,0.0
daxp-MuQinBu-FengHuanChao.xml_5,活在世上也枉然。,8770383.3063105512,0.0
daxp-MengTingDe-MuiGuiYingGuaShuai.xml_0,猛听得金鼓响画角声震，,8777816.1489389725,0.0
daxp-JiaoZhangSheng-HongNiang.xml_1,我步步行来你步步爬。,8785272.1155711766,0.14285714285714285
daxp-QiaoLouShang-HuangShanLei.xml_13,果然是晓鸡唱天已黎明。,8794158.748636201,0.0
dldeh-ShouBiPo-ChunQiuPei.xml_4,想亲娘和老父心乱如麻。,8814169.4917300642,0.0
daxp-WoZhuYe-SiLangTanMu.xml_0,我主爷金沙滩早把命丧，,8840266.0525977202,0.14285714285714285
sdxp-WoHeNi-SiLangTanMu.xml_29,怕你一去就不回还。,8877389.799571868,0.0
daeh-ZaoBuXing-HeHouMaDian.xml_13,你叔王不让位再去骂他。,8902499.3221683837,0.0
daeh-WangChunE-SanNiangJiaoZi.xml_6,将身儿来至在机房织绢，,8921242.7529431432,0.0
daeh-SunShangXiang-BieHuangGong.xml_9,叹一声不由人珠泪涟涟。,8923504.1002211049,0.0
daeh-ZiNaRi-ZhuangYuanMei-1.xml_15,愿天下从此后国泰民安。,8929307.2976722755,0.0
sdxp-WoHeNi-SiLangTanMu.xml_32,适才叫咱盟誓愿，,8952327.6489306148,0.0
daeh-LiYanFei-DaBaoGuo.xml_8,赐你的上方剑朝房问话，,8955731.6565275434,0.0
daeh-ZiNaRi-ZhuangYuanMei-2.xml_15,愿邦家从此后国泰民安。,8956683.9920405373,0.0
daxp-DangRiLi-SuoLinNang.xml_13,怎奈我在轿中赤手空拳。,8958708.9358930569,0.14285714285714285
daxp-ZhiJianTa-WangJiangTing.xml_2,何人来把书信寄？,8995174.1644189879,0.0
daeh-WangChunE-SanNiangJiaoZi.xml_3,老薛保好一似浪里舟船。,8998328.0832321625,0.0
daeh-ZiNaRi-ErJinGong.xml_10,耳边厢又听得朝靴响亮，,9001942.9616268687,0.0
daxp-ErTingDe-SuoLinNang.xml_16,听薛良一语来相告，,9003282.3962734435,0.0
daxp-DiTouLi-NvQiJie.xml_4,哪一位去往南京转，,9034680.8920205049,0.0
daeh-ZiNaRi-ErJinGong.xml_0,自那日与徐杨决裂以后，,9066327.2924096454,0.0
daxp-DangRiLi-SuoLinNang.xml_4,那花轿必定是因陋就简，,9109329.9932146668,0.0
daxp-QiaoLouShang-HuangShanLei.xml_7,原来是秋风起扫叶之声。,9125317.6203840058,0.0
daxp-ChunQiuTing-SuoLinNang.xml_25,安他半世凤凰巢。,9150236.0749825779,0.0
daxp-ErTingDe-SuoLinNang.xml_23,安她半世凤凰剿。,9150236.0749825779,0.0
daeh-TanHongYan-HuoXiaoYu.xml_1,美满姻缘付东流。,9216652.3144813273,0.0
daeh-LiYanFei-DaBaoGuo.xml_4,将江山让太师权且代贺，,9244596.6958177406,0.0
daxp-GuanShiYin-TianNvSanHua.xml_7,催祥云驾瑞彩速赴佛场。,9310608.1125872284,0.0
daeh-ZiNaRi-ZhuangYuanMei-2.xml_13,但愿得八主贤王从中周旋早成美眷、扫狼烟叫那胡儿不敢进犯、保叔王锦锈江山。,9317606.7007090859,0.0
daxp-DangRiLi-SuoLinNang.xml_9,她泪自弹、声续断、似杜鹃、啼别院、巴峡哀猿动人心弦，好不惨然。,9355870.9448784105,0.0
daxp-LaoDieDie-YuZhouFeng.xml_3,观此本免了儿一门祸殃。,9379498.2336863559,0.0
daxp-NiDeFu-FenHeWan.xml_0,你的父去投军无音信，,9386105.0430742688,0.0
daxp-ZhiJianTa-WangJiangTing.xml_4,莫不是平地风波起，,9412236.364107484,0.0
daeh-ZuoRiGong-TaiZhenWaiChuan.xml_2,思想起从前事心中悔恨，,9422824.0809731353,0.0
daeh-LiYanFei-ErJinGong.xml_5,我只得怀抱太子两泪汪汪口口声声哭的是先王。,9429540.2386647779,0.14285714285714285
daxp-LaoDieDie-SanJiZhang-2.xml_1,儿命苦怎配着状元才郎？,9434217.3330421858,0.0
sdxp-WoHeNi-SiLangTanMu.xml_31,一夜之间你怎能回还。,9500580.7449631691,0.0
daxp-DangRiLi-SuoLinNang.xml_0,当日里好风光忽觉转变，,9539238.2143491209,0.14285714285714285
daspd-HaiDaoBing-GuiFeiZuiJiu.xml_1,见玉兔（哇）玉兔又早东升。,9553690.9770815708,0.0
daxp-ErTingDe-SuoLinNang.xml_11,难免怀疑在心梢。,9554206.3192621712,0.0
daxp-ZheCaiShi-SuoLinNang.xml_1,不想团圆在今朝。,9554206.3192621712,0.0
sdxp-DangNianHan-SanJiZhang.xml_20,爹爹为何你要退婚？,9615569.9700863082,0.0
daeh-TanHongYan-HuoXiaoYu.xml_2,薄幸冤家音信无有，,9624752.1696308386,0.0
daeh-ZiNaRi-ZhuangYuanMei-2.xml_1,行不安坐不宁情态缠绵。,9670729.7196273468,0.0
daeh-WuDuanQiao-BiYuZan.xml_6,一心早想寻短见，,9733480.1068773754,0.0
daxp-ErTingDe-SuoLinNang.xml_22,分我一枝珊瑚宝，,9753523.4721256401,0.14285714285714285
sdxp-DangNianHan-SanJiZhang.xml_13,商鞅不中苏季子，,9753523.4721256401,0.0
daxp-SuSanLi-NvQiJie.xml_7,来生变犬马我当报还！,9769784.5085951518,0.2857142857142857
daxp-XiShiNv-XiShi.xml_2,只为着守清寒柴门近水，,9772337.6082312409,0.0
daeh-XiaoNuCai-SanNiangJiaoZi.xml_1,闭口无言王春娥。,9841218.0230389498,0.0
daxp-ZhiJianTa-WangJiangTing.xml_5,隐情不敢实告妻。,9866675.1510788668,0.0
daxp-WoDeNiang-XinAnYi.xml_2,这几日身不爽心中烦闷，,9878136.355275197,0.0
daxp-ChunQiuTing-SuoLinNang.xml_5,为何鲛珠化泪抛？,9879994.6190964133,0.0
daxp-FeiShiWo-TaoHuaCun.xml_1,只怪你呆头呆脑慌慌张张。,9883116.0406107996,0.0
daxp-FeiShiWo-TaoHuaCun.xml_7,桃花村口莫彷徨。,9898400.9576150533,0.14285714285714285
daeh-SunShangXiang-BieHuangGong.xml_0,孙尚香坐宫院自思自叹，,9958871.1229146644,0.0
daeh-ZiNaRi-ErJinGong.xml_5,竟把我孤儿寡母当做了马牛。,9960515.0806853417,0.2857142857142857
daxp-MengTingDe-MuiGuiYingGuaShuai.xml_5,寸土怎能够属于他人。,9974903.4044239558,0.0
sdeh-WenSanNiang-SanNiangJiaoZi.xml_4,背转身来哭嚎啕。,9979424.816734286,0.0
daxp-JiaoZhangSheng-HongNiang.xml_4,这也算是一段风流佳话，,9988993.5703058671,0.0
daxp-ErDeFu-HongNiGuan.xml_3,倒不如与伯党匹配鸾凰。,10034013.606321335,0.0
daeh-CanQiQi-WuLongZuo.xml_2,千金休哪曾受磨房景况，,10067258.545544585,0.0
sdxp-SuLongWei-WuJiaPo.xml_42,买绫罗、做衣衫、买白纸、糊白幡、打首饰、做妆奁，,10077993.017594459,0.0
sdxp-DangNianHan-SanJiZhang.xml_14,在六国封相人上人。,10092170.421061695,0.0
daxp-SuSanLi-NvQiJie.xml_5,与我那三郎把信传。,10261772.654314866,0.14285714285714285
daxp-QiaoLouShang-HuangShanLei.xml_1,父子们去采药未见回程。,10276875.394436682,0.0
sdxp-SuLongWei-WuJiaPo.xml_33,家人小厮有万千。,10282494.474457506,0.0
daxp-ChenSanLiang-ChenSanLiangPaTang.xml_0,陈三两在大堂把话云，,10296446.91214251,0.0
daxp-QiaoLouShang-HuangShanLei.xml_6,忙移步隔花荫留神听定，,10303077.469618959,0.0
daxp-ZheCaiShi-SuoLinNang.xml_0,这才是人生难预料，,10325762.703191247,0.0
daeh-ZiNaRi-ErJinGong.xml_8,李艳妃坐昭阳自思自想，,10387488.378175883,0.0
daxp-MengJunZi-ChunQiuPei-2.xml_2,家住在罗郡城魁星楼下，,10410829.855790919,0.0
daxp-DangRiLi-SuoLinNang.xml_6,虽然是古青庐以朴为俭，,10421012.607599063,0.0
daxp-FeiShiWo-TaoHuaCun.xml_17,听我的号令上战场。,10433105.297060508,0.14285714285714285
sdxp-DangNianHan-SanJiZhang.xml_9,当年韩信与苏秦，,10506485.416403079,0.14285714285714285
daxp-MengTingDe-MuiGuiYingGuaShuai.xml_3,敌血飞溅石榴裙。,10561088.230721368,0.0
sdxp-WoHeNi-SiLangTanMu.xml_22,讲什么夫妻情恩德不浅，,10598354.501170421,0.0
sdxp-SuLongWei-WuJiaPo.xml_24,提起了旁人我不晓，,10610122.953224828,0.14285714285714285
daxp-DiTouLi-NvQiJie.xml_7,来生变犬马我当报还。,10642872.691207847,0.2857142857142857
daxp-ZhiJianTa-WangJiangTing.xml_7,何必独自就暗猜疑。,10715195.416317565,0.0
daeh-ZiNaRi-ErJinGong.xml_2,先王爷晏驾后太子年幼，,10728036.531505285,0.0
sdxp-SuLongWei-WuJiaPo.xml_28,我父在朝为官宦，,10731337.588486748,0.14285714285714285
daxp-XiRiLi-LongFengChengXiang.xml_4,月老本是乔国丈，,10744190.833217278,0.0
daspd-HaiDaoBing-GuiFeiZuiJiu.xml_5,恰便似嫦娥离月宫，,10751150.56904442,0.0
daeh-XiaoNuCai-SanNiangJiaoZi.xml_4,怒气不息在机房闷坐，,10789952.22946764,0.0
daxp-ChenSanLiang-ChenSanLiangPaTang.xml_2,我本是被骗进的富春院，,10794486.716013333,0.14285714285714285
daeh-LiYanFei-ErJinGong.xml_1,想起了朝中事好不惨伤！,10801622.033386342,0.0
daxp-MengJunZi-ChunQiuPei-2.xml_5,因此上到郊外来捡芦花（呀）。,10811873.534160338,0.0
daxp-JiaoZhangSheng-HongNiang.xml_2,放大胆忍气吞声休害怕，,10894930.018148985,0.0
daeh-LiYanFei-DaBaoGuo.xml_6,写文约我且把玉玺打下，,10975451.950320449,0.14285714285714285
daxp-SuSanLi-NvQiJie.xml_3,过往的君子听我言。,10976308.164820777,0.14285714285714285
daxp-ErDeFu-HongNiGuan.xml_4,清早起我和他一度商量，,10987082.071535839,0.14285714285714285
sdeh-WenSanNiang-SanNiangJiaoZi.xml_3,老薛保你不必苦哀告，,11059054.480490129,0.0
daxp-ChunQiuTing-SuoLinNang.xml_7,世上何尝尽富豪，,11077098.095451137,0.0
daeh-SunShangXiang-BieHuangGong.xml_8,恨只恨我兄长把事错办，,11090851.002040692,0.14285714285714285
daxp-FeiShiWo-TaoHuaCun.xml_14,倘若是你响她也响，,11171541.704806061,0.0
daxp-DangRiLi-SuoLinNang.xml_7,哪有这短花帘，旧花幔，参差流苏，残破不全。,11189307.247298636,0.0
danbz-KanDaWang-BaWangBieJi.xml_3,猛抬头见碧落月色清明。,11223004.897139985,0.0
daxp-ErTingDe-SuoLinNang.xml_0,耳听得悲声惨心中如捣，,11252867.938701538,0.0
daxp-ZhiJianTa-WangJiangTing.xml_0,只见他一封书信握手里，,11255521.095443383,0.0
sdxp-SuLongWei-WuJiaPo.xml_40,这锭银子奴不要，,11269614.520714846,0.0
sdxp-SuLongWei-WuJiaPo.xml_32,我进相府对父言，,11269614.520714846,0.14285714285714285
danbz-BeiJiuChan-ChunGuiMeng.xml_1,算当初曾经得几晌温存。,11279463.490674734,0.2857142857142857
daxp-WoZhuYe-SiLangTanMu.xml_3,一心心要夺取宋室江山。,11282202.297070248,0.0
daxp-ChenSanLiang-ChenSanLiangPaTang.xml_4,诗书易礼都学会，,11346887.431055024,0.0
sdxp-SuLongWei-WuJiaPo.xml_26,你我同把相府进，,11379253.708707323,0.14285714285714285
sdxp-SuLongWei-WuJiaPo.xml_36,军爷说话理不端，,11429164.751364406,0.0
daxp-ChunQiuTing-SuoLinNang.xml_9,也有失意痛哭嚎啕，,11472228.961363142,0.0
daxp-XiRiLi-LongFengChengXiang.xml_3,安排虎计害刘王。,11481642.035292465,0.0
daxp-FeiShiWo-TaoHuaCun.xml_10,不但要仔细听、还要仔细想，,11482511.427270524,0.0
daxp-XiShiNv-XiShi.xml_3,每日里浣纱去又傍清溪。,11509813.56477743,0.0
daxp-ChunQiuTing-SuoLinNang.xml_12,耳听得悲声惨心中如捣，,11525738.159112995,0.0
sdxp-SuLongWei-WuJiaPo.xml_37,欺奴犹如欺了天。,11565744.834521646,0.0
daxp-ErTingDe-SuoLinNang.xml_28,麟儿哪有神送到，,11580118.941789225,0.0
daxp-ErTingDe-SuoLinNang.xml_20,我正不足她正少，,11585008.53297947,0.14285714285714285
daxp-WoHeNi-SangYuanHui.xml_0,我和你有什么夫妻的情，,11586727.109014982,0.14285714285714285
daeh-ZiNaRi-ErJinGong.xml_9,想起了老王爷好不惨伤。,11680041.620765654,0.0
sdxp-SuLongWei-WuJiaPo.xml_38,西凉的鞑子将你斩，,11707902.436155386,0.0
sdxp-WoHeNi-SiLangTanMu.xml_26,你那里休得要巧言舌辨，,11715278.047502534,0.0
sdxp-DangNianHan-SanJiZhang.xml_19,非是女儿言不逊，,11719249.327470358,0.0
daeh-ZaoBuXing-HeHouMaDian.xml_0,遭不幸老王爷晏了御驾，,11733535.449067088,0.0
daeh-SunShangXiang-BieHuangGong.xml_4,与周郎定巧计把皇叔来骗，,11737416.491772052,0.0
sdxp-WoHeNi-SiLangTanMu.xml_24,因何故终日里愁眉不展，,11752000.039632134,0.0
daxp-GuanShiYin-TianNvSanHua.xml_3,白鹦鹉与仙鸟在灵岩神岘上下飞翔；,11755400.763398824,0.0
sdxp-SuLongWei-WuJiaPo.xml_35,打板子、上夹棍、丢南牢、坐监禁、管叫你思前容易退后难。,11780600.351038868,0.0
daxp-TingTaYan-ZuoGong.xml_4,我这里走向前再把礼见，,11802552.254375877,0.14285714285714285
daxp-LaoDieDie-SanJiZhang-2.xml_2,父道那薛平贵是那化郎模样，,11812474.62568764,0.0
danbz-KanDaWang-BaWangBieJi.xml_2,轻移步走向前荒郊站定，,11839776.679891516,0.0
daxp-GuanShiYin-TianNvSanHua.xml_0,观世音满月面珠开妙相，,11939421.332140343,0.0
daxp-ChunQiuTing-SuoLinNang.xml_3,想必是新婚渡鹊桥，,11942065.006806845,0.0
daxp-MengJunZi-ChunQiuPei-2.xml_0,蒙君子至诚心再三问话，,11946644.356281508,0.0
daeh-ZuoRiGong-TaiZhenWaiChuan.xml_0,昨日宫中何等宠幸，,11954074.406913005,0.0
daxp-XiShiNv-XiShi.xml_0,西施女生长在苎萝村里，,11957929.092620995,0.0
daxp-ErDeFu-HongNiGuan.xml_2,奴这里只把那结婚思量，,12003525.96755988,0.0
sdxp-DangNianHan-SanJiZhang.xml_12,登台拜帅天下闻。,12064240.35766712,0.0
daeh-NaRiFeng-YuanXiaoMi.xml_1,死里逃生甚惨凄。,12073038.651847644,0.0
daxp-DiTouLi-NvQiJie.xml_0,低头离了洪洞县，,12168425.148244191,0.0
daeh-ZiNaRi-ErJinGong.xml_12,有一句话儿不好言讲，,12184467.834971873,0.0
sdxp-SuLongWei-WuJiaPo.xml_25,苏龙魏虎是内亲。,12232299.704927113,0.0
daxp-QiaoLouShang-HuangShanLei.xml_3,不知他在荒山何处安身。,12291570.818439197,0.0
daeh-NaRiFeng-YuanXiaoMi.xml_3,我与母亲两分离。,12362600.236964524,0.14285714285714285
daxp-DangRiLi-SuoLinNang.xml_16,有金珠和珍宝光华灿烂，,12398955.561654294,0.0
sdxp-SuLongWei-WuJiaPo.xml_41,与你娘做一个安家钱。,12407060.556932475,0.0
daeh-ZaoBuXing-HeHouMaDian.xml_10,只骂得贼昏王无言对答。,12435475.094931016,0.0
daspd-HaiDaoBing-GuiFeiZuiJiu.xml_4,皓月当空，,12497784.013074782,0.14285714285714285
daxp-GuanShiYin-TianNvSanHua.xml_4,绿柳枝酒甘露三千界上，,12510369.822321225,0.0
daeh-LiYanFei-ErJinGong.xml_4,有几句话儿我不好言讲，,12530274.458182586,0.14285714285714285
daxp-DiTouLi-NvQiJie.xml_5,与我那三郎把信传。,12543552.357654003,0.14285714285714285
daxp-XiRiLi-LongFengChengXiang.xml_0,昔日里梁鸿配孟光，,12548896.055437241,0.0
sdxp-SuLongWei-WuJiaPo.xml_43,落得个孝子的名儿在那天下传。,12551310.164370984,0.0
daxp-WoDeNiang-XinAnYi.xml_0,我的娘她忘了女生外姓，,12724716.326250654,0.14285714285714285
daxp-MengJunZi-ChunQiuPei-2.xml_1,虽然是不相识我就不得不答。,12733948.487798039,0.14285714285714285
daeh-ZiNaRi-ZhuangYuanMei-1.xml_14,愿天下有情人都成姻眷，,12859079.268350577,0.0
daxp-XiRiLiang-LongFengChengXiang.xml_0,昔日梁鸿配孟光，,12862718.273391837,0.0
daxp-LaoDieDie-YuZhouFeng.xml_1,明早朝上金殿面奏吾皇。,12907137.718342941,0.0
daxp-ChunQiuTing-SuoLinNang.xml_0,春秋亭外风雨暴，,12951939.325209411,0.0
daeh-ZaoBuXing-HeHouMaDian.xml_8,只骂得贼昏王装聋作哑，,12987683.945779433,0.0
daxp-ErTingDe-SuoLinNang.xml_15,薛良与我去问一遭。,12988782.238452943,0.14285714285714285
daxp-ZhiJianTa-WangJiangTing.xml_3,害得儿夫犯焦急；,13052881.17903186,0.0
daeh-ZiNaRi-ZhuangYuanMei-2.xml_14,愿天下有情人都成姻眷，,13076722.034620484,0.0
daxp-FeiShiWo-TaoHuaCun.xml_2,今夜晚非比那西厢待月、你懂提防、莫轻狂，,13109594.315225141,0.0
daxp-ErTingDe-SuoLinNang.xml_9,哪有个袖手旁观在壁上瞧。,13126888.454626655,0.0
daeh-TanHongYan-HuoXiaoYu.xml_0,叹红颜薄命前生就，,13137241.531709367,0.0
daxp-ChunQiuTing-SuoLinNang.xml_24,分我一枝珊瑚宝，,13139761.685508221,0.14285714285714285
daxp-ChunQiuTing-SuoLinNang.xml_22,我在不足他正少，,13139761.685508221,0.14285714285714285
daeh-WangChunE-SanNiangJiaoZi.xml_4,薛倚儿他好比无弓之箭，,13169090.554550346,0.0
daeh-ZaoBuXing-HeHouMaDian.xml_12,搬一把金交椅娘且坐下，,13204282.952210126,0.0
daspd-DuShouKong-WangJiangTing.xml_1,芳心寂寞有谁怜，,13232130.55362884,0.0
daxp-FeiShiWo-TaoHuaCun.xml_4,已然错请生波浪，,13292883.503334785,0.0
daxp-ChunQiuTing-SuoLinNang.xml_30,麟儿那有神送到，,13307905.096846081,0.0
daxp-MengJunZi-ChunQiuPei-1.xml_1,虽然是男女别不得不答。,13317554.323509913,0.0
daeh-ZiNaRi-ZhuangYuanMei-2.xml_10,但愿得令公令婆别无意见，,13340745.646480374,0.0
daxp-ChunQiuTing-SuoLinNang.xml_6,此时却又明白了，,13351850.669219224,0.0
daxp-DiTouLi-NvQiJie.xml_3,过往的君子听我言。,13416219.917765068,0.14285714285714285
daxp-XiRiLiang-LongFengChengXiang.xml_3,安排巧计害刘王。,13431321.51344916,0.0
daeh-ZiNaRi-ZhuangYuanMei-2.xml_8,幸喜得珍珠衫称心如愿，,13447034.842295058,0.0
daxp-ErTingDe-SuoLinNang.xml_19,谁能移动它半分毫。,13448935.975723462,0.0
sdxp-SuLongWei-WuJiaPo.xml_34,将你带到官衙内，,13466843.669529382,0.0
daxp-WoZhuYe-SiLangTanMu.xml_1,众文武扶哀家执掌军房。,13575246.309492448,0.0
daxp-ErDeFu-HongNiGuan.xml_1,撇下了奴一人好不悲凉。,13615490.835684702,0.0
daxp-SuSanLi-NvQiJie.xml_0,苏三离了洪洞县，,13667272.148067504,0.0
sdxp-DangNianHan-SanJiZhang.xml_17,仙女配的是董永，,13667272.148067504,0.0
sdxp-DangNianHan-SanJiZhang.xml_15,未央宫斩的是韩信，,13673946.603475105,0.0
daeh-WangChunE-SanNiangJiaoZi.xml_2,春娥女好一此失群孤雁，,13684462.023773048,0.0
daxp-TingTaYan-ZuoGong.xml_0,听他言吓得我浑身是汗，,13749453.478291996,0.14285714285714285
daxp-QiaoLouShang-HuangShanLei.xml_8,听画鼓报四更愈添凄冷，,13763063.316604497,0.0
daxp-JiaoZhangSheng-HongNiang.xml_3,这件事倒叫我心乱如麻。,13795884.832954496,0.14285714285714285
daxp-TingTaYan-ZuoGong.xml_5,尊一声驸马爷细听咱言。,13835218.637193609,0.0
daxp-ErTingDe-SuoLinNang.xml_8,怜贫济困是正道，,13945278.429385921,0.0
daxp-DuiLingHua-BiYuZan.xml_1,听她言不由人喜上眉尖。,14029021.008701677,0.0
daxp-MengJunZi-ChunQiuPei-1.xml_2,家住在罗郡城魁星楼下，,14084514.800687466,0.0
daxp-ErTingDe-SuoLinNang.xml_3,莫不是强婚配鸦占鸾巢。,14228965.968216302,0.0
daeh-ZaoBuXing-HeHouMaDian.xml_4,贼好比王莽贼称孤道寡，,14289339.060849894,0.0
daxp-ChunQiuTing-SuoLinNang.xml_4,吉日良辰当欢笑，,14306915.426435273,0.14285714285714285
daxp-ChunQiuTing-SuoLinNang.xml_21,谁能移动他半分毫。,14318399.894480493,0.0
sdxp-WoHeNi-SiLangTanMu.xml_30,宋营离此路途远，,14319729.924112337,0.0
daxp-TingTaYan-ZuoGong.xml_1,十五载到今日才吐真言。,14359726.704246031,0.0
daeh-ZiNaRi-ZhuangYuanMei-1.xml_6,百姓们闺房乐如花美眷，,14379088.757619731,0.0
daxp-ChunQiuTing-SuoLinNang.xml_15,莫不是强婚配鸦占鸾巢？,14433405.036584526,0.0
daeh-NaRiFeng-YuanXiaoMi.xml_4,母女隔断三千里，,14487867.489356248,0.0
daxp-MengJunZi-ChunQiuPei-2.xml_4,身有病还受那继母拷打，,14571395.090788502,0.0
daxp-ChenSanLiang-ChenSanLiangPaTang.xml_1,公正的老爷细听分明。,14576958.319158174,0.0
daeh-ZiNaRi-ZhuangYuanMei-1.xml_8,幸喜得珍珠衫称心如愿，,14587768.826539362,0.0
sdxp-WoHeNi-SiLangTanMu.xml_23,咱与你隔南北千里姻缘。,14626451.528630864,0.0
daspd-HaiDaoBing-GuiFeiZuiJiu.xml_6,奴似嫦娥离月宫。,14661310.752813123,0.0
daeh-ZiNaRi-ZhuangYuanMei-2.xml_0,自那日与六郎阵前相见，,14802011.748536196,0.0
daxp-GuanShiYin-TianNvSanHua.xml_2,菩提树薝卜花千枝掩映，,15063685.799609305,0.0
daxp-ChunQiuTing-SuoLinNang.xml_1,何处悲声破寂寥。,15066274.420105265,0.0
daxp-FeiShiWo-TaoHuaCun.xml_0,非是我嘱咐叮咛把话讲，,15315277.081230022,0.14285714285714285
sdxp-SuLongWei-WuJiaPo.xml_30,本利算来有多少，,15316102.746945361,0.0
daxp-SuSanLi-NvQiJie.xml_4,哪一位去往南京转，,15382190.167712549,0.0
daeh-ZiNaRi-ZhuangYuanMei-1.xml_0,自那日与六郎姻缘相见，,15390104.161564765,0.0
daxp-ZheCaiShi-SuoLinNang.xml_3,残生一线付惊涛。,15411290.028008509,0.0
daxp-ZhiJianTa-WangJiangTing.xml_6,低下头心生计，,15434217.152133107,0.0
daxp-ZhiJianTa-WangJiangTing.xml_8,出二堂深施礼，,15457254.154867344,0.0
daeh-ZiNaRi-ZhuangYuanMei-2.xml_6,百姓们闺房乐如花美眷，,15498759.063902512,0.0
daeh-ZiNaRi-ZhuangYuanMei-1.xml_10,但愿得令公令婆别无异见，,15543336.703817327,0.0
daxp-JiaoZhangSheng-HongNiang.xml_5,听号令且莫要惊动了她。,15834668.735899068,0.0
danbz-KanDaWang-BaWangBieJi.xml_1,我这里出帐外且散愁情。,15955568.03817969,0.14285714285714285
daxp-ErTingDe-SuoLinNang.xml_18,人情冷暖凭空造，,16112049.03561667,0.0
daxp-ChunQiuTing-SuoLinNang.xml_20,人情冷暖凭天造，,16387744.606868189,0.0
daxp-MuQinBu-FengHuanChao.xml_4,人生不知顾脸面，,16444134.329209881,0.0
sdeh-WenSanNiang-SanNiangJiaoZi.xml_5,实指望教训他终身有靠，,16617199.916784264,0.0
daeh-XiaoNuCai-SanNiangJiaoZi.xml_2,哭一声亡故夫在阴曹等我，,17001558.81084824,0.14285714285714285
daeh-ZiNaRi-ZhuangYuanMei-1.xml_12,但愿得状元媒月老引线，,17668927.526088778,0.0
daeh-ZiNaRi-ZhuangYuanMei-2.xml_12,但愿得状元媒月老引线，,17730596.827439062,0.0
daxp-QiaoLouShang-HuangShanLei.xml_10,我不免引寒机伴奴坐等，,17882281.944353022,0.14285714285714285
daeh-ZaoBuXing-HeHouMaDian.xml_2,把一个皇太子逼死殿下，,18286484.85880179,0.0
daeh-ZiNaRi-ErJinGong.xml_4,他那里父女情全然无有，,18490060.746992286,0.0
daxp-XiRiLi-LongFengChengXiang.xml_1,今朝仙女会襄王。,19298334.254816964,0.0
daxp-WoDeNiang-XinAnYi.xml_1,奴年交十九岁还守闺门。,19334950.913191617,0.0
daxp-LaoDieDie-SanJiZhang-1.xml_1,我立志不嫁那状元才郎。,19365361.321352638,0.14285714285714285
daeh-TanHongYan-HuoXiaoYu.xml_3,啼花泣月在暗里（呀）添愁。,19433049.982042894,0.0
daxp-ErDeFu-HongNiGuan.xml_6,奴本当把关印付他执掌，,19609468.072394852,0.14285714285714285
sdxp-WoHeNi-SiLangTanMu.xml_25,有什么心腹事你只管明言。,20197993.619413402,0.0
daxp-XiRiLiang-LongFengChengXiang.xml_1,今朝仙女会襄王。,20726759.431769673,0.0
daeh-WuDuanQiao-BiYuZan.xml_4,今生若被郎轻贱，,21116816.02878736,0.0
daeh-ZaoBuXing-HeHouMaDian.xml_6,贼好比秦赵高指鹿为马，,21327370.72558482,0.0
daxp-ChenSanLiang-ChenSanLiangPaTang.xml_3,发奋自强日夜读诗文。,25263208.297810528,0.0
lsxp-QingGongYan-FaDongWu.xml_0,庆功宴上把酒饮，,269818286.19682479,0.0
lsxp-JiangShenEr-SanJiaDian.xml_11,儿行千里母担忧。,279400344.14157122,0.0
lsxp-ZheYiFeng-DingJunShan.xml_0,这一封（呃）书信来得巧，,330602734.07951689,0.0
lsxp-WeiCengKai-QiYuanBao.xml_7,借宿一宵起祸殃。,337567324.51411277,0.0
lsxp-WeiCengKai-QiYuanBao.xml_0,未曾开言泪汪汪，,338684818.40767121,0.0
lsxp-JianMaSu-ZhanMaSu.xml_0,见马谡（唩）跪帐下，,341923729.76896214,0.0
lsxp-ZiGuDao-HuangHeLou.xml_0,自古道吉人有天相，,347876580.77398682,0.0
sdxp-WoHeNi-SiLangTanMu.xml_20,黄沙盖脸尸骨不全。,348497850.8973462,0.0
lsxp-DaHeYi-SiLangTanMu.xml_2,杨家将令鬼神惊。,360539917.61456692,0.0
sdxp-SuLongWei-WuJiaPo.xml_7,大嫂说话礼不端，,364177346.3499288,0.0
sdxp-SuLongWei-WuJiaPo.xml_20,为何来在大道边。,370122870.61658907,0.0
lsxp-WeiCengKai-QiYuanBao.xml_3,姓刘名安字世昌。,376674861.15956581,0.0
lseh-XinZhongYou-WenZhaoGuan.xml_5,为何几日他不言，,383516766.87044531,0.0
lsxp-ZouYingLong-DaYanSong.xml_8,上面坐的是有道君，,386369091.20688736,0.0
sdxp-WoHeNi-SiLangTanMu.xml_14,见母一面即刻还。,387872375.1592263,0.0
lsxp-WeiCengKai-QiYuanBao.xml_8,赵大夫妻图财害命害我一命亡，,391773425.91876185,0.14285714285714285
lseh-XinZhongYou-WenZhaoGuan.xml_19,父母的冤仇化尘烟，,391796348.91647047,0.0
lseh-YiLunMing-WenZhaoGuan-1.xml_35,父母的冤仇化尘烟，,392708836.13619959,0.0
lsxp-LiangGuoJiao-ShiJieTing-2.xml_5,靠山近水把管收。,393515712.97917563,0.0
lsxp-ShenGongWu-LongFengChengXiang.xml_3,耳听笙歌闹喧哗。,397915941.11456698,0.0
lsxp-LiangGuoJiao-ShiJieTing-1.xml_5,靠山近水把营收。,412643497.74463654,0.0
sdxp-SuLongWei-WuJiaPo.xml_11,好一个贞节王宝钏，,419180679.91442007,0.0
lsxp-ZuoRiLi-YuanMenZhanZi.xml_4,叫焦赞将宝剑悬挂帐外，,423463282.40355408,0.0
sdxp-WoHeNi-SiLangTanMu.xml_18,将身跪在地平川。,425517612.10711318,0.0
lsxp-ZiCongQian-ZhuLianZhai.xml_0,自从千岁离朝后，,436598082.43119884,0.0
lsxp-DaHeYi-SiLangTanMu.xml_1,大喝一声（哪）如雷震，,437971018.45764029,0.0
lseh-WeiKaiYan-RangXuZhou.xml_5,救生灵（呐）积阴（呐）功也免得我坐卧不宁。,439619943.2530278,0.14285714285714285
lsxp-YiZhuangZhuang-QunYingHui.xml_0,一桩桩一件件倶已办就，,450925566.88801992,0.0
lsxp-QingGongYan-FaDongWu.xml_3,又谁知中途两离分。,452680580.29670823,0.0
lsxp-CiShiJian-HuaiHeYing-1.xml_0,此时间不可闹笑话，,454500776.77617788,0.0
lsxp-YiShiWu-YuCangJian.xml_8,实指（喏）望到吴国借兵（呐）转，,457544785.18645853,0.0
lseh-YiLunMing-ZhuoFangCao-1.xml_23,我岂肯放虎归山又（哇）把人抓。,459864709.1877951,0.14285714285714285
lseh-WeiKaiYan-RangXuZhou.xml_2,二犬子（呃）皆年幼（哇）难当（呃）重任，,460534582.13582468,0.14285714285714285
lsxp-ZheYiFeng-DingJunShan.xml_7,退后的项上吃一刀。,461666617.49920911,0.0
lsxp-DaHeYi-SiLangTanMu.xml_29,众将与爷忙掩（哪）门，,461926649.61449218,0.0
lsxp-YiShiWu-YuCangJian.xml_4,恨平王无道纲常乱，,466654209.14488584,0.0
lseh-YiLunMing-ZhuoFangCao-1.xml_17,汉室后来贼是个惹祸的根芽。,467262298.02533203,0.0
lseh-YiLunMing-WenZhaoGuan-1.xml_21,为何几日他不言。,468125409.47999865,0.0
lsxp-YiShiWu-YuCangJian.xml_2,日月轮流催晓（哇）箭，,468458098.94098854,0.0
lsxp-CiShiJian-HuaiHeYing-2.xml_0,此时间不可闹笑话，,470345225.29523283,0.0
lsxp-YiShiWu-YuCangJian.xml_7,我与奸贼不共戴天！,474761145.8023212,0.14285714285714285
lsxp-YiZhuangZhuang-QunYingHui.xml_1,请先生到江边即刻登舟。,476827689.83900607,0.0
lseh-YiLunMing-ZhuoFangCao-1.xml_9,年迈的老丈命（呐）染黄沙。,480056061.7203564,0.0
lsxp-ZheYiFeng-DingJunShan.xml_6,向前各各有赏犒，,480224657.62294364,0.0
lseh-YiLunMing-ZhuoFangCao-2.xml_9,年迈老丈命染黄沙。,481109898.55994087,0.0
lseh-LaoZhangBu-WuPenJi.xml_5,抓一（呀）把沙土扬灰尘。,481151304.06033611,0.0
lseh-YangYanZhao-PengBei.xml_2,迈虎步我且把宝帐来进，,481227093.0459398,0.14285714285714285
sdxp-SuLongWei-WuJiaPo.xml_22,一马双跨到西凉。,481881667.04277694,0.0
lsxp-LiangGuoJiao-ShiJieTing-1.xml_0,两国交（哇）锋龙虎斗，,483276997.98309088,0.0
lsxp-DaHeYi-SiLangTanMu.xml_26,要见本帅为何情？,489358657.26024598,0.0
lseh-XiRiLi-BaoLianDeng.xml_11,留得美名万古存，,494945686.65860456,0.0
lseh-NiangZiBu-SouGuJiuGu.xml_12,无奈何我只得双（呃）膝跪，,500403248.57503873,0.14285714285714285
lsxp-LiangGuoJiao-ShiJieTing-2.xml_1,各为其（呀）主统貔貅。,501163151.52495539,0.0
lseh-XuMaoGong-QinQiongFaPei.xml_1,文韬武略智谋高。,502158749.50112844,0.0
lsxp-DaHeYi-SiLangTanMu.xml_30,自己骨肉认不清。,504891816.0484944,0.0
lsxp-ZiCongQian-ZhuLianZhai.xml_2,为千岁懒把朝房走，,509705443.55934787,0.0
lsxp-DaHeYi-SiLangTanMu.xml_5,弟兄们分别十五春，,515040877.6811083,0.0
lsxp-LiangGuoJiao-ShiJieTing-1.xml_2,管待三（哪）军要宽厚，,519015179.73100668,0.0
lseh-YiLunMing-WenZhaoGuan-1.xml_34,寻短（哪）哎见爹娘（兀）！,526740432.04938203,0.0
sdxp-DangNianHan-SanJiZhang.xml_2,未央宫斩的是何人？,527727741.1806221,0.0
lsxp-WeiCengKai-QiYuanBao.xml_5,贩卖绸缎转还乡。,531186980.50008148,0.0
lsxp-ZouYingLong-DaYanSong.xml_6,我劝顽童你休流泪，免悲声，邹老爷就是尔的报仇人。,532763708.7500242,0.14285714285714285
lseh-XuMaoGong-QinQiongFaPei.xml_0,徐茂公阴阳多奥妙，,533218562.96460176,0.0
lseh-YiLunMing-WenZhaoGuan-1.xml_24,哭一声爹娘不能相见，,534781210.66135293,0.0
lseh-XinZhongYou-WenZhaoGuan.xml_18,寻短（呃）哎见爹娘（呃）。,543994364.15872562,0.0
lseh-YiLunMing-ZhuoFangCao-2.xml_5,杀猪沽酒款待与他。,544400608.60171473,0.0
lseh-YiLunMing-ZhuoFangSuDian.xml_9,年迈的老丈命（呐）染黄沙。,545024424.43224525,0.0
lseh-YiLunMing-WenZhaoGuan-1.xml_17,翻来覆去睡不（哇）安。,546790110.93057847,0.0
lsxp-DaHeYi-SiLangTanMu.xml_17,弟兄对坐叙寒温。,549438706.31649768,0.0
lsxp-LiangGuoJiao-ShiJieTing-1.xml_1,各为其主统貔貅，,553218311.2174443,0.0
lsxp-DaHeYi-SiLangTanMu.xml_19,本帅帐中用目睁，,561352196.45093834,0.0
lsxp-DaHeYi-SiLangTanMu.xml_6,怎知今日回宋营。,569506369.21976018,0.0
lseh-YiLunMing-ZhuoFangCao-1.xml_1,陈宫心（呐）中乱如麻，,570163220.90842628,0.0
sdxp-WoHeNi-SiLangTanMu.xml_6,有一桩心腹事不敢明言。,570382944.26087582,0.0
lsxp-WeiCengKai-QiYuanBao.xml_9,望求太爷与我作主张（啊）。,574609127.92694402,0.14285714285714285
sdxp-WoHeNi-SiLangTanMu.xml_4,誓不忘贤公主恩重如山。,582514611.28109443,0.0
sdxp-WoHeNi-SiLangTanMu.xml_19,我若探母不回转，,591315161.10127091,0.14285714285714285
lsxp-ZhangGongDao-ZhuangYuanPu.xml_0,张公道三十五六（哇）子有靠，,593022094.28542399,0.0
lsxp-DaHeYi-SiLangTanMu.xml_3,迈步且把宝帐（呀）进，,596075995.46266305,0.0
lseh-NiangZiBu-SouGuJiuGu.xml_13,哀求娘子（喏）舍亲（呐）生。,598054265.27365804,0.0
lseh-YiLunMing-ZhuoFangCao-1.xml_5,杀猪（喏）沽（哇）酒款待于他，,598586092.46960747,0.0
lseh-XinZhongYou-WenZhaoGuan.xml_9,不能（呃）哎见。,600975974.43013275,0.0
lsxp-JianMaSu-ZhanMaSu.xml_2,大胆不听我的话，,603255655.65085173,0.14285714285714285
lsxp-LiangGuoJiao-ShiJieTing-2.xml_4,此一番领（呃）兵去镇守，,604479991.22581041,0.0
lsxp-LiangGuoJiao-ShiJieTing-1.xml_4,此一番领兵去镇守，,604782689.31293595,0.0
lsxp-YiShiWu-YuCangJian.xml_9,行至在昭关有阻拦。,605204564.65791929,0.0
lsxp-WeiCengKai-QiYuanBao.xml_6,行至在中途把雨降，,607876873.21080148,0.0
lsxp-HenPingWang-WenZhaoGuan.xml_2,我的（呀）父谏奏反把命（哪）送，,609047890.90382004,0.14285714285714285
lseh-YiLunMing-ZhuoFangCao-1.xml_14,悔不该把家属一（呀）旦撇下，,610060674.18348014,0.0
lsxp-JianMaSu-ZhanMaSu.xml_3,失去了街亭差不差。,612688716.25807655,0.0
lseh-YiLunMing-ZhuoFangCao-1.xml_7,拔出剑将他的满门杀，,614254630.09566712,0.0
lsxp-ZiCongQian-ZhuLianZhai.xml_5,望千岁恕学生礼貌不周。,621611429.14034128,0.0
lseh-YiLunMing-ZhuoFangSuDian.xml_1,陈宫心（呐）中乱如麻，,622008051.8179419,0.0
lseh-TuZeiZuo-SouGuJiuGu.xml_2,眼见得忠良无救应，,623585010.97710979,0.0
lseh-YiLunMing-WenZhaoGuan-1.xml_7,夜夜何曾得安眠。,623910500.27793896,0.0
lseh-YiLunMing-WenZhaoGuan-2.xml_7,夜夜何曾得安眠。,623910500.27793896,0.0
lseh-ZiNaRi-HongYangDong.xml_3,那乃是萧天佐以（呀）假成真；,624855910.29183483,0.0
sdxp-WoHeNi-SiLangTanMu.xml_3,杨廷辉有一日愁眉得展，,627988218.50744545,0.0
lsxp-JiangShenEr-SanJiaDian.xml_7,舍不得衙役们众班头。,629797710.01695848,0.0
sdxp-WoHeNi-SiLangTanMu.xml_2,贤公主又何必过于谦言。,632208259.77946281,0.0
lseh-YiLunMing-ZhuoFangSuDian.xml_5,杀猪（喏）沽酒款待与他，,633379608.07032549,0.0
lsxp-DaHeYi-SiLangTanMu.xml_14,失落番邦被贼擒。,637562743.98409438,0.0
lsxp-ZiCongQian-ZhuLianZhai.xml_4,山高路远少来问候，,638384167.42330885,0.0
sdxp-WoHeNi-SiLangTanMu.xml_11,公主虽然不阻拦，,640037885.56109762,0.0
lsxp-JiangShenEr-SanJiaDian.xml_9,舍不得老娘（呃）白了头。,640818741.35475969,0.0
lsxp-DaHeYi-SiLangTanMu.xml_15,六弟下位把兄认，,645841196.99591696,0.0
lseh-XinZhongYou-WenZhaoGuan.xml_1,翻来复去睡不安。,651780945.59098327,0.0
lsxp-ZuoRiLi-YuanMenZhanZi.xml_1,老娘亲为什么不讲情来？,653911865.43691385,0.0
lsxp-LiangGuoJiao-ShiJieTing-2.xml_2,管带三（呐）军要宽厚，,654401493.23491359,0.0
sdxp-DangNianHan-SanJiZhang.xml_6,句句话儿伤父心。,657197691.84092188,0.0
lsxp-ZiGuDao-HuangHeLou.xml_2,曾记得当年赴河梁，,660077136.71113563,0.14285714285714285
lsxp-ZiGuDao-HuangHeLou.xml_5,四将军保架料也无妨。,661240596.17995119,0.0
lseh-YiLunMing-WenZhaoGuan-1.xml_3,谁知昭关有阻拦。,663326493.28524423,0.0
lseh-TanXiongDi-SangYuanJiZi.xml_3,见坟台不见人刀割我心。,664201888.75580764,0.14285714285714285
lsxp-DaHeYi-SiLangTanMu.xml_31,走上前来忙松捆，,664233942.94132006,0.0
sdxp-SuLongWei-WuJiaPo.xml_19,是烈女就该在家院，,664247903.5639838,0.0
lsxp-DaHeYi-SiLangTanMu.xml_8,问我一言答一声。,673067921.56328309,0.14285714285714285
sdxp-SuLongWei-WuJiaPo.xml_21,为军起下不良的意呀，,675677966.37353122,0.0
lsxp-DaHeYi-SiLangTanMu.xml_4,上面（哪）坐的同胞人。,676784939.6565913,0.0
lsxp-WoZhuYe-ZhuiHanXin.xml_0,我主爷起义在芒砀，,677466623.92156053,0.14285714285714285
sdxp-DangNianHan-SanJiZhang.xml_7,要退、要退、偏要退！,680794449.37174559,0.0
lsxp-WoZhuYe-ZhuiHanXin.xml_15,扬尘舞蹈见大王。,682724322.67886233,0.0
lsxp-DaHeYi-SiLangTanMu.xml_22,灯光之下看不真。,684069013.01503932,0.0
lseh-XiRiLi-BaoLianDeng.xml_13,二娇儿也难比那两个贤人。,684634315.39351428,0.0
lseh-YangYanZhao-PengBei.xml_1,在中途得一信甚是不明。,685939145.17505479,0.0
lsxp-JiangShenEr-SanJiaDian.xml_15,叫一声解差把店役。,691636769.42933762,0.0
lseh-NiangZiBu-SouGuJiuGu.xml_2,赵屠二家有仇恨，,692124704.83150601,0.0
lseh-XuMaoGong-QinQiongFaPei.xml_3,缘何不救我出笼牢。,696337273.83940804,0.14285714285714285
lseh-YiLunMing-ZhuoFangCao-1.xml_22,虎在笼中我不打，,696686468.64658177,0.14285714285714285
lsxp-CiShiJian-HuaiHeYing-1.xml_4,左手拉住了李左车，,698179506.10051,0.0
lsxp-TingTaYan-ZhuoFangCao-2.xml_1,背转身自埋怨我自（呃）已做差。,699012077.01683295,0.14285714285714285
lsxp-TingTaYan-ZhuoFangCao-1.xml_1,背转身只埋怨我自（呃）己作差，,699012077.01683295,0.14285714285714285
lsxp-DaHeYi-SiLangTanMu.xml_9,家住后山磁州郡，,699154061.76015747,0.0
lsxp-YiShiWu-YuCangJian.xml_0,一事无成两鬓斑，,701729868.45824265,0.0
lseh-NiangZiBu-SouGuJiuGu.xml_0,娘子不（哇）必太烈性，,703230419.09239686,0.0
lseh-YiLunMing-ZhuoFangCao-1.xml_12,听谯楼打罢了二（喏）更鼓下，,710612021.15598738,0.0
lsxp-ZhangGongDao-ZhuangYuanPu.xml_2,为（呀）儿（啼）女我也曾朝山拜庙，,712543482.00357938,0.14285714285714285
lsxp-CiShiJian-HuaiHeYing-1.xml_6,三人同把那鬼门关上踏（啊），,712590179.21371865,0.0
sdxp-SuLongWei-WuJiaPo.xml_8,为军哪怕到官前。,714309707.54761934,0.0
lseh-YiLunMing-WenZhaoGuan-2.xml_3,谁知昭关有阻拦。,716393951.30871344,0.0
lseh-JinZhongXiang-ShangTianTai.xml_5,又听得殿角下大放悲声。,719891745.36737251,0.0
lseh-YiLunMing-ZhuoFangCao-2.xml_7,拔出剑将他的满门杀。,722718415.24678767,0.0
lseh-YiLunMing-WenZhaoGuan-2.xml_1,愁人心（呐）中似箭穿。,723907699.26760781,0.0
sdxp-WoHeNi-SiLangTanMu.xml_1,我和你好夫妻恩德不浅，,725457052.99804103,0.14285714285714285
lsxp-ZouYingLong-DaYanSong.xml_13,在品级台（呀）前臣见君。,726420269.07203412,0.0
lsxp-WoZhuYe-ZhuiHanXin.xml_3,两路分（呐）兵定咸阳。,729671007.16915143,0.0
lsxp-LiangGuoJiao-ShiJieTing-2.xml_0,两国交锋龙虎斗，,733888889.31587017,0.0
lsxp-CiShiJian-HuaiHeYing-2.xml_1,胡言乱语怎瞒（呐）咱！,735348863.04649532,0.0
lseh-XinZhongYou-WenZhaoGuan.xml_20,对天发下宏誓愿，,738041769.90234363,0.0
lseh-TuZeiZuo-SouGuJiuGu.xml_0,屠贼做事心太狠，,738708285.2673831,0.0
lsxp-LiangGuoJiao-ShiJieTing-1.xml_3,赏罚中公（呃）平莫要自由。,740774448.25786054,0.0
lsxp-ShenGongWu-LongFengChengXiang.xml_1,年老得配女娇娃。,741041530.62811089,0.0
lseh-YiLunMing-WenZhaoGuan-1.xml_36,对天发不宏誓愿，,744842269.1252104,0.0
lseh-XuMaoGong-QinQiongFaPei.xml_4,是是是（呀）来我明白了，,744936039.74472558,0.14285714285714285
sdxp-SuLongWei-WuJiaPo.xml_6,为军的要人我是不要钱。,746200251.06515443,0.14285714285714285
lsxp-HenPingWang-WenZhaoGuan.xml_3,满门的家着血染红。,750941559.71759319,0.0
lsxp-CiShiJian-HuaiHeYing-2.xml_6,三人同把那鬼门关上爬，,752654873.27779245,0.0
lsxp-CiShiJian-HuaiHeYing-1.xml_5,右手再把栾布拉。,754424041.66781187,0.0
lseh-YiLunMing-WenZhaoGuan-1.xml_23,你就该把我献与昭关。,754839928.37663984,0.14285714285714285
lseh-XinZhongYou-WenZhaoGuan.xml_8,哭一声爹娘不能相见，,755398016.91951621,0.0
lsxp-WoBenShi-KongChengJi-1.xml_3,算就了汉家的业鼎足哇三分。,760025747.51524901,0.0
lsxp-HenPingWang-WenZhaoGuan.xml_0,恨平王无道乱楚宫（兀），,760956411.93139172,0.0
lsxp-HenPingWang-WenZhaoGuan.xml_1,父纳子（呃）妻礼难容，,761204856.17631686,0.0
lseh-XinZhongYou-WenZhaoGuan.xml_7,你就该把我献与昭关。,763149438.30047715,0.14285714285714285
lsxp-WoBenShi-KongChengJi-2.xml_3,算就了汉家的业鼎足（呃）三分。,764493028.82867479,0.0
lseh-YiLunMing-WenZhaoGuan-1.xml_1,愁人心（哪）中似箭穿。,765546904.10159767,0.0
lseh-XinZhongYou-WenZhaoGuan.xml_15,到如今夜宿在荒村院，,770430143.48739934,0.0
lseh-YiLunMing-WenZhaoGuan-1.xml_31,到如今夜宿在荒村院，,770430143.48739934,0.0
lsxp-DaHeYi-SiLangTanMu.xml_20,见一番汉帐中行。,773728400.87791908,0.0
sdxp-SuLongWei-WuJiaPo.xml_17,买绫罗与绸缎、打首饰和簪环，,774882467.81071424,0.0
lsxp-JiangShenEr-SanJiaDian.xml_5,因此上发配到登州。,774991897.27369308,0.0
lseh-XinZhongYou-WenZhaoGuan.xml_6,贪图富贵来害我，,776086062.49605727,0.14285714285714285
lseh-XinZhongYou-WenZhaoGuan.xml_12,越思越想好伤惨，,777261784.50167572,0.0
lsxp-ZhangGongDao-ZhuangYuanPu.xml_1,陈伯愚年半百无有后苗。,780624520.42608666,0.0
sdxp-WoHeNi-SiLangTanMu.xml_7,萧天佐摆天门两国交战，,784053928.31128466,0.0
lseh-YiLunMing-ZhuoFangSuDian.xml_11,自有那神灵儿天地鉴察。,784581693.63512397,0.0
lseh-YiLunMing-WenZhaoGuan-1.xml_28,越思越想好伤惨，,786778564.49546003,0.0
sdxp-WoHeNi-SiLangTanMu.xml_8,我的娘押粮草来到北番。,787314173.98709893,0.14285714285714285
lsxp-DaHeYi-SiLangTanMu.xml_27,听罢言来才知情，,787369578.71917212,0.0
lsxp-CiShiJian-HuaiHeYing-1.xml_2,在长安是你夸大话，,791078170.38607132,0.0
lseh-YiLunMing-WenZhaoGuan-1.xml_16,心中有事难合眼，,791799137.94762611,0.0
lseh-XinZhongYou-WenZhaoGuan.xml_0,心中有事难合眼，,792129744.86701477,0.0
lseh-YiLunMing-WenZhaoGuan-1.xml_22,贪图富贵来害我，,799012391.98086321,0.14285714285714285
lseh-ZenNengGou-BaDaChui.xml_3,倒不如上公安观看古今。,804120173.05196214,0.0
lsxp-TingTaYan-ZhuoFangCao-1.xml_6,这时候我只得暂且忍耐在心下，,804746477.40966594,0.14285714285714285
lseh-YiLunMing-ZhuoFangCao-1.xml_20,贼好比蛟龙未生鳞甲，,808121916.19127047,0.0
lsxp-ZhangGongDao-ZhuangYuanPu.xml_4,怕将（呃）来老天爷无（哇）有果报，,808162514.90549695,0.0
lsxp-CiShiJian-HuaiHeYing-2.xml_4,左手拉住了李左车，,809707806.78831398,0.0
lsxp-ZiCongQian-ZhuLianZhai.xml_3,为千岁懒观五凤楼。,814431432.40320456,0.0
lseh-XinZhongYou-WenZhaoGuan.xml_2,背地里只把东皋公怨，,814868663.23166263,0.0
lseh-YiLunMing-ZhuoFangSuDian.xml_7,拔出剑将他的满门杀，,817077221.95893216,0.0
sdxp-WoHeNi-SiLangTanMu.xml_13,公主赠我的金鈚箭，,818459028.0227499,0.2857142857142857
lsxp-TingTaYan-ZhuoFangCao-1.xml_7,既同行共（呃）大事必须要劝解于他（呀呃）。,822093660.07878029,0.0
lsxp-TingTaYan-ZhuoFangCao-2.xml_7,既同行共（呃）大事必须要劝解于他（呀呃）。,822093660.07878029,0.0
lsxp-YiShiWu-YuCangJian.xml_5,信用无极狗奸谗。,822500083.21918368,0.0
lsxp-WoBenShi-KongChengJi-2.xml_9,我面前却少个知（呃）音的人。,827416920.66981745,0.14285714285714285
lsxp-ZiGuDao-HuangHeLou.xml_3,二将军保架过长江。,828424751.27818179,0.0
lsxp-JianMaSu-ZhanMaSu.xml_1,不由老夫咬钢牙，,834948469.89787579,0.0
sdxp-WoHeNi-SiLangTanMu.xml_12,无有令箭怎过关。,839374118.03855383,0.0
lseh-YiLunMing-ZhuoFangCao-1.xml_11,自有那神灵（啊）天地鉴察。,842911226.62656891,0.0
lsxp-DaHeYi-SiLangTanMu.xml_23,本帅开言把他问，,844812508.06063783,0.0
lsxp-LiangGuoJiao-ShiJieTing-2.xml_3,赏罚中公（呃）平莫要自由。,847891754.39950871,0.0
lseh-ZiNaRi-HongYangDong.xml_8,为此事终（啊）日里忧成疾病，,849895723.53936791,0.0
lseh-XiRiLi-BaoLianDeng.xml_15,打死个秦官保父不能担承。,851222759.54126489,0.0
lsxp-DaHeYi-SiLangTanMu.xml_7,将身站在了阶前等，,851936123.50587881,0.0
lsxp-YiShiWu-YuCangJian.xml_1,叹光明一去不回还（呐）；,853271012.59154177,0.0
lseh-NiangZiBu-SouGuJiuGu.xml_8,你今舍了亲生子，,854625893.30230248,0.0
lseh-WeiGuoJia-HongYangDong-1.xml_0,为国家那何曾半日闲空，,856394357.72320426,0.0
lsxp-QingGongYan-FaDongWu.xml_2,弟兄们创业多艰难，,856864920.93071938,0.0
lseh-YiLunMing-ZhuoFangCao-2.xml_1,陈宫心中乱如麻。,860352884.91256523,0.0
lsxp-ZheYiFeng-DingJunShan.xml_8,三军与（呀）爷归营号，,860822116.84833097,0.0
lseh-YiLunMing-WenZhaoGuan-1.xml_18,背地里只把东皋公怨，,861374491.42827773,0.0
sdxp-WoHeNi-SiLangTanMu.xml_9,我有心回宋营见母一面，,863089009.03425014,0.14285714285714285
lsxp-JiangShenEr-SanJiaDian.xml_3,二不是歹人（呐）把城偷。,866728583.39033771,0.0
lseh-YiLunMing-WenZhaoGuan-2.xml_13,我好（呃）比波浪中失舵的舟船（喏）。,867002718.11937022,0.14285714285714285
lseh-YiLunMing-ZhuoFangCao-2.xml_11,自有那神灵儿天地鉴察。,871694126.90911603,0.0
lsxp-TingTaYan-ZhuoFangCao-2.xml_6,这时候我只得暂且忍耐在心下，,873218369.34177971,0.14285714285714285
lseh-JinZhongXiang-ShangTianTai.xml_2,文凭着邓先生策划有准，,873685357.74373102,0.0
lsxp-ZouYingLong-DaYanSong.xml_0,忽听得万岁宣应龙，,877020281.59464669,0.0
sdxp-SuLongWei-WuJiaPo.xml_12,百般调戏也枉然。,879910410.2542448,0.0
lsxp-ZuoRiLi-YuanMenZhanZi.xml_0,昨日里斩八将头挂营外，,880991612.23616958,0.0
sdeh-WenSanNiang-SanNiangJiaoZi.xml_1,问三娘发雷霆却是为何？,883704260.55751038,0.0
lseh-JinZhongXiang-ShangTianTai.xml_3,武仗着姚皇兄保定乾坤。,889293828.6865741,0.0
lsxp-CiShiJian-HuaiHeYing-2.xml_7,生死二字（喏）且由他！,890912667.57273102,0.0
lsxp-ZiCongQian-ZhuLianZhai.xml_1,满朝中文武臣泪双流。,901575734.52477205,0.0
lseh-WeiGuoJia-HongYangDong-2.xml_0,为国家哪何曾半日闲空，,902102467.82958877,0.0
lsxp-ZouYingLong-DaYanSong.xml_11,我本当金（哪）殿奏一本怎奈我官卑职小不能够参大臣。,903228103.95015967,0.2857142857142857
lsxp-ZhangGongDao-ZhuangYuanPu.xml_5,眼睁（呐）睁有何人去（呀）把纸烧。,904468466.73266828,0.0
lseh-WeiGuoJia-HongYangDong-1.xml_1,我也曾平服了塞北西东。,905685166.31849337,0.14285714285714285
lseh-YiLunMing-WenZhaoGuan-1.xml_13,我好（哇）比波浪中失舵的舟船（哪）。,907354798.06904972,0.14285714285714285
sdxp-SuLongWei-WuJiaPo.xml_3,他三人与我有仇恨，,908563641.85808885,0.14285714285714285
lsxp-ShenGongWu-LongFengChengXiang.xml_0,深宫无（哇）处不飞花，,916508791.28311777,0.0
lseh-TuZeiZuo-SouGuJiuGu.xml_3,大事还要问程婴。,922155391.87683344,0.0
lseh-WeiGuoJia-HongYangDong-3.xml_2,官封到节度史（喏）皇王恩重，,926041692.45427036,0.0
lseh-ZiNaRi-HongYangDong.xml_7,去了我左右膀难以飞行。,935692356.15024078,0.14285714285714285
lsxp-DaHeYi-SiLangTanMu.xml_28,原来四哥回宋营。,937355960.47926283,0.0
lseh-WeiGuoJia-HongYangDong-1.xml_2,官封到节度使（喏）皇王恩重，,941794210.01272786,0.0
lsxp-WoZhuYe-ZhuiHanXin.xml_9,我也曾约法定过三章。,945333835.55015469,0.14285714285714285
lsxp-WoZhuYe-ZhuiHanXin.xml_8,一路上秋毫无犯军威壮，,949218880.51811302,0.0
lseh-XiRiLi-BaoLianDeng.xml_5,那伯夷尊父命也不能应承，,954391537.2378211,0.0
lseh-XinZhongYou-WenZhaoGuan.xml_13,想当初在朝为官宦，,955761572.7917738,0.2857142857142857
lseh-YiLunMing-WenZhaoGuan-1.xml_29,想当初在朝为官宦，,955761572.7917738,0.2857142857142857
lseh-YangYanZhao-PengBei.xml_5,又恐怕惊动了年迈之人。,957545121.76845551,0.0
lsxp-ZheYiFeng-DingJunShan.xml_9,到明天午时三刻要成功劳。,967383242.54113114,0.0
lseh-JinZhongXiang-ShangTianTai.xml_4,内侍臣忙摆驾九龙口进，,973230945.9230243,0.0
lsxp-DaHeYi-SiLangTanMu.xml_25,家住哪州并哪郡？,976148043.62905526,0.0
sdxp-SuLongWei-WuJiaPo.xml_5,西凉川四十单八站，,979375407.96681416,0.0
lseh-ZiNaRi-HongYangDong.xml_4,二次（喏）里命孟良番营来进，,980291303.25136352,0.0
lseh-WeiGuoJia-HongYangDong-2.xml_2,官封到节度使（喏）皇王恩重，,982221363.31118524,0.0
lseh-XinZhongYou-WenZhaoGuan.xml_21,我不杀平王我的心怎甘。,982395087.19796979,0.14285714285714285
lsxp-WoZhuYe-ZhuiHanXin.xml_14,撩袍端带我把金殿上，,983314045.99606752,0.14285714285714285
lsxp-DaHeYi-SiLangTanMu.xml_24,你是番邦什么人？,983671520.78898752,0.0
lseh-YiLunMing-WenZhaoGuan-2.xml_14,思来想去我的肝肠断，,990215555.25942194,0.14285714285714285
lseh-YiLunMing-WenZhaoGuan-1.xml_11,我好比龙游在浅沙滩。,995257030.45192075,0.14285714285714285
sdxp-WoHeNi-SiLangTanMu.xml_17,公主叫我盟誓愿，,998437701.74350858,0.14285714285714285
lseh-WeiGuoJia-HongYangDong-3.xml_1,我也曾平服了塞北西东。,1000063216.9517267,0.14285714285714285
lseh-NiangZiBu-SouGuJiuGu.xml_9,来年必定降麒麟。,1002800207.6327808,0.0
lsxp-ZouYingLong-DaYanSong.xml_12,罢、罢、罢，暂且忍却我的心头恨，,1003082097.936807,0.14285714285714285
lseh-YiLunMing-WenZhaoGuan-1.xml_19,叫人难解巧机关，,1003179905.5851706,0.0
lsxp-JiangShenEr-SanJiaDian.xml_8,实难舍街坊四邻与我的好朋友，,1003334127.1230291,0.14285714285714285
lseh-XinZhongYou-WenZhaoGuan.xml_14,朝臣待漏五更寒。,1003793747.4022354,0.0
lsxp-ZouYingLong-DaYanSong.xml_10,他本是我朝中上欺天子下压臣谋朝篡位卖国的奸贼他名叫严嵩，,1014071089.7130359,0.14285714285714285
lseh-YiLunMing-WenZhaoGuan-2.xml_0,一轮明月照窗前，,1015994643.1331964,0.0
lsxp-ZiGuDao-HuangHeLou.xml_4,今日主公把宴上，,1017961898.914384,0.0
lseh-YiLunMing-WenZhaoGuan-2.xml_11,我好比龙游在浅沙滩。,1018191081.6766073,0.14285714285714285
lseh-YiLunMing-ZhuoFangCao-1.xml_25,险些儿把事（喏）又（哇）作差。,1019659235.5844749,0.0
lsxp-ZouYingLong-DaYanSong.xml_1,在朝房来了我这保国忠。,1020317446.0231413,0.14285714285714285
lseh-YangYanZhao-PengBei.xml_0,杨延昭奉父命巡查大营，,1025089938.1758482,0.0
lsxp-CiShiJian-HuaiHeYing-2.xml_2,在长安是你夸大话，,1025714501.8200785,0.0
lseh-YiLunMing-WenZhaoGuan-1.xml_9,满腹的含冤我向谁言（哪）！,1030983244.8591624,0.14285714285714285
lseh-YiLunMing-WenZhaoGuan-2.xml_9,满腹的含冤我向谁言（喏）。,1030983244.8591624,0.14285714285714285
lseh-YiLunMing-WenZhaoGuan-1.xml_37,我不杀平王我的心怎甘（哪）。,1032880001.9443555,0.14285714285714285
lseh-YiLunMing-WenZhaoGuan-1.xml_0,一轮明月照窗前，,1033615654.5173923,0.0
lseh-LaoZhangBu-WuPenJi.xml_4,我忙将树（呃）枝摆摇（哇）动，,1035100188.0225867,0.14285714285714285
lseh-XiRiLi-BaoLianDeng.xml_9,那叔齐逃出了后宰门，,1039683772.3964736,0.0
lsxp-WoZhuYe-ZhuiHanXin.xml_4,先进咸阳为皇上，,1039774972.6310258,0.0
lseh-YiLunMing-WenZhaoGuan-1.xml_27,鸡鸣犬吠五更（哪）天，,1040927140.4622272,0.0
lseh-YiLunMing-ZhuoFangSuDian.xml_3,悔不该随他人到吕家。,1042103034.0582509,0.0
lseh-XiRiLi-BaoLianDeng.xml_6,弟让兄来兄不能应（呐）允，,1043387778.2040313,0.0
lseh-XuMaoGong-QinQiongFaPei.xml_2,既是为我前来到，,1043719479.247682,0.14285714285714285
lseh-LaoZhangBu-WuPenJi.xml_3,我本屈死一鬼魂。,1045972250.7601351,0.14285714285714285
lseh-XinZhongYou-WenZhaoGuan.xml_11,鸡鸣犬吠五更（呃）天，,1046089134.2282915,0.0
lseh-NiangZiBu-SouGuJiuGu.xml_10,千言万（哪）语她不肯，,1055819480.7249718,0.0
lseh-ZiNaRi-HongYangDong.xml_2,我前番命孟良骸骨搬（呐）请，,1058867655.7658809,0.14285714285714285
lseh-XinZhongYou-WenZhaoGuan.xml_3,叫人难解巧机关。,1062089534.8974079,0.0
lseh-YiLunMing-WenZhaoGuan-1.xml_5,他将我隐藏在后花园。,1062729434.6213681,0.14285714285714285
lsxp-CiShiJian-HuaiHeYing-1.xml_7,生死二字（喏）且由他。,1065166639.2908113,0.0
lsxp-ZiGuDao-HuangHeLou.xml_1,主公不必加愁肠。,1069656744.0051645,0.0
sdxp-DangNianHan-SanJiZhang.xml_5,我的儿说话言不逊，,1071513212.6953789,0.14285714285714285
lseh-YangYanZhao-PengBei.xml_4,我本当将此事对他来论，,1081405962.8836451,0.2857142857142857
sdxp-SuLongWei-WuJiaPo.xml_15,这锭银、三两三，,1086519379.8632488,0.0
lsxp-WoBenShi-KongChengJi-2.xml_6,周文王访姜尚周室大振，,1087468495.5149286,0.0
sdxp-SuLongWei-WuJiaPo.xml_16,送与大嫂把家安。,1087927321.1893744,0.0
lseh-ZenNengGou-BaDaChui.xml_2,前也思（喏）后又想无有计定，,1088334924.1211588,0.0
lseh-YiLunMing-ZhuoFangCao-1.xml_21,贼好比猛虎未（呀）曾长牙，,1091069224.9077909,0.0
lseh-XiRiLi-BaoLianDeng.xml_3,传口诏命次子即位为君，,1092794581.2505908,0.0
lsxp-TingTaYan-ZhuoFangCao-2.xml_5,这才是花随水水不（哇）能恋（呐）花。,1096169139.7647059,0.0
lseh-LaoZhangBu-WuPenJi.xml_0,老丈不（哇）必胆怕惊，,1098922222.9629557,0.0
lseh-ZiNaRi-HongYangDong.xml_6,老军报他二人在洪洋（呃）洞丧（呃）命，,1107921035.7566874,0.0
lseh-XiRiLi-BaoLianDeng.xml_12,为父的怎比得孤竹君，,1109193103.8162863,0.0
lsxp-ZheYiFeng-DingJunShan.xml_2,站立在营门三军叫，,1109658981.0245197,0.0
lsxp-ShenGongWu-LongFengChengXiang.xml_2,朝欢暮乐无牵挂，,1111872638.9619825,0.0
lseh-XiRiLi-BaoLianDeng.xml_10,首阳山前冻饿死（喏）。,1112468323.9131784,0.0
lseh-YiLunMing-ZhuoFangSuDian.xml_6,又谁知此贼的疑心（呐）太（呀）大，,1114722306.8413618,0.0
sdxp-WoHeNi-SiLangTanMu.xml_16,快马加鞭我一夜还。,1116894840.9363856,0.14285714285714285
lsxp-JiangShenEr-SanJiaDian.xml_6,舍不得太爷的恩情厚，,1119104282.9243588,0.0
lseh-LaoZhangBu-WuPenJi.xml_2,休把我当作了妖魔论，,1120956955.9671853,0.2857142857142857
sdxp-SuLongWei-WuJiaPo.xml_14,将银放在地平川。,1122630816.9025483,0.0
lsxp-WoBenShi-KongChengJi-2.xml_5,东西战南北剿博古（呃）通（哦）今。,1125454168.8902314,0.0
lsxp-ZouYingLong-DaYanSong.xml_4,我问顽童啼哭因何故，,1126039263.3138809,0.14285714285714285
lsxp-TingTaYan-ZhuoFangCao-2.xml_4,马行在来道内我难（呐）以回（呀）马，,1127477004.5313621,0.14285714285714285
lsxp-TingTaYan-ZhuoFangCao-1.xml_4,马行在来道内我难（呐）以回（呀）马，,1127477004.5313621,0.14285714285714285
lseh-XiRiLi-BaoLianDeng.xml_0,昔日里有一个孤竹君，,1128991619.7778914,0.0
lsxp-WoBenShi-KongChengJi-2.xml_8,闲无（呃）事在敌楼（呃）我亮一亮琴（呢）音，,1129379927.4017878,0.14285714285714285
lsxp-TingTaYan-ZhuoFangCao-1.xml_5,这才是花随水水不（哇）能恋（呐）花。,1131954135.4533768,0.0
lseh-LaoZhangBu-WuPenJi.xml_6,我和你远无冤近无有仇恨，,1132057508.1325898,0.14285714285714285
lseh-TuZeiZuo-SouGuJiuGu.xml_1,诬杀赵家一满门。,1135100018.6253273,0.0
lsxp-JiangShenEr-SanJiaDian.xml_12,儿想娘亲难叩首，,1136814931.8239059,0.0
lseh-NiangZiBu-SouGuJiuGu.xml_7,老天爷不绝我的后代根。,1138252313.0890667,0.14285714285714285
lseh-YangYanZhao-PengBei.xml_3,又只见老爹爹瞌睡沉沉。,1146695795.3420572,0.0
lseh-YiLunMing-ZhuoFangCao-2.xml_0,一轮明月照窗下，,1150611908.0953925,0.0
lseh-YiLunMing-ZhuoFangCao-1.xml_3,悔不该随他人到吕家，,1152717267.530992,0.0
lseh-YiLunMing-ZhuoFangCao-1.xml_6,又谁知此贼的疑心（呐）太（呀）大，,1155654036.317745,0.0
lseh-YiLunMing-ZhuoFangCao-1.xml_16,我只说贼是个宽宏量大，,1159665300.0628891,0.14285714285714285
lseh-WeiGuoJia-HongYangDong-3.xml_0,为国家哪何曾半日闲空，,1164606114.7930326,0.0
lsxp-ZuoRiLi-YuanMenZhanZi.xml_5,老娘亲再讲情儿自刎头来。,1165461532.3482955,0.0
lsxp-DaHeYi-SiLangTanMu.xml_12,我母佘氏老太君。,1166176760.2985704,0.14285714285714285
lsxp-ZheYiFeng-DingJunShan.xml_5,三通鼓刀出鞘四通（呃）鼓把兵交。,1174718671.60184,0.0
lseh-TanXiongDi-SangYuanJiZi.xml_0,叹兄兀弟遭不幸一旦丧命，,1175489613.453793,0.0
lseh-YiLunMing-ZhuoFangCao-2.xml_3,悔不该随他人到吕家。,1178082476.3357456,0.0
lsxp-ZheYiFeng-DingJunShan.xml_3,大小儿郎听根苗，,1178274678.0321534,0.0
sdxp-SuLongWei-WuJiaPo.xml_13,腰中取出银一锭，,1179303804.6092401,0.0
lsxp-WoBenShi-KongChengJi-1.xml_8,闲无哇事在敌楼哇我亮（呃）一亮琴哪音，,1187516304.1321125,0.14285714285714285
lsxp-TingTaYan-ZhuoFangCao-1.xml_0,听他言听得我心（呐）惊胆怕，,1188669128.1378636,0.14285714285714285
lsxp-TingTaYan-ZhuoFangCao-2.xml_0,听他言吓得我心（呐）惊胆怕，,1188669128.1378636,0.14285714285714285
lseh-YiLunMing-WenZhaoGuan-1.xml_26,要相逢陈非是梦（兀）里团圆。,1190066090.9173441,0.0
lseh-JinZhongXiang-ShangTianTai.xml_1,寡人喜的是五谷丰登。,1195135062.1099579,0.0
lseh-WeiGuoJia-HongYangDong-2.xml_1,我也曾平服了塞北西东。,1196094528.0431612,0.14285714285714285
lsxp-ZhangGongDao-ZhuangYuanPu.xml_3,为儿（喏）女我也曾补路修桥。,1197917356.9933522,0.14285714285714285
sdxp-SuLongWei-WuJiaPo.xml_18,我与你露水的夫妻就过几年（呐）。,1198179278.8330467,0.14285714285714285
lsxp-WoZhuYe-ZhuiHanXin.xml_1,拔剑斩蛇天下扬。,1198320674.150809,0.0
lseh-ZenNengGou-BaDaChui.xml_0,怎能够思一计番营来进，,1201730210.6016622,0.0
lsxp-DaHeYi-SiLangTanMu.xml_11,我父令公官极品，,1203154020.0387945,0.14285714285714285
lsxp-JiangShenEr-SanJiaDian.xml_1,尊一声过往的宾朋听从头：,1203416995.0645249,0.0
lsxp-WoBenShi-KongChengJi-1.xml_1,论阴阳如反掌保定乾坤。,1207233310.7173407,0.0
lsxp-QingGongYan-FaDongWu.xml_1,想起桃园结拜情。,1216407585.5042174,0.14285714285714285
lsxp-WeiCengKai-QiYuanBao.xml_2,家住在南阳太平庄，,1223881819.7896855,0.0
lseh-XiRiLi-BaoLianDeng.xml_8,那伯夷出午门无（哇）有踪（呃）影，,1231045811.2774448,0.0
sdxp-DangNianHan-SanJiZhang.xml_4,仙女嫁的又是何人？,1232055128.0126817,0.0
lseh-YiLunMing-WenZhaoGuan-2.xml_4,幸遇那东皋公行方便，,1237888781.180191,0.0
lsxp-WoBenShi-KongChengJi-1.xml_5,东西战南北剿博古通呃今。,1246596033.6908047,0.0
lseh-YiLunMing-ZhuoFangCao-1.xml_13,越思越想把事来作差。,1246862291.1715143,0.0
lseh-YiLunMing-WenZhaoGuan-1.xml_33,我本当拔宝剑自寻短见，,1248214689.534569,0.2857142857142857
lsxp-WoZhuYe-ZhuiHanXin.xml_11,反将我主贬汉王。,1248589774.1819332,0.14285714285714285
lseh-YiLunMing-WenZhaoGuan-2.xml_5,他将我隐藏在后花园。,1250804254.1532195,0.14285714285714285
lsxp-DaHeYi-SiLangTanMu.xml_13,十五年前沙滩会，,1252362656.1197276,0.0
lsxp-WoZhuYe-ZhuiHanXin.xml_12,今日里萧何荐良将，,1255577728.1067281,0.0
lseh-YiLunMing-ZhuoFangCao-2.xml_6,又谁知此贼的疑心太大，,1268734375.5201967,0.0
lseh-YiLunMing-ZhuoFangSuDian.xml_0,一轮明月照窗下，,1271913942.8594038,0.0
lsxp-WoBenShi-KongChengJi-1.xml_9,我面前缺少个知呃音的人。,1277440903.0140929,0.14285714285714285
lseh-XiRiLi-BaoLianDeng.xml_1,伯夷叔齐二大贤人，,1278642467.1517017,0.0
lsxp-DaHeYi-SiLangTanMu.xml_10,火堪寨上有家门。,1279803185.6147277,0.0
lseh-ZiNaRi-HongYangDong.xml_9,因此上臣的病重（呃）加十分、千岁爷呀！,1286450951.2724955,0.0
lseh-WeiKaiYan-RangXuZhou.xml_0,未开言不由人（呐）珠泪滚滚，,1286907532.6850576,0.0
lsxp-ZuoRiLi-YuanMenZhanZi.xml_3,哭啼啼坐宝帐所为何来。,1317661607.9128287,0.0
lsxp-WoZhuYe-ZhuiHanXin.xml_2,怀王也曾把旨降，,1318068784.787591,0.0
lsxp-WoZhuYe-ZhuiHanXin.xml_10,项羽不遵怀王约，,1320639230.1355252,0.0
lsxp-WeiCengKai-QiYuanBao.xml_4,奉母命京城往，,1321003612.7208223,0.0
lsxp-DaHeYi-SiLangTanMu.xml_21,龙行虎步非凡等，,1321555282.7033443,0.0
lsxp-WoBenShi-KongChengJi-2.xml_1,凭阴阳如反掌保定乾坤。,1322398070.7347674,0.0
sdxp-WoHeNi-SiLangTanMu.xml_5,非是我这几日愁眉不展，,1331370883.3104234,0.14285714285714285
lseh-YiLunMing-WenZhaoGuan-1.xml_14,思来想去我的肝肠断，,1332615385.9849818,0.14285714285714285
lsxp-WoBenShi-KongChengJi-2.xml_0,我本是卧龙岗散淡（呐）的人，,1334705011.7316253,0.14285714285714285
lsxp-WoZhuYe-ZhuiHanXin.xml_7,一路上得遇陆贾、郦生与张良。,1337725181.4199758,0.0
lsxp-WoBenShi-KongChengJi-1.xml_6,周文王访姜尚周室大振，,1339759701.3989613,0.0
sdxp-SuLongWei-WuJiaPo.xml_9,衙里衙外我打点，,1346370128.5646021,0.14285714285714285
lseh-YiLunMing-WenZhaoGuan-1.xml_12,我好（哇）比鱼儿吞了钩线，,1352542976.7088385,0.14285714285714285
lseh-YiLunMing-ZhuoFangCao-1.xml_18,观此贼睡卧真（呐）潇洒，,1352562472.6896327,0.0
lseh-YiLunMing-WenZhaoGuan-2.xml_12,我好（呃）比鱼儿吞了钩线，,1355921301.022192,0.14285714285714285
lseh-YiLunMing-WenZhaoGuan-1.xml_20,若是真心来救我，,1362283618.8760397,0.14285714285714285
lseh-XinZhongYou-WenZhaoGuan.xml_4,若是真心来救我，,1362283618.8760397,0.14285714285714285
lsxp-JiangShenEr-SanJiaDian.xml_10,娘生儿连心肉，,1364461194.2084193,0.0
lseh-TanXiongDi-SangYuanJiZi.xml_2,眼望着孤坟台珠泪难忍，,1366151535.174355,0.0
lsxp-CiShiJian-HuaiHeYing-1.xml_1,胡言乱语怎瞒（呐）咱。,1370449653.2585201,0.0
lseh-YiLunMing-WenZhaoGuan-1.xml_25,不能（哪）哎见爹娘（兀）！,1372866267.680337,0.0
lseh-YiLunMing-WenZhaoGuan-1.xml_2,实指（惹）望到吴国借兵回转，,1377438263.8779221,0.0
lseh-ZiNaRi-HongYangDong.xml_0,自（喏）那日朝罢归身（呐）染重病，,1378787893.2709529,0.0
sdxp-SuLongWei-WuJiaPo.xml_4,咬定牙关他就不认承。,1379158224.0041564,0.0
sdxp-DangNianHan-SanJiZhang.xml_3,小奴才真个不孝顺，,1384394777.9580266,0.0
sdxp-SuLongWei-WuJiaPo.xml_1,苏龙魏虎为媒证，,1386305991.6134002,0.0
lsxp-DaHeYi-SiLangTanMu.xml_16,我是你四哥回宋营。,1389740410.0375729,0.14285714285714285
lseh-XuMaoGong-QinQiongFaPei.xml_5,其中必有这巧（哇）妙高。,1394034925.7427626,0.0
lsxp-ZheYiFeng-DingJunShan.xml_4,头通（呃）鼓紧战袍，,1400665856.5971165,0.0
lsxp-WoZhuYe-ZhuiHanXin.xml_13,但愿得言听计从重整汉家邦、一同回故乡。,1401117963.3874371,0.0
lsxp-ZouYingLong-DaYanSong.xml_3,偶遇见小小的顽童放悲声，,1404647107.5102055,0.0
lseh-YiLunMing-ZhuoFangCao-1.xml_24,执宝剑将贼的（呀）头割下，,1415303238.1764383,0.0
lseh-LaoZhangBu-WuPenJi.xml_7,望求老丈把冤伸。,1420693318.7834682,0.0
lseh-YiLunMing-ZhuoFangSuDian.xml_8,一家人倶丧在宝剑之（喏）下，,1420857834.6510754,0.0
lseh-YiLunMing-WenZhaoGuan-1.xml_10,我好（哇）比哀哀长空雁，,1430824946.0425687,0.14285714285714285
lsxp-ZuoRiLi-YuanMenZhanZi.xml_2,今日里斩宗保娘把儿怪，,1441632098.1711113,0.0
lseh-YiLunMing-ZhuoFangSuDian.xml_2,悔不该心猿并意马，,1444355789.9609306,0.0
lseh-YiLunMing-ZhuoFangCao-2.xml_8,一家人倶丧在宝剑之下，,1446938002.4459486,0.0
lsxp-YiShiWu-YuCangJian.xml_6,他害我满门（呐）真悲惨，,1447357546.4166193,0.14285714285714285
lsxp-YiShiWu-YuCangJian.xml_3,靠山绿（哇）水常在面前。,1478336290.5534992,0.0
lseh-YiLunMing-WenZhaoGuan-1.xml_6,一连几天我的眉不（哇）展，,1483033967.8155768,0.14285714285714285
lsxp-WoBenShi-KongChengJi-2.xml_7,我诸葛怎比得前辈（呃）的先（呃）生。,1486982259.8057466,0.14285714285714285
lsxp-TingTaYan-ZhuoFangCao-1.xml_2,我先前只望他宽宏量（呃）大，,1515442896.3149977,0.14285714285714285
lsxp-TingTaYan-ZhuoFangCao-2.xml_2,我先前只望他宽宏量（呃）大，,1515442896.3149977,0.14285714285714285
sdxp-SuLongWei-WuJiaPo.xml_2,王丞相是我的主婚人（哪）。,1515470013.8702843,0.14285714285714285
lseh-XiRiLi-BaoLianDeng.xml_4,那叔齐分长幼不能担任，,1522715394.7554293,0.0
lseh-YiLunMing-ZhuoFangSuDian.xml_4,吕伯奢可算得义气（呀）大，,1524418552.216243,0.0
sdxp-WoHeNi-SiLangTanMu.xml_10,怎奈我身在番难以过关。,1527810733.7821517,0.14285714285714285
sdxp-DangNianHan-SanJiZhang.xml_1,登台拜帅是韩信，,1539198702.5407021,0.0
lsxp-WoBenShi-KongChengJi-2.xml_2,先帝（呀）爷下南阳（呃）御驾三（呃）请，,1552024449.5851381,0.0
lseh-YiLunMing-WenZhaoGuan-2.xml_10,我好（呃）比哀哀长空雁，,1552259143.4887395,0.14285714285714285
lseh-XiRiLi-BaoLianDeng.xml_2,都只为孤（哇）竹君身染重病（哪），,1569258655.8461225,0.0
lsxp-ZouYingLong-DaYanSong.xml_7,站立在殿角用目来观定，,1580260084.3122318,0.0
lseh-YiLunMing-WenZhaoGuan-1.xml_30,朝臣待漏（哇）五更寒，,1583883345.4045718,0.0
lseh-XiRiLi-BaoLianDeng.xml_14,打死了别家子父能作主，,1587568711.4187322,0.0
lseh-YiLunMing-WenZhaoGuan-2.xml_2,实指望到吴国借兵回转，,1590557054.956414,0.0
lsxp-JiangShenEr-SanJiaDian.xml_13,娘想儿来泪双流。,1591502205.2239728,0.0
lseh-NiangZiBu-SouGuJiuGu.xml_4,我与那公孙杵臼把计定，,1591569534.5304759,0.14285714285714285
lseh-YiLunMing-ZhuoFangCao-1.xml_0,一轮明月照窗下，,1591756236.9576359,0.0
lseh-YiLunMing-WenZhaoGuan-1.xml_4,幸遇那东皋公行方便，,1593553646.625988,0.0
lseh-XinZhongYou-WenZhaoGuan.xml_10,爹娘（呃）要相逢除非是梦（呃）里团圆。,1596599551.754693,0.0
lseh-LaoZhangBu-WuPenJi.xml_1,我有言来你是（喏）听。,1602330674.37538,0.14285714285714285
sdxp-SuLongWei-WuJiaPo.xml_10,管保大嫂就断与咱。,1606870782.7042389,0.0
lsxp-WoBenShi-KongChengJi-1.xml_0,我本是卧龙岗散淡哪的人，,1615580326.5999577,0.14285714285714285
lseh-WeiGuoJia-HongYangDong-3.xml_3,身不爽不由人瞌睡朦胧。,1619890908.3211629,0.0
lseh-NiangZiBu-SouGuJiuGu.xml_3,三百余口命赴幽冥。,1631588978.0526507,0.0
lseh-YiLunMing-ZhuoFangCao-1.xml_8,一家人倶丧在宝剑之（喏）下，,1637068096.8469739,0.0
lseh-WeiKaiYan-RangXuZhou.xml_3,老朽年迈我也不能够担承。,1640673358.2495637,0.14285714285714285
lsxp-CiShiJian-HuaiHeYing-2.xml_5,右手再把栾布拉，,1646101764.6086922,0.0
lsxp-CiShiJian-HuaiHeYing-1.xml_3,为什么事到如今耍奸滑。,1648883665.6152618,0.0
lsxp-JiangShenEr-SanJiaDian.xml_0,将身儿来至在大街口，,1655098924.5644364,0.0
lseh-ZiNaRi-HongYangDong.xml_1,三更时梦（呃）见（呐）了年迈爹尊（呐）。,1657520926.7168498,0.0
lsxp-WoBenShi-KongChengJi-1.xml_7,俺诸（喏）葛怎比得前辈呀的先哪生。,1658327330.959424,0.0
lsxp-ZheYiFeng-DingJunShan.xml_1,天助黄忠成功劳。,1659675348.2336516,0.0
lsxp-JiangShenEr-SanJiaDian.xml_14,眼见得红日坠落在西山后，,1666447669.9923732,0.0
sdxp-WoHeNi-SiLangTanMu.xml_15,宋营（哪）虽然路途远，,1672894473.9868739,0.0
lseh-YiLunMing-WenZhaoGuan-2.xml_6,一连几天我的眉不（呃）展，,1684369433.5275388,0.14285714285714285
lseh-YiLunMing-ZhuoFangCao-1.xml_15,悔不该弃县今抛却了乌（哇）纱，,1721533466.4939914,0.0
lseh-WeiGuoJia-HongYangDong-1.xml_3,身不爽不由人瞌睡朦胧（呃）。,1723446763.5838723,0.0
lsxp-WeiCengKai-QiYuanBao.xml_1,尊一声太爷听端详。,1723747919.904403,0.0
lseh-JinZhongXiang-ShangTianTai.xml_0,金钟响玉磬应王登龙庭，,1747667606.5837343,0.0
lseh-TanXiongDi-SangYuanJiZi.xml_1,丢下了年幼儿好不伤情。,1755740513.930598,0.0
lsxp-TingTaYan-ZhuoFangCao-1.xml_3,却原（呐）来贼是个无（哇）义（呀）的冤家！,1756359356.562305,0.0
lsxp-TingTaYan-ZhuoFangCao-2.xml_3,却愿（呐）来贼是个无（哇）义（呀）的冤家！,1756359356.562305,0.0
lsxp-WoBenShi-KongChengJi-1.xml_2,先帝呀爷下南阳御呀驾三请，,1764927208.1964555,0.0
lsxp-JiangShenEr-SanJiaDian.xml_2,一不是响马与贼寇，,1765854185.0713096,0.0
lseh-WeiGuoJia-HongYangDong-2.xml_3,身不爽不由人瞌睡朦胧（呃）（哪）。,1778463993.9618423,0.0
lseh-YiLunMing-WenZhaoGuan-2.xml_15,今夜晚怎能够盼到明天。,1800555381.4399717,0.0
lsxp-CiShiJian-HuaiHeYing-2.xml_3,为什么事到如今耍奸滑？,1802880980.6728363,0.0
lseh-YiLunMing-WenZhaoGuan-1.xml_8,俺伍员好一似丧家犬，,1804420856.6829236,0.0
lsxp-WoZhuYe-ZhuiHanXin.xml_6,也是我主洪福广，,1824461547.2602627,0.14285714285714285
lseh-YiLunMing-WenZhaoGuan-1.xml_15,今夜晚怎能够盼到明天。,1827097688.9942501,0.0
lseh-ZenNengGou-BaDaChui.xml_1,前后话对文龙细说衷情。,1827610416.6936979,0.0
lseh-YiLunMing-ZhuoFangCao-2.xml_2,悔不该心猿并意马，,1853687262.7761862,0.0
lsxp-ZouYingLong-DaYanSong.xml_2,那一日打从大街进，,1912337753.6242456,0.0
lseh-YiLunMing-ZhuoFangCao-2.xml_4,吕伯奢可算得义气大，,1922416943.302424,0.0
lsxp-ZouYingLong-DaYanSong.xml_9,那一旁坐的就是严阁老，,1926056132.3716006,0.0
lseh-NiangZiBu-SouGuJiuGu.xml_11,不舍娇儿难救孤身。,1945761550.0167587,0.0
lseh-XiRiLi-BaoLianDeng.xml_7,兄（呃）推弟来两不能够担承。,1959028212.9615586,0.0
lseh-YiLunMing-WenZhaoGuan-2.xml_8,俺伍员好一似丧家犬，,1992336190.841727,0.0
lseh-ZiNaRi-HongYangDong.xml_5,又谁知焦克明他私（呀）自后跟（呐），,2014785647.8079014,0.0
lseh-WeiKaiYan-RangXuZhou.xml_4,望使君放开怀慨然（呐）应（呐）允，,2018161993.0301178,0.0
lsxp-WoZhuYe-ZhuiHanXin.xml_5,后进咸阳扶保在朝纲。,2027613257.7162075,0.0
lsxp-ZouYingLong-DaYanSong.xml_5,他言道严嵩老贼害他的举家一满门。,2045056072.0398271,0.0
lsxp-WoBenShi-KongChengJi-2.xml_4,官封到武乡侯（呃）执掌帅印，,2108951974.6331346,0.0
lsxp-JiangShenEr-SanJiaDian.xml_4,杨林与我来争斗，,2113308247.6499529,0.14285714285714285
lseh-YiLunMing-ZhuoFangCao-1.xml_19,安眠好似并底之蛙，,2161264085.9574428,0.0
lseh-YiLunMing-ZhuoFangSuDian.xml_10,屈死的怨鬼魂休要怨（呐）咱，,2192725578.732214,0.0
lseh-XinZhongYou-WenZhaoGuan.xml_17,我本当拔宝剑自寻短见，,2232332717.4339824,0.2857142857142857
lseh-NiangZiBu-SouGuJiuGu.xml_5,他舍命来你我舍亲生。,2239265628.8383193,0.14285714285714285
lseh-YiLunMing-ZhuoFangCao-2.xml_10,屈死的冤鬼魂休要怨咱，,2284112565.5581059,0.0
lsxp-WoBenShi-KongChengJi-1.xml_4,官封到武乡侯哇执掌帅印，,2360781969.7307768,0.0
lseh-NiangZiBu-SouGuJiuGu.xml_1,卑（呀）人言来你是（喏）听。,2442255569.1776624,0.0
lseh-NiangZiBu-SouGuJiuGu.xml_6,舍子搭救忠（呃）良的后，,2442580775.5239868,0.0
lseh-WeiKaiYan-RangXuZhou.xml_1,天卸重任我就要（哇）你担承。,2455158343.2226052,0.14285714285714285
lseh-XinZhongYou-WenZhaoGuan.xml_16,我冷冷清清向谁言（呃）。,2975269751.2367463,0.14285714285714285
lseh-YiLunMing-WenZhaoGuan-1.xml_32,我冷冷清清向谁言（哪）。,3000525119.6775956,0.14285714285714285
