昔日梁鸿配孟光,19,昔日里梁鸿配孟光，
daxp-NiDeFu-FenHeWan.xml_0,你的父去投军无音信，,2440294.9556335248,0.0
daxp-XiShiNv-XiShi.xml_0,西施女生长在苎萝村里，,3419667.1747292196,0.0
daxp-XiRiLiang-LongFengChengXiang.xml_3,安排巧计害刘王。,3445804.0049500014,0.0
daxp-MengJunZi-ChunQiuPei-2.xml_0,蒙君子至诚心再三问话，,3631713.8976151296,0.0
daxp-DangRiLi-SuoLinNang.xml_0,当日里好风光忽觉转变，,3770924.283982812,0.2857142857142857
daeh-ZuoRiGong-TaiZhenWaiChuan.xml_2,思想起从前事心中悔恨，,3842769.7675979342,0.0
daxp-ErDeFu-HongNiGuan.xml_4,清早起我和他一度商量，,3904024.5354277203,0.0
daxp-TingTaYan-ZuoGong.xml_4,我这里走向前再把礼见，,4041880.7191836927,0.0
daxp-ErTingDe-SuoLinNang.xml_20,我正不足她正少，,4117994.1491347919,0.0
daxp-LaoDieDie-YuZhouFeng.xml_1,明早朝上金殿面奏吾皇。,4134960.7071507829,0.0
daxp-WoZhuYe-SiLangTanMu.xml_0,我主爷金沙滩早把命丧，,4146513.4128727107,0.0
daeh-ZiNaRi-ErJinGong.xml_2,先王爷晏驾后太子年幼，,4186452.9990733666,0.0
daxp-ChunQiuTing-SuoLinNang.xml_6,此时却又明白了，,4197695.3246860662,0.0
sdxp-WoHeNi-SiLangTanMu.xml_24,因何故终日里愁眉不展，,4244607.8069255091,0.14285714285714285
daxp-ErTingDe-SuoLinNang.xml_28,麟儿哪有神送到，,4293601.7130316291,0.0
daxp-ErTingDe-SuoLinNang.xml_14,休要噪且站了，,4342596.5938136801,0.0
daxp-MengJunZi-ChunQiuPei-2.xml_2,家住在罗郡城魁星楼下，,4409076.5267643249,0.0
daeh-NaRiFeng-YuanXiaoMi.xml_1,死里逃生甚惨凄。,4458969.0511342883,0.0
daxp-WoDeNiang-XinAnYi.xml_0,我的娘她忘了女生外姓，,4478983.959960809,0.0
daxp-XiRiLi-LongFengChengXiang.xml_0,昔日里梁鸿配孟光，,4576406.1568852291,1.0
daeh-XiaoNuCai-SanNiangJiaoZi.xml_2,哭一声亡故夫在阴曹等我，,4587462.6504403939,0.0
danbz-KanDaWang-BaWangBieJi.xml_2,轻移步走向前荒郊站定，,4591584.9890871858,0.0
daeh-LiYanFei-DaBaoGuo.xml_5,候幼主成了龙原业归家。,4614023.8554974748,0.0
daxp-ErDeFu-HongNiGuan.xml_2,奴这里只把那结婚思量，,4617637.2539988356,0.0
sdxp-WoHeNi-SiLangTanMu.xml_23,咱与你隔南北千里姻缘。,4634548.7380081527,0.0
daxp-MengTingDe-MuiGuiYingGuaShuai.xml_6,番王小丑何足论，,4677778.3766944483,0.0
daxp-ChenSanLiang-ChenSanLiangPaTang.xml_4,诗书易礼都学会，,4680269.4664109917,0.0
daxp-MengJunZi-ChunQiuPei-1.xml_2,家住在罗郡城魁星楼下，,4728844.8390134973,0.0
daeh-WangChunE-SanNiangJiaoZi.xml_2,春娥女好一此失群孤雁，,4741155.4885346461,0.0
danbz-KanDaWang-BaWangBieJi.xml_3,猛抬头见碧落月色清明。,4752269.5283477427,0.0
daxp-ChunQiuTing-SuoLinNang.xml_5,为何鲛珠化泪抛？,4761991.4565549241,0.0
daxp-FeiShiWo-TaoHuaCun.xml_7,桃花村口莫彷徨。,4766083.0090128854,0.0
daeh-ZuoRiGong-TaiZhenWaiChuan.xml_0,昨日宫中何等宠幸，,4770095.9771788139,0.14285714285714285
daeh-WangChunE-SanNiangJiaoZi.xml_4,薛倚儿他好比无弓之箭，,4772620.2793271141,0.0
daxp-ChunQiuTing-SuoLinNang.xml_30,麟儿那有神送到，,4795485.8443554742,0.0
daxp-MengJunZi-ChunQiuPei-2.xml_1,虽然是不相识我就不得不答。,4842539.7449764088,0.0
daxp-SuSanLi-NvQiJie.xml_4,哪一位去往南京转，,4877150.4130546963,0.0
daxp-ChunQiuTing-SuoLinNang.xml_24,分我一枝珊瑚宝，,4925690.4854974458,0.0
daxp-ChunQiuTing-SuoLinNang.xml_22,我在不足他正少，,4925690.4854974458,0.0
daeh-SunShangXiang-BieHuangGong.xml_2,遭不幸父王爷把驾来晏，,4935587.0785667486,0.0
daxp-XiRiLiang-LongFengChengXiang.xml_0,昔日梁鸿配孟光，,4950220.1503262296,1.0
sdeh-WenSanNiang-SanNiangJiaoZi.xml_5,实指望教训他终身有靠，,4953277.4428105867,0.0
daxp-DangRiLi-SuoLinNang.xml_1,霎时间日色淡似坠西山。,4977471.8754551103,0.14285714285714285
daxp-DangRiLi-SuoLinNang.xml_15,囊虽小却能做续命泉源。,5016393.297477534,0.0
daxp-QiaoLouShang-HuangShanLei.xml_0,谯楼上二更鼓声声送听，,5022611.8666319987,0.0
daxp-DiTouLi-NvQiJie.xml_7,来生变犬马我当报还。,5022669.0930838538,0.0
daxp-MengTingDe-MuiGuiYingGuaShuai.xml_3,敌血飞溅石榴裙。,5038887.1948485393,0.0
daxp-LaoDieDie-SanJiZhang-1.xml_0,老爹爹请息（呀）怒容儿细讲，,5039015.1848216215,0.0
daeh-ZiNaRi-ZhuangYuanMei-2.xml_10,但愿得令公令婆别无意见，,5096820.9432172626,0.0
daxp-QiaoLouShang-HuangShanLei.xml_8,听画鼓报四更愈添凄冷，,5149675.1028716248,0.0
daxp-WoDeNiang-XinAnYi.xml_1,奴年交十九岁还守闺门。,5207501.8098720284,0.0
daxp-GuanShiYin-TianNvSanHua.xml_2,菩提树薝卜花千枝掩映，,5210325.7265066868,0.0
daeh-ZaoBuXing-HeHouMaDian.xml_0,遭不幸老王爷晏了御驾，,5219544.58694275,0.0
daeh-ZiNaRi-ZhuangYuanMei-2.xml_8,幸喜得珍珠衫称心如愿，,5230486.1202640384,0.0
daxp-MuQinBu-FengHuanChao.xml_5,活在世上也枉然。,5263419.8195865508,0.0
daspd-DuShouKong-WangJiangTing.xml_1,芳心寂寞有谁怜，,5306859.5729052182,0.0
sdeh-WenSanNiang-SanNiangJiaoZi.xml_6,又谁知平白的闪跌一跤。,5365088.7779988702,0.0
daxp-FeiShiWo-TaoHuaCun.xml_2,今夜晚非比那西厢待月、你懂提防、莫轻狂，,5397847.4112017881,0.0
daeh-LiYanFei-DaBaoGuo.xml_9,压定了文武臣均要画押。,5428529.5368052572,0.0
sdxp-SuLongWei-WuJiaPo.xml_37,欺奴犹如欺了天。,5503178.9678843031,0.0
daeh-ZaoBuXing-HeHouMaDian.xml_5,贼好比曹阿瞒半点不差，,5586577.2906096037,0.0
daspd-DuShouKong-WangJiangTing.xml_2,孀居愁苦泪洗面，,5612928.0289366078,0.0
daeh-SunShangXiang-BieHuangGong.xml_0,孙尚香坐宫院自思自叹，,5622748.8405606169,0.0
daxp-XiRiLi-LongFengChengXiang.xml_5,纵有大事料无妨。,5648252.3684334038,0.0
sdxp-DangNianHan-SanJiZhang.xml_12,登台拜帅天下闻。,5681611.6204888755,0.0
sdxp-SuLongWei-WuJiaPo.xml_34,将你带到官衙内，,5692348.3314576009,0.0
daeh-LiYanFei-DaBaoGuo.xml_3,各国的众王侯朝贺中华。,5708280.0327461604,0.0
daxp-MengJunZi-ChunQiuPei-2.xml_4,身有病还受那继母拷打，,5710049.2884690138,0.0
daxp-DangRiLi-SuoLinNang.xml_9,她泪自弹、声续断、似杜鹃、啼别院、巴峡哀猿动人心弦，好不惨然。,5722971.3316299599,0.0
daxp-NiDeFu-FenHeWan.xml_3,不等到日落及早回程。,5743422.4714275934,0.14285714285714285
daxp-SuSanLi-NvQiJie.xml_3,过往的君子听我言。,5746845.0812179251,0.0
daeh-XiaoNuCai-SanNiangJiaoZi.xml_5,叹一声不由人珠泪如梭。,5775766.9270225205,0.0
daeh-ZaoBuXing-HeHouMaDian.xml_3,反倒说为嫂我拦阻有差，,5791734.2362755369,0.0
daxp-SuSanLi-NvQiJie.xml_5,与我那三郎把信传。,5794579.8050113358,0.0
daxp-JiaoZhangSheng-HongNiang.xml_1,我步步行来你步步爬。,5808886.4566929583,0.0
daxp-FeiShiWo-TaoHuaCun.xml_17,听我的号令上战场。,5826407.9721249547,0.0
daeh-XiaoNuCai-SanNiangJiaoZi.xml_3,等候了你妻子同见阎罗。,5868628.3829686828,0.0
daxp-ZheCaiShi-SuoLinNang.xml_3,残生一线付惊涛。,5916138.8908668784,0.0
daxp-TingTaYan-ZuoGong.xml_1,十五载到今日才吐真言。,5921729.6474684319,0.14285714285714285
daxp-ErTingDe-SuoLinNang.xml_22,分我一枝珊瑚宝，,5947201.6726439148,0.0
sdxp-DangNianHan-SanJiZhang.xml_13,商鞅不中苏季子，,5947201.6726439148,0.0
daeh-WangChunE-SanNiangJiaoZi.xml_5,每日里在书房苦读圣贤。,5953286.372737526,0.14285714285714285
daxp-XiRiLi-LongFengChengXiang.xml_3,安排虎计害刘王。,5965583.3973248256,0.0
dldeh-ShouBiPo-ChunQiuPei.xml_1,受逼迫去捡柴泪如雨下，,5976824.6720110914,0.0
daxp-ErDeFu-HongNiGuan.xml_0,儿的父为国家阵前命丧，,5991214.5099775791,0.0
daxp-JiaoZhangSheng-HongNiang.xml_5,听号令且莫要惊动了她。,5995954.3406357383,0.0
daeh-ZuoChunGui-XiShi.xml_0,坐春闺只觉得光明似箭，,6009385.2692666929,0.14285714285714285
daxp-DiTouLi-NvQiJie.xml_5,与我那三郎把信传。,6015973.7952579157,0.0
sdxp-SuLongWei-WuJiaPo.xml_33,家人小厮有万千。,6016504.9230360473,0.0
daxp-QiaoLouShang-HuangShanLei.xml_9,看娇儿正酣睡恐被风侵。,6064099.4699834194,0.0
daeh-ZaoBuXing-HeHouMaDian.xml_12,搬一把金交椅娘且坐下，,6065895.1625048276,0.0
daxp-ChunQiuTing-SuoLinNang.xml_21,谁能移动他半分毫。,6069430.7751123225,0.0
daeh-ZaoBuXing-HeHouMaDian.xml_8,只骂得贼昏王装聋作哑，,6111452.14456804,0.0
daspd-HaiDaoBing-GuiFeiZuiJiu.xml_6,奴似嫦娥离月宫。,6129094.970553387,0.0
daxp-ChunQiuTing-SuoLinNang.xml_7,世上何尝尽富豪，,6135932.708401354,0.0
sdxp-SuLongWei-WuJiaPo.xml_31,命人送到（那）西凉川。,6145607.0572904581,0.0
daxp-FeiShiWo-TaoHuaCun.xml_11,是不是有人拍巴掌。,6146313.5936541921,0.0
daeh-ZiNaRi-ZhuangYuanMei-1.xml_11,但愿得杨六郎心如石坚，,6162384.5972384,0.0
daeh-ZiNaRi-ErJinGong.xml_4,他那里父女情全然无有，,6175132.4727006452,0.0
sdxp-WoHeNi-SiLangTanMu.xml_32,适才叫咱盟誓愿，,6182434.0592685351,0.0
daxp-JiaoZhangSheng-HongNiang.xml_3,这件事倒叫我心乱如麻。,6183638.7853321619,0.0
daxp-ChunQiuTing-SuoLinNang.xml_23,他为饥寒我为娇。,6212269.2728414554,0.0
sdxp-SuLongWei-WuJiaPo.xml_40,这锭银子奴不要，,6215174.1252327925,0.0
sdxp-SuLongWei-WuJiaPo.xml_32,我进相府对父言，,6215174.1252327925,0.0
daxp-ErDeFu-HongNiGuan.xml_7,又恐怕众将官说短论长。,6221054.4774931958,0.0
daeh-ZaoBuXing-HeHouMaDian.xml_10,只骂得贼昏王无言对答。,6226974.1214377657,0.0
sdxp-SuLongWei-WuJiaPo.xml_35,打板子、上夹棍、丢南牢、坐监禁、管叫你思前容易退后难。,6283208.1073753424,0.0
daxp-ErTingDe-SuoLinNang.xml_19,谁能移动它半分毫。,6283952.5003645327,0.0
daspd-HaiDaoBing-GuiFeiZuiJiu.xml_2,那冰轮离海岛，,6295979.3137762127,0.0
daeh-WuDuanQiao-BiYuZan.xml_0,无端巧计将人陷，,6344345.4597906191,0.0
daxp-MengTingDe-MuiGuiYingGuaShuai.xml_0,猛听得金鼓响画角声震，,6353240.5209203614,0.0
daeh-ZiNaRi-ZhuangYuanMei-1.xml_12,但愿得状元媒月老引线，,6353516.24045501,0.0
daxp-LaoDieDie-YuZhouFeng.xml_3,观此本免了儿一门祸殃。,6376077.9576437892,0.0
daxp-GuanShiYin-TianNvSanHua.xml_0,观世音满月面珠开妙相，,6410316.5146464137,0.0
daeh-ZaoBuXing-HeHouMaDian.xml_9,只骂得贼昏王扭转身驱、闭目合晴、羞羞惭惭一语不发，,6416989.0761970468,0.0
daxp-ZhiJianTa-WangJiangTing.xml_7,何必独自就暗猜疑。,6444697.8648301084,0.0
daeh-CanQiQi-WuLongZuo.xml_2,千金休哪曾受磨房景况，,6446093.9071062738,0.0
sdxp-SuLongWei-WuJiaPo.xml_29,府内金银堆如山。,6474236.1495830445,0.0
daeh-ZiNaRi-ZhuangYuanMei-2.xml_6,百姓们闺房乐如花美眷，,6475143.1740735238,0.0
daeh-ZiNaRi-ErJinGong.xml_9,想起了老王爷好不惨伤。,6484133.6539018257,0.0
daeh-ZuoChunGui-XiShi.xml_2,奴这里心中痛玉颜清减，,6508907.5241619032,0.0
daxp-ChunQiuTing-SuoLinNang.xml_31,积德才生玉树苗，,6516453.8652587291,0.0
daxp-FeiShiWo-TaoHuaCun.xml_3,关系你患难鸳鸯永宿在池塘。,6520091.8309022654,0.0
daeh-ZiNaRi-ZhuangYuanMei-2.xml_0,自那日与六郎阵前相见，,6533038.4699706156,0.14285714285714285
daxp-LaoDieDie-SanJiZhang-1.xml_3,贫穷人得了志比富还强。,6534239.0838175276,0.0
daxp-QiaoLouShang-HuangShanLei.xml_5,猛听得窗儿外似有人行。,6536041.7818608172,0.0
daeh-ZiNaRi-ZhuangYuanMei-1.xml_4,这桩事闷得我柔肠百转，,6536184.0334903784,0.0
daeh-ZiNaRi-ZhuangYuanMei-2.xml_4,这桩事闷得我柔肠百转，,6566243.8556134244,0.0
daxp-ChenSanLiang-ChenSanLiangPaTang.xml_5,最可恨鸨儿叫我接客人。,6569274.1744415583,0.0
sdxp-SuLongWei-WuJiaPo.xml_25,苏龙魏虎是内亲。,6620080.3791981637,0.0
daxp-ZhiJianTa-WangJiangTing.xml_5,隐情不敢实告妻。,6649685.3972881325,0.0
daxp-LaoDieDie-SanJiZhang-2.xml_0,老爹爹请息怒容儿细讲，,6653537.927312077,0.0
daxp-XiShiNv-XiShi.xml_5,对清溪时照影自整罗农。,6690504.6456205957,0.0
daxp-SuSanLi-NvQiJie.xml_7,来生变犬马我当报还！,6693062.0387291098,0.0
daxp-ChunQiuTing-SuoLinNang.xml_19,满腹骄矜顿雪潇，,6703995.5016917866,0.0
sdxp-SuLongWei-WuJiaPo.xml_36,军爷说话理不端，,6726059.4305097628,0.0
dldeh-ShouBiPo-ChunQiuPei.xml_3,奴好比花未开风吹雨打，,6740233.9114946742,0.0
daspd-DuShouKong-WangJiangTing.xml_0,独守空帏暗长叹，,6748362.7428353494,0.0
daeh-ZiNaRi-ZhuangYuanMei-1.xml_8,幸喜得珍珠衫称心如愿，,6770557.9426842714,0.0
sdxp-SuLongWei-WuJiaPo.xml_28,我父在朝为官宦，,6812349.6375027113,0.0
daxp-XiRiLiang-LongFengChengXiang.xml_2,暗地堪笑我兄长，,6852018.4242589213,0.0
daxp-WoZhuYe-SiLangTanMu.xml_4,叫番儿忙摆驾银安殿，,6910595.0425026435,0.0
daeh-SunShangXiang-BieHuangGong.xml_5,又谁知弄假成真反配凤鸾。,6917272.4251424512,0.14285714285714285
daxp-DuiLingHua-BiYuZan.xml_0,对菱花暗地里芳心自转，,6933255.9028998455,0.0
daeh-ZiNaRi-ZhuangYuanMei-2.xml_12,但愿得状元媒月老引线，,6946765.0129160238,0.0
daeh-ZiNaRi-ZhuangYuanMei-1.xml_6,百姓们闺房乐如花美眷，,6966304.7088007117,0.0
daeh-ZaoBuXing-HeHouMaDian.xml_11,两旁的文武臣珠泪如麻，,6999242.8529260773,0.0
daxp-ErTingDe-SuoLinNang.xml_8,怜贫济困是正道，,7009281.8381323013,0.0
daeh-WangChunE-SanNiangJiaoZi.xml_0,王春娥坐草堂自思自叹，,7013856.633193084,0.0
daxp-QiaoLouShang-HuangShanLei.xml_15,你爹爹到如今未转家门。,7051980.8252316574,0.0
daxp-MengJunZi-ChunQiuPei-1.xml_0,蒙君子至殷勤再三问话，,7058744.5911536943,0.0
sdxp-WoHeNi-SiLangTanMu.xml_22,讲什么夫妻情恩德不浅，,7072564.8493709331,0.0
daxp-MengTingDe-MuiGuiYingGuaShuai.xml_5,寸土怎能够属于他人。,7080492.2414508592,0.0
daxp-TingTaYan-ZuoGong.xml_5,尊一声驸马爷细听咱言。,7135891.5842436533,0.0
daxp-DuiLingHua-BiYuZan.xml_2,果然是成佳偶两心欢恋，,7166245.0455003232,0.0
daxp-GuanShiYin-TianNvSanHua.xml_3,白鹦鹉与仙鸟在灵岩神岘上下飞翔；,7167172.7219125489,0.0
daxp-WoZhuYe-SiLangTanMu.xml_1,众文武扶哀家执掌军房。,7168023.4735281076,0.0
daeh-WangChunE-SanNiangJiaoZi.xml_3,老薛保好一似浪里舟船。,7170456.6653834488,0.0
daeh-ZiNaRi-ZhuangYuanMei-1.xml_0,自那日与六郎姻缘相见，,7172691.2674262617,0.14285714285714285
daxp-JiaoZhangSheng-HongNiang.xml_0,叫张生隐藏在棋盘之下，,7190785.643170407,0.0
daeh-ZiNaRi-ZhuangYuanMei-2.xml_1,行不安坐不宁情态缠绵。,7204474.1713135261,0.0
daxp-MengJunZi-ChunQiuPei-1.xml_5,莫奈何到荒郊我就来捡芦花。,7215567.4715140583,0.0
daxp-DuiLingHua-BiYuZan.xml_1,听她言不由人喜上眉尖。,7232385.9685662612,0.0
danbz-BeiJiuChan-ChunGuiMeng.xml_3,莫负他好春宵一刻千金。,7242085.7121787844,0.0
daeh-ZuoRiGong-TaiZhenWaiChuan.xml_3,但不知何日里再沐圣明。,7249723.2939474564,0.14285714285714285
daxp-DuiLingHua-BiYuZan.xml_3,也算得人世间美满姻缘。,7329355.398927724,0.0
daxp-ChenSanLiang-ChenSanLiangPaTang.xml_1,公正的老爷细听分明。,7352986.868456807,0.0
daxp-ZhiJianTa-WangJiangTing.xml_0,只见他一封书信握手里，,7377259.6003272496,0.0
daeh-SunShangXiang-BieHuangGong.xml_4,与周郎定巧计把皇叔来骗，,7396269.8516778471,0.0
daxp-ChunQiuTing-SuoLinNang.xml_3,想必是新婚渡鹊桥，,7418381.9112612121,0.0
daxp-ErDeFu-HongNiGuan.xml_1,撇下了奴一人好不悲凉。,7418508.2650190499,0.0
sdxp-DangNianHan-SanJiZhang.xml_20,爹爹为何你要退婚？,7425382.8972993717,0.0
daxp-LaoDieDie-DaYuShaJia-1.xml_3,等候了爹爹回细问根由。,7480485.9099034658,0.0
daeh-NaRiFeng-YuanXiaoMi.xml_7,不如早死命归西。,7510442.879850355,0.0
daxp-MengJunZi-ChunQiuPei-1.xml_1,虽然是男女别不得不答。,7510465.3160288306,0.0
sdxp-WoHeNi-SiLangTanMu.xml_26,你那里休得要巧言舌辨，,7523997.3619996738,0.0
daxp-DangRiLi-SuoLinNang.xml_16,有金珠和珍宝光华灿烂，,7554043.9885082813,0.14285714285714285
daxp-FeiShiWo-TaoHuaCun.xml_10,不但要仔细听、还要仔细想，,7555486.1601142976,0.0
daxp-WoHeNi-SangYuanHui.xml_1,谁认你狼心狗肺的人！,7585673.4516065419,0.0
daxp-ChunQiuTing-SuoLinNang.xml_25,安他半世凤凰巢。,7620116.8991693612,0.0
daxp-ErTingDe-SuoLinNang.xml_23,安她半世凤凰剿。,7620116.8991693612,0.0
daxp-ChunQiuTing-SuoLinNang.xml_0,春秋亭外风雨暴，,7622661.8502967451,0.0
daeh-WuDuanQiao-BiYuZan.xml_6,一心早想寻短见，,7661643.4632882336,0.0
daxp-MuQinBu-FengHuanChao.xml_4,人生不知顾脸面，,7668887.7871757168,0.0
daxp-GuanShiYin-TianNvSanHua.xml_7,催祥云驾瑞彩速赴佛场。,7673838.4817812275,0.0
daeh-TanHongYan-HuoXiaoYu.xml_4,枕边泪（呀）共（那）阶前雨，,7679204.3365176283,0.0
sdxp-DangNianHan-SanJiZhang.xml_9,当年韩信与苏秦，,7686127.8528625164,0.0
daxp-DangRiLi-SuoLinNang.xml_13,怎奈我在轿中赤手空拳。,7689713.4014472039,0.0
daeh-NuZiYou-TouJunBieYao.xml_2,但愿得去投军功名有望，,7708375.3829396889,0.0
daxp-DiTouLi-NvQiJie.xml_4,哪一位去往南京转，,7716840.4521999964,0.0
daxp-TingTaYan-ZuoGong.xml_7,不知者不怪罪你的海量放宽。,7722028.7196542546,0.0
daxp-XiShiNv-XiShi.xml_2,只为着守清寒柴门近水，,7722300.6225040378,0.0
daxp-ChunQiuTing-SuoLinNang.xml_9,也有失意痛哭嚎啕，,7785022.4787931945,0.0
daxp-LaoDieDie-DaYuShaJia-2.xml_0,老爹爹清晨起前去出首，,7817160.6661711521,0.0
daxp-DiTouLi-NvQiJie.xml_3,过往的君子听我言。,7867618.1172275702,0.0
daeh-LiYanFei-DaBaoGuo.xml_2,太师爷奏一本进贡年下，,7870619.976808859,0.0
daeh-LiYanFei-ErJinGong.xml_4,有几句话儿我不好言讲，,7901847.9283662401,0.0
daeh-WuDuanQiao-BiYuZan.xml_2,独处闺房愁无限，,7913370.4252968207,0.0
daeh-LiYanFei-DaBaoGuo.xml_8,赐你的上方剑朝房问话，,7940581.2790413853,0.0
daxp-ErTingDe-SuoLinNang.xml_21,她为饥寒我为骄。,7971235.8184733875,0.0
daxp-QiaoLouShang-HuangShanLei.xml_11,又思来又想去越不安宁。,7977808.3008337989,0.0
sdxp-SuLongWei-WuJiaPo.xml_43,落得个孝子的名儿在那天下传。,7979949.8814853318,0.0
sdxp-WoHeNi-SiLangTanMu.xml_30,宋营离此路途远，,8008347.1378623964,0.0
daeh-ZiNaRi-ErJinGong.xml_0,自那日与徐杨决裂以后，,8025931.6008172501,0.14285714285714285
daeh-TanHongYan-HuoXiaoYu.xml_3,啼花泣月在暗里（呀）添愁。,8027584.2244558409,0.0
daxp-FeiShiWo-TaoHuaCun.xml_1,只怪你呆头呆脑慌慌张张。,8033801.5510145845,0.0
daxp-LaoDieDie-DaYuShaJia-1.xml_1,到叫我桂英儿挂在心头；,8055813.8270766474,0.0
daeh-LiYanFei-ErJinGong.xml_1,想起了朝中事好不惨伤！,8059365.3727211216,0.0
daxp-ErTingDe-SuoLinNang.xml_9,哪有个袖手旁观在壁上瞧。,8074194.709674933,0.0
daxp-WoZhuYe-SiLangTanMu.xml_2,众卿随忙挂点亲率官员，,8077679.6619455377,0.0
daxp-TingTaYan-ZuoGong.xml_0,听他言吓得我浑身是汗，,8125085.8496930227,0.0
daeh-ZiNaRi-ZhuangYuanMei-1.xml_1,行不安坐不宁情态缠绵。,8130276.0493727196,0.0
sdxp-SuLongWei-WuJiaPo.xml_26,你我同把相府进，,8155290.1202942235,0.0
daxp-DangRiLi-SuoLinNang.xml_8,轿中人必定有一腔幽怨，,8158814.0125962654,0.0
daxp-ChunQiuTing-SuoLinNang.xml_12,耳听得悲声惨心中如捣，,8167081.2006972497,0.0
daeh-ZiNaRi-ErJinGong.xml_12,有一句话儿不好言讲，,8190227.1147232559,0.0
daxp-ErTingDe-SuoLinNang.xml_17,满腹骄矜顿雪潇。,8190259.7311286442,0.0
daxp-ErTingDe-SuoLinNang.xml_7,不该人前乱解嘲。,8190259.7311286442,0.0
daxp-DangRiLi-SuoLinNang.xml_3,耳听得风声断，雨声喧，雷声乱，乐声阑珊，人声呐喊，都道说是大雨倾天。,8217261.5286618154,0.0
daxp-ChunQiuTing-SuoLinNang.xml_18,听薛良一语来相告，,8223900.9210063852,0.0
danbz-BeiJiuChan-ChunGuiMeng.xml_1,算当初曾经得几晌温存。,8240409.1369650476,0.0
daeh-LiYanFei-DaBaoGuo.xml_6,写文约我且把玉玺打下，,8267139.0753629431,0.0
daeh-LiYanFei-DaBaoGuo.xml_0,李艳妃设早朝龙书案下，,8269623.313108799,0.0
daxp-ErDeFu-HongNiGuan.xml_5,不想到狠心郎一味猖狂。,8289202.6431554817,0.0
daeh-ZaoBuXing-HeHouMaDian.xml_2,把一个皇太子逼死殿下，,8303353.9600120587,0.0
daeh-NaRiFeng-YuanXiaoMi.xml_3,我与母亲两分离。,8309132.9349123612,0.0
daxp-ErTingDe-SuoLinNang.xml_0,耳听得悲声惨心中如捣，,8317262.1326500131,0.0
daeh-ZaoBuXing-HeHouMaDian.xml_7,贼好比那司马师搅乱中华。,8323415.3032896966,0.0
daeh-NaRiFeng-YuanXiaoMi.xml_4,母女隔断三千里，,8335462.3625929849,0.0
daeh-LiYanFei-ErJinGong.xml_0,李艳妃坐昭阳自思自想，,8367555.7945296904,0.0
daxp-ErTingDe-SuoLinNang.xml_16,听薛良一语来相告，,8371630.8623056142,0.0
daeh-TanHongYan-HuoXiaoYu.xml_2,薄幸冤家音信无有，,8371908.1530768219,0.0
daxp-DangRiLi-SuoLinNang.xml_5,隔帘儿我也曾侧目偷观。,8410972.301347388,0.0
daspd-HaiDaoBing-GuiFeiZuiJiu.xml_1,见玉兔（哇）玉兔又早东升。,8411005.0933301933,0.0
daeh-ZiNaRi-ZhuangYuanMei-2.xml_11,但愿得杨六郎心如石坚。,8433018.1356704365,0.0
daxp-ChunQiuTing-SuoLinNang.xml_11,必有隐情在心潮。,8434168.225082919,0.0
daeh-ZiNaRi-ZhuangYuanMei-1.xml_10,但愿得令公令婆别无异见，,8453570.5149401408,0.0
daxp-DangRiLi-SuoLinNang.xml_11,为什么悲切切哭得可怜。,8456909.7094191983,0.0
daeh-ZiNaRi-ErJinGong.xml_11,想必是徐杨进了昭阳。,8504653.0363285895,0.0
daeh-LiYanFei-ErJinGong.xml_2,耳边厢又听得朝靴响亮，,8524113.2485426329,0.0
daeh-NuZiYou-TouJunBieYao.xml_1,为薛郎我父女断绝情长。,8526851.4259761069,0.0
daxp-NiDeFu-FenHeWan.xml_1,全仗你打雁养娘亲，,8531324.8044045009,0.0
daeh-ZiNaRi-ZhuangYuanMei-2.xml_5,不知道他与我是否一般。,8554634.5578116551,0.0
daxp-ZhiJianTa-WangJiangTing.xml_1,长吁短叹语声低。,8597521.5607970078,0.0
daxp-FeiShiWo-TaoHuaCun.xml_8,你不要高声不要嚷，,8672575.1874337997,0.0
daeh-NuZiYou-TouJunBieYao.xml_0,奴自幼在闺阁娇生惯养，,8676151.1906558294,0.0
daeh-NaRiFeng-YuanXiaoMi.xml_6,我今绝少人生趣，,8678122.1753850058,0.0
sdxp-SuLongWei-WuJiaPo.xml_24,提起了旁人我不晓，,8693095.4649740234,0.0
daxp-LaoDieDie-DaYuShaJia-1.xml_2,将身儿坐至在草堂等候，,8717335.7026873417,0.0
daeh-SunShangXiang-BieHuangGong.xml_6,回荆州未三载诓我回转，,8747989.1160720289,0.0
daxp-LaoDieDie-DaYuShaJia-2.xml_3,等候了爹爹回细问根由。,8760018.8949666172,0.0
danbz-BeiJiuChan-ChunGuiMeng.xml_0,被纠缠陡想起婚时情景，,8770565.3296244927,0.0
daeh-TanHongYan-HuoXiaoYu.xml_0,叹红颜薄命前生就，,8813986.137476692,0.0
daxp-ZhiJianTa-WangJiangTing.xml_9,相公你为何不歇息？,8825460.3181158584,0.0
daxp-MengJunZi-ChunQiuPei-1.xml_3,我的父名姜绍贸易天涯。,8826048.9626565184,0.0
daxp-LaoDieDie-SanJiZhang-2.xml_3,这样人得了志比父还强。,8831291.9051647652,0.0
daxp-LaoDieDie-DaYuShaJia-1.xml_0,老爹爹清晨起前去出前，,8845829.7680284213,0.0
daxp-MengJunZi-ChunQiuPei-1.xml_4,在家中受不过继母拷打，,8966118.2190090902,0.0
daxp-FeiShiWo-TaoHuaCun.xml_0,非是我嘱咐叮咛把话讲，,8986787.1915656775,0.0
daeh-CanQiQi-WuLongZuo.xml_0,惨凄凄唤苍天天不应响，,9012547.0197375342,0.0
daxp-SuSanLi-NvQiJie.xml_0,苏三离了洪洞县，,9019133.4281803556,0.0
sdxp-DangNianHan-SanJiZhang.xml_17,仙女配的是董永，,9019133.4281803556,0.14285714285714285
daxp-FeiShiWo-TaoHuaCun.xml_16,你把我当做诸葛亮，,9033732.2094971575,0.0
daeh-NuZiYou-TouJunBieYao.xml_3,也不枉我二人苦度时光。,9091015.5037471037,0.14285714285714285
sdxp-DangNianHan-SanJiZhang.xml_16,难道说文官他就不丧身？,9124599.5267442744,0.0
daxp-FeiShiWo-TaoHuaCun.xml_4,已然错请生波浪，,9131118.6843401827,0.0
daxp-ErTingDe-SuoLinNang.xml_18,人情冷暖凭空造，,9139685.0033905245,0.0
daeh-LiYanFei-ErJinGong.xml_5,我只得怀抱太子两泪汪汪口口声声哭的是先王。,9141305.2983817942,0.0
daeh-XiaoNuCai-SanNiangJiaoZi.xml_0,小奴才他一言问住我，,9162849.5661738459,0.0
daxp-QiaoLouShang-HuangShanLei.xml_2,对孤灯思远道心神不定，,9178622.279076457,0.0
daxp-ChunQiuTing-SuoLinNang.xml_20,人情冷暖凭天造，,9242526.5306555536,0.0
daeh-ZuoRiGong-TaiZhenWaiChuan.xml_1,有谁知一时错被逐宫廷。,9262458.926028708,0.0
daeh-LiYanFei-ErJinGong.xml_3,想必是徐杨将进了昭阳。,9268450.4266715907,0.0
sdxp-WoHeNi-SiLangTanMu.xml_25,有什么心腹事你只管明言。,9281581.7795398664,0.0
daxp-ChunQiuTing-SuoLinNang.xml_33,救她饥渴胜琼瑶。,9290523.0602991097,0.0
daxp-XiShiNv-XiShi.xml_1,难得有开怀事常锁双眉。,9315563.4236204177,0.0
dldeh-ShouBiPo-ChunQiuPei.xml_6,你继母心毒狠将你打骂，,9329221.9888991639,0.0
daxp-ChunQiuTing-SuoLinNang.xml_1,何处悲声破寂寥。,9334000.0803255923,0.0
daeh-ZiNaRi-ErJinGong.xml_7,看一看不觉到八月中秋。,9369932.3560414575,0.0
sdeh-WenSanNiang-SanNiangJiaoZi.xml_3,老薛保你不必苦哀告，,9446658.974303307,0.0
daeh-XiaoNuCai-SanNiangJiaoZi.xml_4,怒气不息在机房闷坐，,9450822.675956605,0.0
daxp-QiaoLouShang-HuangShanLei.xml_14,我不免唤琏儿到街前探问，,9491638.9333375264,0.0
daxp-FeiShiWo-TaoHuaCun.xml_14,倘若是你响她也响，,9538803.2094186489,0.0
sdxp-SuLongWei-WuJiaPo.xml_27,三人对面（就）说分明。,9633931.1434653141,0.0
daeh-ZiNaRi-ErJinGong.xml_10,耳边厢又听得朝靴响亮，,9649710.0462317243,0.0
daeh-LiYanFei-DaBaoGuo.xml_4,将江山让太师权且代贺，,9704941.6777789835,0.0
daxp-ErTingDe-SuoLinNang.xml_31,救她饥渴胜琼瑶。,9711120.1852473076,0.0
sdxp-SuLongWei-WuJiaPo.xml_38,西凉的鞑子将你斩，,9746185.5241710842,0.0
daeh-WangChunE-SanNiangJiaoZi.xml_1,想起了我老爷好不惨然。,9788935.935072206,0.0
daeh-ZiNaRi-ErJinGong.xml_6,徐小姐把守在宫门口，,9817389.1829030607,0.0
daeh-CanQiQi-WuLongZuo.xml_1,叹红颜多薄命父母双亡。,9820709.113943059,0.0
daxp-MengJunZi-ChunQiuPei-2.xml_3,我爹爹名姜绍贸易天涯。,9833315.6950526051,0.0
daxp-ErTingDe-SuoLinNang.xml_15,薛良与我去问一遭。,9886643.9227887131,0.0
daxp-WoHeNi-SangYuanHui.xml_0,我和你有什么夫妻的情，,9950687.7919713631,0.0
daeh-ZaoBuXing-HeHouMaDian.xml_1,贼昏王篡了位谋乱邦家。,9987490.1635118816,0.0
daxp-LaoDieDie-YuZhouFeng.xml_0,老爹爹发恩德将本修上，,10012145.858405113,0.0
daeh-ZiNaRi-ErJinGong.xml_8,李艳妃坐昭阳自思自想，,10022033.381226491,0.0
daeh-ZiNaRi-ZhuangYuanMei-1.xml_3,乱军中多亏他救我回还。,10027160.40945434,0.0
daeh-WangChunE-SanNiangJiaoZi.xml_6,将身儿来至在机房织绢，,10033853.97383398,0.0
daxp-ZhiJianTa-WangJiangTing.xml_8,出二堂深施礼，,10041961.96122518,0.0
sdxp-DangNianHan-SanJiZhang.xml_14,在六国封相人上人。,10046933.719129512,0.0
daxp-LaoDieDie-YuZhouFeng.xml_4,老爹爹在朝中官高爵显，,10065041.689167881,0.0
daxp-MengTingDe-MuiGuiYingGuaShuai.xml_7,我一剑能挡百万兵。,10089458.137966534,0.0
daeh-ZiNaRi-ErJinGong.xml_1,独坐在寒宫院闷闷悠悠。,10107373.208861256,0.0
dldeh-ShouBiPo-ChunQiuPei.xml_2,病恹恹身无力难以挣扎。,10158643.734407408,0.0
daxp-LaoDieDie-YuZhouFeng.xml_2,倘若是有道君皇恩浩荡，,10161352.817868223,0.0
daeh-LiYanFei-DaBaoGuo.xml_1,文站东武列西朝贺哀家。,10163329.246292042,0.0
daeh-ZiNaRi-ZhuangYuanMei-1.xml_9,宋天子主婚姻此事成全。,10189167.098724082,0.0
daeh-ZiNaRi-ZhuangYuanMei-1.xml_5,不知道他与我是否一般。,10216338.634513719,0.0
daxp-LaoDieDie-DaYuShaJia-2.xml_1,倒叫我桂英儿挂在心头。,10217854.163136071,0.0
daeh-ZiNaRi-ErJinGong.xml_13,我只得怀抱太子两泪汪汪口口声声哭的是先王！,10229727.535482727,0.0
daxp-ChunQiuTing-SuoLinNang.xml_10,轿内的人儿弹别调，,10233321.25317389,0.0
daxp-DangRiLi-SuoLinNang.xml_10,于归日理应当喜形于面，,10237264.11139397,0.14285714285714285
daxp-ChunQiuTing-SuoLinNang.xml_16,叫梅香你把那好言相告，,10254839.167444536,0.0
daxp-ErTingDe-SuoLinNang.xml_29,积德才生玉树苗。,10272681.844215266,0.0
daxp-LaoDieDie-DaYuShaJia-2.xml_2,将身儿坐至在草堂等候，,10278331.409202158,0.0
daxp-ErTingDe-SuoLinNang.xml_4,叫梅香你把那好言相告，,10309462.605609838,0.0
daxp-DiTouLi-NvQiJie.xml_0,低头离了洪洞县，,10309550.459275924,0.0
daeh-NaRiFeng-YuanXiaoMi.xml_0,那日风波平地起，,10371037.464364346,0.14285714285714285
daeh-SunShangXiang-BieHuangGong.xml_7,阿斗儿行中途被子龙追还。,10386285.735362465,0.0
daxp-DangRiLi-SuoLinNang.xml_7,哪有这短花帘，旧花幔，参差流苏，残破不全。,10400200.511078849,0.0
daxp-XiRiLi-LongFengChengXiang.xml_4,月老本是乔国丈，,10401840.373502523,0.0
daxp-LaoDieDie-SanJiZhang-2.xml_2,父道那薛平贵是那化郎模样，,10419820.864371598,0.0
daxp-XiRiLi-LongFengChengXiang.xml_1,今朝仙女会襄王。,10422959.668133512,0.0
daxp-XiRiLiang-LongFengChengXiang.xml_1,今朝仙女会襄王。,10426428.909779724,0.0
daxp-LaoDieDie-SanJiZhang-1.xml_1,我立志不嫁那状元才郎。,10456653.3023655,0.0
daxp-DangRiLi-SuoLinNang.xml_2,在轿中只觉得天昏地暗。,10470756.034583505,0.0
daxp-ZhiJianTa-WangJiangTing.xml_6,低下头心生计，,10471363.263009487,0.0
daxp-QiaoLouShang-HuangShanLei.xml_7,原来是秋风起扫叶之声。,10478828.841104286,0.0
daxp-DangRiLi-SuoLinNang.xml_18,还有那夜明珠粒粒成串，,10569758.32205629,0.0
daxp-ErTingDe-SuoLinNang.xml_27,自把珠玉夸富豪。,10612991.820318641,0.0
sdxp-DangNianHan-SanJiZhang.xml_19,非是女儿言不逊，,10614225.266138414,0.0
daeh-WuDuanQiao-BiYuZan.xml_1,薄命自伤怨红颜。,10624322.525292756,0.0
sdxp-DangNianHan-SanJiZhang.xml_10,都是安邦定国臣，,10651751.708491199,0.0
daxp-NiDeFu-FenHeWan.xml_2,把弓带和鱼镖与儿带定，,10692155.952829124,0.0
daxp-ChenSanLiang-ChenSanLiangPaTang.xml_2,我本是被骗进的富春院，,10761355.702878024,0.0
daxp-QiaoLouShang-HuangShanLei.xml_13,果然是晓鸡唱天已黎明。,10777333.677463034,0.0
daxp-XiRiLi-LongFengChengXiang.xml_2,暗地堪笑奴兄长，,10781643.241797738,0.0
sdxp-SuLongWei-WuJiaPo.xml_30,本利算来有多少，,10783649.273882121,0.0
daeh-SunShangXiang-BieHuangGong.xml_8,恨只恨我兄长把事错办，,10825524.194582095,0.0
daxp-XiShiNv-XiShi.xml_4,怕只怕损玉颜姣容自惜，,10842371.352772605,0.0
daxp-ChunQiuTing-SuoLinNang.xml_2,在隔帘只见这一花轿，,10920456.689255558,0.0
daxp-WoZhuYe-SiLangTanMu.xml_5,阅兵书看何人前来何安。,10931566.763671726,0.0
daeh-ZaoBuXing-HeHouMaDian.xml_4,贼好比王莽贼称孤道寡，,10968810.116984161,0.0
daxp-ZhiJianTa-WangJiangTing.xml_3,害得儿夫犯焦急；,10988743.312397778,0.0
daeh-ZiNaRi-ZhuangYuanMei-2.xml_9,宋天子主婚姻此事成全。,10990021.655348968,0.0
daeh-ZiNaRi-ZhuangYuanMei-2.xml_3,乱军中多亏他救我回还。,10994533.756585903,0.0
sdxp-WoHeNi-SiLangTanMu.xml_33,你也对苍天就表一番。,11022955.915598048,0.0
daxp-QiaoLouShang-HuangShanLei.xml_10,我不免引寒机伴奴坐等，,11034806.796466921,0.0
daeh-ZiNaRi-ErJinGong.xml_3,太师爷一心心想篡龙楼。,11100120.764572935,0.0
daeh-TanHongYan-HuoXiaoYu.xml_1,美满姻缘付东流。,11136841.860299408,0.0
daeh-WuDuanQiao-BiYuZan.xml_4,今生若被郎轻贱，,11172421.677274294,0.0
daxp-QiaoLouShang-HuangShanLei.xml_4,到三更真个是月明人静，,11228189.541445564,0.0
daxp-ChunQiuTing-SuoLinNang.xml_29,自把珠玉夸富豪，,11233969.579591861,0.0
daxp-DangRiLi-SuoLinNang.xml_14,急切里想起了锁麟囊一（呀）件，,11269650.916846666,0.0
daeh-ZuoChunGui-XiShi.xml_1,无限的闲愁恨尽上眉尖。,11284095.275116872,0.0
daeh-WuDuanQiao-BiYuZan.xml_7,又怕丑名误流传。,11295812.284461383,0.0
danbz-BeiJiuChan-ChunGuiMeng.xml_5,待我来搀扶（哇）你重订鸳盟。,11414831.904224753,0.0
daxp-DangRiLi-SuoLinNang.xml_17,红珊瑚碧翡翠样样倶全。,11416992.876207683,0.0
sdxp-WoHeNi-SiLangTanMu.xml_31,一夜之间你怎能回还。,11423988.361733256,0.0
daspd-HaiDaoBing-GuiFeiZuiJiu.xml_5,恰便似嫦娥离月宫，,11432656.20594855,0.0
daxp-GuanShiYin-TianNvSanHua.xml_6,满眼中清妙景灵光万丈，,11557336.026184777,0.14285714285714285
daxp-FeiShiWo-TaoHuaCun.xml_15,那就是来了我西厢带路的小红娘。,11576451.156530047,0.0
daxp-LaoDieDie-SanJiZhang-1.xml_2,父休笑薛平贵是花郎模样，,11619889.965816235,0.0
daxp-WoZhuYe-SiLangTanMu.xml_3,一心心要夺取宋室江山。,11653438.702331699,0.0
daxp-DangRiLi-SuoLinNang.xml_19,还有那赤金链，紫瑛簪，白玉环，双凤錾，八宝钗钏一个个宝孕光含。,11664764.802799838,0.14285714285714285
daxp-GuanShiYin-TianNvSanHua.xml_1,有善才和龙女站立两厢；,11685549.530927518,0.0
daxp-MengJunZi-ChunQiuPei-2.xml_5,因此上到郊外来捡芦花（呀）。,11773396.913051369,0.0
daeh-ZiNaRi-ZhuangYuanMei-1.xml_15,愿天下从此后国泰民安。,11855131.225263987,0.0
daxp-MuQinBu-FengHuanChao.xml_3,女儿清白最为先。,11867543.005489433,0.0
daeh-ZiNaRi-ZhuangYuanMei-2.xml_14,愿天下有情人都成姻眷，,11887214.343076972,0.0
daeh-CanQiQi-WuLongZuo.xml_3,担几肩头晕转体若筛糠。,11911478.030686509,0.0
daeh-SunShangXiang-BieHuangGong.xml_1,想起了已往事心内痛酸。,11979374.626449633,0.0
dldeh-ShouBiPo-ChunQiuPei.xml_7,全（呐）不顾你身有病气力不佳。,11997149.794015527,0.0
daeh-WangChunE-SanNiangJiaoZi.xml_7,等候了薛倚儿转回家园。,12115860.476747902,0.0
daxp-WoDeNiang-XinAnYi.xml_3,却原来母亲到儿未知情。,12123587.497743547,0.0
daxp-ZheCaiShi-SuoLinNang.xml_0,这才是人生难预料，,12171181.496878644,0.0
daxp-LaoDieDie-SanJiZhang-2.xml_1,儿命苦怎配着状元才郎？,12188147.19058316,0.14285714285714285
daxp-DangRiLi-SuoLinNang.xml_6,虽然是古青庐以朴为俭，,12191615.778292,0.0
daxp-ErDeFu-HongNiGuan.xml_6,奴本当把关印付他执掌，,12201159.567677595,0.0
danbz-BeiJiuChan-ChunGuiMeng.xml_4,原来是不耐烦已经睡困，,12214695.507764295,0.0
danbz-BeiJiuChan-ChunGuiMeng.xml_2,我不免去安排罗衾绣枕，,12291892.565430308,0.0
daxp-ChunQiuTing-SuoLinNang.xml_13,同遇人为什么这样嚎啕？,12395627.248998413,0.0
daxp-ChunQiuTing-SuoLinNang.xml_14,莫不是夫郎丑难谐女貌？,12401846.238574704,0.0
daxp-QiaoLouShang-HuangShanLei.xml_1,父子们去采药未见回程。,12403330.103067158,0.0
daxp-TingTaYan-ZuoGong.xml_3,他思家乡想骨肉就不能团圆。,12420059.707263919,0.0
daxp-ErTingDe-SuoLinNang.xml_2,莫不是夫郎丑难谐女貌，,12444672.667290376,0.0
sdxp-DangNianHan-SanJiZhang.xml_21,不能、不能、是万不能！,12483120.986812577,0.0
daxp-SuSanLi-NvQiJie.xml_1,将身来在大街前。,12506303.934762176,0.0
daxp-ErTingDe-SuoLinNang.xml_6,梅香说话好颠倒，,12507078.377258828,0.0
daspd-HaiDaoBing-GuiFeiZuiJiu.xml_0,海岛冰轮初转腾；,12535962.457094314,0.0
daxp-DangRiLi-SuoLinNang.xml_4,那花轿必定是因陋就简，,12700120.534956034,0.0
daxp-ChunQiuTing-SuoLinNang.xml_32,小小囊儿何足道，,12706128.093254874,0.0
daxp-ErDeFu-HongNiGuan.xml_3,倒不如与伯党匹配鸾凰。,12774410.353765424,0.14285714285714285
daxp-TingTaYan-ZuoGong.xml_2,原来是杨家将把名姓改换，,12802737.096781718,0.0
daxp-ChunQiuTing-SuoLinNang.xml_15,莫不是强婚配鸦占鸾巢？,12813794.257779507,0.14285714285714285
daxp-DangRiLi-SuoLinNang.xml_12,那时节奴妆奁不下百万，,12871065.730992803,0.0
danbz-KanDaWang-BaWangBieJi.xml_1,我这里出帐外且散愁情。,12896960.035622599,0.0
daxp-XiShiNv-XiShi.xml_3,每日里浣纱去又傍清溪。,12948744.034018345,0.14285714285714285
daxp-ErTingDe-SuoLinNang.xml_11,难免怀疑在心梢。,12996393.735229645,0.0
daxp-ZheCaiShi-SuoLinNang.xml_1,不想团圆在今朝。,12996393.735229645,0.0
daxp-ErTingDe-SuoLinNang.xml_3,莫不是强婚配鸦占鸾巢。,12998481.266666511,0.14285714285714285
daxp-MengTingDe-MuiGuiYingGuaShuai.xml_4,有生之日责当尽，,13010749.980697801,0.14285714285714285
daxp-ErTingDe-SuoLinNang.xml_30,小小囊儿何足道，,13034998.372010814,0.0
daeh-LiYanFei-DaBaoGuo.xml_7,宣太师上金殿披红插花。,13070376.945396198,0.0
daeh-ZiNaRi-ErJinGong.xml_5,竟把我孤儿寡母当做了马牛。,13073035.865206206,0.0
daeh-WuDuanQiao-BiYuZan.xml_5,满腹冤屈向谁言。,13082925.809608892,0.0
daxp-QiaoLouShang-HuangShanLei.xml_6,忙移步隔花荫留神听定，,13096709.453278322,0.0
daxp-ErTingDe-SuoLinNang.xml_10,蠢才问话太潦草，,13157958.673033448,0.0
daxp-TingTaYan-ZuoGong.xml_6,早晚间休怪我言语怠慢，,13195085.242339147,0.0
daeh-ZiNaRi-ZhuangYuanMei-1.xml_7,帝王家深宫院似水流年。,13198673.50893357,0.0
danbz-KanDaWang-BaWangBieJi.xml_0,看大王在帐中和衣睡稳，,13230697.658976324,0.0
daeh-SunShangXiang-BieHuangGong.xml_3,留下了孙仲谋执掌江南。,13253239.709114622,0.0
daeh-ZiNaRi-ZhuangYuanMei-2.xml_15,愿邦家从此后国泰民安。,13288654.275990168,0.0
daxp-ErTingDe-SuoLinNang.xml_5,问那厢因何故痛哭无聊？,13320415.482206836,0.0
daxp-MuQinBu-FengHuanChao.xml_1,女儿言来听根源。,13388675.334531153,0.0
daeh-ZuoChunGui-XiShi.xml_3,夜不眠朝慵起又向谁言。,13396854.26408072,0.0
daxp-DiTouLi-NvQiJie.xml_1,将身来在大街前。,13457551.878471015,0.0
daxp-MengTingDe-MuiGuiYingGuaShuai.xml_1,唤起我破天门状志凌云。,13551992.395440783,0.0
daxp-ErTingDe-SuoLinNang.xml_1,同遇人为什么这样嚎啕。,13554815.608154111,0.0
sdeh-WenSanNiang-SanNiangJiaoZi.xml_4,背转身来哭嚎啕。,13706808.317340717,0.0
daxp-ZhiJianTa-WangJiangTing.xml_2,何人来把书信寄？,13951222.277876001,0.0
daxp-ZheCaiShi-SuoLinNang.xml_7,愧我当初赠木桃。,13983402.680010408,0.0
daeh-TanHongYan-HuoXiaoYu.xml_5,隔着窗儿点滴不休。,14111724.8005252,0.0
daxp-ChunQiuTing-SuoLinNang.xml_27,莫把姓名你信口晓，,14185499.77625075,0.0
daxp-GuanShiYin-TianNvSanHua.xml_5,好似我散天花就纷落十方；,14259136.279288286,0.0
daxp-DangRiLi-SuoLinNang.xml_21,换衣食也够她生活几年。,14351579.125596128,0.0
daxp-WoDeNiang-XinAnYi.xml_2,这几日身不爽心中烦闷，,14445573.042594243,0.14285714285714285
daxp-FeiShiWo-TaoHuaCun.xml_9,你必须眼观六路耳听八方。,14558263.522120975,0.0
daeh-ZaoBuXing-HeHouMaDian.xml_13,你叔王不让位再去骂他。,14583605.995839776,0.0
daxp-DiTouLi-NvQiJie.xml_2,未曾开言我心好惨，,14624267.517235028,0.0
sdxp-WoHeNi-SiLangTanMu.xml_28,有心赠你金鈚箭，,14634780.859145122,0.0
daxp-ChunQiuTing-SuoLinNang.xml_8,亦有饥寒悲怀抱，,14652592.113855386,0.0
daxp-ErTingDe-SuoLinNang.xml_25,莫把姓名你信口哓。,14770245.955819691,0.0
daeh-ZiNaRi-ZhuangYuanMei-2.xml_13,但愿得八主贤王从中周旋早成美眷、扫狼烟叫那胡儿不敢进犯、保叔王锦锈江山。,14795764.666043121,0.0
daxp-QiaoLouShang-HuangShanLei.xml_12,数更等交五鼓空房愈冷，,14803749.413485738,0.0
daxp-QiaoLouShang-HuangShanLei.xml_3,不知他在荒山何处安身。,14817510.76127423,0.0
daeh-NaRiFeng-YuanXiaoMi.xml_5,那厢流泪这厢啼。,14891051.760407887,0.0
sdxp-SuLongWei-WuJiaPo.xml_39,妻儿老小与奴一般。,14945585.743174752,0.0
daeh-XiaoNuCai-SanNiangJiaoZi.xml_1,闭口无言王春娥。,15012553.4217967,0.0
daeh-ZiNaRi-ZhuangYuanMei-2.xml_7,帝王家深宫怨似水流年。,15031012.231862418,0.0
daxp-ChunQiuTing-SuoLinNang.xml_17,问那厢因何故痛哭无聊。,15073011.107938664,0.0
sdxp-SuLongWei-WuJiaPo.xml_42,买绫罗、做衣衫、买白纸、糊白幡、打首饰、做妆奁，,15104115.902345264,0.0
daeh-ZiNaRi-ZhuangYuanMei-1.xml_14,愿天下有情人都成姻眷，,15120759.326519826,0.0
daeh-ZaoBuXing-HeHouMaDian.xml_6,贼好比秦赵高指鹿为马，,15145557.04225906,0.0
sdxp-DangNianHan-SanJiZhang.xml_18,大孝之人也受贫。,15189830.069223706,0.0
daeh-ZiNaRi-ZhuangYuanMei-1.xml_13,但愿得八主贤王从中周旋，早成姻眷，扫狼烟，叫那胡儿不敢进犯保叔王锦绣江山。,15210829.299776621,0.0
daxp-ErTingDe-SuoLinNang.xml_12,你不该人前逞骄傲，,15515718.90527134,0.0
daxp-GuanShiYin-TianNvSanHua.xml_4,绿柳枝酒甘露三千界上，,15949595.53459858,0.0
sdxp-SuLongWei-WuJiaPo.xml_41,与你娘做一个安家钱。,15953538.439666342,0.0
daeh-NaRiFeng-YuanXiaoMi.xml_2,舅父前来出主意，,16000221.241655832,0.0
daspd-DuShouKong-WangJiangTing.xml_3,为避狂徒到此间。,16234372.676557003,0.0
daxp-FeiShiWo-TaoHuaCun.xml_12,响一声你就还一掌，,16393833.211398233,0.0
daxp-ErTingDe-SuoLinNang.xml_13,不该词费又滔滔。,16394390.36897275,0.0
daxp-ZhiJianTa-WangJiangTing.xml_4,莫不是平地风波起，,16420168.601919925,0.0
sdxp-DangNianHan-SanJiZhang.xml_15,未央宫斩的是韩信，,16515521.277881268,0.0
daxp-ChunQiuTing-SuoLinNang.xml_4,吉日良辰当欢笑，,16546548.186393486,0.14285714285714285
daxp-FeiShiWo-TaoHuaCun.xml_13,响两声你就凑近身旁。,16565177.28932021,0.0
daxp-JiaoZhangSheng-HongNiang.xml_2,放大胆忍气吞声休害怕，,16702020.985232046,0.0
daxp-MengTingDe-MuiGuiYingGuaShuai.xml_2,想当年桃花马上威风凛凛，,16850081.813677784,0.0
daeh-WuDuanQiao-BiYuZan.xml_3,落得孤身病恹恹。,16903272.512892697,0.0
dldeh-ShouBiPo-ChunQiuPei.xml_4,想亲娘和老父心乱如麻。,16961954.088305864,0.0
daxp-DangRiLi-SuoLinNang.xml_20,这囊儿虽非是千古罕见，,17200800.754831541,0.0
sdxp-WoHeNi-SiLangTanMu.xml_27,你要见高堂母我不阻拦。,17231043.521088943,0.0
daxp-FeiShiWo-TaoHuaCun.xml_6,鼓打二更准时往，,17392896.027860567,0.0
daxp-ChenSanLiang-ChenSanLiangPaTang.xml_0,陈三两在大堂把话云，,17510737.898513675,0.0
daxp-JiaoZhangSheng-HongNiang.xml_4,这也算是一段风流佳话，,17612360.901489142,0.0
daxp-ChunQiuTing-SuoLinNang.xml_26,忙把梅香低声儿叫，,17691394.655834455,0.0
daspd-HaiDaoBing-GuiFeiZuiJiu.xml_4,皓月当空，,17720495.992469154,0.0
daxp-ZheCaiShi-SuoLinNang.xml_6,种福得福如此报，,17909661.803048879,0.0
daxp-ZheCaiShi-SuoLinNang.xml_5,善果心花可自豪。,17931817.892671559,0.0
daxp-MuQinBu-FengHuanChao.xml_2,自古常言道得好，,18039046.125717036,0.0
sdxp-DangNianHan-SanJiZhang.xml_11,淮阴漂母救韩信，,18152487.330915242,0.0
daxp-MuQinBu-FengHuanChao.xml_0,母亲不必心太偏，,18341401.029681407,0.0
daxp-ErTingDe-SuoLinNang.xml_24,忙把梅香低声叫，,18510488.831226077,0.0
daxp-ErTingDe-SuoLinNang.xml_26,这都是神话凭空造，,18910421.04287228,0.0
daxp-ChenSanLiang-ChenSanLiangPaTang.xml_3,发奋自强日夜读诗文。,19215706.264901739,0.14285714285714285
daxp-ZheCaiShi-SuoLinNang.xml_2,回首繁华如梦渺，,19443808.209176645,0.0
daxp-FeiShiWo-TaoHuaCun.xml_5,怎能够粗心大意你再荒唐。,19711621.519232374,0.0
daxp-SuSanLi-NvQiJie.xml_6,言说苏三把命断，,19744547.898549698,0.0
daxp-ChunQiuTing-SuoLinNang.xml_28,这都是神话凭空造，,19815857.312319759,0.0
daxp-DiTouLi-NvQiJie.xml_6,就说苏三把命断，,19916773.062432613,0.0
sdxp-WoHeNi-SiLangTanMu.xml_29,怕你一去就不回还。,20002270.12897535,0.0
daeh-ZiNaRi-ZhuangYuanMei-1.xml_2,在潼台被贼擒在命好险，,20166863.97310375,0.0
daxp-SuSanLi-NvQiJie.xml_2,未曾开言心内惨，,20300732.803456027,0.0
daeh-ZiNaRi-ZhuangYuanMei-2.xml_2,在潼台被贼擒性命好险，,20746119.819179647,0.0
daxp-ZheCaiShi-SuoLinNang.xml_4,柳暗花明休啼笑，,20783757.28094374,0.0
daxp-LaoDieDie-YuZhouFeng.xml_5,却为何贪富贵不顾羞惭。,20856993.925193734,0.0
daspd-HaiDaoBing-GuiFeiZuiJiu.xml_3,乾坤分外明，,23046474.879026093,0.0
daeh-SunShangXiang-BieHuangGong.xml_9,叹一声不由人珠泪涟涟。,35719740.135104015,0.0
lsxp-JiangShenEr-SanJiaDian.xml_1,尊一声过往的宾朋听从头：,871027950.96849525,0.0
sdxp-WoHeNi-SiLangTanMu.xml_5,非是我这几日愁眉不展，,885323196.65628886,0.14285714285714285
lsxp-ShenGongWu-LongFengChengXiang.xml_0,深宫无（哇）处不飞花，,905444869.81425309,0.0
sdxp-DangNianHan-SanJiZhang.xml_5,我的儿说话言不逊，,943204986.39371502,0.0
lsxp-TingTaYan-ZhuoFangCao-1.xml_0,听他言听得我心（呐）惊胆怕，,957629209.82467628,0.0
lsxp-TingTaYan-ZhuoFangCao-2.xml_0,听他言吓得我心（呐）惊胆怕，,957629209.82467628,0.0
lseh-ZenNengGou-BaDaChui.xml_2,前也思（喏）后又想无有计定，,990428264.78580832,0.0
lseh-YiLunMing-WenZhaoGuan-1.xml_27,鸡鸣犬吠五更（哪）天，,1000528442.9663365,0.0
lseh-XinZhongYou-WenZhaoGuan.xml_11,鸡鸣犬吠五更（呃）天，,1006004906.2874662,0.0
lsxp-ZouYingLong-DaYanSong.xml_0,忽听得万岁宣应龙，,1017730780.6215034,0.0
lseh-YiLunMing-WenZhaoGuan-1.xml_9,满腹的含冤我向谁言（哪）！,1019496242.1104447,0.0
lseh-YiLunMing-WenZhaoGuan-2.xml_9,满腹的含冤我向谁言（喏）。,1019496242.1104447,0.0
lseh-YiLunMing-WenZhaoGuan-1.xml_2,实指（惹）望到吴国借兵回转，,1019990676.8076603,0.0
lsxp-LiangGuoJiao-ShiJieTing-2.xml_0,两国交锋龙虎斗，,1024478342.4064468,0.0
lseh-YiLunMing-ZhuoFangCao-1.xml_18,观此贼睡卧真（呐）潇洒，,1039229914.3552297,0.0
lsxp-ZiGuDao-HuangHeLou.xml_5,四将军保架料也无妨。,1056074345.8355522,0.0
sdxp-DangNianHan-SanJiZhang.xml_1,登台拜帅是韩信，,1057334840.5516739,0.0
lsxp-LiangGuoJiao-ShiJieTing-2.xml_4,此一番领（呃）兵去镇守，,1061617866.6564099,0.0
lsxp-ZheYiFeng-DingJunShan.xml_2,站立在营门三军叫，,1077525923.5209997,0.0
lsxp-YiShiWu-YuCangJian.xml_0,一事无成两鬓斑，,1084220791.7649446,0.0
lseh-YiLunMing-WenZhaoGuan-1.xml_13,我好（哇）比波浪中失舵的舟船（哪）。,1092192349.2125175,0.0
lsxp-CiShiJian-HuaiHeYing-2.xml_5,右手再把栾布拉，,1094568671.1259606,0.0
lseh-WeiKaiYan-RangXuZhou.xml_3,老朽年迈我也不能够担承。,1095983971.3538034,0.0
sdxp-WoHeNi-SiLangTanMu.xml_17,公主叫我盟誓愿，,1114230448.6769655,0.0
lsxp-ShenGongWu-LongFengChengXiang.xml_2,朝欢暮乐无牵挂，,1125966482.7324035,0.0
lseh-YiLunMing-WenZhaoGuan-1.xml_11,我好比龙游在浅沙滩。,1128876199.3807278,0.0
lsxp-WeiCengKai-QiYuanBao.xml_2,家住在南阳太平庄，,1131773059.6219482,0.0
lsxp-LiangGuoJiao-ShiJieTing-2.xml_2,管带三（呐）军要宽厚，,1132175198.5836141,0.0
lseh-YiLunMing-WenZhaoGuan-2.xml_13,我好（呃）比波浪中失舵的舟船（喏）。,1133085040.3756711,0.0
lsxp-DaHeYi-SiLangTanMu.xml_10,火堪寨上有家门。,1146197606.7724776,0.0
lseh-YiLunMing-WenZhaoGuan-2.xml_11,我好比龙游在浅沙滩。,1146661133.2206569,0.0
lseh-YiLunMing-ZhuoFangCao-1.xml_24,执宝剑将贼的（呀）头割下，,1164362586.0489697,0.0
sdxp-WoHeNi-SiLangTanMu.xml_15,宋营（哪）虽然路途远，,1174815530.3280237,0.0
lsxp-ZheYiFeng-DingJunShan.xml_9,到明天午时三刻要成功劳。,1183430376.6939931,0.0
lseh-ZiNaRi-HongYangDong.xml_2,我前番命孟良骸骨搬（呐）请，,1183494565.14533,0.14285714285714285
lsxp-DaHeYi-SiLangTanMu.xml_21,龙行虎步非凡等，,1184169292.9677916,0.0
lseh-YiLunMing-WenZhaoGuan-2.xml_14,思来想去我的肝肠断，,1189605138.7826829,0.0
sdxp-WoHeNi-SiLangTanMu.xml_7,萧天佐摆天门两国交战，,1215776222.3227897,0.0
lsxp-DaHeYi-SiLangTanMu.xml_9,家住后山磁州郡，,1220891232.0119338,0.0
lseh-YiLunMing-WenZhaoGuan-2.xml_2,实指望到吴国借兵回转，,1223051099.3355532,0.0
lsxp-CiShiJian-HuaiHeYing-2.xml_3,为什么事到如今耍奸滑？,1223463143.9317682,0.0
lseh-XiRiLi-BaoLianDeng.xml_7,兄（呃）推弟来两不能够担承。,1230032622.5649283,0.0
lsxp-CiShiJian-HuaiHeYing-1.xml_3,为什么事到如今耍奸滑。,1241831853.3085926,0.0
lsxp-DaHeYi-SiLangTanMu.xml_27,听罢言来才知情，,1246940331.9513233,0.0
lsxp-DaHeYi-SiLangTanMu.xml_28,原来四哥回宋营。,1250144609.6547036,0.0
lseh-YangYanZhao-PengBei.xml_1,在中途得一信甚是不明。,1253906703.8191266,0.0
lsxp-CiShiJian-HuaiHeYing-1.xml_1,胡言乱语怎瞒（呐）咱。,1257659455.5558114,0.0
lsxp-DaHeYi-SiLangTanMu.xml_7,将身站在了阶前等，,1262144599.8783119,0.0
sdxp-SuLongWei-WuJiaPo.xml_4,咬定牙关他就不认承。,1265687197.5732546,0.0
lseh-YiLunMing-WenZhaoGuan-1.xml_14,思来想去我的肝肠断，,1274214747.9152477,0.0
lsxp-WoZhuYe-ZhuiHanXin.xml_8,一路上秋毫无犯军威壮，,1280719197.5412381,0.0
lsxp-DaHeYi-SiLangTanMu.xml_11,我父令公官极品，,1283743887.4487276,0.0
lseh-YiLunMing-ZhuoFangCao-2.xml_3,悔不该随他人到吕家。,1292860985.5563707,0.0
lsxp-WoBenShi-KongChengJi-2.xml_2,先帝（呀）爷下南阳（呃）御驾三（呃）请，,1293080747.2876089,0.0
lsxp-WeiCengKai-QiYuanBao.xml_4,奉母命京城往，,1304968215.624428,0.0
lseh-WeiGuoJia-HongYangDong-1.xml_2,官封到节度使（喏）皇王恩重，,1305446526.3646224,0.0
lsxp-ZiGuDao-HuangHeLou.xml_2,曾记得当年赴河梁，,1310970884.710861,0.14285714285714285
lseh-YangYanZhao-PengBei.xml_2,迈虎步我且把宝帐来进，,1312488564.5749753,0.0
lseh-YiLunMing-ZhuoFangSuDian.xml_2,悔不该心猿并意马，,1315789308.3554258,0.0
sdxp-DangNianHan-SanJiZhang.xml_3,小奴才真个不孝顺，,1318239901.9638915,0.0
lsxp-ZuoRiLi-YuanMenZhanZi.xml_2,今日里斩宗保娘把儿怪，,1318658552.6382728,0.14285714285714285
lseh-WeiGuoJia-HongYangDong-3.xml_2,官封到节度史（喏）皇王恩重，,1328641779.026931,0.0
lsxp-WeiCengKai-QiYuanBao.xml_1,尊一声太爷听端详。,1337837074.8112812,0.0
lseh-WeiGuoJia-HongYangDong-2.xml_2,官封到节度使（喏）皇王恩重，,1343230797.3786705,0.0
sdxp-SuLongWei-WuJiaPo.xml_13,腰中取出银一锭，,1343480956.4605684,0.0
lseh-XiRiLi-BaoLianDeng.xml_15,打死个秦官保父不能担承。,1345648298.3722036,0.0
lsxp-WoZhuYe-ZhuiHanXin.xml_7,一路上得遇陆贾、郦生与张良。,1351344019.2598779,0.0
sdxp-DangNianHan-SanJiZhang.xml_4,仙女嫁的又是何人？,1352547592.0109389,0.0
lseh-TanXiongDi-SangYuanJiZi.xml_0,叹兄兀弟遭不幸一旦丧命，,1364670250.4689758,0.0
sdxp-SuLongWei-WuJiaPo.xml_5,西凉川四十单八站，,1368108000.2767348,0.0
lsxp-WoBenShi-KongChengJi-2.xml_0,我本是卧龙岗散淡（呐）的人，,1370342515.8602302,0.0
lsxp-ZhangGongDao-ZhuangYuanPu.xml_0,张公道三十五六（哇）子有靠，,1375352401.1503887,0.0
lsxp-QingGongYan-FaDongWu.xml_2,弟兄们创业多艰难，,1382714858.2912664,0.0
lseh-XuMaoGong-QinQiongFaPei.xml_2,既是为我前来到，,1383172901.0474377,0.0
lseh-XiRiLi-BaoLianDeng.xml_14,打死了别家子父能作主，,1384443907.1973379,0.0
lseh-NiangZiBu-SouGuJiuGu.xml_3,三百余口命赴幽冥。,1389057219.8162251,0.0
lsxp-ZouYingLong-DaYanSong.xml_3,偶遇见小小的顽童放悲声，,1393038090.7474349,0.0
lseh-XuMaoGong-QinQiongFaPei.xml_4,是是是（呀）来我明白了，,1399810979.8016021,0.0
lseh-YiLunMing-WenZhaoGuan-1.xml_22,贪图富贵来害我，,1404860630.4109733,0.0
lseh-XinZhongYou-WenZhaoGuan.xml_6,贪图富贵来害我，,1407799626.3819022,0.0
sdxp-SuLongWei-WuJiaPo.xml_14,将银放在地平川。,1410917853.4324038,0.0
sdxp-SuLongWei-WuJiaPo.xml_12,百般调戏也枉然。,1414528407.3722634,0.0
lsxp-ZheYiFeng-DingJunShan.xml_8,三军与（呀）爷归营号，,1417591853.442565,0.0
lsxp-ZouYingLong-DaYanSong.xml_11,我本当金（哪）殿奏一本怎奈我官卑职小不能够参大臣。,1429882906.2537427,0.0
lseh-YiLunMing-ZhuoFangCao-1.xml_12,听谯楼打罢了二（喏）更鼓下，,1435657114.6937525,0.0
lsxp-DaHeYi-SiLangTanMu.xml_3,迈步且把宝帐（呀）进，,1436008633.3745751,0.0
lsxp-WoBenShi-KongChengJi-1.xml_2,先帝呀爷下南阳御呀驾三请，,1440604183.0152884,0.0
lsxp-LiangGuoJiao-ShiJieTing-2.xml_3,赏罚中公（呃）平莫要自由。,1457197285.5186205,0.0
lseh-WeiGuoJia-HongYangDong-3.xml_1,我也曾平服了塞北西东。,1461649273.1781197,0.0
lsxp-ZhangGongDao-ZhuangYuanPu.xml_5,眼睁（呐）睁有何人去（呀）把纸烧。,1465530420.4288263,0.0
lseh-TanXiongDi-SangYuanJiZi.xml_2,眼望着孤坟台珠泪难忍，,1470469172.7685163,0.0
lsxp-ZiGuDao-HuangHeLou.xml_4,今日主公把宴上，,1470860387.6591306,0.14285714285714285
sdxp-WoHeNi-SiLangTanMu.xml_13,公主赠我的金鈚箭，,1473856219.9922669,0.0
lsxp-ZuoRiLi-YuanMenZhanZi.xml_5,老娘亲再讲情儿自刎头来。,1483682563.658411,0.0
lseh-YiLunMing-WenZhaoGuan-1.xml_16,心中有事难合眼，,1484045126.580385,0.0
lseh-YiLunMing-WenZhaoGuan-1.xml_26,要相逢陈非是梦（兀）里团圆。,1504054955.1903825,0.0
lsxp-LiangGuoJiao-ShiJieTing-2.xml_1,各为其（呀）主统貔貅。,1504673689.7132227,0.0
lseh-NiangZiBu-SouGuJiuGu.xml_6,舍子搭救忠（呃）良的后，,1506109037.5414259,0.0
lsxp-DaHeYi-SiLangTanMu.xml_25,家住哪州并哪郡？,1509032479.5553694,0.0
lsxp-WoZhuYe-ZhuiHanXin.xml_4,先进咸阳为皇上，,1509941355.1781473,0.0
lseh-ZiNaRi-HongYangDong.xml_7,去了我左右膀难以飞行。,1513819679.3238592,0.0
lsxp-WoZhuYe-ZhuiHanXin.xml_1,拔剑斩蛇天下扬。,1516756440.0812831,0.0
lseh-YiLunMing-ZhuoFangSuDian.xml_3,悔不该随他人到吕家。,1516895010.7021191,0.0
lsxp-ZuoRiLi-YuanMenZhanZi.xml_0,昨日里斩八将头挂营外，,1522232957.7137516,0.14285714285714285
lseh-XinZhongYou-WenZhaoGuan.xml_0,心中有事难合眼，,1523754384.8519139,0.0
lsxp-JiangShenEr-SanJiaDian.xml_5,因此上发配到登州。,1530724885.6058228,0.14285714285714285
lseh-XinZhongYou-WenZhaoGuan.xml_15,到如今夜宿在荒村院，,1537506232.4350388,0.0
lseh-YiLunMing-WenZhaoGuan-1.xml_31,到如今夜宿在荒村院，,1537506232.4350388,0.0
lseh-YiLunMing-WenZhaoGuan-1.xml_18,背地里只把东皋公怨，,1539570745.9539495,0.0
lsxp-YiShiWu-YuCangJian.xml_3,靠山绿（哇）水常在面前。,1547980605.2857139,0.0
lsxp-JiangShenEr-SanJiaDian.xml_15,叫一声解差把店役。,1548998589.7696023,0.0
lsxp-CiShiJian-HuaiHeYing-1.xml_7,生死二字（喏）且由他。,1551114205.8140819,0.0
lsxp-ZouYingLong-DaYanSong.xml_1,在朝房来了我这保国忠。,1551313309.2547767,0.0
lsxp-DaHeYi-SiLangTanMu.xml_12,我母佘氏老太君。,1553001511.6810982,0.0
lseh-YangYanZhao-PengBei.xml_0,杨延昭奉父命巡查大营，,1553603965.6920788,0.0
lseh-XiRiLi-BaoLianDeng.xml_0,昔日里有一个孤竹君，,1556482761.893013,0.2857142857142857
lseh-NiangZiBu-SouGuJiuGu.xml_13,哀求娘子（喏）舍亲（呐）生。,1558202515.9733481,0.0
lseh-NiangZiBu-SouGuJiuGu.xml_4,我与那公孙杵臼把计定，,1559759228.8899112,0.0
sdxp-WoHeNi-SiLangTanMu.xml_1,我和你好夫妻恩德不浅，,1568851608.7139101,0.0
lseh-LaoZhangBu-WuPenJi.xml_2,休把我当作了妖魔论，,1571544744.0446577,0.0
lsxp-WoBenShi-KongChengJi-1.xml_0,我本是卧龙岗散淡哪的人，,1576259127.8850594,0.0
lsxp-WoBenShi-KongChengJi-1.xml_5,东西战南北剿博古通呃今。,1579509547.1232269,0.0
lseh-WeiGuoJia-HongYangDong-2.xml_1,我也曾平服了塞北西东。,1584425110.8964472,0.0
lsxp-WoZhuYe-ZhuiHanXin.xml_11,反将我主贬汉王。,1585064584.177058,0.0
lseh-YangYanZhao-PengBei.xml_4,我本当将此事对他来论，,1587526528.1739237,0.0
lseh-WeiKaiYan-RangXuZhou.xml_0,未开言不由人（呐）珠泪滚滚，,1594567922.8232656,0.0
lseh-XinZhongYou-WenZhaoGuan.xml_12,越思越想好伤惨，,1631569765.0196755,0.0
lseh-WeiGuoJia-HongYangDong-1.xml_1,我也曾平服了塞北西东。,1632413412.6959178,0.0
lsxp-WoBenShi-KongChengJi-2.xml_6,周文王访姜尚周室大振，,1632894384.0023618,0.0
lseh-TuZeiZuo-SouGuJiuGu.xml_2,眼见得忠良无救应，,1640158971.3043861,0.0
lseh-NiangZiBu-SouGuJiuGu.xml_0,娘子不（哇）必太烈性，,1643853690.1483853,0.0
lseh-XinZhongYou-WenZhaoGuan.xml_2,背地里只把东皋公怨，,1646553610.5240178,0.0
lseh-ZiNaRi-HongYangDong.xml_9,因此上臣的病重（呃）加十分、千岁爷呀！,1661915710.3532445,0.0
lsxp-ZuoRiLi-YuanMenZhanZi.xml_3,哭啼啼坐宝帐所为何来。,1667112180.1269681,0.0
lseh-LaoZhangBu-WuPenJi.xml_5,抓一（呀）把沙土扬灰尘。,1671326000.1993721,0.0
sdxp-SuLongWei-WuJiaPo.xml_15,这锭银、三两三，,1672751556.9013922,0.0
lsxp-WoBenShi-KongChengJi-1.xml_6,周文王访姜尚周室大振，,1673879275.3013556,0.0
sdxp-WoHeNi-SiLangTanMu.xml_10,怎奈我身在番难以过关。,1674724675.8884125,0.0
lsxp-WoBenShi-KongChengJi-2.xml_9,我面前却少个知（呃）音的人。,1677900995.054111,0.0
lsxp-WoBenShi-KongChengJi-2.xml_5,东西战南北剿博古（呃）通（哦）今。,1677966989.6799738,0.0
lsxp-HenPingWang-WenZhaoGuan.xml_3,满门的家着血染红。,1683685474.6338286,0.0
lseh-XuMaoGong-QinQiongFaPei.xml_0,徐茂公阴阳多奥妙，,1687256106.286402,0.0
sdxp-WoHeNi-SiLangTanMu.xml_19,我若探母不回转，,1687976010.6532047,0.0
lseh-XinZhongYou-WenZhaoGuan.xml_7,你就该把我献与昭关。,1691395915.2278767,0.0
lsxp-WoBenShi-KongChengJi-2.xml_8,闲无（呃）事在敌楼（呃）我亮一亮琴（呢）音，,1695531370.4355779,0.0
lseh-YiLunMing-WenZhaoGuan-1.xml_23,你就该把我献与昭关。,1700395922.309113,0.0
lsxp-WoBenShi-KongChengJi-1.xml_8,闲无哇事在敌楼哇我亮（呃）一亮琴哪音，,1704735204.5582149,0.0
sdxp-WoHeNi-SiLangTanMu.xml_11,公主虽然不阻拦，,1708395466.7068758,0.0
lseh-JinZhongXiang-ShangTianTai.xml_2,文凭着邓先生策划有准，,1709536439.9341757,0.0
lseh-YiLunMing-WenZhaoGuan-2.xml_15,今夜晚怎能够盼到明天。,1709588419.7126338,0.0
lsxp-WoBenShi-KongChengJi-1.xml_1,论阴阳如反掌保定乾坤。,1712211175.1215365,0.0
lseh-JinZhongXiang-ShangTianTai.xml_3,武仗着姚皇兄保定乾坤。,1716382611.316072,0.0
lsxp-CiShiJian-HuaiHeYing-2.xml_1,胡言乱语怎瞒（呐）咱！,1717592638.2234256,0.0
lsxp-ZheYiFeng-DingJunShan.xml_5,三通鼓刀出鞘四通（呃）鼓把兵交。,1721814240.238035,0.0
lseh-YiLunMing-WenZhaoGuan-1.xml_5,他将我隐藏在后花园。,1725536743.8989899,0.0
lseh-NiangZiBu-SouGuJiuGu.xml_10,千言万（哪）语她不肯，,1726265764.0570397,0.0
sdxp-SuLongWei-WuJiaPo.xml_9,衙里衙外我打点，,1728748954.7669141,0.0
lsxp-ShenGongWu-LongFengChengXiang.xml_3,耳听笙歌闹喧哗。,1744542621.3315978,0.0
lsxp-ZiCongQian-ZhuLianZhai.xml_2,为千岁懒把朝房走，,1747829438.1281672,0.0
lseh-XinZhongYou-WenZhaoGuan.xml_13,想当初在朝为官宦，,1753530404.2211678,0.0
lseh-YiLunMing-WenZhaoGuan-1.xml_29,想当初在朝为官宦，,1753530404.2211678,0.0
lseh-LaoZhangBu-WuPenJi.xml_6,我和你远无冤近无有仇恨，,1758221049.2616932,0.0
lsxp-WeiCengKai-QiYuanBao.xml_6,行至在中途把雨降，,1762858569.7563331,0.0
lseh-YiLunMing-ZhuoFangCao-1.xml_3,悔不该随他人到吕家，,1766062487.7912853,0.0
lseh-LaoZhangBu-WuPenJi.xml_4,我忙将树（呃）枝摆摇（哇）动，,1773962915.1852252,0.0
lsxp-ZouYingLong-DaYanSong.xml_13,在品级台（呀）前臣见君。,1774259588.9294531,0.0
lseh-JinZhongXiang-ShangTianTai.xml_1,寡人喜的是五谷丰登。,1777066679.9465086,0.0
lseh-ZiNaRi-HongYangDong.xml_8,为此事终（啊）日里忧成疾病，,1777160864.1138554,0.14285714285714285
lsxp-ZouYingLong-DaYanSong.xml_4,我问顽童啼哭因何故，,1777593063.1438129,0.0
lsxp-DaHeYi-SiLangTanMu.xml_1,大喝一声（哪）如雷震，,1779052460.1779938,0.0
lseh-YiLunMing-WenZhaoGuan-1.xml_20,若是真心来救我，,1779209478.700453,0.0
lseh-XinZhongYou-WenZhaoGuan.xml_4,若是真心来救我，,1779209478.700453,0.0
lseh-ZiNaRi-HongYangDong.xml_1,三更时梦（呃）见（呐）了年迈爹尊（呐）。,1780138240.0866222,0.0
lseh-TuZeiZuo-SouGuJiuGu.xml_0,屠贼做事心太狠，,1787224738.6069329,0.0
lsxp-QingGongYan-FaDongWu.xml_3,又谁知中途两离分。,1788319137.9914296,0.0
lsxp-ZiGuDao-HuangHeLou.xml_3,二将军保架过长江。,1795880271.8471158,0.0
sdxp-SuLongWei-WuJiaPo.xml_6,为军的要人我是不要钱。,1795917465.0045989,0.0
lseh-XiRiLi-BaoLianDeng.xml_13,二娇儿也难比那两个贤人。,1796473974.3184717,0.0
sdxp-SuLongWei-WuJiaPo.xml_2,王丞相是我的主婚人（哪）。,1797690291.329989,0.0
lsxp-ZiCongQian-ZhuLianZhai.xml_4,山高路远少来问候，,1799293957.7445352,0.0
lsxp-DaHeYi-SiLangTanMu.xml_17,弟兄对坐叙寒温。,1801210744.3370979,0.0
lsxp-JiangShenEr-SanJiaDian.xml_2,一不是响马与贼寇，,1816001978.4648247,0.0
lseh-YiLunMing-ZhuoFangSuDian.xml_0,一轮明月照窗下，,1827676256.7032621,0.0
sdxp-WoHeNi-SiLangTanMu.xml_12,无有令箭怎过关。,1835880919.321454,0.0
lsxp-ZhangGongDao-ZhuangYuanPu.xml_1,陈伯愚年半百无有后苗。,1836269766.5231028,0.0
lseh-YiLunMing-WenZhaoGuan-1.xml_8,俺伍员好一似丧家犬，,1837348310.9921033,0.0
lseh-YiLunMing-WenZhaoGuan-1.xml_15,今夜晚怎能够盼到明天。,1837464930.7523134,0.0
lsxp-YiZhuangZhuang-QunYingHui.xml_0,一桩桩一件件倶已办就，,1843838163.1808496,0.0
lsxp-TingTaYan-ZhuoFangCao-2.xml_4,马行在来道内我难（呐）以回（呀）马，,1849675161.8282211,0.0
lsxp-TingTaYan-ZhuoFangCao-1.xml_4,马行在来道内我难（呐）以回（呀）马，,1849675161.8282211,0.0
sdxp-SuLongWei-WuJiaPo.xml_18,我与你露水的夫妻就过几年（呐）。,1850514727.1463382,0.0
lsxp-YiZhuangZhuang-QunYingHui.xml_1,请先生到江边即刻登舟。,1856312953.7644188,0.0
lseh-XiRiLi-BaoLianDeng.xml_3,传口诏命次子即位为君，,1867880501.2385671,0.0
lseh-YiLunMing-WenZhaoGuan-2.xml_5,他将我隐藏在后花园。,1877585173.0621524,0.0
lseh-LaoZhangBu-WuPenJi.xml_0,老丈不（哇）必胆怕惊，,1884658927.3079839,0.0
lseh-WeiGuoJia-HongYangDong-2.xml_0,为国家哪何曾半日闲空，,1884692030.3466098,0.14285714285714285
lsxp-LiangGuoJiao-ShiJieTing-1.xml_1,各为其主统貔貅，,1885983986.1598961,0.0
lsxp-DaHeYi-SiLangTanMu.xml_8,问我一言答一声。,1887329657.8984838,0.0
lseh-YiLunMing-ZhuoFangCao-1.xml_11,自有那神灵（啊）天地鉴察。,1888150837.9791312,0.0
lseh-JinZhongXiang-ShangTianTai.xml_0,金钟响玉磬应王登龙庭，,1891672451.7036376,0.0
lsxp-JiangShenEr-SanJiaDian.xml_14,眼见得红日坠落在西山后，,1906244985.4464784,0.14285714285714285
lsxp-LiangGuoJiao-ShiJieTing-1.xml_4,此一番领兵去镇守，,1906460494.4680052,0.0
lsxp-ZiGuDao-HuangHeLou.xml_1,主公不必加愁肠。,1918160655.8404889,0.0
lseh-YiLunMing-ZhuoFangCao-1.xml_0,一轮明月照窗下，,1918235068.5030866,0.0
lsxp-YiShiWu-YuCangJian.xml_4,恨平王无道纲常乱，,1923443705.2850363,0.0
lseh-YiLunMing-WenZhaoGuan-2.xml_12,我好（呃）比鱼儿吞了钩线，,1927216163.3220873,0.0
lsxp-LiangGuoJiao-ShiJieTing-2.xml_5,靠山近水把管收。,1929511614.770303,0.0
lsxp-DaHeYi-SiLangTanMu.xml_31,走上前来忙松捆，,1930553651.1781054,0.0
lsxp-DaHeYi-SiLangTanMu.xml_29,众将与爷忙掩（哪）门，,1932042690.113791,0.0
lsxp-ZiCongQian-ZhuLianZhai.xml_1,满朝中文武臣泪双流。,1932712740.5069706,0.0
lsxp-ZouYingLong-DaYanSong.xml_7,站立在殿角用目来观定，,1935595638.0687742,0.0
lseh-YiLunMing-WenZhaoGuan-1.xml_24,哭一声爹娘不能相见，,1936055042.6264453,0.0
lseh-YiLunMing-WenZhaoGuan-1.xml_28,越思越想好伤惨，,1936946162.3622286,0.0
lseh-YiLunMing-ZhuoFangCao-1.xml_25,险些儿把事（喏）又（哇）作差。,1941616684.9612415,0.0
lsxp-LiangGuoJiao-ShiJieTing-1.xml_2,管待三（哪）军要宽厚，,1947438765.6919098,0.0
sdeh-WenSanNiang-SanNiangJiaoZi.xml_1,问三娘发雷霆却是为何？,1950970120.0219641,0.0
sdxp-SuLongWei-WuJiaPo.xml_8,为军哪怕到官前。,1953950997.2219021,0.0
lseh-LaoZhangBu-WuPenJi.xml_1,我有言来你是（喏）听。,1957982065.3281357,0.0
lseh-YiLunMing-WenZhaoGuan-1.xml_35,父母的冤仇化尘烟，,1963455425.4564202,0.0
lsxp-TingTaYan-ZhuoFangCao-2.xml_6,这时候我只得暂且忍耐在心下，,1963816248.4203067,0.0
lseh-YiLunMing-WenZhaoGuan-2.xml_8,俺伍员好一似丧家犬，,1965046755.3134701,0.0
lsxp-CiShiJian-HuaiHeYing-2.xml_7,生死二字（喏）且由他！,1965397462.8252296,0.0
sdxp-SuLongWei-WuJiaPo.xml_10,管保大嫂就断与咱。,1979803823.1062782,0.0
lseh-YiLunMing-ZhuoFangCao-2.xml_2,悔不该心猿并意马，,1980564388.2219615,0.0
lsxp-TingTaYan-ZhuoFangCao-1.xml_6,这时候我只得暂且忍耐在心下，,1980785647.8442309,0.0
lseh-WeiGuoJia-HongYangDong-3.xml_0,为国家哪何曾半日闲空，,1987372988.5998604,0.14285714285714285
lseh-YiLunMing-WenZhaoGuan-1.xml_12,我好（哇）比鱼儿吞了钩线，,1990901938.28879,0.0
lsxp-DaHeYi-SiLangTanMu.xml_13,十五年前沙滩会，,2011203159.7428527,0.0
lsxp-CiShiJian-HuaiHeYing-2.xml_2,在长安是你夸大话，,2022497957.7160642,0.0
lsxp-WeiCengKai-QiYuanBao.xml_9,望求太爷与我作主张（啊）。,2026045859.7917054,0.0
lsxp-ZouYingLong-DaYanSong.xml_9,那一旁坐的就是严阁老，,2027757058.4035392,0.0
lsxp-LiangGuoJiao-ShiJieTing-1.xml_0,两国交（哇）锋龙虎斗，,2029071592.1981847,0.0
lsxp-DaHeYi-SiLangTanMu.xml_15,六弟下位把兄认，,2029750323.0596197,0.0
lseh-YiLunMing-ZhuoFangCao-1.xml_22,虎在笼中我不打，,2035404430.3220599,0.0
lsxp-CiShiJian-HuaiHeYing-1.xml_6,三人同把那鬼门关上踏（啊），,2036199110.7231109,0.0
lsxp-DaHeYi-SiLangTanMu.xml_23,本帅开言把他问，,2037573579.0965185,0.0
lsxp-ZiGuDao-HuangHeLou.xml_0,自古道吉人有天相，,2038775752.3435411,0.0
sdxp-SuLongWei-WuJiaPo.xml_17,买绫罗与绸缎、打首饰和簪环，,2045976319.2689104,0.0
lseh-WeiGuoJia-HongYangDong-1.xml_0,为国家那何曾半日闲空，,2065855779.5630651,0.14285714285714285
lsxp-CiShiJian-HuaiHeYing-1.xml_2,在长安是你夸大话，,2066476156.9108939,0.0
lsxp-JianMaSu-ZhanMaSu.xml_2,大胆不听我的话，,2069549704.1950181,0.0
lseh-XinZhongYou-WenZhaoGuan.xml_19,父母的冤仇化尘烟，,2070941741.9712336,0.0
lsxp-WoZhuYe-ZhuiHanXin.xml_12,今日里萧何荐良将，,2073538630.9510522,0.14285714285714285
lseh-NiangZiBu-SouGuJiuGu.xml_1,卑（呀）人言来你是（喏）听。,2081896267.8292603,0.0
lsxp-WoBenShi-KongChengJi-1.xml_9,我面前缺少个知呃音的人。,2087316322.5613918,0.0
lsxp-CiShiJian-HuaiHeYing-2.xml_6,三人同把那鬼门关上爬，,2093939903.6638503,0.0
lseh-YiLunMing-ZhuoFangCao-2.xml_0,一轮明月照窗下，,2100594477.2908671,0.0
lsxp-QingGongYan-FaDongWu.xml_1,想起桃园结拜情。,2100852739.4762139,0.0
sdxp-SuLongWei-WuJiaPo.xml_1,苏龙魏虎为媒证，,2105016623.3009193,0.0
lseh-XinZhongYou-WenZhaoGuan.xml_17,我本当拔宝剑自寻短见，,2111333133.9202428,0.0
lsxp-HenPingWang-WenZhaoGuan.xml_0,恨平王无道乱楚宫（兀），,2111657826.245892,0.0
lsxp-LiangGuoJiao-ShiJieTing-1.xml_5,靠山近水把营收。,2112878177.6851866,0.0
lseh-YiLunMing-WenZhaoGuan-1.xml_10,我好（哇）比哀哀长空雁，,2119591847.2801049,0.0
lsxp-YiShiWu-YuCangJian.xml_8,实指（喏）望到吴国借兵（呐）转，,2131863892.6584001,0.0
lseh-WeiKaiYan-RangXuZhou.xml_4,望使君放开怀慨然（呐）应（呐）允，,2142736721.9400535,0.0
lseh-XinZhongYou-WenZhaoGuan.xml_8,哭一声爹娘不能相见，,2145840330.5335739,0.0
lseh-TanXiongDi-SangYuanJiZi.xml_1,丢下了年幼儿好不伤情。,2155960509.2722774,0.0
lseh-XuMaoGong-QinQiongFaPei.xml_1,文韬武略智谋高。,2156548357.9316521,0.0
lsxp-ZiCongQian-ZhuLianZhai.xml_0,自从千岁离朝后，,2161080041.9604383,0.0
lseh-YiLunMing-WenZhaoGuan-1.xml_0,一轮明月照窗前，,2165151782.8293614,0.0
lseh-YiLunMing-WenZhaoGuan-2.xml_0,一轮明月照窗前，,2166520565.9167943,0.0
lsxp-WoBenShi-KongChengJi-2.xml_1,凭阴阳如反掌保定乾坤。,2173300943.973702,0.0
sdxp-WoHeNi-SiLangTanMu.xml_2,贤公主又何必过于谦言。,2182766265.764842,0.0
lseh-XinZhongYou-WenZhaoGuan.xml_20,对天发下宏誓愿，,2189065602.5430017,0.0
lseh-YiLunMing-WenZhaoGuan-1.xml_36,对天发不宏誓愿，,2193782088.1992116,0.0
lseh-YiLunMing-ZhuoFangSuDian.xml_10,屈死的怨鬼魂休要怨（呐）咱，,2207103940.8444366,0.0
sdxp-WoHeNi-SiLangTanMu.xml_9,我有心回宋营见母一面，,2213405142.9943333,0.0
lsxp-YiShiWu-YuCangJian.xml_7,我与奸贼不共戴天！,2223634936.3746305,0.0
lsxp-JiangShenEr-SanJiaDian.xml_7,舍不得衙役们众班头。,2224750811.168963,0.0
lsxp-ZiCongQian-ZhuLianZhai.xml_5,望千岁恕学生礼貌不周。,2227141990.1930685,0.0
lsxp-JiangShenEr-SanJiaDian.xml_9,舍不得老娘（呃）白了头。,2231050922.7201943,0.0
lseh-NiangZiBu-SouGuJiuGu.xml_12,无奈何我只得双（呃）膝跪，,2243091220.7089086,0.0
sdxp-SuLongWei-WuJiaPo.xml_3,他三人与我有仇恨，,2244734126.3222804,0.0
lsxp-CiShiJian-HuaiHeYing-1.xml_0,此时间不可闹笑话，,2246370821.1662397,0.0
lsxp-CiShiJian-HuaiHeYing-2.xml_0,此时间不可闹笑话，,2247665935.4362221,0.0
lseh-YiLunMing-ZhuoFangCao-1.xml_19,安眠好似并底之蛙，,2248878363.8006401,0.0
lseh-WeiKaiYan-RangXuZhou.xml_5,救生灵（呐）积阴（呐）功也免得我坐卧不宁。,2250488505.5890408,0.0
lsxp-WoBenShi-KongChengJi-1.xml_4,官封到武乡侯哇执掌帅印，,2262314115.3940396,0.0
sdxp-WoHeNi-SiLangTanMu.xml_20,黄沙盖脸尸骨不全。,2263778872.2010226,0.0
lseh-ZenNengGou-BaDaChui.xml_0,怎能够思一计番营来进，,2277391545.4818797,0.0
lsxp-DaHeYi-SiLangTanMu.xml_22,灯光之下看不真。,2280311044.0038342,0.14285714285714285
lsxp-WoZhuYe-ZhuiHanXin.xml_9,我也曾约法定过三章。,2284141643.3924828,0.0
sdxp-DangNianHan-SanJiZhang.xml_7,要退、要退、偏要退！,2285359088.1135035,0.0
lseh-YiLunMing-WenZhaoGuan-2.xml_10,我好（呃）比哀哀长空雁，,2288577028.8356385,0.0
lsxp-ZhangGongDao-ZhuangYuanPu.xml_4,怕将（呃）来老天爷无（哇）有果报，,2295161571.1699853,0.0
lseh-YiLunMing-ZhuoFangSuDian.xml_11,自有那神灵儿天地鉴察。,2304869552.1067848,0.0
sdxp-WoHeNi-SiLangTanMu.xml_6,有一桩心腹事不敢明言。,2305056877.4184275,0.0
sdxp-SuLongWei-WuJiaPo.xml_16,送与大嫂把家安。,2310353834.3520904,0.0
lseh-YiLunMing-ZhuoFangCao-2.xml_10,屈死的冤鬼魂休要怨咱，,2313467840.1984696,0.0
lseh-YiLunMing-WenZhaoGuan-1.xml_34,寻短（哪）哎见爹娘（兀）！,2319635106.3259354,0.0
lseh-YiLunMing-WenZhaoGuan-1.xml_37,我不杀平王我的心怎甘（哪）。,2323251821.7875981,0.0
lseh-ZiNaRi-HongYangDong.xml_6,老军报他二人在洪洋（呃）洞丧（呃）命，,2325113570.8028531,0.0
lsxp-LiangGuoJiao-ShiJieTing-1.xml_3,赏罚中公（呃）平莫要自由。,2336606779.2696853,0.0
lseh-XinZhongYou-WenZhaoGuan.xml_18,寻短（呃）哎见爹娘（呃）。,2342765403.153688,0.0
lseh-YiLunMing-ZhuoFangCao-2.xml_1,陈宫心中乱如麻。,2353878724.8682351,0.0
lsxp-ZheYiFeng-DingJunShan.xml_1,天助黄忠成功劳。,2367645537.4829044,0.0
lseh-YiLunMing-ZhuoFangSuDian.xml_1,陈宫心（呐）中乱如麻，,2367969435.0398855,0.0
lsxp-JiangShenEr-SanJiaDian.xml_3,二不是歹人（呐）把城偷。,2368269062.5263805,0.0
lsxp-ZiCongQian-ZhuLianZhai.xml_3,为千岁懒观五凤楼。,2375404680.4502878,0.0
lseh-XinZhongYou-WenZhaoGuan.xml_10,爹娘（呃）要相逢除非是梦（呃）里团圆。,2377077495.5575309,0.0
lseh-XinZhongYou-WenZhaoGuan.xml_21,我不杀平王我的心怎甘。,2382091992.040154,0.0
lseh-WeiKaiYan-RangXuZhou.xml_1,天卸重任我就要（哇）你担承。,2383470545.9840569,0.0
sdxp-WoHeNi-SiLangTanMu.xml_18,将身跪在地平川。,2385010195.9287009,0.0
lsxp-WoZhuYe-ZhuiHanXin.xml_15,扬尘舞蹈见大王。,2389084926.3160424,0.0
lseh-NiangZiBu-SouGuJiuGu.xml_7,老天爷不绝我的后代根。,2391928309.2269926,0.0
lseh-ZiNaRi-HongYangDong.xml_0,自（喏）那日朝罢归身（呐）染重病，,2392335168.6579194,0.14285714285714285
lsxp-CiShiJian-HuaiHeYing-1.xml_4,左手拉住了李左车，,2392501632.5794239,0.0
lseh-WeiGuoJia-HongYangDong-1.xml_3,身不爽不由人瞌睡朦胧（呃）。,2409630017.1599646,0.0
lsxp-YiShiWu-YuCangJian.xml_6,他害我满门（呐）真悲惨，,2414967200.2308612,0.0
lsxp-JianMaSu-ZhanMaSu.xml_1,不由老夫咬钢牙，,2416070804.4056349,0.0
lseh-YiLunMing-WenZhaoGuan-1.xml_17,翻来覆去睡不（哇）安。,2416865290.6328864,0.0
lseh-XinZhongYou-WenZhaoGuan.xml_1,翻来复去睡不安。,2421443092.4925981,0.0
lsxp-WoBenShi-KongChengJi-2.xml_4,官封到武乡侯（呃）执掌帅印，,2421853094.6649699,0.0
lseh-YiLunMing-ZhuoFangCao-2.xml_11,自有那神灵儿天地鉴察。,2421869424.4410429,0.0
lsxp-ZheYiFeng-DingJunShan.xml_3,大小儿郎听根苗，,2427107206.6195846,0.0
lseh-XiRiLi-BaoLianDeng.xml_2,都只为孤（哇）竹君身染重病（哪），,2430309797.0194159,0.0
lsxp-CiShiJian-HuaiHeYing-2.xml_4,左手拉住了李左车，,2436639288.1497855,0.0
lseh-WeiGuoJia-HongYangDong-3.xml_3,身不爽不由人瞌睡朦胧。,2437019902.9030108,0.0
sdxp-SuLongWei-WuJiaPo.xml_20,为何来在大道边。,2441326995.6549215,0.0
lsxp-QingGongYan-FaDongWu.xml_0,庆功宴上把酒饮，,2447278851.6875482,0.0
lseh-YangYanZhao-PengBei.xml_3,又只见老爹爹瞌睡沉沉。,2449223032.7776899,0.0
lseh-YiLunMing-ZhuoFangSuDian.xml_4,吕伯奢可算得义气（呀）大，,2450981489.6244254,0.0
sdxp-SuLongWei-WuJiaPo.xml_21,为军起下不良的意呀，,2454726179.9407144,0.0
lsxp-ZheYiFeng-DingJunShan.xml_6,向前各各有赏犒，,2455446341.082799,0.0
lsxp-JiangShenEr-SanJiaDian.xml_13,娘想儿来泪双流。,2457288882.586678,0.0
lsxp-ZouYingLong-DaYanSong.xml_5,他言道严嵩老贼害他的举家一满门。,2460065915.6570234,0.0
lseh-YiLunMing-ZhuoFangCao-1.xml_5,杀猪（喏）沽（哇）酒款待于他，,2463972474.0311604,0.0
lseh-ZiNaRi-HongYangDong.xml_3,那乃是萧天佐以（呀）假成真；,2470886113.6330848,0.0
lseh-YiLunMing-ZhuoFangCao-1.xml_1,陈宫心（呐）中乱如麻，,2476311235.7035966,0.0
lsxp-ZuoRiLi-YuanMenZhanZi.xml_1,老娘亲为什么不讲情来？,2483857604.0695291,0.0
lsxp-DaHeYi-SiLangTanMu.xml_20,见一番汉帐中行。,2500207769.3136563,0.0
lseh-TuZeiZuo-SouGuJiuGu.xml_1,诬杀赵家一满门。,2504079439.5136051,0.0
lsxp-DaHeYi-SiLangTanMu.xml_5,弟兄们分别十五春，,2510203751.9333572,0.0
lsxp-ZouYingLong-DaYanSong.xml_8,上面坐的是有道君，,2560088219.8584962,0.0
lsxp-YiShiWu-YuCangJian.xml_2,日月轮流催晓（哇）箭，,2561024170.7603073,0.14285714285714285
lseh-WeiGuoJia-HongYangDong-2.xml_3,身不爽不由人瞌睡朦胧（呃）（哪）。,2569656063.924264,0.0
lsxp-TingTaYan-ZhuoFangCao-1.xml_3,却原（呐）来贼是个无（哇）义（呀）的冤家！,2630154796.9351525,0.0
lsxp-TingTaYan-ZhuoFangCao-2.xml_3,却愿（呐）来贼是个无（哇）义（呀）的冤家！,2630154796.9351525,0.0
sdxp-DangNianHan-SanJiZhang.xml_2,未央宫斩的是何人？,2636624853.9260345,0.0
lseh-NiangZiBu-SouGuJiuGu.xml_5,他舍命来你我舍亲生。,2642677331.9814305,0.0
lsxp-JianMaSu-ZhanMaSu.xml_3,失去了街亭差不差。,2651587672.9212036,0.0
sdxp-WoHeNi-SiLangTanMu.xml_8,我的娘押粮草来到北番。,2682549786.7154942,0.0
lsxp-DaHeYi-SiLangTanMu.xml_14,失落番邦被贼擒。,2683222253.6249928,0.0
lseh-YiLunMing-ZhuoFangCao-2.xml_8,一家人倶丧在宝剑之下，,2705245813.8545127,0.0
lsxp-DaHeYi-SiLangTanMu.xml_6,怎知今日回宋营。,2717865995.6812439,0.14285714285714285
lseh-YiLunMing-ZhuoFangCao-1.xml_20,贼好比蛟龙未生鳞甲，,2721213999.3661604,0.0
lseh-NiangZiBu-SouGuJiuGu.xml_2,赵屠二家有仇恨，,2731829519.0180411,0.0
lseh-XinZhongYou-WenZhaoGuan.xml_3,叫人难解巧机关。,2761691313.8824296,0.0
lseh-YiLunMing-ZhuoFangCao-1.xml_8,一家人倶丧在宝剑之（喏）下，,2791312086.1047125,0.0
sdxp-WoHeNi-SiLangTanMu.xml_14,见母一面即刻还。,2796733447.9599214,0.0
lsxp-DaHeYi-SiLangTanMu.xml_30,自己骨肉认不清。,2798721529.4112897,0.0
lseh-WeiKaiYan-RangXuZhou.xml_2,二犬子（呃）皆年幼（哇）难当（呃）重任，,2803901692.7459455,0.0
lsxp-ZouYingLong-DaYanSong.xml_12,罢、罢、罢，暂且忍却我的心头恨，,2808245130.0579019,0.0
lsxp-CiShiJian-HuaiHeYing-1.xml_5,右手再把栾布拉。,2819803984.49231,0.0
lseh-YiLunMing-ZhuoFangCao-1.xml_21,贼好比猛虎未（呀）曾长牙，,2827469348.3613768,0.0
sdxp-DangNianHan-SanJiZhang.xml_6,句句话儿伤父心。,2832626579.387125,0.0
sdxp-WoHeNi-SiLangTanMu.xml_3,杨廷辉有一日愁眉得展，,2837556286.6172533,0.14285714285714285
lsxp-ZouYingLong-DaYanSong.xml_6,我劝顽童你休流泪，免悲声，邹老爷就是尔的报仇人。,2859664135.9897952,0.0
lseh-YiLunMing-ZhuoFangCao-2.xml_9,年迈老丈命染黄沙。,2879133469.1753788,0.0
lseh-XiRiLi-BaoLianDeng.xml_10,首阳山前冻饿死（喏）。,2880271596.6866407,0.0
lsxp-ZheYiFeng-DingJunShan.xml_4,头通（呃）鼓紧战袍，,2882872415.9731412,0.0
lseh-NiangZiBu-SouGuJiuGu.xml_8,你今舍了亲生子，,2889147819.3837347,0.0
lsxp-ShenGongWu-LongFengChengXiang.xml_1,年老得配女娇娃。,2889764735.0541492,0.14285714285714285
lsxp-DaHeYi-SiLangTanMu.xml_26,要见本帅为何情？,2899104785.9373965,0.0
lseh-YiLunMing-ZhuoFangCao-1.xml_6,又谁知此贼的疑心（呐）太（呀）大，,2899202317.7140746,0.0
lsxp-JiangShenEr-SanJiaDian.xml_8,实难舍街坊四邻与我的好朋友，,2901498164.3573546,0.0
lseh-YiLunMing-ZhuoFangCao-1.xml_14,悔不该把家属一（呀）旦撇下，,2902322501.24438,0.0
lseh-LaoZhangBu-WuPenJi.xml_3,我本屈死一鬼魂。,2906138599.4597282,0.0
lsxp-WeiCengKai-QiYuanBao.xml_8,赵大夫妻图财害命害我一命亡，,2919154015.9591026,0.0
lseh-YiLunMing-WenZhaoGuan-1.xml_33,我本当拔宝剑自寻短见，,2927680137.2516088,0.0
lsxp-DaHeYi-SiLangTanMu.xml_24,你是番邦什么人？,2936909860.7825637,0.0
lseh-YiLunMing-ZhuoFangCao-1.xml_17,汉室后来贼是个惹祸的根芽。,2941354903.1156659,0.0
sdxp-SuLongWei-WuJiaPo.xml_22,一马双跨到西凉。,2942982684.2018003,0.0
lsxp-HenPingWang-WenZhaoGuan.xml_2,我的（呀）父谏奏反把命（哪）送，,2944160178.1289282,0.0
lsxp-DaHeYi-SiLangTanMu.xml_19,本帅帐中用目睁，,2969368424.4549007,0.0
lseh-YiLunMing-WenZhaoGuan-1.xml_19,叫人难解巧机关，,2979272246.7354808,0.0
lsxp-ZuoRiLi-YuanMenZhanZi.xml_4,叫焦赞将宝剑悬挂帐外，,2991048589.1861968,0.0
lseh-YiLunMing-ZhuoFangCao-2.xml_6,又谁知此贼的疑心太大，,3003183257.3307014,0.0
lsxp-ZouYingLong-DaYanSong.xml_10,他本是我朝中上欺天子下压臣谋朝篡位卖国的奸贼他名叫严嵩，,3009134388.1625943,0.0
lsxp-YiShiWu-YuCangJian.xml_1,叹光明一去不回还（呐）；,3014985575.6995168,0.14285714285714285
lsxp-WeiCengKai-QiYuanBao.xml_0,未曾开言泪汪汪，,3030346349.9524388,0.0
lseh-YiLunMing-ZhuoFangSuDian.xml_9,年迈的老丈命（呐）染黄沙。,3042925775.4013295,0.0
lseh-YiLunMing-WenZhaoGuan-1.xml_4,幸遇那东皋公行方便，,3047282438.6643276,0.0
lseh-YiLunMing-ZhuoFangCao-1.xml_23,我岂肯放虎归山又（哇）把人抓。,3089398617.3213305,0.0
lseh-XiRiLi-BaoLianDeng.xml_1,伯夷叔齐二大贤人，,3089417174.8172579,0.0
lseh-YiLunMing-ZhuoFangCao-1.xml_13,越思越想把事来作差。,3114168300.0946479,0.0
lsxp-YiShiWu-YuCangJian.xml_5,信用无极狗奸谗。,3131375796.4104915,0.0
lseh-YiLunMing-ZhuoFangCao-1.xml_16,我只说贼是个宽宏量大，,3133522259.0437837,0.0
lseh-ZiNaRi-HongYangDong.xml_4,二次（喏）里命孟良番营来进，,3141469972.7919965,0.14285714285714285
lsxp-DaHeYi-SiLangTanMu.xml_4,上面（哪）坐的同胞人。,3159223877.1755261,0.0
lseh-NiangZiBu-SouGuJiuGu.xml_9,来年必定降麒麟。,3194343789.098877,0.0
lsxp-ZhangGongDao-ZhuangYuanPu.xml_2,为（呀）儿（啼）女我也曾朝山拜庙，,3207953960.9286022,0.0
lsxp-WoZhuYe-ZhuiHanXin.xml_3,两路分（呐）兵定咸阳。,3213880796.0709858,0.0
lseh-XinZhongYou-WenZhaoGuan.xml_14,朝臣待漏五更寒。,3226683842.8397999,0.0
lsxp-JiangShenEr-SanJiaDian.xml_12,儿想娘亲难叩首，,3226850898.9410486,0.0
lseh-YiLunMing-WenZhaoGuan-2.xml_1,愁人心（呐）中似箭穿。,3241963470.6024499,0.0
lseh-YiLunMing-ZhuoFangCao-1.xml_9,年迈的老丈命（呐）染黄沙。,3272866164.9599714,0.0
lsxp-WoZhuYe-ZhuiHanXin.xml_0,我主爷起义在芒砀，,3282117397.9222202,0.0
lseh-XinZhongYou-WenZhaoGuan.xml_16,我冷冷清清向谁言（呃）。,3295244725.8370214,0.0
lseh-XiRiLi-BaoLianDeng.xml_5,那伯夷尊父命也不能应承，,3309672469.6441975,0.0
lseh-YiLunMing-WenZhaoGuan-1.xml_1,愁人心（哪）中似箭穿。,3321068573.0237269,0.0
lseh-YiLunMing-WenZhaoGuan-2.xml_4,幸遇那东皋公行方便，,3335856521.8386421,0.0
lseh-YiLunMing-WenZhaoGuan-1.xml_32,我冷冷清清向谁言（哪）。,3355797160.123796,0.0
lseh-XinZhongYou-WenZhaoGuan.xml_9,不能（呃）哎见。,3383313430.0595703,0.0
lseh-XiRiLi-BaoLianDeng.xml_4,那叔齐分长幼不能担任，,3393801807.740778,0.0
lseh-YiLunMing-WenZhaoGuan-1.xml_30,朝臣待漏（哇）五更寒，,3400626510.5695357,0.0
lseh-YiLunMing-WenZhaoGuan-1.xml_25,不能（哪）哎见爹娘（兀）！,3418438552.6698976,0.0
lseh-YiLunMing-WenZhaoGuan-1.xml_6,一连几天我的眉不（哇）展，,3425206144.9021497,0.0
lseh-YiLunMing-ZhuoFangCao-2.xml_4,吕伯奢可算得义气大，,3438439807.1683335,0.0
lseh-YiLunMing-ZhuoFangSuDian.xml_5,杀猪（喏）沽酒款待与他，,3458057796.4559293,0.0
lsxp-JiangShenEr-SanJiaDian.xml_0,将身儿来至在大街口，,3467763371.4831495,0.0
lsxp-JianMaSu-ZhanMaSu.xml_0,见马谡（唩）跪帐下，,3482457094.6451969,0.0
lsxp-DaHeYi-SiLangTanMu.xml_16,我是你四哥回宋营。,3495812299.5148258,0.0
lseh-YiLunMing-WenZhaoGuan-2.xml_6,一连几天我的眉不（呃）展，,3523214469.1319809,0.0
lseh-YiLunMing-WenZhaoGuan-1.xml_7,夜夜何曾得安眠。,3529390732.7937799,0.0
lseh-YiLunMing-WenZhaoGuan-2.xml_7,夜夜何曾得安眠。,3529390732.7937799,0.0
lseh-YiLunMing-WenZhaoGuan-1.xml_3,谁知昭关有阻拦。,3533431041.4109583,0.0
lseh-NiangZiBu-SouGuJiuGu.xml_11,不舍娇儿难救孤身。,3562097181.0247488,0.0
lseh-YiLunMing-WenZhaoGuan-1.xml_21,为何几日他不言。,3568146438.8423424,0.14285714285714285
lseh-XiRiLi-BaoLianDeng.xml_6,弟让兄来兄不能应（呐）允，,3585437838.4034691,0.0
lseh-XinZhongYou-WenZhaoGuan.xml_5,为何几日他不言，,3594691726.3585896,0.14285714285714285
lseh-XuMaoGong-QinQiongFaPei.xml_3,缘何不救我出笼牢。,3612633716.5576687,0.0
lseh-XiRiLi-BaoLianDeng.xml_12,为父的怎比得孤竹君，,3623084445.3436532,0.0
lseh-YiLunMing-WenZhaoGuan-2.xml_3,谁知昭关有阻拦。,3650734890.8885489,0.0
lsxp-JiangShenEr-SanJiaDian.xml_6,舍不得太爷的恩情厚，,3662733353.2265697,0.0
lsxp-JiangShenEr-SanJiaDian.xml_11,儿行千里母担忧。,3682438825.1670313,0.0
lseh-YiLunMing-ZhuoFangSuDian.xml_6,又谁知此贼的疑心（呐）太（呀）大，,3683062084.6749101,0.0
lseh-YiLunMing-ZhuoFangSuDian.xml_8,一家人倶丧在宝剑之（喏）下，,3697274359.5259862,0.0
lsxp-ZheYiFeng-DingJunShan.xml_0,这一封（呃）书信来得巧，,3702270910.7727203,0.0
lseh-YiLunMing-ZhuoFangSuDian.xml_7,拔出剑将他的满门杀，,3704771252.8928323,0.0
lseh-JinZhongXiang-ShangTianTai.xml_5,又听得殿角下大放悲声。,3707790443.4490194,0.0
lseh-YiLunMing-ZhuoFangCao-1.xml_15,悔不该弃县今抛却了乌（哇）纱，,3717464915.0991316,0.0
sdxp-SuLongWei-WuJiaPo.xml_11,好一个贞节王宝钏，,3746464568.2493281,0.0
lsxp-WeiCengKai-QiYuanBao.xml_3,姓刘名安字世昌。,3757094435.3860559,0.0
lsxp-YiShiWu-YuCangJian.xml_9,行至在昭关有阻拦。,3763234783.5193071,0.0
lseh-XiRiLi-BaoLianDeng.xml_8,那伯夷出午门无（哇）有踪（呃）影，,3782243512.7865744,0.0
lsxp-ZheYiFeng-DingJunShan.xml_7,退后的项上吃一刀。,3788090172.78582,0.0
lseh-TanXiongDi-SangYuanJiZi.xml_3,见坟台不见人刀割我心。,3801508667.9326715,0.0
lsxp-HenPingWang-WenZhaoGuan.xml_1,父纳子（呃）妻礼难容，,3802702529.0984583,0.0
lseh-XiRiLi-BaoLianDeng.xml_11,留得美名万古存，,3807633980.9668727,0.0
lsxp-TingTaYan-ZhuoFangCao-2.xml_1,背转身自埋怨我自（呃）已做差。,3809195705.066143,0.0
lsxp-TingTaYan-ZhuoFangCao-1.xml_1,背转身只埋怨我自（呃）己作差，,3809195705.066143,0.0
lseh-YangYanZhao-PengBei.xml_5,又恐怕惊动了年迈之人。,3847206860.7817016,0.0
lsxp-WoBenShi-KongChengJi-1.xml_3,算就了汉家的业鼎足哇三分。,3853247725.5299182,0.0
lsxp-ZouYingLong-DaYanSong.xml_2,那一日打从大街进，,3860049750.8829699,0.14285714285714285
lsxp-JiangShenEr-SanJiaDian.xml_4,杨林与我来争斗，,3867810383.6434126,0.0
lsxp-WoZhuYe-ZhuiHanXin.xml_5,后进咸阳扶保在朝纲。,3915099382.7001038,0.0
lseh-YiLunMing-ZhuoFangCao-2.xml_7,拔出剑将他的满门杀。,3942128920.8883772,0.0
lseh-ZenNengGou-BaDaChui.xml_3,倒不如上公安观看古今。,3975694805.7163968,0.0
lsxp-JiangShenEr-SanJiaDian.xml_10,娘生儿连心肉，,4005291809.871058,0.0
lsxp-WeiCengKai-QiYuanBao.xml_7,借宿一宵起祸殃。,4007461360.5761113,0.0
lseh-XuMaoGong-QinQiongFaPei.xml_5,其中必有这巧（哇）妙高。,4013014905.9758158,0.0
sdxp-WoHeNi-SiLangTanMu.xml_4,誓不忘贤公主恩重如山。,4014092551.5644536,0.0
lsxp-WeiCengKai-QiYuanBao.xml_5,贩卖绸缎转还乡。,4022938882.6011496,0.0
lsxp-TingTaYan-ZhuoFangCao-1.xml_2,我先前只望他宽宏量（呃）大，,4038861217.3337188,0.0
lsxp-TingTaYan-ZhuoFangCao-2.xml_2,我先前只望他宽宏量（呃）大，,4038861217.3337188,0.0
sdxp-SuLongWei-WuJiaPo.xml_19,是烈女就该在家院，,4093043649.0967574,0.0
lsxp-TingTaYan-ZhuoFangCao-1.xml_7,既同行共（呃）大事必须要劝解于他（呀呃）。,4149092790.8038101,0.0
lsxp-TingTaYan-ZhuoFangCao-2.xml_7,既同行共（呃）大事必须要劝解于他（呀呃）。,4149092790.8038101,0.0
lseh-ZenNengGou-BaDaChui.xml_1,前后话对文龙细说衷情。,4178740770.0165343,0.0
lseh-XiRiLi-BaoLianDeng.xml_9,那叔齐逃出了后宰门，,4243607808.686748,0.0
sdxp-SuLongWei-WuJiaPo.xml_7,大嫂说话礼不端，,4259521415.0434289,0.0
lseh-TuZeiZuo-SouGuJiuGu.xml_3,大事还要问程婴。,4283732504.8306332,0.0
lsxp-WoZhuYe-ZhuiHanXin.xml_13,但愿得言听计从重整汉家邦、一同回故乡。,4318884674.3266649,0.0
lsxp-WoZhuYe-ZhuiHanXin.xml_2,怀王也曾把旨降，,4423400383.3298264,0.0
lseh-YiLunMing-ZhuoFangCao-2.xml_5,杀猪沽酒款待与他。,4448848980.2029047,0.0
lseh-YiLunMing-ZhuoFangCao-1.xml_7,拔出剑将他的满门杀，,4455223841.6101618,0.0
lsxp-WoZhuYe-ZhuiHanXin.xml_14,撩袍端带我把金殿上，,4484812430.0400114,0.0
lsxp-WoBenShi-KongChengJi-2.xml_7,我诸葛怎比得前辈（呃）的先（呃）生。,4490848176.2018423,0.0
lsxp-DaHeYi-SiLangTanMu.xml_2,杨家将令鬼神惊。,4524495963.0728703,0.0
lsxp-WoBenShi-KongChengJi-2.xml_3,算就了汉家的业鼎足（呃）三分。,4646739084.4828081,0.0
lsxp-ZhangGongDao-ZhuangYuanPu.xml_3,为儿（喏）女我也曾补路修桥。,4773473746.5064583,0.0
lsxp-WoZhuYe-ZhuiHanXin.xml_10,项羽不遵怀王约，,4780199936.5432482,0.0
lsxp-WoZhuYe-ZhuiHanXin.xml_6,也是我主洪福广，,4798940361.3587341,0.0
lseh-LaoZhangBu-WuPenJi.xml_7,望求老丈把冤伸。,4998470179.116991,0.0
lsxp-WoBenShi-KongChengJi-1.xml_7,俺诸（喏）葛怎比得前辈呀的先哪生。,5094855679.3184357,0.0
lseh-JinZhongXiang-ShangTianTai.xml_4,内侍臣忙摆驾九龙口进，,5185525976.8817387,0.0
lseh-ZiNaRi-HongYangDong.xml_5,又谁知焦克明他私（呀）自后跟（呐），,5565186210.9211559,0.0
lsxp-TingTaYan-ZhuoFangCao-2.xml_5,这才是花随水水不（哇）能恋（呐）花。,5857685279.6988115,0.0
lsxp-TingTaYan-ZhuoFangCao-1.xml_5,这才是花随水水不（哇）能恋（呐）花。,6096300151.3736162,0.0
sdxp-WoHeNi-SiLangTanMu.xml_16,快马加鞭我一夜还。,6278681256.0454378,0.0
