何必独自就暗猜疑,39,何必独自就暗猜疑。
daeh-ZiNaRi-ZhuangYuanMei-1.xml_2,在潼台被贼擒在命好险，,2189327.1528784418,0.0
daeh-ZiNaRi-ZhuangYuanMei-2.xml_2,在潼台被贼擒性命好险，,2414204.9069048236,0.0
daxp-DangRiLi-SuoLinNang.xml_18,还有那夜明珠粒粒成串，,2482073.0571066234,0.0
sdxp-DangNianHan-SanJiZhang.xml_21,不能、不能、是万不能！,2527531.2373575084,0.0
daxp-FeiShiWo-TaoHuaCun.xml_12,响一声你就还一掌，,2603431.2813481144,0.125
daxp-DangRiLi-SuoLinNang.xml_20,这囊儿虽非是千古罕见，,2619691.916184546,0.0
danbz-BeiJiuChan-ChunGuiMeng.xml_5,待我来搀扶（哇）你重订鸳盟。,2626001.9299984262,0.0
daxp-MuQinBu-FengHuanChao.xml_0,母亲不必心太偏，,2686810.1641725944,0.125
daxp-FeiShiWo-TaoHuaCun.xml_13,响两声你就凑近身旁。,2998189.4463699381,0.125
daxp-ErTingDe-SuoLinNang.xml_10,蠢才问话太潦草，,3049479.7717094906,0.0
daxp-FeiShiWo-TaoHuaCun.xml_9,你必须眼观六路耳听八方。,3060489.3656443628,0.125
daeh-NaRiFeng-YuanXiaoMi.xml_2,舅父前来出主意，,3234054.8638537079,0.0
daxp-MengTingDe-MuiGuiYingGuaShuai.xml_1,唤起我破天门状志凌云。,3265866.5798915597,0.0
daxp-GuanShiYin-TianNvSanHua.xml_1,有善才和龙女站立两厢；,3273141.5151936542,0.0
sdxp-WoHeNi-SiLangTanMu.xml_28,有心赠你金鈚箭，,3306103.9110475299,0.0
daxp-ErTingDe-SuoLinNang.xml_12,你不该人前逞骄傲，,3378405.2915669708,0.0
daxp-ErTingDe-SuoLinNang.xml_25,莫把姓名你信口哓。,3386298.2396644256,0.0
daxp-TingTaYan-ZuoGong.xml_6,早晚间休怪我言语怠慢，,3483458.7473474364,0.0
daxp-ChunQiuTing-SuoLinNang.xml_27,莫把姓名你信口晓，,3509415.9448697311,0.0
daxp-ErTingDe-SuoLinNang.xml_13,不该词费又滔滔。,3511036.4582847194,0.0
danbz-KanDaWang-BaWangBieJi.xml_0,看大王在帐中和衣睡稳，,3512683.8265038626,0.0
daxp-MuQinBu-FengHuanChao.xml_2,自古常言道得好，,3605106.9473676714,0.125
sdxp-DangNianHan-SanJiZhang.xml_11,淮阴漂母救韩信，,3621747.0876653595,0.0
daxp-ZheCaiShi-SuoLinNang.xml_5,善果心花可自豪。,3663631.6724401503,0.125
daxp-ChunQiuTing-SuoLinNang.xml_13,同遇人为什么这样嚎啕？,3761250.1684188661,0.0
daxp-TingTaYan-ZuoGong.xml_2,原来是杨家将把名姓改换，,3776726.6370776533,0.0
daxp-LaoDieDie-YuZhouFeng.xml_2,倘若是有道君皇恩浩荡，,3843306.1338695791,0.0
daxp-SuSanLi-NvQiJie.xml_6,言说苏三把命断，,3897642.3340097871,0.0
daxp-GuanShiYin-TianNvSanHua.xml_4,绿柳枝酒甘露三千界上，,3983407.5352914277,0.0
daeh-ZaoBuXing-HeHouMaDian.xml_13,你叔王不让位再去骂他。,3985447.7478456316,0.0
daxp-FeiShiWo-TaoHuaCun.xml_5,怎能够粗心大意你再荒唐。,4020933.6270285351,0.0
daxp-ErTingDe-SuoLinNang.xml_1,同遇人为什么这样嚎啕。,4028413.1110933893,0.0
daxp-FeiShiWo-TaoHuaCun.xml_6,鼓打二更准时往，,4068326.1277258722,0.0
daxp-ZheCaiShi-SuoLinNang.xml_6,种福得福如此报，,4129505.6572015658,0.0
daxp-ErTingDe-SuoLinNang.xml_2,莫不是夫郎丑难谐女貌，,4157909.650820279,0.0
daeh-ZiNaRi-ErJinGong.xml_8,李艳妃坐昭阳自思自想，,4165233.0532917362,0.125
daxp-WoZhuYe-SiLangTanMu.xml_4,叫番儿忙摆驾银安殿，,4176624.1370049287,0.0
sdxp-WoHeNi-SiLangTanMu.xml_33,你也对苍天就表一番。,4237556.2889025519,0.125
daeh-LiYanFei-ErJinGong.xml_0,李艳妃坐昭阳自思自想，,4252364.2980000768,0.125
daxp-ZhiJianTa-WangJiangTing.xml_7,何必独自就暗猜疑。,4277557.367306008,1.0
danbz-BeiJiuChan-ChunGuiMeng.xml_0,被纠缠陡想起婚时情景，,4427952.8402703227,0.0
daxp-ChunQiuTing-SuoLinNang.xml_29,自把珠玉夸富豪，,4429290.8458768139,0.125
daxp-ErTingDe-SuoLinNang.xml_27,自把珠玉夸富豪。,4546394.3624040941,0.125
daxp-ChunQiuTing-SuoLinNang.xml_32,小小囊儿何足道，,4556379.5794877782,0.125
daeh-WangChunE-SanNiangJiaoZi.xml_7,等候了薛倚儿转回家园。,4567515.6151192533,0.0
daxp-GuanShiYin-TianNvSanHua.xml_5,好似我散天花就纷落十方；,4578443.5165552292,0.125
daeh-WuDuanQiao-BiYuZan.xml_0,无端巧计将人陷，,4586474.4142489489,0.0
daeh-TanHongYan-HuoXiaoYu.xml_2,薄幸冤家音信无有，,4586897.8590232423,0.0
danbz-BeiJiuChan-ChunGuiMeng.xml_2,我不免去安排罗衾绣枕，,4587271.6061028894,0.0
daxp-ErTingDe-SuoLinNang.xml_21,她为饥寒我为骄。,4636255.8715191111,0.0
daeh-ZiNaRi-ErJinGong.xml_10,耳边厢又听得朝靴响亮，,4653511.7640240677,0.0
daxp-FeiShiWo-TaoHuaCun.xml_8,你不要高声不要嚷，,4691996.9780342337,0.0
daeh-LiYanFei-DaBaoGuo.xml_8,赐你的上方剑朝房问话，,4695580.7438353309,0.0
daxp-ZheCaiShi-SuoLinNang.xml_4,柳暗花明休啼笑，,4707355.8281519497,0.125
daxp-DangRiLi-SuoLinNang.xml_21,换衣食也够她生活几年。,4726816.4334201729,0.0
daeh-CanQiQi-WuLongZuo.xml_0,惨凄凄唤苍天天不应响，,4729373.2456744118,0.0
daxp-XiRiLi-LongFengChengXiang.xml_4,月老本是乔国丈，,4742497.1833909871,0.0
daeh-WuDuanQiao-BiYuZan.xml_2,独处闺房愁无限，,4748762.6106967526,0.125
daxp-MuQinBu-FengHuanChao.xml_3,女儿清白最为先。,4788744.8759757681,0.0
daxp-ChunQiuTing-SuoLinNang.xml_11,必有隐情在心潮。,4807273.9343637377,0.125
daspd-HaiDaoBing-GuiFeiZuiJiu.xml_3,乾坤分外明，,4843760.2193975644,0.0
daxp-SuSanLi-NvQiJie.xml_2,未曾开言心内惨，,4890160.146147049,0.0
daeh-NuZiYou-TouJunBieYao.xml_0,奴自幼在闺阁娇生惯养，,4907368.7576856436,0.125
daxp-LaoDieDie-SanJiZhang-1.xml_2,父休笑薛平贵是花郎模样，,4933435.0300603639,0.0
daxp-XiRiLi-LongFengChengXiang.xml_2,暗地堪笑奴兄长，,4940181.8441818487,0.125
daxp-ChunQiuTing-SuoLinNang.xml_14,莫不是夫郎丑难谐女貌？,4962042.8788227933,0.0
daeh-XiaoNuCai-SanNiangJiaoZi.xml_0,小奴才他一言问住我，,4964319.0567264771,0.0
daxp-LaoDieDie-DaYuShaJia-1.xml_2,将身儿坐至在草堂等候，,4978675.8308486072,0.0
daxp-QiaoLouShang-HuangShanLei.xml_14,我不免唤琏儿到街前探问，,4980565.4850803157,0.0
daxp-DiTouLi-NvQiJie.xml_1,将身来在大街前。,5022600.0511468807,0.0
daxp-LaoDieDie-YuZhouFeng.xml_4,老爹爹在朝中官高爵显，,5058265.6230529984,0.0
daeh-ZiNaRi-ZhuangYuanMei-1.xml_5,不知道他与我是否一般。,5128495.343980954,0.0
sdeh-WenSanNiang-SanNiangJiaoZi.xml_3,老薛保你不必苦哀告，,5187865.8431959273,0.125
daeh-ZiNaRi-ZhuangYuanMei-2.xml_5,不知道他与我是否一般。,5204884.5996631691,0.0
daxp-JiaoZhangSheng-HongNiang.xml_4,这也算是一段风流佳话，,5219116.1654259115,0.0
daeh-LiYanFei-DaBaoGuo.xml_0,李艳妃设早朝龙书案下，,5235694.3206432052,0.0
daxp-DiTouLi-NvQiJie.xml_2,未曾开言我心好惨，,5343389.1334479982,0.0
daeh-SunShangXiang-BieHuangGong.xml_3,留下了孙仲谋执掌江南。,5347676.3861986054,0.0
daeh-LiYanFei-ErJinGong.xml_2,耳边厢又听得朝靴响亮，,5349820.4729611063,0.0
daxp-XiRiLiang-LongFengChengXiang.xml_2,暗地堪笑我兄长，,5358070.4400596553,0.125
daxp-MengTingDe-MuiGuiYingGuaShuai.xml_7,我一剑能挡百万兵。,5358814.6567855729,0.0
daxp-ErTingDe-SuoLinNang.xml_30,小小囊儿何足道，,5360299.109600543,0.125
daxp-DiTouLi-NvQiJie.xml_6,就说苏三把命断，,5362454.6283239117,0.125
daxp-FeiShiWo-TaoHuaCun.xml_16,你把我当做诸葛亮，,5369347.8018664327,0.0
daxp-DuiLingHua-BiYuZan.xml_2,果然是成佳偶两心欢恋，,5369929.2738888431,0.0
daxp-MengTingDe-MuiGuiYingGuaShuai.xml_4,有生之日责当尽，,5370430.6242925022,0.0
daxp-FeiShiWo-TaoHuaCun.xml_15,那就是来了我西厢带路的小红娘。,5454145.0839054957,0.125
daspd-DuShouKong-WangJiangTing.xml_0,独守空帏暗长叹，,5456815.8624014454,0.25
daeh-ZuoChunGui-XiShi.xml_0,坐春闺只觉得光明似箭，,5473118.9869034113,0.0
daxp-ErTingDe-SuoLinNang.xml_17,满腹骄矜顿雪潇。,5541685.0117398007,0.0
daxp-ErTingDe-SuoLinNang.xml_7,不该人前乱解嘲。,5541685.0117398007,0.0
daxp-MuQinBu-FengHuanChao.xml_1,女儿言来听根源。,5562927.08854446,0.0
daeh-NaRiFeng-YuanXiaoMi.xml_6,我今绝少人生趣，,5624248.8769573737,0.0
daxp-ZheCaiShi-SuoLinNang.xml_2,回首繁华如梦渺，,5645726.3192403503,0.0
daeh-TanHongYan-HuoXiaoYu.xml_0,叹红颜薄命前生就，,5649181.3004329158,0.125
daxp-LaoDieDie-DaYuShaJia-1.xml_0,老爹爹清晨起前去出前，,5669430.8608104605,0.0
daxp-DangRiLi-SuoLinNang.xml_19,还有那赤金链，紫瑛簪，白玉环，双凤錾，八宝钗钏一个个宝孕光含。,5710186.1533052092,0.0
daxp-ErTingDe-SuoLinNang.xml_4,叫梅香你把那好言相告，,5764295.0661942689,0.0
daxp-ChenSanLiang-ChenSanLiangPaTang.xml_2,我本是被骗进的富春院，,5777029.3992722677,0.0
daxp-ChunQiuTing-SuoLinNang.xml_16,叫梅香你把那好言相告，,5839837.5581232645,0.0
daeh-TanHongYan-HuoXiaoYu.xml_4,枕边泪（呀）共（那）阶前雨，,5849573.560411945,0.0
daeh-LiYanFei-DaBaoGuo.xml_6,写文约我且把玉玺打下，,5857110.5215814654,0.0
sdxp-DangNianHan-SanJiZhang.xml_16,难道说文官他就不丧身？,5858928.8692079755,0.125
daxp-FeiShiWo-TaoHuaCun.xml_14,倘若是你响她也响，,5864364.638080949,0.0
daeh-WangChunE-SanNiangJiaoZi.xml_0,王春娥坐草堂自思自叹，,5866547.8397709737,0.125
daxp-ChunQiuTing-SuoLinNang.xml_19,满腹骄矜顿雪潇，,5878706.6573694898,0.0
daxp-DangRiLi-SuoLinNang.xml_10,于归日理应当喜形于面，,5886887.1639608154,0.0
daxp-WoZhuYe-SiLangTanMu.xml_2,众卿随忙挂点亲率官员，,5906082.8773987098,0.0
daxp-ErTingDe-SuoLinNang.xml_11,难免怀疑在心梢。,5929876.8470679335,0.125
daxp-ZheCaiShi-SuoLinNang.xml_1,不想团圆在今朝。,5929876.8470679335,0.0
daxp-SuSanLi-NvQiJie.xml_7,来生变犬马我当报还！,5932503.898882743,0.0
daxp-SuSanLi-NvQiJie.xml_1,将身来在大街前。,5936822.5620387038,0.0
daeh-NaRiFeng-YuanXiaoMi.xml_0,那日风波平地起，,5964841.4041834259,0.0
daxp-QiaoLouShang-HuangShanLei.xml_11,又思来又想去越不安宁。,5981237.7371166963,0.0
daxp-ErTingDe-SuoLinNang.xml_6,梅香说话好颠倒，,5983190.7864089422,0.0
daeh-ZiNaRi-ErJinGong.xml_13,我只得怀抱太子两泪汪汪口口声声哭的是先王！,6033947.1728663221,0.0
daxp-JiaoZhangSheng-HongNiang.xml_2,放大胆忍气吞声休害怕，,6068454.1563185276,0.0
daxp-MengJunZi-ChunQiuPei-1.xml_0,蒙君子至殷勤再三问话，,6085059.8401889568,0.0
daxp-ChunQiuTing-SuoLinNang.xml_10,轿内的人儿弹别调，,6152886.9102469515,0.0
daxp-FeiShiWo-TaoHuaCun.xml_17,听我的号令上战场。,6209616.3455144148,0.0
daeh-NuZiYou-TouJunBieYao.xml_2,但愿得去投军功名有望，,6241567.8387878872,0.0
sdxp-WoHeNi-SiLangTanMu.xml_27,你要见高堂母我不阻拦。,6267803.6064442983,0.0
daeh-ZiNaRi-ErJinGong.xml_7,看一看不觉到八月中秋。,6271418.4300099611,0.0
daeh-WuDuanQiao-BiYuZan.xml_6,一心早想寻短见，,6294803.1825373955,0.0
daeh-ZiNaRi-ZhuangYuanMei-1.xml_4,这桩事闷得我柔肠百转，,6321228.7230887637,0.0
daxp-ChunQiuTing-SuoLinNang.xml_7,世上何尝尽富豪，,6390542.912834499,0.125
daxp-DangRiLi-SuoLinNang.xml_8,轿中人必定有一腔幽怨，,6402007.4782975791,0.125
daxp-FeiShiWo-TaoHuaCun.xml_1,只怪你呆头呆脑慌慌张张。,6474026.9059723793,0.0
daeh-ZaoBuXing-HeHouMaDian.xml_11,两旁的文武臣珠泪如麻，,6486121.5176017936,0.0
daxp-XiRiLi-LongFengChengXiang.xml_5,纵有大事料无妨。,6493504.9761584187,0.0
daxp-DuiLingHua-BiYuZan.xml_0,对菱花暗地里芳心自转，,6512111.094558185,0.25
daxp-LaoDieDie-YuZhouFeng.xml_5,却为何贪富贵不顾羞惭。,6513754.8658899572,0.125
daeh-LiYanFei-ErJinGong.xml_5,我只得怀抱太子两泪汪汪口口声声哭的是先王。,6514589.7090268629,0.0
daxp-QiaoLouShang-HuangShanLei.xml_15,你爹爹到如今未转家门。,6545453.7642960753,0.0
daeh-ZiNaRi-ZhuangYuanMei-1.xml_9,宋天子主婚姻此事成全。,6546860.6360725872,0.0
daxp-LaoDieDie-SanJiZhang-1.xml_0,老爹爹请息（呀）怒容儿细讲，,6566182.5907382239,0.0
daeh-LiYanFei-DaBaoGuo.xml_2,太师爷奏一本进贡年下，,6577179.4890382802,0.0
daxp-QiaoLouShang-HuangShanLei.xml_0,谯楼上二更鼓声声送听，,6662555.9325220641,0.0
daeh-LiYanFei-ErJinGong.xml_1,想起了朝中事好不惨伤！,6673740.3820156455,0.0
daxp-LaoDieDie-YuZhouFeng.xml_0,老爹爹发恩德将本修上，,6713992.2627942208,0.0
daeh-SunShangXiang-BieHuangGong.xml_0,孙尚香坐宫院自思自叹，,6715502.3659634404,0.125
dldeh-ShouBiPo-ChunQiuPei.xml_1,受逼迫去捡柴泪如雨下，,6720198.5820801863,0.0
daeh-ZiNaRi-ZhuangYuanMei-2.xml_4,这桩事闷得我柔肠百转，,6720916.1811667942,0.0
daeh-ZiNaRi-ErJinGong.xml_0,自那日与徐杨决裂以后，,6739405.076861483,0.125
daxp-DangRiLi-SuoLinNang.xml_17,红珊瑚碧翡翠样样倶全。,6740868.4542329079,0.0
daxp-ErTingDe-SuoLinNang.xml_9,哪有个袖手旁观在壁上瞧。,6839236.4281566404,0.0
daeh-ZaoBuXing-HeHouMaDian.xml_5,贼好比曹阿瞒半点不差，,6850734.6387606189,0.0
daeh-ZiNaRi-ErJinGong.xml_1,独坐在寒宫院闷闷悠悠。,6874847.0757902516,0.125
daxp-ChunQiuTing-SuoLinNang.xml_8,亦有饥寒悲怀抱，,6898543.1524099885,0.0
daxp-LaoDieDie-DaYuShaJia-2.xml_2,将身儿坐至在草堂等候，,6900815.4257827364,0.0
daeh-ZiNaRi-ZhuangYuanMei-2.xml_14,愿天下有情人都成姻眷，,6924311.6610598452,0.0
daxp-DangRiLi-SuoLinNang.xml_2,在轿中只觉得天昏地暗。,6937544.8442781689,0.125
daxp-LaoDieDie-DaYuShaJia-2.xml_0,老爹爹清晨起前去出首，,6962570.1672602976,0.0
daxp-ChunQiuTing-SuoLinNang.xml_23,他为饥寒我为娇。,6978497.7224468514,0.0
daeh-ZaoBuXing-HeHouMaDian.xml_3,反倒说为嫂我拦阻有差，,6993402.5043551465,0.0
daxp-DiTouLi-NvQiJie.xml_7,来生变犬马我当报还。,7010112.768852788,0.0
daeh-ZuoChunGui-XiShi.xml_2,奴这里心中痛玉颜清减，,7032650.8518459946,0.0
sdxp-SuLongWei-WuJiaPo.xml_31,命人送到（那）西凉川。,7038863.4901773641,0.0
daeh-ZiNaRi-ErJinGong.xml_3,太师爷一心心想篡龙楼。,7039313.4620676022,0.0
daeh-XiaoNuCai-SanNiangJiaoZi.xml_4,怒气不息在机房闷坐，,7045087.6774540665,0.0
daeh-ZuoRiGong-TaiZhenWaiChuan.xml_0,昨日宫中何等宠幸，,7052007.1684681224,0.125
danbz-BeiJiuChan-ChunGuiMeng.xml_3,莫负他好春宵一刻千金。,7097393.7352820141,0.0
daxp-QiaoLouShang-HuangShanLei.xml_2,对孤灯思远道心神不定，,7132444.0023419587,0.0
daeh-WuDuanQiao-BiYuZan.xml_1,薄命自伤怨红颜。,7144880.1230608523,0.125
daxp-ChunQiuTing-SuoLinNang.xml_31,积德才生玉树苗，,7148782.0946191261,0.0
daeh-ZiNaRi-ErJinGong.xml_9,想起了老王爷好不惨伤。,7192497.2400062066,0.0
daxp-DiTouLi-NvQiJie.xml_3,过往的君子听我言。,7197730.9676847402,0.0
daeh-ZiNaRi-ZhuangYuanMei-1.xml_3,乱军中多亏他救我回还。,7228204.6876285598,0.0
daeh-SunShangXiang-BieHuangGong.xml_8,恨只恨我兄长把事错办，,7231762.2706096517,0.0
sdxp-DangNianHan-SanJiZhang.xml_12,登台拜帅天下闻。,7235039.7678502388,0.0
daxp-ChunQiuTing-SuoLinNang.xml_17,问那厢因何故痛哭无聊。,7237397.4880072186,0.125
daeh-SunShangXiang-BieHuangGong.xml_6,回荆州未三载诓我回转，,7244200.1266105426,0.0
dldeh-ShouBiPo-ChunQiuPei.xml_7,全（呐）不顾你身有病气力不佳。,7266812.512339158,0.0
sdxp-SuLongWei-WuJiaPo.xml_37,欺奴犹如欺了天。,7272312.1391861849,0.0
daeh-ZiNaRi-ZhuangYuanMei-1.xml_11,但愿得杨六郎心如石坚，,7273205.7063891748,0.0
daxp-ErDeFu-HongNiGuan.xml_5,不想到狠心郎一味猖狂。,7287665.8149686484,0.0
daspd-HaiDaoBing-GuiFeiZuiJiu.xml_0,海岛冰轮初转腾；,7288089.4082344621,0.0
daxp-DangRiLi-SuoLinNang.xml_9,她泪自弹、声续断、似杜鹃、啼别院、巴峡哀猿动人心弦，好不惨然。,7296999.6491109477,0.125
daxp-MengTingDe-MuiGuiYingGuaShuai.xml_5,寸土怎能够属于他人。,7302268.9173174761,0.0
daxp-NiDeFu-FenHeWan.xml_2,把弓带和鱼镖与儿带定，,7315460.4131837813,0.0
daxp-DiTouLi-NvQiJie.xml_4,哪一位去往南京转，,7320953.4563680561,0.0
dldeh-ShouBiPo-ChunQiuPei.xml_3,奴好比花未开风吹雨打，,7364816.2918537548,0.0
daeh-ZaoBuXing-HeHouMaDian.xml_7,贼好比那司马师搅乱中华。,7373292.8713087915,0.0
daeh-LiYanFei-DaBaoGuo.xml_9,压定了文武臣均要画押。,7380551.1149635874,0.0
daxp-ZheCaiShi-SuoLinNang.xml_7,愧我当初赠木桃。,7423672.6498705754,0.0
daxp-FeiShiWo-TaoHuaCun.xml_11,是不是有人拍巴掌。,7436817.5350162601,0.0
sdxp-SuLongWei-WuJiaPo.xml_33,家人小厮有万千。,7439389.3531111954,0.0
daeh-ZiNaRi-ZhuangYuanMei-2.xml_3,乱军中多亏他救我回还。,7453393.718172892,0.0
daxp-XiShiNv-XiShi.xml_4,怕只怕损玉颜姣容自惜，,7455428.3407710455,0.125
daeh-ZiNaRi-ZhuangYuanMei-1.xml_7,帝王家深宫院似水流年。,7455962.0125353504,0.0
daeh-SunShangXiang-BieHuangGong.xml_2,遭不幸父王爷把驾来晏，,7497651.6591996364,0.0
daeh-WangChunE-SanNiangJiaoZi.xml_5,每日里在书房苦读圣贤。,7501779.8603071719,0.0
daxp-DangRiLi-SuoLinNang.xml_4,那花轿必定是因陋就简，,7507753.4837478409,0.25
daxp-FeiShiWo-TaoHuaCun.xml_10,不但要仔细听、还要仔细想，,7510943.7950495137,0.0
daeh-SunShangXiang-BieHuangGong.xml_1,想起了已往事心内痛酸。,7514070.434117578,0.0
daxp-DangRiLi-SuoLinNang.xml_5,隔帘儿我也曾侧目偷观。,7538585.9132414553,0.0
daxp-TingTaYan-ZuoGong.xml_3,他思家乡想骨肉就不能团圆。,7538818.1669541216,0.125
daxp-ErDeFu-HongNiGuan.xml_7,又恐怕众将官说短论长。,7572592.3929050155,0.0
daeh-ZiNaRi-ZhuangYuanMei-1.xml_15,愿天下从此后国泰民安。,7584938.8349185437,0.0
daxp-DiTouLi-NvQiJie.xml_5,与我那三郎把信传。,7619498.7485552849,0.0
daeh-SunShangXiang-BieHuangGong.xml_4,与周郎定巧计把皇叔来骗，,7620679.5026152087,0.0
daxp-ErDeFu-HongNiGuan.xml_0,儿的父为国家阵前命丧，,7621468.0505554965,0.0
daxp-QiaoLouShang-HuangShanLei.xml_13,果然是晓鸡唱天已黎明。,7663915.9328158973,0.0
daeh-ZiNaRi-ZhuangYuanMei-1.xml_14,愿天下有情人都成姻眷，,7681584.0158068137,0.0
daxp-DangRiLi-SuoLinNang.xml_14,急切里想起了锁麟囊一（呀）件，,7730375.5058198525,0.0
daxp-DuiLingHua-BiYuZan.xml_3,也算得人世间美满姻缘。,7761142.2863126602,0.0
daxp-LaoDieDie-DaYuShaJia-1.xml_3,等候了爹爹回细问根由。,7769960.8362054462,0.0
daeh-WangChunE-SanNiangJiaoZi.xml_6,将身儿来至在机房织绢，,7777295.0327631794,0.0
daxp-QiaoLouShang-HuangShanLei.xml_4,到三更真个是月明人静，,7803905.4547179006,0.0
daxp-MengTingDe-MuiGuiYingGuaShuai.xml_2,想当年桃花马上威风凛凛，,7806750.958739792,0.0
daeh-NaRiFeng-YuanXiaoMi.xml_4,母女隔断三千里，,7832278.3544815909,0.0
daxp-LaoDieDie-SanJiZhang-1.xml_3,贫穷人得了志比富还强。,7836182.5489834715,0.0
daxp-DangRiLi-SuoLinNang.xml_12,那时节奴妆奁不下百万，,7841125.2562957741,0.0
daxp-ChenSanLiang-ChenSanLiangPaTang.xml_0,陈三两在大堂把话云，,7884974.1058073044,0.0
danbz-KanDaWang-BaWangBieJi.xml_3,猛抬头见碧落月色清明。,7901345.3431736706,0.0
daeh-ZiNaRi-ZhuangYuanMei-1.xml_13,但愿得八主贤王从中周旋，早成姻眷，扫狼烟，叫那胡儿不敢进犯保叔王锦绣江山。,7919139.2544416646,0.0
daxp-ChenSanLiang-ChenSanLiangPaTang.xml_5,最可恨鸨儿叫我接客人。,7922827.5596114658,0.0
daxp-FeiShiWo-TaoHuaCun.xml_3,关系你患难鸳鸯永宿在池塘。,7928441.3316057669,0.0
daeh-CanQiQi-WuLongZuo.xml_1,叹红颜多薄命父母双亡。,7931421.0308986455,0.0
daeh-WangChunE-SanNiangJiaoZi.xml_2,春娥女好一此失群孤雁，,7933081.7323927926,0.0
daxp-DangRiLi-SuoLinNang.xml_1,霎时间日色淡似坠西山。,7948195.576579201,0.0
daxp-MuQinBu-FengHuanChao.xml_5,活在世上也枉然。,7949327.0065080849,0.0
daeh-LiYanFei-DaBaoGuo.xml_5,候幼主成了龙原业归家。,7949538.3434815956,0.0
daeh-LiYanFei-ErJinGong.xml_4,有几句话儿我不好言讲，,7973893.8021341674,0.0
daeh-ZaoBuXing-HeHouMaDian.xml_4,贼好比王莽贼称孤道寡，,7997865.333161816,0.0
daxp-ChunQiuTing-SuoLinNang.xml_9,也有失意痛哭嚎啕，,8004005.2939075055,0.0
daxp-LaoDieDie-SanJiZhang-2.xml_0,老爹爹请息怒容儿细讲，,8046471.6604931094,0.0
sdxp-SuLongWei-WuJiaPo.xml_42,买绫罗、做衣衫、买白纸、糊白幡、打首饰、做妆奁，,8069868.7987000849,0.0
daeh-SunShangXiang-BieHuangGong.xml_5,又谁知弄假成真反配凤鸾。,8096828.9345115889,0.0
daeh-WuDuanQiao-BiYuZan.xml_3,落得孤身病恹恹。,8110803.1913809022,0.0
daxp-TingTaYan-ZuoGong.xml_7,不知者不怪罪你的海量放宽。,8133693.9311455814,0.0
daeh-WangChunE-SanNiangJiaoZi.xml_1,想起了我老爷好不惨然。,8155248.9296918558,0.0
daeh-LiYanFei-DaBaoGuo.xml_1,文站东武列西朝贺哀家。,8159345.2073138552,0.0
daeh-ZaoBuXing-HeHouMaDian.xml_1,贼昏王篡了位谋乱邦家。,8161887.9451676318,0.0
daeh-NuZiYou-TouJunBieYao.xml_3,也不枉我二人苦度时光。,8203389.9905862808,0.0
daxp-WoHeNi-SangYuanHui.xml_1,谁认你狼心狗肺的人！,8216138.1341924565,0.0
daeh-TanHongYan-HuoXiaoYu.xml_5,隔着窗儿点滴不休。,8264349.6387357675,0.0
daeh-ZiNaRi-ZhuangYuanMei-2.xml_15,愿邦家从此后国泰民安。,8339238.7569209766,0.0
daxp-SuSanLi-NvQiJie.xml_3,过往的君子听我言。,8352663.4418768296,0.0
daxp-XiShiNv-XiShi.xml_1,难得有开怀事常锁双眉。,8368728.6782677155,0.0
daxp-JiaoZhangSheng-HongNiang.xml_0,叫张生隐藏在棋盘之下，,8384751.9265229963,0.0
daxp-GuanShiYin-TianNvSanHua.xml_3,白鹦鹉与仙鸟在灵岩神岘上下飞翔；,8435550.0065175481,0.0
daeh-ZaoBuXing-HeHouMaDian.xml_8,只骂得贼昏王装聋作哑，,8476224.4462579787,0.0
danbz-KanDaWang-BaWangBieJi.xml_1,我这里出帐外且散愁情。,8497883.9892600123,0.0
sdxp-SuLongWei-WuJiaPo.xml_29,府内金银堆如山。,8500108.9679344036,0.0
daeh-WuDuanQiao-BiYuZan.xml_7,又怕丑名误流传。,8522665.2879884895,0.0
daeh-XiaoNuCai-SanNiangJiaoZi.xml_5,叹一声不由人珠泪如梭。,8537402.6543977242,0.0
daxp-WoZhuYe-SiLangTanMu.xml_5,阅兵书看何人前来何安。,8557973.3913287614,0.125
daeh-ZiNaRi-ZhuangYuanMei-2.xml_13,但愿得八主贤王从中周旋早成美眷、扫狼烟叫那胡儿不敢进犯、保叔王锦锈江山。,8627405.7464056183,0.0
daxp-ErTingDe-SuoLinNang.xml_5,问那厢因何故痛哭无聊？,8633108.4467703998,0.125
daeh-LiYanFei-DaBaoGuo.xml_7,宣太师上金殿披红插花。,8637182.1821537539,0.0
sdxp-DangNianHan-SanJiZhang.xml_10,都是安邦定国臣，,8642913.0981806424,0.0
sdeh-WenSanNiang-SanNiangJiaoZi.xml_6,又谁知平白的闪跌一跤。,8650494.8101235367,0.0
daeh-ZuoRiGong-TaiZhenWaiChuan.xml_1,有谁知一时错被逐宫廷。,8697178.6691579539,0.0
daxp-ErTingDe-SuoLinNang.xml_29,积德才生玉树苗。,8714384.9942907076,0.0
daxp-ChunQiuTing-SuoLinNang.xml_33,救她饥渴胜琼瑶。,8744909.9573005196,0.0
daeh-SunShangXiang-BieHuangGong.xml_9,叹一声不由人珠泪涟涟。,8777643.2514951378,0.0
daeh-ZaoBuXing-HeHouMaDian.xml_9,只骂得贼昏王扭转身驱、闭目合晴、羞羞惭惭一语不发，,8825172.2089809682,0.0
daxp-DangRiLi-SuoLinNang.xml_3,耳听得风声断，雨声喧，雷声乱，乐声阑珊，人声呐喊，都道说是大雨倾天。,8832250.5784434322,0.0
daeh-NaRiFeng-YuanXiaoMi.xml_5,那厢流泪这厢啼。,8833563.6437113006,0.0
daeh-NaRiFeng-YuanXiaoMi.xml_7,不如早死命归西。,8843278.0878829435,0.0
daeh-NuZiYou-TouJunBieYao.xml_1,为薛郎我父女断绝情长。,8864171.7728805207,0.0
sdeh-WenSanNiang-SanNiangJiaoZi.xml_4,背转身来哭嚎啕。,8884680.0618062746,0.0
daxp-NiDeFu-FenHeWan.xml_3,不等到日落及早回程。,8925399.43462817,0.0
daxp-MengJunZi-ChunQiuPei-1.xml_5,莫奈何到荒郊我就来捡芦花。,8962682.1439171396,0.25
daxp-QiaoLouShang-HuangShanLei.xml_9,看娇儿正酣睡恐被风侵。,8976743.5533854458,0.0
sdxp-WoHeNi-SiLangTanMu.xml_29,怕你一去就不回还。,8981880.8854494113,0.125
daeh-ZuoChunGui-XiShi.xml_1,无限的闲愁恨尽上眉尖。,8990538.8258873466,0.0
daxp-ChunQiuTing-SuoLinNang.xml_4,吉日良辰当欢笑，,9049643.6161544938,0.0
daspd-DuShouKong-WangJiangTing.xml_3,为避狂徒到此间。,9057704.5901222713,0.0
daeh-WuDuanQiao-BiYuZan.xml_5,满腹冤屈向谁言。,9059378.2103162147,0.0
daeh-ZaoBuXing-HeHouMaDian.xml_0,遭不幸老王爷晏了御驾，,9072066.113504542,0.0
daeh-ZiNaRi-ZhuangYuanMei-2.xml_9,宋天子主婚姻此事成全。,9082499.6443477292,0.0
daeh-ZuoRiGong-TaiZhenWaiChuan.xml_2,思想起从前事心中悔恨，,9111618.763787875,0.0
daeh-ZuoRiGong-TaiZhenWaiChuan.xml_3,但不知何日里再沐圣明。,9131059.4568609446,0.125
daeh-XiaoNuCai-SanNiangJiaoZi.xml_1,闭口无言王春娥。,9141574.0254105348,0.0
sdxp-DangNianHan-SanJiZhang.xml_14,在六国封相人上人。,9146407.690059185,0.0
daeh-LiYanFei-DaBaoGuo.xml_4,将江山让太师权且代贺，,9165480.3049155399,0.0
daxp-MengJunZi-ChunQiuPei-2.xml_3,我爹爹名姜绍贸易天涯。,9230796.431893317,0.0
daeh-ZaoBuXing-HeHouMaDian.xml_10,只骂得贼昏王无言对答。,9233581.0530047659,0.0
daxp-ChunQiuTing-SuoLinNang.xml_21,谁能移动他半分毫。,9239102.6530272868,0.0
daeh-ZiNaRi-ZhuangYuanMei-2.xml_0,自那日与六郎阵前相见，,9270880.2265119739,0.125
sdeh-WenSanNiang-SanNiangJiaoZi.xml_5,实指望教训他终身有靠，,9291604.3543643598,0.0
daxp-DangRiLi-SuoLinNang.xml_15,囊虽小却能做续命泉源。,9306933.4769602157,0.0
daspd-HaiDaoBing-GuiFeiZuiJiu.xml_4,皓月当空，,9343643.463544393,0.0
daxp-SuSanLi-NvQiJie.xml_5,与我那三郎把信传。,9352221.8879549485,0.0
sdxp-SuLongWei-WuJiaPo.xml_35,打板子、上夹棍、丢南牢、坐监禁、管叫你思前容易退后难。,9377646.794007346,0.0
daxp-MengJunZi-ChunQiuPei-2.xml_2,家住在罗郡城魁星楼下，,9501995.9095687773,0.0
daeh-LiYanFei-ErJinGong.xml_3,想必是徐杨将进了昭阳。,9515276.6282065138,0.125
daeh-LiYanFei-DaBaoGuo.xml_3,各国的众王侯朝贺中华。,9549482.1478316933,0.0
daxp-ZhiJianTa-WangJiangTing.xml_9,相公你为何不歇息？,9657936.5934183877,0.125
daxp-ErTingDe-SuoLinNang.xml_19,谁能移动它半分毫。,9690150.537248617,0.0
daspd-HaiDaoBing-GuiFeiZuiJiu.xml_1,见玉兔（哇）玉兔又早东升。,9731154.4160358962,0.0
daeh-CanQiQi-WuLongZuo.xml_3,担几肩头晕转体若筛糠。,9740288.0777452327,0.0
daxp-JiaoZhangSheng-HongNiang.xml_3,这件事倒叫我心乱如麻。,9742729.2255555801,0.0
daeh-ZuoChunGui-XiShi.xml_3,夜不眠朝慵起又向谁言。,9786824.117702296,0.0
daeh-WangChunE-SanNiangJiaoZi.xml_3,老薛保好一似浪里舟船。,9792620.9834834039,0.0
daxp-ChunQiuTing-SuoLinNang.xml_25,安他半世凤凰巢。,9824838.9715359416,0.0
daxp-ErTingDe-SuoLinNang.xml_23,安她半世凤凰剿。,9824838.9715359416,0.0
daxp-QiaoLouShang-HuangShanLei.xml_12,数更等交五鼓空房愈冷，,9828765.381912455,0.0
sdxp-SuLongWei-WuJiaPo.xml_38,西凉的鞑子将你斩，,9840582.7667348459,0.0
daxp-NiDeFu-FenHeWan.xml_1,全仗你打雁养娘亲，,9874717.3052130546,0.0
danbz-KanDaWang-BaWangBieJi.xml_2,轻移步走向前荒郊站定，,9879081.0927395895,0.0
daeh-SunShangXiang-BieHuangGong.xml_7,阿斗儿行中途被子龙追还。,9884545.9139858335,0.0
daxp-WoZhuYe-SiLangTanMu.xml_0,我主爷金沙滩早把命丧，,9935590.1743777823,0.0
daeh-CanQiQi-WuLongZuo.xml_2,千金休哪曾受磨房景况，,10013291.354327099,0.0
daeh-ZiNaRi-ErJinGong.xml_6,徐小姐把守在宫门口，,10072084.138849704,0.0
daeh-WangChunE-SanNiangJiaoZi.xml_4,薛倚儿他好比无弓之箭，,10087896.557321016,0.0
daxp-GuanShiYin-TianNvSanHua.xml_2,菩提树薝卜花千枝掩映，,10098632.198280033,0.0
sdxp-WoHeNi-SiLangTanMu.xml_23,咱与你隔南北千里姻缘。,10157570.549524119,0.0
daxp-ZheCaiShi-SuoLinNang.xml_3,残生一线付惊涛。,10204777.912158825,0.0
sdxp-SuLongWei-WuJiaPo.xml_27,三人对面（就）说分明。,10235716.838748006,0.125
daxp-LaoDieDie-DaYuShaJia-2.xml_3,等候了爹爹回细问根由。,10246735.146606896,0.0
daeh-XiaoNuCai-SanNiangJiaoZi.xml_3,等候了你妻子同见阎罗。,10247010.827653548,0.0
daxp-MengJunZi-ChunQiuPei-1.xml_4,在家中受不过继母拷打，,10275021.631055843,0.0
dldeh-ShouBiPo-ChunQiuPei.xml_2,病恹恹身无力难以挣扎。,10387817.48405174,0.0
sdxp-DangNianHan-SanJiZhang.xml_18,大孝之人也受贫。,10400140.18977318,0.0
daxp-ErTingDe-SuoLinNang.xml_31,救她饥渴胜琼瑶。,10430457.757243061,0.0
daeh-ZiNaRi-ErJinGong.xml_11,想必是徐杨进了昭阳。,10431934.617349345,0.125
daxp-DangRiLi-SuoLinNang.xml_7,哪有这短花帘，旧花幔，参差流苏，残破不全。,10445110.901411867,0.0
sdxp-SuLongWei-WuJiaPo.xml_34,将你带到官衙内，,10459216.49327337,0.0
daxp-GuanShiYin-TianNvSanHua.xml_6,满眼中清妙景灵光万丈，,10464103.764885331,0.0
daeh-ZiNaRi-ErJinGong.xml_12,有一句话儿不好言讲，,10514373.46080636,0.0
daxp-WoDeNiang-XinAnYi.xml_3,却原来母亲到儿未知情。,10536432.198465537,0.0
daeh-ZaoBuXing-HeHouMaDian.xml_6,贼好比秦赵高指鹿为马，,10577200.999324,0.0
daeh-XiaoNuCai-SanNiangJiaoZi.xml_2,哭一声亡故夫在阴曹等我，,10632830.336016251,0.0
sdxp-SuLongWei-WuJiaPo.xml_39,妻儿老小与奴一般。,10724629.426690999,0.0
daxp-NiDeFu-FenHeWan.xml_0,你的父去投军无音信，,10775783.316155491,0.0
daeh-ZiNaRi-ZhuangYuanMei-2.xml_7,帝王家深宫怨似水流年。,10778318.181287592,0.0
daxp-XiShiNv-XiShi.xml_5,对清溪时照影自整罗农。,10783099.640559727,0.125
sdxp-WoHeNi-SiLangTanMu.xml_31,一夜之间你怎能回还。,10806461.237368556,0.0
daxp-ZhiJianTa-WangJiangTing.xml_5,隐情不敢实告妻。,10819565.682739493,0.0
daxp-DangRiLi-SuoLinNang.xml_0,当日里好风光忽觉转变，,10905352.969896169,0.0
daxp-FeiShiWo-TaoHuaCun.xml_2,今夜晚非比那西厢待月、你懂提防、莫轻狂，,10908704.236615375,0.0
daxp-ChunQiuTing-SuoLinNang.xml_5,为何鲛珠化泪抛？,10909464.878068907,0.125
daxp-TingTaYan-ZuoGong.xml_1,十五载到今日才吐真言。,10946830.239800656,0.0
daxp-ZhiJianTa-WangJiangTing.xml_3,害得儿夫犯焦急；,11015285.872857217,0.0
daxp-ChunQiuTing-SuoLinNang.xml_28,这都是神话凭空造，,11036217.552384581,0.0
daxp-DangRiLi-SuoLinNang.xml_6,虽然是古青庐以朴为俭，,11044653.078983445,0.0
daxp-ChunQiuTing-SuoLinNang.xml_24,分我一枝珊瑚宝，,11091748.861692073,0.0
daxp-ChunQiuTing-SuoLinNang.xml_22,我在不足他正少，,11091748.861692073,0.0
daeh-ZiNaRi-ZhuangYuanMei-1.xml_0,自那日与六郎姻缘相见，,11111748.729428263,0.125
daxp-TingTaYan-ZuoGong.xml_4,我这里走向前再把礼见，,11186457.833559953,0.0
sdxp-WoHeNi-SiLangTanMu.xml_32,适才叫咱盟誓愿，,11233781.415160477,0.0
daxp-ChunQiuTing-SuoLinNang.xml_2,在隔帘只见这一花轿，,11403333.130786384,0.0
daspd-DuShouKong-WangJiangTing.xml_1,芳心寂寞有谁怜，,11428002.826704681,0.0
daxp-DangRiLi-SuoLinNang.xml_11,为什么悲切切哭得可怜。,11428677.829847824,0.0
daeh-ZiNaRi-ErJinGong.xml_5,竟把我孤儿寡母当做了马牛。,11434215.638134595,0.0
daxp-DangRiLi-SuoLinNang.xml_13,怎奈我在轿中赤手空拳。,11434801.09803706,0.0
daxp-QiaoLouShang-HuangShanLei.xml_7,原来是秋风起扫叶之声。,11532224.925192643,0.0
danbz-BeiJiuChan-ChunGuiMeng.xml_4,原来是不耐烦已经睡困，,11583719.994917814,0.0
daeh-ZiNaRi-ZhuangYuanMei-1.xml_1,行不安坐不宁情态缠绵。,11590828.520184189,0.0
daeh-ZiNaRi-ZhuangYuanMei-2.xml_11,但愿得杨六郎心如石坚。,11595471.120886425,0.0
daspd-HaiDaoBing-GuiFeiZuiJiu.xml_5,恰便似嫦娥离月宫，,11610828.349721584,0.0
sdxp-SuLongWei-WuJiaPo.xml_43,落得个孝子的名儿在那天下传。,11624436.702051632,0.0
daxp-ErTingDe-SuoLinNang.xml_26,这都是神话凭空造，,11649166.247706385,0.0
daeh-ZaoBuXing-HeHouMaDian.xml_12,搬一把金交椅娘且坐下，,11655683.207261788,0.0
sdxp-WoHeNi-SiLangTanMu.xml_24,因何故终日里愁眉不展，,11691427.061531421,0.125
daeh-NaRiFeng-YuanXiaoMi.xml_1,死里逃生甚惨凄。,11723374.327436814,0.0
daxp-ZhiJianTa-WangJiangTing.xml_1,长吁短叹语声低。,11842169.711820716,0.0
daxp-LaoDieDie-DaYuShaJia-1.xml_1,到叫我桂英儿挂在心头；,11847829.451643297,0.0
daxp-LaoDieDie-SanJiZhang-2.xml_3,这样人得了志比父还强。,11882481.666691016,0.0
daeh-ZiNaRi-ZhuangYuanMei-2.xml_12,但愿得状元媒月老引线，,11921380.165891951,0.0
daxp-XiRiLi-LongFengChengXiang.xml_3,安排虎计害刘王。,12009982.433128806,0.0
daxp-ZhiJianTa-WangJiangTing.xml_2,何人来把书信寄？,12015291.97672327,0.125
daxp-MengJunZi-ChunQiuPei-2.xml_4,身有病还受那继母拷打，,12037034.797662688,0.0
daxp-ErDeFu-HongNiGuan.xml_2,奴这里只把那结婚思量，,12039584.502868263,0.0
daxp-ZhiJianTa-WangJiangTing.xml_4,莫不是平地风波起，,12057909.062548954,0.0
daeh-NaRiFeng-YuanXiaoMi.xml_3,我与母亲两分离。,12136314.152670382,0.0
daxp-QiaoLouShang-HuangShanLei.xml_8,听画鼓报四更愈添凄冷，,12353645.049341174,0.0
daxp-FeiShiWo-TaoHuaCun.xml_4,已然错请生波浪，,12425170.744273392,0.0
daxp-JiaoZhangSheng-HongNiang.xml_1,我步步行来你步步爬。,12449087.418727471,0.0
daxp-QiaoLouShang-HuangShanLei.xml_5,猛听得窗儿外似有人行。,12463897.295299124,0.0
daxp-XiRiLi-LongFengChengXiang.xml_0,昔日里梁鸿配孟光，,12469160.043709708,0.0
daxp-ErTingDe-SuoLinNang.xml_20,我正不足她正少，,12472441.627924636,0.0
daxp-XiRiLiang-LongFengChengXiang.xml_0,昔日梁鸿配孟光，,12503907.385906778,0.0
daeh-ZaoBuXing-HeHouMaDian.xml_2,把一个皇太子逼死殿下，,12587048.679047421,0.0
daxp-ChunQiuTing-SuoLinNang.xml_3,想必是新婚渡鹊桥，,12604185.24314427,0.125
dldeh-ShouBiPo-ChunQiuPei.xml_6,你继母心毒狠将你打骂，,12855518.43538733,0.0
daeh-ZiNaRi-ZhuangYuanMei-1.xml_10,但愿得令公令婆别无异见，,12864152.357982799,0.0
daxp-ErTingDe-SuoLinNang.xml_28,麟儿哪有神送到，,12916229.408548167,0.0
daeh-ZiNaRi-ZhuangYuanMei-1.xml_12,但愿得状元媒月老引线，,12949204.829368826,0.0
daxp-SuSanLi-NvQiJie.xml_4,哪一位去往南京转，,12980637.891578283,0.0
daxp-LaoDieDie-DaYuShaJia-2.xml_1,倒叫我桂英儿挂在心头。,12992629.524631942,0.0
sdxp-WoHeNi-SiLangTanMu.xml_22,讲什么夫妻情恩德不浅，,12999523.736105114,0.0
daspd-HaiDaoBing-GuiFeiZuiJiu.xml_6,奴似嫦娥离月宫。,13023641.623034606,0.0
daxp-LaoDieDie-YuZhouFeng.xml_3,观此本免了儿一门祸殃。,13085468.533667639,0.0
daxp-MengJunZi-ChunQiuPei-1.xml_3,我的父名姜绍贸易天涯。,13142837.334007718,0.0
daxp-MengJunZi-ChunQiuPei-2.xml_0,蒙君子至诚心再三问话，,13155766.561144244,0.0
daxp-ChenSanLiang-ChenSanLiangPaTang.xml_4,诗书易礼都学会，,13231698.567042667,0.0
daspd-DuShouKong-WangJiangTing.xml_2,孀居愁苦泪洗面，,13385360.263779309,0.0
daxp-ErTingDe-SuoLinNang.xml_14,休要噪且站了，,13399853.434238151,0.0
daxp-ErDeFu-HongNiGuan.xml_4,清早起我和他一度商量，,13509543.598549569,0.0
daeh-ZiNaRi-ZhuangYuanMei-2.xml_10,但愿得令公令婆别无意见，,13568928.524342278,0.0
daxp-MengJunZi-ChunQiuPei-1.xml_2,家住在罗郡城魁星楼下，,13594392.063146435,0.0
daxp-WoDeNiang-XinAnYi.xml_0,我的娘她忘了女生外姓，,13602913.479887538,0.0
daeh-ZiNaRi-ErJinGong.xml_2,先王爷晏驾后太子年幼，,13657589.776792737,0.0
daxp-MengJunZi-ChunQiuPei-1.xml_1,虽然是男女别不得不答。,13731119.733419402,0.0
daxp-XiRiLiang-LongFengChengXiang.xml_3,安排巧计害刘王。,13772849.906604353,0.0
daxp-ErDeFu-HongNiGuan.xml_1,撇下了奴一人好不悲凉。,13791885.817185933,0.0
daeh-TanHongYan-HuoXiaoYu.xml_1,美满姻缘付东流。,13815971.259977488,0.0
daxp-LaoDieDie-YuZhouFeng.xml_1,明早朝上金殿面奏吾皇。,13816583.460066393,0.0
dldeh-ShouBiPo-ChunQiuPei.xml_4,想亲娘和老父心乱如麻。,13834448.250622621,0.0
daxp-FeiShiWo-TaoHuaCun.xml_7,桃花村口莫彷徨。,13881541.791391931,0.0
daeh-ZiNaRi-ErJinGong.xml_4,他那里父女情全然无有，,13958386.669052754,0.0
daxp-MuQinBu-FengHuanChao.xml_4,人生不知顾脸面，,14094848.833993576,0.0
daxp-XiShiNv-XiShi.xml_2,只为着守清寒柴门近水，,14171906.532571245,0.0
daxp-MengTingDe-MuiGuiYingGuaShuai.xml_3,敌血飞溅石榴裙。,14250832.404417045,0.0
daxp-XiShiNv-XiShi.xml_0,西施女生长在苎萝村里，,14417891.668832472,0.0
daxp-JiaoZhangSheng-HongNiang.xml_5,听号令且莫要惊动了她。,14424190.484898405,0.0
daspd-HaiDaoBing-GuiFeiZuiJiu.xml_2,那冰轮离海岛，,14432015.635890314,0.0
daxp-MengTingDe-MuiGuiYingGuaShuai.xml_0,猛听得金鼓响画角声震，,14436973.109356346,0.0
daxp-ErTingDe-SuoLinNang.xml_16,听薛良一语来相告，,14665518.606838755,0.0
daxp-ChunQiuTing-SuoLinNang.xml_1,何处悲声破寂寥。,14674880.066663338,0.125
sdxp-SuLongWei-WuJiaPo.xml_25,苏龙魏虎是内亲。,14703798.455737647,0.0
sdxp-SuLongWei-WuJiaPo.xml_41,与你娘做一个安家钱。,14764771.824558238,0.0
daxp-DuiLingHua-BiYuZan.xml_1,听她言不由人喜上眉尖。,14807007.759833103,0.0
daxp-ChunQiuTing-SuoLinNang.xml_30,麟儿那有神送到，,14998679.486842996,0.0
daxp-ChunQiuTing-SuoLinNang.xml_18,听薛良一语来相告，,15102199.721650083,0.0
sdxp-SuLongWei-WuJiaPo.xml_26,你我同把相府进，,15191505.822190709,0.0
daxp-ErTingDe-SuoLinNang.xml_0,耳听得悲声惨心中如捣，,15400517.991022216,0.0
daxp-ErTingDe-SuoLinNang.xml_24,忙把梅香低声叫，,15575750.080752118,0.0
daxp-ChunQiuTing-SuoLinNang.xml_12,耳听得悲声惨心中如捣，,15601561.163890194,0.0
daxp-MengTingDe-MuiGuiYingGuaShuai.xml_6,番王小丑何足论，,15623872.714040581,0.125
daxp-ErTingDe-SuoLinNang.xml_22,分我一枝珊瑚宝，,15681981.662347361,0.0
sdxp-DangNianHan-SanJiZhang.xml_13,商鞅不中苏季子，,15681981.662347361,0.0
sdxp-DangNianHan-SanJiZhang.xml_20,爹爹为何你要退婚？,15756105.984184667,0.125
daxp-ChunQiuTing-SuoLinNang.xml_26,忙把梅香低声儿叫，,15875664.814171758,0.0
daeh-ZiNaRi-ZhuangYuanMei-2.xml_1,行不安坐不宁情态缠绵。,15928598.010802619,0.0
daeh-ZiNaRi-ZhuangYuanMei-2.xml_6,百姓们闺房乐如花美眷，,15991916.999282992,0.0
daxp-ZhiJianTa-WangJiangTing.xml_0,只见他一封书信握手里，,15993779.720085548,0.0
sdxp-SuLongWei-WuJiaPo.xml_30,本利算来有多少，,16024102.787730752,0.0
daxp-WoHeNi-SangYuanHui.xml_0,我和你有什么夫妻的情，,16189714.349415978,0.0
daeh-TanHongYan-HuoXiaoYu.xml_3,啼花泣月在暗里（呀）添愁。,16253615.097790528,0.125
daxp-XiShiNv-XiShi.xml_3,每日里浣纱去又傍清溪。,16274166.308385117,0.0
daxp-WoZhuYe-SiLangTanMu.xml_1,众文武扶哀家执掌军房。,16458945.890445139,0.0
daxp-ErTingDe-SuoLinNang.xml_15,薛良与我去问一遭。,16607777.082559677,0.0
daxp-DangRiLi-SuoLinNang.xml_16,有金珠和珍宝光华灿烂，,16619787.101940623,0.0
daxp-ZhiJianTa-WangJiangTing.xml_6,低下头心生计，,17081389.824927974,0.0
sdxp-DangNianHan-SanJiZhang.xml_9,当年韩信与苏秦，,17089016.845097404,0.0
daxp-ErTingDe-SuoLinNang.xml_8,怜贫济困是正道，,17099575.229032654,0.0
daxp-ZhiJianTa-WangJiangTing.xml_8,出二堂深施礼，,17156573.503039718,0.0
sdxp-WoHeNi-SiLangTanMu.xml_25,有什么心腹事你只管明言。,17178707.441280354,0.0
daxp-FeiShiWo-TaoHuaCun.xml_0,非是我嘱咐叮咛把话讲，,17266786.46557292,0.0
danbz-BeiJiuChan-ChunGuiMeng.xml_1,算当初曾经得几晌温存。,17368929.055557884,0.0
daxp-LaoDieDie-SanJiZhang-2.xml_2,父道那薛平贵是那化郎模样，,17607507.020471144,0.0
sdxp-SuLongWei-WuJiaPo.xml_24,提起了旁人我不晓，,17615676.362498645,0.0
daeh-ZiNaRi-ZhuangYuanMei-1.xml_6,百姓们闺房乐如花美眷，,17687144.977796622,0.0
daxp-ChenSanLiang-ChenSanLiangPaTang.xml_1,公正的老爷细听分明。,17823146.683889028,0.0
daxp-ZheCaiShi-SuoLinNang.xml_0,这才是人生难预料，,17952468.003193598,0.0
daeh-ZiNaRi-ZhuangYuanMei-2.xml_8,幸喜得珍珠衫称心如愿，,17977488.903933756,0.0
sdxp-SuLongWei-WuJiaPo.xml_28,我父在朝为官宦，,18387492.983980786,0.0
daeh-WuDuanQiao-BiYuZan.xml_4,今生若被郎轻贱，,18463187.811564166,0.0
sdxp-WoHeNi-SiLangTanMu.xml_26,你那里休得要巧言舌辨，,18490199.703549504,0.0
sdxp-DangNianHan-SanJiZhang.xml_19,非是女儿言不逊，,18809252.310706042,0.0
daxp-ChunQiuTing-SuoLinNang.xml_20,人情冷暖凭天造，,18917055.128119297,0.0
daxp-GuanShiYin-TianNvSanHua.xml_7,催祥云驾瑞彩速赴佛场。,18970326.546016552,0.0
daxp-ChunQiuTing-SuoLinNang.xml_0,春秋亭外风雨暴，,19118892.904805109,0.0
daeh-ZiNaRi-ZhuangYuanMei-1.xml_8,幸喜得珍珠衫称心如愿，,19172057.144288376,0.0
daxp-LaoDieDie-SanJiZhang-2.xml_1,儿命苦怎配着状元才郎？,19314574.101575308,0.0
daxp-QiaoLouShang-HuangShanLei.xml_6,忙移步隔花荫留神听定，,19327743.793455403,0.0
daxp-ErDeFu-HongNiGuan.xml_3,倒不如与伯党匹配鸾凰。,19489914.998156015,0.0
daxp-QiaoLouShang-HuangShanLei.xml_1,父子们去采药未见回程。,19553284.776679233,0.0
daxp-ChunQiuTing-SuoLinNang.xml_6,此时却又明白了，,19732943.910462059,0.0
daxp-GuanShiYin-TianNvSanHua.xml_0,观世音满月面珠开妙相，,19813532.551173653,0.0
daxp-ErTingDe-SuoLinNang.xml_3,莫不是强婚配鸦占鸾巢。,19878495.014983043,0.0
daxp-ChunQiuTing-SuoLinNang.xml_15,莫不是强婚配鸦占鸾巢？,19882625.731824324,0.0
daxp-MengJunZi-ChunQiuPei-2.xml_5,因此上到郊外来捡芦花（呀）。,19885219.445011739,0.0
daxp-TingTaYan-ZuoGong.xml_0,听他言吓得我浑身是汗，,20028449.340244599,0.0
daxp-TingTaYan-ZuoGong.xml_5,尊一声驸马爷细听咱言。,20164170.308641128,0.0
daxp-MengJunZi-ChunQiuPei-2.xml_1,虽然是不相识我就不得不答。,20169193.907476474,0.125
daxp-WoZhuYe-SiLangTanMu.xml_3,一心心要夺取宋室江山。,20512017.144335501,0.0
daxp-ErTingDe-SuoLinNang.xml_18,人情冷暖凭空造，,20608819.231028225,0.0
sdxp-SuLongWei-WuJiaPo.xml_40,这锭银子奴不要，,20786892.774168272,0.0
sdxp-SuLongWei-WuJiaPo.xml_32,我进相府对父言，,20786892.774168272,0.0
daxp-WoDeNiang-XinAnYi.xml_2,这几日身不爽心中烦闷，,21189188.923500706,0.0
daxp-QiaoLouShang-HuangShanLei.xml_3,不知他在荒山何处安身。,21738488.739190262,0.125
daxp-WoDeNiang-XinAnYi.xml_1,奴年交十九岁还守闺门。,21827361.373108119,0.0
daxp-DiTouLi-NvQiJie.xml_0,低头离了洪洞县，,21904741.544711445,0.0
sdxp-SuLongWei-WuJiaPo.xml_36,军爷说话理不端，,22119570.21496059,0.0
sdxp-WoHeNi-SiLangTanMu.xml_30,宋营离此路途远，,22178145.968412366,0.0
sdxp-DangNianHan-SanJiZhang.xml_15,未央宫斩的是韩信，,23591150.890722562,0.0
daxp-QiaoLouShang-HuangShanLei.xml_10,我不免引寒机伴奴坐等，,24118184.126288753,0.0
daxp-SuSanLi-NvQiJie.xml_0,苏三离了洪洞县，,24667494.112059787,0.0
sdxp-DangNianHan-SanJiZhang.xml_17,仙女配的是董永，,24667494.112059787,0.0
daxp-ChenSanLiang-ChenSanLiangPaTang.xml_3,发奋自强日夜读诗文。,26543082.99830493,0.125
daxp-LaoDieDie-SanJiZhang-1.xml_1,我立志不嫁那状元才郎。,27274524.020092532,0.0
daxp-ErDeFu-HongNiGuan.xml_6,奴本当把关印付他执掌，,28987328.784254577,0.0
daxp-XiRiLi-LongFengChengXiang.xml_1,今朝仙女会襄王。,29520824.5645326,0.0
daxp-XiRiLiang-LongFengChengXiang.xml_1,今朝仙女会襄王。,31191971.396030549,0.0
lseh-YiLunMing-ZhuoFangCao-1.xml_21,贼好比猛虎未（呀）曾长牙，,381609818.02469665,0.0
lseh-XiRiLi-BaoLianDeng.xml_11,留得美名万古存，,388915647.68884706,0.0
sdxp-DangNianHan-SanJiZhang.xml_6,句句话儿伤父心。,448022224.92803931,0.0
lsxp-ZheYiFeng-DingJunShan.xml_6,向前各各有赏犒，,457949094.9436065,0.0
lsxp-WeiCengKai-QiYuanBao.xml_3,姓刘名安字世昌。,480226153.03930306,0.0
lsxp-DaHeYi-SiLangTanMu.xml_19,本帅帐中用目睁，,490769506.71182907,0.0
lseh-YiLunMing-ZhuoFangCao-1.xml_7,拔出剑将他的满门杀，,499417745.76989114,0.0
lsxp-CiShiJian-HuaiHeYing-2.xml_0,此时间不可闹笑话，,510955435.32112163,0.0
lsxp-DaHeYi-SiLangTanMu.xml_5,弟兄们分别十五春，,512480652.98927438,0.0
lsxp-DaHeYi-SiLangTanMu.xml_15,六弟下位把兄认，,528320210.44414037,0.0
lsxp-ShenGongWu-LongFengChengXiang.xml_1,年老得配女娇娃。,530231278.08567226,0.0
lsxp-ZouYingLong-DaYanSong.xml_8,上面坐的是有道君，,531752010.7785899,0.0
lseh-YiLunMing-ZhuoFangCao-2.xml_9,年迈老丈命染黄沙。,558817562.75773942,0.0
lsxp-LiangGuoJiao-ShiJieTing-1.xml_2,管待三（哪）军要宽厚，,568003500.0388087,0.0
lsxp-WeiCengKai-QiYuanBao.xml_5,贩卖绸缎转还乡。,580191130.87541044,0.0
lsxp-YiShiWu-YuCangJian.xml_9,行至在昭关有阻拦。,585397064.7252183,0.0
lsxp-CiShiJian-HuaiHeYing-1.xml_5,右手再把栾布拉。,599359089.07273257,0.0
lseh-NiangZiBu-SouGuJiuGu.xml_13,哀求娘子（喏）舍亲（呐）生。,602267649.42232025,0.0
lsxp-CiShiJian-HuaiHeYing-1.xml_0,此时间不可闹笑话，,620304272.81671655,0.0
sdxp-WoHeNi-SiLangTanMu.xml_4,誓不忘贤公主恩重如山。,638246869.59025252,0.0
sdxp-SuLongWei-WuJiaPo.xml_22,一马双跨到西凉。,638819627.02973819,0.0
lseh-XinZhongYou-WenZhaoGuan.xml_3,叫人难解巧机关。,641088630.86146593,0.0
lsxp-WeiCengKai-QiYuanBao.xml_0,未曾开言泪汪汪，,642333894.34520555,0.0
lseh-YiLunMing-ZhuoFangSuDian.xml_7,拔出剑将他的满门杀，,647246064.56036913,0.0
lsxp-JiangShenEr-SanJiaDian.xml_11,儿行千里母担忧。,650224203.72763491,0.0
lsxp-LiangGuoJiao-ShiJieTing-1.xml_0,两国交（哇）锋龙虎斗，,658247382.15689158,0.0
sdxp-SuLongWei-WuJiaPo.xml_20,为何来在大道边。,666982319.63357449,0.125
lsxp-YiShiWu-YuCangJian.xml_2,日月轮流催晓（哇）箭，,667547733.99408817,0.0
lsxp-ZiCongQian-ZhuLianZhai.xml_3,为千岁懒观五凤楼。,675796809.99770057,0.0
lseh-YiLunMing-ZhuoFangCao-2.xml_7,拔出剑将他的满门杀。,681876564.56555247,0.0
lsxp-WoBenShi-KongChengJi-2.xml_3,算就了汉家的业鼎足（呃）三分。,686358902.30842376,0.125
sdxp-WoHeNi-SiLangTanMu.xml_8,我的娘押粮草来到北番。,693389290.94271457,0.0
lsxp-LiangGuoJiao-ShiJieTing-1.xml_4,此一番领兵去镇守，,698047054.51422215,0.0
sdxp-WoHeNi-SiLangTanMu.xml_11,公主虽然不阻拦，,702370760.95319927,0.0
lseh-YiLunMing-ZhuoFangSuDian.xml_9,年迈的老丈命（呐）染黄沙。,707226845.03963137,0.0
lsxp-DaHeYi-SiLangTanMu.xml_29,众将与爷忙掩（哪）门，,710319021.24680066,0.0
lseh-YiLunMing-WenZhaoGuan-1.xml_19,叫人难解巧机关，,714213103.95370471,0.0
sdxp-WoHeNi-SiLangTanMu.xml_6,有一桩心腹事不敢明言。,714566561.76848304,0.0
lseh-NiangZiBu-SouGuJiuGu.xml_2,赵屠二家有仇恨，,718502100.96175456,0.0
lsxp-JiangShenEr-SanJiaDian.xml_6,舍不得太爷的恩情厚，,725397407.79607928,0.0
sdxp-WoHeNi-SiLangTanMu.xml_18,将身跪在地平川。,729773462.65989184,0.0
lsxp-ZiCongQian-ZhuLianZhai.xml_0,自从千岁离朝后，,731459138.27383149,0.125
sdxp-WoHeNi-SiLangTanMu.xml_19,我若探母不回转，,741986741.30481493,0.0
lsxp-YiShiWu-YuCangJian.xml_4,恨平王无道纲常乱，,748170480.71624815,0.0
lsxp-ZiCongQian-ZhuLianZhai.xml_5,望千岁恕学生礼貌不周。,748427784.72162664,0.0
lseh-YiLunMing-ZhuoFangCao-1.xml_9,年迈的老丈命（呐）染黄沙。,749575089.99684227,0.0
lsxp-DaHeYi-SiLangTanMu.xml_20,见一番汉帐中行。,758477301.77272463,0.0
lsxp-WeiCengKai-QiYuanBao.xml_7,借宿一宵起祸殃。,765026398.8464123,0.0
lsxp-ZiGuDao-HuangHeLou.xml_0,自古道吉人有天相，,766377032.28900373,0.125
sdxp-WoHeNi-SiLangTanMu.xml_3,杨廷辉有一日愁眉得展，,766652889.48753095,0.0
lsxp-CiShiJian-HuaiHeYing-1.xml_2,在长安是你夸大话，,773158225.32568371,0.0
lseh-YiLunMing-ZhuoFangCao-1.xml_3,悔不该随他人到吕家，,774971413.16658223,0.0
lsxp-HenPingWang-WenZhaoGuan.xml_0,恨平王无道乱楚宫（兀），,778610429.3326267,0.0
lsxp-JiangShenEr-SanJiaDian.xml_12,儿想娘亲难叩首，,783133539.19250989,0.0
lseh-XinZhongYou-WenZhaoGuan.xml_19,父母的冤仇化尘烟，,784775614.13191247,0.0
lsxp-DaHeYi-SiLangTanMu.xml_1,大喝一声（哪）如雷震，,786206348.95293212,0.0
lsxp-ZuoRiLi-YuanMenZhanZi.xml_1,老娘亲为什么不讲情来？,789893323.04722691,0.0
lseh-XinZhongYou-WenZhaoGuan.xml_5,为何几日他不言，,789899755.90900373,0.125
lseh-YiLunMing-WenZhaoGuan-1.xml_35,父母的冤仇化尘烟，,799750409.01279509,0.0
sdxp-WoHeNi-SiLangTanMu.xml_13,公主赠我的金鈚箭，,802499612.75781345,0.0
sdxp-WoHeNi-SiLangTanMu.xml_1,我和你好夫妻恩德不浅，,802732042.07875085,0.0
lsxp-DaHeYi-SiLangTanMu.xml_31,走上前来忙松捆，,803897632.619156,0.0
lseh-YiLunMing-ZhuoFangCao-1.xml_5,杀猪（喏）沽（哇）酒款待于他，,820694691.02403843,0.0
lseh-YiLunMing-WenZhaoGuan-1.xml_21,为何几日他不言。,827293364.70595491,0.125
lseh-YangYanZhao-PengBei.xml_5,又恐怕惊动了年迈之人。,828871299.25131059,0.0
lsxp-TingTaYan-ZhuoFangCao-1.xml_7,既同行共（呃）大事必须要劝解于他（呀呃）。,833562075.81615579,0.125
lsxp-TingTaYan-ZhuoFangCao-2.xml_7,既同行共（呃）大事必须要劝解于他（呀呃）。,833562075.81615579,0.125
lsxp-ZuoRiLi-YuanMenZhanZi.xml_4,叫焦赞将宝剑悬挂帐外，,836107687.29333198,0.0
lsxp-ZuoRiLi-YuanMenZhanZi.xml_0,昨日里斩八将头挂营外，,859691979.47787213,0.0
lseh-NiangZiBu-SouGuJiuGu.xml_12,无奈何我只得双（呃）膝跪，,864357288.94499493,0.125
lsxp-CiShiJian-HuaiHeYing-2.xml_2,在长安是你夸大话，,869049359.54899633,0.0
lsxp-CiShiJian-HuaiHeYing-1.xml_4,左手拉住了李左车，,871158599.04739439,0.0
lseh-XiRiLi-BaoLianDeng.xml_10,首阳山前冻饿死（喏）。,873188483.93825221,0.0
lseh-YiLunMing-ZhuoFangCao-1.xml_20,贼好比蛟龙未生鳞甲，,889199746.11517644,0.0
lsxp-WoBenShi-KongChengJi-1.xml_3,算就了汉家的业鼎足哇三分。,892146141.10006046,0.125
lseh-XinZhongYou-WenZhaoGuan.xml_14,朝臣待漏五更寒。,893908485.39383304,0.0
lsxp-WeiCengKai-QiYuanBao.xml_6,行至在中途把雨降，,900213008.02847528,0.0
lsxp-YiZhuangZhuang-QunYingHui.xml_1,请先生到江边即刻登舟。,902542528.20858705,0.0
sdxp-SuLongWei-WuJiaPo.xml_16,送与大嫂把家安。,916066622.75620604,0.0
lseh-TuZeiZuo-SouGuJiuGu.xml_2,眼见得忠良无救应，,925566390.06520426,0.0
sdxp-SuLongWei-WuJiaPo.xml_15,这锭银、三两三，,928673925.94671571,0.0
lsxp-JianMaSu-ZhanMaSu.xml_1,不由老夫咬钢牙，,936367342.41274178,0.0
lsxp-LiangGuoJiao-ShiJieTing-1.xml_5,靠山近水把营收。,939067873.91109335,0.0
lsxp-ZouYingLong-DaYanSong.xml_12,罢、罢、罢，暂且忍却我的心头恨，,939648596.9145956,0.0
sdxp-DangNianHan-SanJiZhang.xml_7,要退、要退、偏要退！,941868503.94263387,0.0
sdxp-SuLongWei-WuJiaPo.xml_21,为军起下不良的意呀，,942784718.08289909,0.0
lsxp-LiangGuoJiao-ShiJieTing-2.xml_5,靠山近水把管收。,955565170.52971888,0.0
sdxp-WoHeNi-SiLangTanMu.xml_20,黄沙盖脸尸骨不全。,970019576.27453661,0.0
lseh-ZiNaRi-HongYangDong.xml_3,那乃是萧天佐以（呀）假成真；,972743572.58700168,0.0
lsxp-YiShiWu-YuCangJian.xml_7,我与奸贼不共戴天！,979258710.12143421,0.0
lseh-YiLunMing-ZhuoFangCao-2.xml_6,又谁知此贼的疑心太大，,981239562.64492917,0.125
lseh-YiLunMing-WenZhaoGuan-1.xml_24,哭一声爹娘不能相见，,983154209.65100873,0.0
lsxp-JianMaSu-ZhanMaSu.xml_3,失去了街亭差不差。,985628149.0522337,0.0
lsxp-JiangShenEr-SanJiaDian.xml_9,舍不得老娘（呃）白了头。,1007251633.6790106,0.0
lsxp-YiShiWu-YuCangJian.xml_5,信用无极狗奸谗。,1011504578.1569963,0.0
lsxp-QingGongYan-FaDongWu.xml_0,庆功宴上把酒饮，,1013736732.8798147,0.0
lsxp-JiangShenEr-SanJiaDian.xml_3,二不是歹人（呐）把城偷。,1023712541.7621547,0.0
lsxp-HenPingWang-WenZhaoGuan.xml_3,满门的家着血染红。,1027479381.2445852,0.0
lseh-XuMaoGong-QinQiongFaPei.xml_1,文韬武略智谋高。,1031705625.9513605,0.0
lsxp-DaHeYi-SiLangTanMu.xml_12,我母佘氏老太君。,1044183851.8303239,0.0
lsxp-DaHeYi-SiLangTanMu.xml_17,弟兄对坐叙寒温。,1045681387.5880855,0.0
lseh-YiLunMing-ZhuoFangCao-1.xml_14,悔不该把家属一（呀）旦撇下，,1050296985.8389719,0.0
lseh-XinZhongYou-WenZhaoGuan.xml_7,你就该把我献与昭关。,1054333370.3083018,0.125
lsxp-JiangShenEr-SanJiaDian.xml_7,舍不得衙役们众班头。,1059647839.1688578,0.0
lseh-JinZhongXiang-ShangTianTai.xml_5,又听得殿角下大放悲声。,1061240941.1899064,0.0
lseh-NiangZiBu-SouGuJiuGu.xml_0,娘子不（哇）必太烈性，,1063757469.8145204,0.125
lseh-YiLunMing-WenZhaoGuan-1.xml_23,你就该把我献与昭关。,1068092700.453696,0.125
lsxp-WoZhuYe-ZhuiHanXin.xml_10,项羽不遵怀王约，,1069828941.84091,0.0
lseh-XinZhongYou-WenZhaoGuan.xml_1,翻来复去睡不安。,1069985299.5437937,0.0
lseh-YangYanZhao-PengBei.xml_2,迈虎步我且把宝帐来进，,1072327687.7207839,0.0
lsxp-QingGongYan-FaDongWu.xml_3,又谁知中途两离分。,1076464603.934782,0.0
lsxp-LiangGuoJiao-ShiJieTing-2.xml_1,各为其（呀）主统貔貅。,1077032089.8248439,0.0
sdxp-WoHeNi-SiLangTanMu.xml_7,萧天佐摆天门两国交战，,1085412737.4725931,0.0
lseh-XiRiLi-BaoLianDeng.xml_3,传口诏命次子即位为君，,1085861542.3077383,0.0
lsxp-YiZhuangZhuang-QunYingHui.xml_0,一桩桩一件件倶已办就，,1089807735.2543583,0.125
lseh-YiLunMing-WenZhaoGuan-1.xml_17,翻来覆去睡不（哇）安。,1092705581.0850692,0.0
lsxp-WoZhuYe-ZhuiHanXin.xml_3,两路分（呐）兵定咸阳。,1097171679.154494,0.0
lsxp-YiShiWu-YuCangJian.xml_1,叹光明一去不回还（呐）；,1101868404.2559056,0.0
lsxp-WoZhuYe-ZhuiHanXin.xml_9,我也曾约法定过三章。,1107848147.5692229,0.0
lsxp-DaHeYi-SiLangTanMu.xml_2,杨家将令鬼神惊。,1118519814.9321451,0.0
lseh-ZiNaRi-HongYangDong.xml_8,为此事终（啊）日里忧成疾病，,1121975578.2949004,0.0
lseh-XuMaoGong-QinQiongFaPei.xml_0,徐茂公阴阳多奥妙，,1122510274.7676768,0.0
lseh-YiLunMing-ZhuoFangCao-2.xml_5,杀猪沽酒款待与他。,1123834040.8072894,0.0
lsxp-WeiCengKai-QiYuanBao.xml_8,赵大夫妻图财害命害我一命亡，,1124062832.5796337,0.0
lseh-XuMaoGong-QinQiongFaPei.xml_3,缘何不救我出笼牢。,1126183802.1202693,0.125
lsxp-DaHeYi-SiLangTanMu.xml_23,本帅开言把他问，,1127230512.765306,0.0
lseh-TuZeiZuo-SouGuJiuGu.xml_3,大事还要问程婴。,1133477046.1203971,0.0
lseh-YiLunMing-ZhuoFangCao-1.xml_16,我只说贼是个宽宏量大，,1139419952.3313637,0.0
lseh-ZiNaRi-HongYangDong.xml_4,二次（喏）里命孟良番营来进，,1143186924.466404,0.0
lsxp-LiangGuoJiao-ShiJieTing-1.xml_1,各为其主统貔貅，,1149946007.0046048,0.0
lsxp-HenPingWang-WenZhaoGuan.xml_1,父纳子（呃）妻礼难容，,1150136061.9772432,0.0
lseh-YiLunMing-WenZhaoGuan-1.xml_27,鸡鸣犬吠五更（哪）天，,1162452659.6696947,0.0
lseh-XinZhongYou-WenZhaoGuan.xml_8,哭一声爹娘不能相见，,1164855600.5356877,0.0
sdxp-SuLongWei-WuJiaPo.xml_17,买绫罗与绸缎、打首饰和簪环，,1167589257.6694646,0.0
lseh-XinZhongYou-WenZhaoGuan.xml_11,鸡鸣犬吠五更（呃）天，,1170656507.5695634,0.0
lsxp-ShenGongWu-LongFengChengXiang.xml_3,耳听笙歌闹喧哗。,1170751247.6953547,0.0
lsxp-DaHeYi-SiLangTanMu.xml_11,我父令公官极品，,1179600191.558687,0.0
lsxp-YiShiWu-YuCangJian.xml_8,实指（喏）望到吴国借兵（呐）转，,1180366910.2199578,0.0
sdxp-SuLongWei-WuJiaPo.xml_14,将银放在地平川。,1187841762.1106684,0.0
sdxp-WoHeNi-SiLangTanMu.xml_9,我有心回宋营见母一面，,1191820475.2537823,0.0
lsxp-JianMaSu-ZhanMaSu.xml_0,见马谡（唩）跪帐下，,1203324268.4831107,0.0
lsxp-ZouYingLong-DaYanSong.xml_6,我劝顽童你休流泪，免悲声，邹老爷就是尔的报仇人。,1205102645.6252675,0.125
lsxp-ZiGuDao-HuangHeLou.xml_4,今日主公把宴上，,1205396570.3516581,0.0
lsxp-DaHeYi-SiLangTanMu.xml_3,迈步且把宝帐（呀）进，,1208251892.622879,0.0
lsxp-ZiGuDao-HuangHeLou.xml_1,主公不必加愁肠。,1217969461.5815208,0.125
lseh-YiLunMing-ZhuoFangCao-1.xml_23,我岂肯放虎归山又（哇）把人抓。,1218752271.3716857,0.0
lseh-YiLunMing-ZhuoFangCao-1.xml_12,听谯楼打罢了二（喏）更鼓下，,1219816848.6405907,0.0
lsxp-ZouYingLong-DaYanSong.xml_10,他本是我朝中上欺天子下压臣谋朝篡位卖国的奸贼他名叫严嵩，,1226575870.907578,0.0
lsxp-JiangShenEr-SanJiaDian.xml_14,眼见得红日坠落在西山后，,1231141991.2713597,0.0
lseh-YiLunMing-WenZhaoGuan-1.xml_22,贪图富贵来害我，,1233967009.1377041,0.0
lsxp-DaHeYi-SiLangTanMu.xml_27,听罢言来才知情，,1236344841.318697,0.0
lsxp-WoZhuYe-ZhuiHanXin.xml_15,扬尘舞蹈见大王。,1239960682.9081383,0.0
lseh-JinZhongXiang-ShangTianTai.xml_3,武仗着姚皇兄保定乾坤。,1240080462.8404243,0.0
lsxp-LiangGuoJiao-ShiJieTing-1.xml_3,赏罚中公（呃）平莫要自由。,1240255423.6713989,0.125
lsxp-DaHeYi-SiLangTanMu.xml_13,十五年前沙滩会，,1246010310.7863543,0.0
lsxp-WoZhuYe-ZhuiHanXin.xml_13,但愿得言听计从重整汉家邦、一同回故乡。,1249284251.4180899,0.0
lseh-LaoZhangBu-WuPenJi.xml_7,望求老丈把冤伸。,1250516759.9940832,0.0
lseh-ZenNengGou-BaDaChui.xml_1,前后话对文龙细说衷情。,1255003571.8723745,0.0
lsxp-JianMaSu-ZhanMaSu.xml_2,大胆不听我的话，,1256289328.7922857,0.0
lsxp-WoZhuYe-ZhuiHanXin.xml_14,撩袍端带我把金殿上，,1261020923.3281767,0.0
lseh-YiLunMing-ZhuoFangCao-1.xml_13,越思越想把事来作差。,1264118517.4869072,0.0
lsxp-WoZhuYe-ZhuiHanXin.xml_12,今日里萧何荐良将，,1264167857.9728649,0.125
lseh-XuMaoGong-QinQiongFaPei.xml_4,是是是（呀）来我明白了，,1266603962.3028994,0.0
lsxp-ZouYingLong-DaYanSong.xml_1,在朝房来了我这保国忠。,1275358504.6624959,0.0
lseh-XinZhongYou-WenZhaoGuan.xml_6,贪图富贵来害我，,1277990399.6818554,0.0
lsxp-JiangShenEr-SanJiaDian.xml_0,将身儿来至在大街口，,1284930096.9213641,0.0
lsxp-ZiCongQian-ZhuLianZhai.xml_1,满朝中文武臣泪双流。,1286720169.0540824,0.0
lseh-YiLunMing-WenZhaoGuan-1.xml_11,我好比龙游在浅沙滩。,1288347997.5728371,0.0
lsxp-DaHeYi-SiLangTanMu.xml_14,失落番邦被贼擒。,1291047921.1981697,0.0
lseh-YiLunMing-WenZhaoGuan-2.xml_11,我好比龙游在浅沙滩。,1297244128.6229086,0.0
lsxp-ZhangGongDao-ZhuangYuanPu.xml_0,张公道三十五六（哇）子有靠，,1303036602.7110643,0.0
lseh-YangYanZhao-PengBei.xml_1,在中途得一信甚是不明。,1323047966.6373167,0.0
lsxp-ZhangGongDao-ZhuangYuanPu.xml_5,眼睁（呐）睁有何人去（呀）把纸烧。,1323800818.0203116,0.125
lseh-WeiKaiYan-RangXuZhou.xml_5,救生灵（呐）积阴（呐）功也免得我坐卧不宁。,1330700199.590483,0.0
lseh-XinZhongYou-WenZhaoGuan.xml_9,不能（呃）哎见。,1330765033.6979778,0.0
lsxp-ZouYingLong-DaYanSong.xml_3,偶遇见小小的顽童放悲声，,1347222845.9253147,0.0
lsxp-ZheYiFeng-DingJunShan.xml_1,天助黄忠成功劳。,1352128954.1815653,0.0
lseh-YiLunMing-WenZhaoGuan-1.xml_14,思来想去我的肝肠断，,1360052409.5778732,0.0
lseh-YiLunMing-ZhuoFangSuDian.xml_6,又谁知此贼的疑心（呐）太（呀）大，,1367165105.7084744,0.125
lseh-YiLunMing-ZhuoFangCao-2.xml_3,悔不该随他人到吕家。,1370707806.4670711,0.0
lsxp-ZouYingLong-DaYanSong.xml_13,在品级台（呀）前臣见君。,1372181569.5935555,0.0
lseh-YiLunMing-WenZhaoGuan-1.xml_30,朝臣待漏（哇）五更寒，,1373757596.2310996,0.0
lsxp-WeiCengKai-QiYuanBao.xml_9,望求太爷与我作主张（啊）。,1378238524.5941303,0.0
lsxp-TingTaYan-ZhuoFangCao-2.xml_1,背转身自埋怨我自（呃）已做差。,1385861177.6511247,0.125
lsxp-TingTaYan-ZhuoFangCao-1.xml_1,背转身只埋怨我自（呃）己作差，,1385861177.6511247,0.125
lsxp-ZiGuDao-HuangHeLou.xml_5,四将军保架料也无妨。,1390209073.7946496,0.0
lsxp-WoZhuYe-ZhuiHanXin.xml_8,一路上秋毫无犯军威壮，,1394657877.0454228,0.0
lseh-NiangZiBu-SouGuJiuGu.xml_9,来年必定降麒麟。,1395220238.9297335,0.125
lsxp-ZheYiFeng-DingJunShan.xml_0,这一封（呃）书信来得巧，,1398032615.174376,0.0
lsxp-ZouYingLong-DaYanSong.xml_4,我问顽童啼哭因何故，,1404900624.151978,0.125
lseh-YiLunMing-ZhuoFangSuDian.xml_3,悔不该随他人到吕家。,1406597974.331614,0.0
lseh-LaoZhangBu-WuPenJi.xml_3,我本屈死一鬼魂。,1413046828.1090181,0.0
lseh-YiLunMing-ZhuoFangCao-1.xml_25,险些儿把事（喏）又（哇）作差。,1413185685.2669332,0.0
lsxp-WoZhuYe-ZhuiHanXin.xml_0,我主爷起义在芒砀，,1423313173.6457245,0.0
sdxp-SuLongWei-WuJiaPo.xml_19,是烈女就该在家院，,1425435786.9753726,0.125
lsxp-ZheYiFeng-DingJunShan.xml_8,三军与（呀）爷归营号，,1441863037.1762707,0.0
lsxp-DaHeYi-SiLangTanMu.xml_24,你是番邦什么人？,1451235224.600683,0.0
lsxp-JiangShenEr-SanJiaDian.xml_15,叫一声解差把店役。,1451641358.8228176,0.0
lseh-LaoZhangBu-WuPenJi.xml_5,抓一（呀）把沙土扬灰尘。,1468459222.0087199,0.0
lsxp-CiShiJian-HuaiHeYing-2.xml_4,左手拉住了李左车，,1472415754.694205,0.0
lsxp-ZheYiFeng-DingJunShan.xml_7,退后的项上吃一刀。,1485318708.0049167,0.0
lseh-YiLunMing-ZhuoFangCao-2.xml_8,一家人倶丧在宝剑之下，,1489495656.0572457,0.0
lsxp-DaHeYi-SiLangTanMu.xml_21,龙行虎步非凡等，,1490472838.845021,0.0
lsxp-DaHeYi-SiLangTanMu.xml_7,将身站在了阶前等，,1490556442.2699161,0.0
lsxp-ZhangGongDao-ZhuangYuanPu.xml_4,怕将（呃）来老天爷无（哇）有果报，,1493691164.1522002,0.0
lseh-NiangZiBu-SouGuJiuGu.xml_8,你今舍了亲生子，,1502947446.2769823,0.0
sdxp-SuLongWei-WuJiaPo.xml_11,好一个贞节王宝钏，,1507247784.2058606,0.0
lsxp-WoBenShi-KongChengJi-2.xml_9,我面前却少个知（呃）音的人。,1509451015.4736464,0.0
lsxp-ZuoRiLi-YuanMenZhanZi.xml_5,老娘亲再讲情儿自刎头来。,1516988779.8305473,0.125
lsxp-ZiCongQian-ZhuLianZhai.xml_4,山高路远少来问候，,1518774354.4651833,0.0
sdxp-DangNianHan-SanJiZhang.xml_2,未央宫斩的是何人？,1518926928.4790173,0.125
lseh-YiLunMing-WenZhaoGuan-1.xml_6,一连几天我的眉不（哇）展，,1521150782.2433434,0.0
lsxp-DaHeYi-SiLangTanMu.xml_28,原来四哥回宋营。,1524067767.8256879,0.0
lseh-XiRiLi-BaoLianDeng.xml_12,为父的怎比得孤竹君，,1526727494.9551928,0.0
lsxp-ZouYingLong-DaYanSong.xml_11,我本当金（哪）殿奏一本怎奈我官卑职小不能够参大臣。,1527777858.5418344,0.0
lseh-TuZeiZuo-SouGuJiuGu.xml_0,屠贼做事心太狠，,1532253483.9075367,0.0
lseh-YiLunMing-WenZhaoGuan-2.xml_14,思来想去我的肝肠断，,1535398994.6587138,0.0
lseh-WeiKaiYan-RangXuZhou.xml_2,二犬子（呃）皆年幼（哇）难当（呃）重任，,1537453475.0383127,0.0
lsxp-YiShiWu-YuCangJian.xml_0,一事无成两鬓斑，,1545330638.2895851,0.0
lseh-XuMaoGong-QinQiongFaPei.xml_2,既是为我前来到，,1547156672.6238923,0.0
lseh-YiLunMing-WenZhaoGuan-1.xml_18,背地里只把东皋公怨，,1553762797.9479496,0.0
sdxp-SuLongWei-WuJiaPo.xml_18,我与你露水的夫妻就过几年（呐）。,1554192555.9082286,0.125
lsxp-ZiGuDao-HuangHeLou.xml_3,二将军保架过长江。,1554215125.3417149,0.0
lseh-YiLunMing-ZhuoFangCao-1.xml_17,汉室后来贼是个惹祸的根芽。,1554948462.7769029,0.0
lsxp-DaHeYi-SiLangTanMu.xml_30,自己骨肉认不清。,1555230830.6710289,0.125
lsxp-ZhangGongDao-ZhuangYuanPu.xml_2,为（呀）儿（啼）女我也曾朝山拜庙，,1558869457.1786935,0.0
lsxp-WeiCengKai-QiYuanBao.xml_4,奉母命京城往，,1560541774.256954,0.0
lseh-XiRiLi-BaoLianDeng.xml_6,弟让兄来兄不能应（呐）允，,1562893003.7555735,0.0
lsxp-JiangShenEr-SanJiaDian.xml_5,因此上发配到登州。,1563751598.1894562,0.0
lsxp-DaHeYi-SiLangTanMu.xml_6,怎知今日回宋营。,1565971284.1506708,0.0
lsxp-ZouYingLong-DaYanSong.xml_7,站立在殿角用目来观定，,1585659770.7239742,0.0
lsxp-LiangGuoJiao-ShiJieTing-2.xml_4,此一番领（呃）兵去镇守，,1586474638.0135334,0.0
lseh-YiLunMing-WenZhaoGuan-1.xml_7,夜夜何曾得安眠。,1594010759.5411334,0.125
lseh-YiLunMing-WenZhaoGuan-2.xml_7,夜夜何曾得安眠。,1594010759.5411334,0.125
lsxp-ZiGuDao-HuangHeLou.xml_2,曾记得当年赴河梁，,1596037297.5896547,0.0
lseh-YiLunMing-WenZhaoGuan-1.xml_9,满腹的含冤我向谁言（哪）！,1596434874.8730803,0.0
lseh-YiLunMing-WenZhaoGuan-2.xml_9,满腹的含冤我向谁言（喏）。,1596434874.8730803,0.0
lseh-YiLunMing-WenZhaoGuan-1.xml_20,若是真心来救我，,1599242225.0811157,0.0
lseh-XinZhongYou-WenZhaoGuan.xml_4,若是真心来救我，,1599242225.0811157,0.0
lsxp-WoZhuYe-ZhuiHanXin.xml_11,反将我主贬汉王。,1605770926.8776505,0.0
lseh-YiLunMing-ZhuoFangSuDian.xml_5,杀猪（喏）沽酒款待与他，,1610414210.1932857,0.0
sdxp-WoHeNi-SiLangTanMu.xml_2,贤公主又何必过于谦言。,1610652840.3161674,0.25
lseh-XinZhongYou-WenZhaoGuan.xml_2,背地里只把东皋公怨，,1611344941.6432896,0.0
lsxp-LiangGuoJiao-ShiJieTing-2.xml_2,管带三（呐）军要宽厚，,1618963499.538934,0.0
lsxp-WoZhuYe-ZhuiHanXin.xml_1,拔剑斩蛇天下扬。,1619644180.1451647,0.0
sdxp-SuLongWei-WuJiaPo.xml_7,大嫂说话礼不端，,1620034035.7034192,0.0
lseh-YiLunMing-WenZhaoGuan-1.xml_3,谁知昭关有阻拦。,1625402553.5141239,0.0
lseh-YiLunMing-ZhuoFangCao-1.xml_22,虎在笼中我不打，,1643085684.0501304,0.0
lseh-YiLunMing-WenZhaoGuan-1.xml_4,幸遇那东皋公行方便，,1648342887.8528314,0.0
sdxp-SuLongWei-WuJiaPo.xml_12,百般调戏也枉然。,1654014131.8654733,0.0
lsxp-ZiCongQian-ZhuLianZhai.xml_2,为千岁懒把朝房走，,1661080872.5772302,0.0
sdxp-SuLongWei-WuJiaPo.xml_3,他三人与我有仇恨，,1663341546.9687507,0.0
lsxp-WoZhuYe-ZhuiHanXin.xml_2,怀王也曾把旨降，,1667893571.7532022,0.0
lsxp-CiShiJian-HuaiHeYing-2.xml_5,右手再把栾布拉，,1679338018.8824711,0.0
lsxp-JiangShenEr-SanJiaDian.xml_8,实难舍街坊四邻与我的好朋友，,1681726038.4018617,0.0
lsxp-LiangGuoJiao-ShiJieTing-2.xml_0,两国交锋龙虎斗，,1683869327.4725704,0.0
sdxp-SuLongWei-WuJiaPo.xml_8,为军哪怕到官前。,1687645418.9527838,0.0
lseh-TuZeiZuo-SouGuJiuGu.xml_1,诬杀赵家一满门。,1693150777.6205282,0.0
lseh-ZiNaRi-HongYangDong.xml_7,去了我左右膀难以飞行。,1697556832.3377197,0.0
lseh-XinZhongYou-WenZhaoGuan.xml_15,到如今夜宿在荒村院，,1709234160.974493,0.0
lseh-YiLunMing-WenZhaoGuan-1.xml_31,到如今夜宿在荒村院，,1709234160.974493,0.0
lsxp-QingGongYan-FaDongWu.xml_1,想起桃园结拜情。,1717467753.2302513,0.0
lsxp-ZuoRiLi-YuanMenZhanZi.xml_2,今日里斩宗保娘把儿怪，,1723112223.6057706,0.0
lsxp-DaHeYi-SiLangTanMu.xml_9,家住后山磁州郡，,1727362927.2735956,0.0
sdxp-SuLongWei-WuJiaPo.xml_5,西凉川四十单八站，,1736680263.7639506,0.0
lseh-YiLunMing-WenZhaoGuan-2.xml_3,谁知昭关有阻拦。,1738176348.4511228,0.0
lseh-YiLunMing-WenZhaoGuan-1.xml_16,心中有事难合眼，,1748823349.6107113,0.0
lseh-ZenNengGou-BaDaChui.xml_0,怎能够思一计番营来进，,1759457359.222265,0.0
lseh-XinZhongYou-WenZhaoGuan.xml_13,想当初在朝为官宦，,1773741456.9040525,0.0
lseh-YiLunMing-WenZhaoGuan-1.xml_29,想当初在朝为官宦，,1773741456.9040525,0.0
lseh-XinZhongYou-WenZhaoGuan.xml_0,心中有事难合眼，,1775035308.3833604,0.0
lseh-ZiNaRi-HongYangDong.xml_6,老军报他二人在洪洋（呃）洞丧（呃）命，,1776211625.5154614,0.0
lsxp-ZhangGongDao-ZhuangYuanPu.xml_1,陈伯愚年半百无有后苗。,1777086719.1868062,0.0
lseh-XiRiLi-BaoLianDeng.xml_15,打死个秦官保父不能担承。,1786419922.6795161,0.0
lsxp-ZhangGongDao-ZhuangYuanPu.xml_3,为儿（喏）女我也曾补路修桥。,1788098453.1770821,0.0
lsxp-CiShiJian-HuaiHeYing-2.xml_7,生死二字（喏）且由他！,1788793994.89958,0.0
lseh-YiLunMing-ZhuoFangCao-2.xml_4,吕伯奢可算得义气大，,1789282735.6622124,0.0
lseh-YiLunMing-WenZhaoGuan-1.xml_12,我好（哇）比鱼儿吞了钩线，,1792759039.4297569,0.0
lseh-YiLunMing-ZhuoFangSuDian.xml_8,一家人倶丧在宝剑之（喏）下，,1794604602.2105186,0.0
lseh-YiLunMing-WenZhaoGuan-2.xml_12,我好（呃）比鱼儿吞了钩线，,1802702396.5070915,0.0
lseh-XinZhongYou-WenZhaoGuan.xml_12,越思越想好伤惨，,1806599364.967468,0.0
lseh-YiLunMing-WenZhaoGuan-1.xml_5,他将我隐藏在后花园。,1808659836.8172634,0.0
lseh-YiLunMing-WenZhaoGuan-2.xml_6,一连几天我的眉不（呃）展，,1808686621.8419142,0.0
lsxp-DaHeYi-SiLangTanMu.xml_22,灯光之下看不真。,1821157662.2800043,0.0
lsxp-TingTaYan-ZhuoFangCao-1.xml_2,我先前只望他宽宏量（呃）大，,1821353696.8918765,0.0
lsxp-TingTaYan-ZhuoFangCao-2.xml_2,我先前只望他宽宏量（呃）大，,1821353696.8918765,0.0
lsxp-TingTaYan-ZhuoFangCao-1.xml_6,这时候我只得暂且忍耐在心下，,1827057194.9437432,0.0
lsxp-ZheYiFeng-DingJunShan.xml_2,站立在营门三军叫，,1827494534.5167246,0.0
lsxp-ShenGongWu-LongFengChengXiang.xml_0,深宫无（哇）处不飞花，,1830322574.9283507,0.0
lseh-YiLunMing-WenZhaoGuan-1.xml_34,寻短（哪）哎见爹娘（兀）！,1842894475.849998,0.0
lseh-XiRiLi-BaoLianDeng.xml_5,那伯夷尊父命也不能应承，,1845084463.6284001,0.0
lsxp-CiShiJian-HuaiHeYing-2.xml_1,胡言乱语怎瞒（呐）咱！,1856328931.6389198,0.0
sdxp-DangNianHan-SanJiZhang.xml_5,我的儿说话言不逊，,1856814806.9760172,0.0
lseh-YiLunMing-WenZhaoGuan-2.xml_13,我好（呃）比波浪中失舵的舟船（喏）。,1862496584.0940893,0.0
lsxp-CiShiJian-HuaiHeYing-2.xml_6,三人同把那鬼门关上爬，,1867698363.3150277,0.0
lseh-XiRiLi-BaoLianDeng.xml_13,二娇儿也难比那两个贤人。,1870027041.3997779,0.0
lseh-YiLunMing-WenZhaoGuan-1.xml_13,我好（哇）比波浪中失舵的舟船（哪）。,1876671523.7810595,0.0
lseh-TanXiongDi-SangYuanJiZi.xml_3,见坟台不见人刀割我心。,1891878077.3695168,0.0
sdxp-WoHeNi-SiLangTanMu.xml_14,见母一面即刻还。,1908580555.2572939,0.0
lsxp-JiangShenEr-SanJiaDian.xml_4,杨林与我来争斗，,1912822886.7536163,0.0
sdxp-SuLongWei-WuJiaPo.xml_1,苏龙魏虎为媒证，,1917594307.9353724,0.0
lseh-XinZhongYou-WenZhaoGuan.xml_18,寻短（呃）哎见爹娘（呃）。,1919256527.5692148,0.0
lseh-YiLunMing-ZhuoFangCao-1.xml_8,一家人倶丧在宝剑之（喏）下，,1921639796.4582999,0.0
lsxp-TingTaYan-ZhuoFangCao-2.xml_6,这时候我只得暂且忍耐在心下，,1922667537.0591266,0.0
lseh-ZiNaRi-HongYangDong.xml_9,因此上臣的病重（呃）加十分、千岁爷呀！,1934730357.0290401,0.0
lsxp-WoBenShi-KongChengJi-1.xml_9,我面前缺少个知呃音的人。,1937993665.3835125,0.0
lseh-XiRiLi-BaoLianDeng.xml_9,那叔齐逃出了后宰门，,1951200067.4290414,0.0
lseh-ZenNengGou-BaDaChui.xml_3,倒不如上公安观看古今。,1953800009.6011195,0.0
lseh-YangYanZhao-PengBei.xml_3,又只见老爹爹瞌睡沉沉。,1957302662.8075688,0.0
lsxp-DaHeYi-SiLangTanMu.xml_25,家住哪州并哪郡？,1966750278.7680759,0.0
lsxp-DaHeYi-SiLangTanMu.xml_4,上面（哪）坐的同胞人。,1967423425.2183616,0.0
lseh-XiRiLi-BaoLianDeng.xml_4,那叔齐分长幼不能担任，,1970082653.0914235,0.0
lsxp-QingGongYan-FaDongWu.xml_2,弟兄们创业多艰难，,1974258482.0315115,0.0
sdxp-SuLongWei-WuJiaPo.xml_13,腰中取出银一锭，,1979003601.8328505,0.0
lseh-YiLunMing-ZhuoFangSuDian.xml_1,陈宫心（呐）中乱如麻，,1979889648.9963408,0.0
lseh-XiRiLi-BaoLianDeng.xml_8,那伯夷出午门无（哇）有踪（呃）影，,1984387256.9614532,0.0
lseh-YiLunMing-ZhuoFangCao-1.xml_18,观此贼睡卧真（呐）潇洒，,1993998637.5397694,0.0
lseh-XiRiLi-BaoLianDeng.xml_14,打死了别家子父能作主，,2004578201.1817842,0.0
sdxp-WoHeNi-SiLangTanMu.xml_17,公主叫我盟誓愿，,2018159668.7302685,0.0
lseh-YiLunMing-WenZhaoGuan-1.xml_28,越思越想好伤惨，,2021488765.045614,0.0
lsxp-CiShiJian-HuaiHeYing-1.xml_1,胡言乱语怎瞒（呐）咱。,2028318194.11502,0.0
sdxp-SuLongWei-WuJiaPo.xml_6,为军的要人我是不要钱。,2034622468.8252559,0.0
sdxp-WoHeNi-SiLangTanMu.xml_10,怎奈我身在番难以过关。,2040076752.0686841,0.0
lseh-YiLunMing-WenZhaoGuan-2.xml_1,愁人心（呐）中似箭穿。,2055277790.0055957,0.0
lseh-YiLunMing-WenZhaoGuan-1.xml_1,愁人心（哪）中似箭穿。,2057218614.2167828,0.0
sdxp-DangNianHan-SanJiZhang.xml_3,小奴才真个不孝顺，,2067287324.2596214,0.0
lseh-YiLunMing-WenZhaoGuan-1.xml_36,对天发不宏誓愿，,2072009363.3948021,0.0
lseh-YiLunMing-ZhuoFangCao-1.xml_19,安眠好似并底之蛙，,2073593829.0810876,0.0
lsxp-HenPingWang-WenZhaoGuan.xml_2,我的（呀）父谏奏反把命（哪）送，,2077046392.9060984,0.0
lsxp-ZouYingLong-DaYanSong.xml_5,他言道严嵩老贼害他的举家一满门。,2093525656.0735059,0.0
lseh-XuMaoGong-QinQiongFaPei.xml_5,其中必有这巧（哇）妙高。,2102247323.8368123,0.125
lseh-YiLunMing-WenZhaoGuan-2.xml_5,他将我隐藏在后花园。,2105900539.9974315,0.0
lsxp-ZheYiFeng-DingJunShan.xml_3,大小儿郎听根苗，,2107704222.6401074,0.0
lsxp-JiangShenEr-SanJiaDian.xml_1,尊一声过往的宾朋听从头：,2111050455.4289329,0.0
lseh-XinZhongYou-WenZhaoGuan.xml_20,对天发下宏誓愿，,2111728821.5083964,0.0
lseh-JinZhongXiang-ShangTianTai.xml_1,寡人喜的是五谷丰登。,2115742511.5105124,0.0
lseh-JinZhongXiang-ShangTianTai.xml_2,文凭着邓先生策划有准，,2118823453.3994882,0.0
lseh-YangYanZhao-PengBei.xml_0,杨延昭奉父命巡查大营，,2120391156.2619159,0.0
lseh-YiLunMing-ZhuoFangCao-2.xml_1,陈宫心中乱如麻。,2125849720.0215616,0.0
lsxp-ZheYiFeng-DingJunShan.xml_5,三通鼓刀出鞘四通（呃）鼓把兵交。,2129587361.6083965,0.0
lsxp-WoZhuYe-ZhuiHanXin.xml_7,一路上得遇陆贾、郦生与张良。,2144121817.9759936,0.0
sdxp-WoHeNi-SiLangTanMu.xml_5,非是我这几日愁眉不展，,2144749845.8868818,0.0
lsxp-DaHeYi-SiLangTanMu.xml_26,要见本帅为何情？,2157008363.2200346,0.125
lsxp-WoBenShi-KongChengJi-2.xml_8,闲无（呃）事在敌楼（呃）我亮一亮琴（呢）音，,2162245196.4459267,0.0
lseh-WeiGuoJia-HongYangDong-2.xml_0,为国家哪何曾半日闲空，,2185906994.6300015,0.125
lseh-YiLunMing-WenZhaoGuan-2.xml_4,幸遇那东皋公行方便，,2188957543.6078973,0.0
lseh-YiLunMing-ZhuoFangCao-1.xml_6,又谁知此贼的疑心（呐）太（呀）大，,2211442414.3500986,0.125
lsxp-WeiCengKai-QiYuanBao.xml_1,尊一声太爷听端详。,2227243279.6070833,0.0
lsxp-WoBenShi-KongChengJi-2.xml_6,周文王访姜尚周室大振，,2229456354.3752465,0.0
lseh-WeiGuoJia-HongYangDong-1.xml_0,为国家那何曾半日闲空，,2231927695.2135777,0.125
lseh-NiangZiBu-SouGuJiuGu.xml_10,千言万（哪）语她不肯，,2235061748.1471872,0.0
lsxp-TingTaYan-ZhuoFangCao-2.xml_5,这才是花随水水不（哇）能恋（呐）花。,2240769983.7120872,0.0
lseh-YangYanZhao-PengBei.xml_4,我本当将此事对他来论，,2243376293.1979117,0.0
lsxp-TingTaYan-ZhuoFangCao-2.xml_4,马行在来道内我难（呐）以回（呀）马，,2247370122.5014281,0.0
lsxp-TingTaYan-ZhuoFangCao-1.xml_4,马行在来道内我难（呐）以回（呀）马，,2247370122.5014281,0.0
sdxp-DangNianHan-SanJiZhang.xml_4,仙女嫁的又是何人？,2247484214.4380598,0.125
lsxp-JiangShenEr-SanJiaDian.xml_13,娘想儿来泪双流。,2249322942.4811859,0.0
lsxp-LiangGuoJiao-ShiJieTing-2.xml_3,赏罚中公（呃）平莫要自由。,2251151121.1029868,0.125
lsxp-CiShiJian-HuaiHeYing-1.xml_6,三人同把那鬼门关上踏（啊），,2254640411.5069032,0.0
lsxp-TingTaYan-ZhuoFangCao-1.xml_5,这才是花随水水不（哇）能恋（呐）花。,2257982628.4222713,0.0
lseh-ZiNaRi-HongYangDong.xml_2,我前番命孟良骸骨搬（呐）请，,2270038960.6726904,0.0
lseh-YiLunMing-ZhuoFangCao-1.xml_1,陈宫心（呐）中乱如麻，,2291119283.7896824,0.0
lseh-NiangZiBu-SouGuJiuGu.xml_11,不舍娇儿难救孤身。,2293653191.4067931,0.0
lsxp-CiShiJian-HuaiHeYing-1.xml_7,生死二字（喏）且由他。,2300105782.3565717,0.0
lsxp-WoBenShi-KongChengJi-1.xml_8,闲无哇事在敌楼哇我亮（呃）一亮琴哪音，,2317044488.5334597,0.0
lseh-WeiGuoJia-HongYangDong-1.xml_1,我也曾平服了塞北西东。,2317637553.7812977,0.0
sdxp-SuLongWei-WuJiaPo.xml_4,咬定牙关他就不认承。,2320790594.2876182,0.125
lseh-YiLunMing-WenZhaoGuan-1.xml_10,我好（哇）比哀哀长空雁，,2337380235.8297291,0.0
lsxp-WoZhuYe-ZhuiHanXin.xml_5,后进咸阳扶保在朝纲。,2343302093.4439969,0.0
lseh-WeiGuoJia-HongYangDong-3.xml_1,我也曾平服了塞北西东。,2347846745.1617494,0.0
lsxp-WoZhuYe-ZhuiHanXin.xml_6,也是我主洪福广，,2371516564.0427113,0.0
lseh-XiRiLi-BaoLianDeng.xml_1,伯夷叔齐二大贤人，,2372355455.0427971,0.0
lsxp-ZheYiFeng-DingJunShan.xml_9,到明天午时三刻要成功劳。,2382795265.5508575,0.0
lsxp-JiangShenEr-SanJiaDian.xml_2,一不是响马与贼寇，,2385357311.4695935,0.0
lsxp-JiangShenEr-SanJiaDian.xml_10,娘生儿连心肉，,2389933003.2272897,0.0
lsxp-WoBenShi-KongChengJi-2.xml_5,东西战南北剿博古（呃）通（哦）今。,2400169435.1717739,0.0
lseh-YiLunMing-WenZhaoGuan-1.xml_8,俺伍员好一似丧家犬，,2408875951.7862,0.0
lseh-YiLunMing-ZhuoFangCao-1.xml_15,悔不该弃县今抛却了乌（哇）纱，,2422341235.4581757,0.0
sdxp-SuLongWei-WuJiaPo.xml_2,王丞相是我的主婚人（哪）。,2430364550.5881557,0.0
lsxp-ShenGongWu-LongFengChengXiang.xml_2,朝欢暮乐无牵挂，,2430448370.6033111,0.0
lseh-YiLunMing-ZhuoFangSuDian.xml_11,自有那神灵儿天地鉴察。,2436359979.4422951,0.125
lseh-YiLunMing-WenZhaoGuan-2.xml_10,我好（呃）比哀哀长空雁，,2456155159.2152567,0.0
lseh-YiLunMing-ZhuoFangCao-1.xml_11,自有那神灵（啊）天地鉴察。,2458503667.2280531,0.125
lsxp-ZouYingLong-DaYanSong.xml_2,那一日打从大街进，,2463706549.2779484,0.0
lseh-YiLunMing-ZhuoFangCao-2.xml_11,自有那神灵儿天地鉴察。,2479298731.6508613,0.125
lseh-NiangZiBu-SouGuJiuGu.xml_7,老天爷不绝我的后代根。,2502952742.4659324,0.0
lsxp-DaHeYi-SiLangTanMu.xml_8,问我一言答一声。,2504295869.9061308,0.0
lsxp-ZouYingLong-DaYanSong.xml_0,忽听得万岁宣应龙，,2505539670.9864302,0.0
lseh-LaoZhangBu-WuPenJi.xml_6,我和你远无冤近无有仇恨，,2507888230.5189061,0.0
lseh-NiangZiBu-SouGuJiuGu.xml_6,舍子搭救忠（呃）良的后，,2512274860.8685188,0.0
lsxp-WoBenShi-KongChengJi-1.xml_5,东西战南北剿博古通呃今。,2512293391.0118771,0.0
lseh-YiLunMing-ZhuoFangSuDian.xml_4,吕伯奢可算得义气（呀）大，,2527629841.948452,0.0
lsxp-WoBenShi-KongChengJi-2.xml_7,我诸葛怎比得前辈（呃）的先（呃）生。,2558223845.6625767,0.0
sdxp-DangNianHan-SanJiZhang.xml_1,登台拜帅是韩信，,2559099145.1129618,0.0
lseh-WeiGuoJia-HongYangDong-2.xml_1,我也曾平服了塞北西东。,2565287940.6823082,0.0
lseh-YiLunMing-WenZhaoGuan-1.xml_25,不能（哪）哎见爹娘（兀）！,2569175569.3071046,0.0
lseh-JinZhongXiang-ShangTianTai.xml_4,内侍臣忙摆驾九龙口进，,2608467000.5917196,0.0
lseh-WeiGuoJia-HongYangDong-3.xml_2,官封到节度史（喏）皇王恩重，,2616219843.0451865,0.0
lseh-LaoZhangBu-WuPenJi.xml_0,老丈不（哇）必胆怕惊，,2619295623.6021738,0.125
lseh-ZiNaRi-HongYangDong.xml_0,自（喏）那日朝罢归身（呐）染重病，,2642507005.8438492,0.125
sdxp-SuLongWei-WuJiaPo.xml_10,管保大嫂就断与咱。,2653026702.6052771,0.125
lseh-LaoZhangBu-WuPenJi.xml_2,休把我当作了妖魔论，,2667748398.1205506,0.0
lsxp-CiShiJian-HuaiHeYing-2.xml_3,为什么事到如今耍奸滑？,2678016578.5241466,0.0
lseh-YiLunMing-WenZhaoGuan-2.xml_8,俺伍员好一似丧家犬，,2696197179.8113232,0.0
lsxp-DaHeYi-SiLangTanMu.xml_10,火堪寨上有家门。,2696540535.0825276,0.0
lseh-XiRiLi-BaoLianDeng.xml_0,昔日里有一个孤竹君，,2696558119.9781594,0.0
lsxp-TingTaYan-ZhuoFangCao-1.xml_0,听他言听得我心（呐）惊胆怕，,2701603893.1842823,0.0
lsxp-TingTaYan-ZhuoFangCao-2.xml_0,听他言吓得我心（呐）惊胆怕，,2701603893.1842823,0.0
lseh-YiLunMing-WenZhaoGuan-1.xml_2,实指（惹）望到吴国借兵回转，,2704834927.0128193,0.0
lsxp-ZuoRiLi-YuanMenZhanZi.xml_3,哭啼啼坐宝帐所为何来。,2705863879.7934127,0.125
lsxp-WoBenShi-KongChengJi-1.xml_7,俺诸（喏）葛怎比得前辈呀的先哪生。,2728173945.4425015,0.0
lseh-WeiGuoJia-HongYangDong-3.xml_0,为国家哪何曾半日闲空，,2730293466.7788458,0.125
lsxp-CiShiJian-HuaiHeYing-1.xml_3,为什么事到如今耍奸滑。,2739264280.6485519,0.0
lsxp-YiShiWu-YuCangJian.xml_3,靠山绿（哇）水常在面前。,2763055253.4544477,0.0
lseh-YiLunMing-WenZhaoGuan-1.xml_37,我不杀平王我的心怎甘（哪）。,2768139131.3283172,0.0
lsxp-WoBenShi-KongChengJi-1.xml_6,周文王访姜尚周室大振，,2788303729.367126,0.0
lseh-WeiGuoJia-HongYangDong-1.xml_2,官封到节度使（喏）皇王恩重，,2789664696.316011,0.0
sdxp-WoHeNi-SiLangTanMu.xml_12,无有令箭怎过关。,2795227773.6960521,0.0
lseh-WeiKaiYan-RangXuZhou.xml_0,未开言不由人（呐）珠泪滚滚，,2802819700.9332318,0.0
lseh-YiLunMing-ZhuoFangCao-2.xml_0,一轮明月照窗下，,2832478134.8664699,0.0
lsxp-ZheYiFeng-DingJunShan.xml_4,头通（呃）鼓紧战袍，,2848269525.9719453,0.0
lseh-YiLunMing-WenZhaoGuan-2.xml_2,实指望到吴国借兵回转，,2853765217.1787481,0.0
lseh-ZiNaRi-HongYangDong.xml_1,三更时梦（呃）见（呐）了年迈爹尊（呐）。,2874221712.2877698,0.0
lseh-WeiGuoJia-HongYangDong-2.xml_2,官封到节度使（喏）皇王恩重，,2884225981.8780737,0.0
lseh-YiLunMing-WenZhaoGuan-1.xml_33,我本当拔宝剑自寻短见，,2918654926.6852479,0.125
lsxp-WeiCengKai-QiYuanBao.xml_2,家住在南阳太平庄，,2924323311.3399663,0.0
sdeh-WenSanNiang-SanNiangJiaoZi.xml_1,问三娘发雷霆却是为何？,2930212636.0356131,0.125
lseh-ZiNaRi-HongYangDong.xml_5,又谁知焦克明他私（呀）自后跟（呐），,2938076828.4121966,0.125
lseh-XinZhongYou-WenZhaoGuan.xml_21,我不杀平王我的心怎甘。,2961368651.4243832,0.0
lsxp-WoZhuYe-ZhuiHanXin.xml_4,先进咸阳为皇上，,2969882703.9591103,0.0
sdxp-WoHeNi-SiLangTanMu.xml_16,快马加鞭我一夜还。,2980421548.0935159,0.0
lseh-YiLunMing-ZhuoFangSuDian.xml_0,一轮明月照窗下，,2980670038.0900478,0.0
lseh-NiangZiBu-SouGuJiuGu.xml_4,我与那公孙杵臼把计定，,2995983434.0268278,0.0
lsxp-DaHeYi-SiLangTanMu.xml_16,我是你四哥回宋营。,3018500211.3685999,0.0
lseh-YiLunMing-ZhuoFangCao-1.xml_24,执宝剑将贼的（呀）头割下，,3036981241.1332517,0.0
lseh-TanXiongDi-SangYuanJiZi.xml_2,眼望着孤坟台珠泪难忍，,3062331800.6093936,0.0
lseh-YiLunMing-WenZhaoGuan-2.xml_0,一轮明月照窗前，,3078903745.0434484,0.0
lseh-YiLunMing-WenZhaoGuan-1.xml_0,一轮明月照窗前，,3094839651.2079725,0.0
lseh-ZenNengGou-BaDaChui.xml_2,前也思（喏）后又想无有计定，,3118842266.9713411,0.0
lseh-YiLunMing-ZhuoFangSuDian.xml_2,悔不该心猿并意马，,3134690297.1463671,0.0
lseh-XiRiLi-BaoLianDeng.xml_2,都只为孤（哇）竹君身染重病（哪），,3140719589.1468067,0.0
lseh-LaoZhangBu-WuPenJi.xml_4,我忙将树（呃）枝摆摇（哇）动，,3143276979.2416692,0.0
lseh-YiLunMing-ZhuoFangCao-2.xml_10,屈死的冤鬼魂休要怨咱，,3208884949.2494197,0.0
lseh-YiLunMing-WenZhaoGuan-1.xml_26,要相逢陈非是梦（兀）里团圆。,3226978902.8268294,0.0
lseh-TanXiongDi-SangYuanJiZi.xml_0,叹兄兀弟遭不幸一旦丧命，,3337246486.0889754,0.0
lsxp-TingTaYan-ZhuoFangCao-1.xml_3,却原（呐）来贼是个无（哇）义（呀）的冤家！,3348398670.2803874,0.0
lsxp-TingTaYan-ZhuoFangCao-2.xml_3,却愿（呐）来贼是个无（哇）义（呀）的冤家！,3348398670.2803874,0.0
lseh-YiLunMing-ZhuoFangSuDian.xml_10,屈死的怨鬼魂休要怨（呐）咱，,3354456911.0498657,0.0
lseh-WeiGuoJia-HongYangDong-3.xml_3,身不爽不由人瞌睡朦胧。,3411474907.3123002,0.0
lseh-XiRiLi-BaoLianDeng.xml_7,兄（呃）推弟来两不能够担承。,3435636166.327168,0.0
lsxp-WoBenShi-KongChengJi-1.xml_1,论阴阳如反掌保定乾坤。,3546219574.9143195,0.0
lseh-WeiKaiYan-RangXuZhou.xml_4,望使君放开怀慨然（呐）应（呐）允，,3558181325.2897344,0.0
lseh-WeiGuoJia-HongYangDong-1.xml_3,身不爽不由人瞌睡朦胧（呃）。,3598354095.6243558,0.0
lseh-YiLunMing-ZhuoFangCao-1.xml_0,一轮明月照窗下，,3647568682.0222249,0.0
lsxp-WoBenShi-KongChengJi-2.xml_0,我本是卧龙岗散淡（呐）的人，,3663034637.8017282,0.0
lseh-WeiGuoJia-HongYangDong-2.xml_3,身不爽不由人瞌睡朦胧（呃）（哪）。,3677342607.8548498,0.0
lseh-NiangZiBu-SouGuJiuGu.xml_3,三百余口命赴幽冥。,3698172993.7287235,0.0
lseh-NiangZiBu-SouGuJiuGu.xml_1,卑（呀）人言来你是（喏）听。,3795627463.7603126,0.0
lsxp-ZouYingLong-DaYanSong.xml_9,那一旁坐的就是严阁老，,3805349366.3187003,0.125
lseh-JinZhongXiang-ShangTianTai.xml_0,金钟响玉磬应王登龙庭，,3830904903.2541213,0.0
lsxp-WoBenShi-KongChengJi-2.xml_1,凭阴阳如反掌保定乾坤。,3849953777.7554455,0.0
lsxp-WoBenShi-KongChengJi-2.xml_2,先帝（呀）爷下南阳（呃）御驾三（呃）请，,3871786042.3217473,0.0
lseh-YiLunMing-ZhuoFangCao-2.xml_2,悔不该心猿并意马，,3923751498.6503024,0.0
lseh-WeiKaiYan-RangXuZhou.xml_1,天卸重任我就要（哇）你担承。,3933191052.271821,0.125
lsxp-YiShiWu-YuCangJian.xml_6,他害我满门（呐）真悲惨，,3951005119.937254,0.0
lseh-LaoZhangBu-WuPenJi.xml_1,我有言来你是（喏）听。,3987839736.4474878,0.0
lseh-TanXiongDi-SangYuanJiZi.xml_1,丢下了年幼儿好不伤情。,4033508060.7615747,0.0
lseh-XinZhongYou-WenZhaoGuan.xml_16,我冷冷清清向谁言（呃）。,4166880940.5218515,0.0
lseh-YiLunMing-WenZhaoGuan-1.xml_32,我冷冷清清向谁言（哪）。,4185974452.1699796,0.0
lseh-XinZhongYou-WenZhaoGuan.xml_17,我本当拔宝剑自寻短见，,4219893996.8232508,0.125
lsxp-WoBenShi-KongChengJi-1.xml_4,官封到武乡侯哇执掌帅印，,4240033046.9340491,0.0
lsxp-WoBenShi-KongChengJi-1.xml_0,我本是卧龙岗散淡哪的人，,4251558687.2331071,0.0
sdxp-SuLongWei-WuJiaPo.xml_9,衙里衙外我打点，,4257771262.246161,0.0
lseh-WeiKaiYan-RangXuZhou.xml_3,老朽年迈我也不能够担承。,4280039640.8882756,0.0
lsxp-WoBenShi-KongChengJi-2.xml_4,官封到武乡侯（呃）执掌帅印，,4339298470.4247894,0.0
lsxp-WoBenShi-KongChengJi-1.xml_2,先帝呀爷下南阳御呀驾三请，,4371094612.1305847,0.0
lseh-YiLunMing-WenZhaoGuan-1.xml_15,今夜晚怎能够盼到明天。,4494866648.2194891,0.0
lseh-XinZhongYou-WenZhaoGuan.xml_10,爹娘（呃）要相逢除非是梦（呃）里团圆。,4502866747.4855232,0.0
lseh-YiLunMing-WenZhaoGuan-2.xml_15,今夜晚怎能够盼到明天。,4560877545.1899719,0.0
sdxp-WoHeNi-SiLangTanMu.xml_15,宋营（哪）虽然路途远，,4656983066.3444567,0.0
lseh-NiangZiBu-SouGuJiuGu.xml_5,他舍命来你我舍亲生。,4943836830.4042377,0.0
