孀居愁苦泪洗面,2,孀居愁苦泪洗面，
daxp-ErTingDe-SuoLinNang.xml_22,分我一枝珊瑚宝，,1687251.9182921287,0.0
sdxp-DangNianHan-SanJiZhang.xml_13,商鞅不中苏季子，,1687251.9182921287,0.0
daspd-DuShouKong-WangJiangTing.xml_2,孀居愁苦泪洗面，,1939494.3778236178,1.0
sdxp-WoHeNi-SiLangTanMu.xml_26,你那里休得要巧言舌辨，,2575884.2056336296,0.0
sdxp-SuLongWei-WuJiaPo.xml_25,苏龙魏虎是内亲。,2767153.0223867181,0.0
sdxp-SuLongWei-WuJiaPo.xml_36,军爷说话理不端，,3036846.6200350844,0.0
daxp-GuanShiYin-TianNvSanHua.xml_0,观世音满月面珠开妙相，,3064539.9944777051,0.14285714285714285
sdxp-DangNianHan-SanJiZhang.xml_20,爹爹为何你要退婚？,3393957.1271746969,0.0
daxp-TingTaYan-ZuoGong.xml_0,听他言吓得我浑身是汗，,3643568.6885641925,0.0
daeh-ZiNaRi-ZhuangYuanMei-2.xml_8,幸喜得珍珠衫称心如愿，,3867273.1752735949,0.0
daxp-GuanShiYin-TianNvSanHua.xml_7,催祥云驾瑞彩速赴佛场。,4145630.88186447,0.0
daxp-JiaoZhangSheng-HongNiang.xml_3,这件事倒叫我心乱如麻。,4217771.477409062,0.0
daxp-XiRiLiang-LongFengChengXiang.xml_0,昔日梁鸿配孟光，,4233665.9580323054,0.0
daxp-FeiShiWo-TaoHuaCun.xml_0,非是我嘱咐叮咛把话讲，,4237010.3747574389,0.0
daxp-JiaoZhangSheng-HongNiang.xml_5,听号令且莫要惊动了她。,4272291.7734537711,0.0
daxp-MengJunZi-ChunQiuPei-2.xml_1,虽然是不相识我就不得不答。,4324011.0571047338,0.0
daxp-ChunQiuTing-SuoLinNang.xml_21,谁能移动他半分毫。,4325871.9121570988,0.0
daxp-MengTingDe-MuiGuiYingGuaShuai.xml_6,番王小丑何足论，,4357331.7055067848,0.0
daeh-ZiNaRi-ZhuangYuanMei-1.xml_6,百姓们闺房乐如花美眷，,4359525.9465292981,0.0
daxp-SuSanLi-NvQiJie.xml_4,哪一位去往南京转，,4409922.0222635642,0.0
sdxp-SuLongWei-WuJiaPo.xml_40,这锭银子奴不要，,4507828.4413754661,0.0
sdxp-SuLongWei-WuJiaPo.xml_32,我进相府对父言，,4507828.4413754661,0.0
daxp-ErTingDe-SuoLinNang.xml_20,我正不足她正少，,4565052.303465019,0.0
daxp-WoDeNiang-XinAnYi.xml_0,我的娘她忘了女生外姓，,4678587.0113392714,0.0
daxp-ErTingDe-SuoLinNang.xml_19,谁能移动它半分毫。,4743722.0833035111,0.0
daxp-QiaoLouShang-HuangShanLei.xml_5,猛听得窗儿外似有人行。,4799472.9708721889,0.0
daxp-DangRiLi-SuoLinNang.xml_16,有金珠和珍宝光华灿烂，,4810048.7827410186,0.0
daxp-MengTingDe-MuiGuiYingGuaShuai.xml_0,猛听得金鼓响画角声震，,4832662.623092101,0.0
daxp-ErTingDe-SuoLinNang.xml_28,麟儿哪有神送到，,4855149.4370344318,0.0
daxp-ZheCaiShi-SuoLinNang.xml_3,残生一线付惊涛。,4904351.1864863681,0.0
daxp-TingTaYan-ZuoGong.xml_5,尊一声驸马爷细听咱言。,4961721.3203499615,0.0
daxp-ChunQiuTing-SuoLinNang.xml_9,也有失意痛哭嚎啕，,4984264.1185575351,0.0
sdxp-SuLongWei-WuJiaPo.xml_34,将你带到官衙内，,4997423.5525973737,0.0
daxp-MengJunZi-ChunQiuPei-2.xml_4,身有病还受那继母拷打，,5025270.6063721245,0.0
daxp-XiShiNv-XiShi.xml_5,对清溪时照影自整罗农。,5038439.7979988754,0.0
daxp-JiaoZhangSheng-HongNiang.xml_0,叫张生隐藏在棋盘之下，,5109391.353636926,0.0
sdxp-WoHeNi-SiLangTanMu.xml_24,因何故终日里愁眉不展，,5153251.7285277182,0.14285714285714285
daxp-DangRiLi-SuoLinNang.xml_11,为什么悲切切哭得可怜。,5171522.5113977268,0.0
daxp-ChunQiuTing-SuoLinNang.xml_6,此时却又明白了，,5185092.7334846705,0.0
daeh-ZiNaRi-ZhuangYuanMei-1.xml_12,但愿得状元媒月老引线，,5208540.7035760544,0.0
daxp-MengTingDe-MuiGuiYingGuaShuai.xml_3,敌血飞溅石榴裙。,5224706.8153082849,0.0
daxp-ChunQiuTing-SuoLinNang.xml_24,分我一枝珊瑚宝，,5235593.9667495061,0.0
daxp-ChunQiuTing-SuoLinNang.xml_22,我在不足他正少，,5235593.9667495061,0.0
daxp-MengJunZi-ChunQiuPei-2.xml_0,蒙君子至诚心再三问话，,5261700.8477456709,0.0
daxp-DangRiLi-SuoLinNang.xml_15,囊虽小却能做续命泉源。,5263460.5927385008,0.0
sdxp-WoHeNi-SiLangTanMu.xml_23,咱与你隔南北千里姻缘。,5264016.6883641798,0.0
daeh-ZiNaRi-ZhuangYuanMei-2.xml_6,百姓们闺房乐如花美眷，,5290288.9933680538,0.0
daxp-ErTingDe-SuoLinNang.xml_14,休要噪且站了，,5420737.4437435446,0.0
daeh-NaRiFeng-YuanXiaoMi.xml_7,不如早死命归西。,5460505.30787264,0.0
sdxp-SuLongWei-WuJiaPo.xml_28,我父在朝为官宦，,5502889.2850176329,0.0
daxp-ZhiJianTa-WangJiangTing.xml_7,何必独自就暗猜疑。,5536168.4686618997,0.0
daspd-HaiDaoBing-GuiFeiZuiJiu.xml_6,奴似嫦娥离月宫。,5576398.1728837239,0.0
daxp-NiDeFu-FenHeWan.xml_0,你的父去投军无音信，,5586054.5344979241,0.0
daxp-MengTingDe-MuiGuiYingGuaShuai.xml_5,寸土怎能够属于他人。,5597157.7404091265,0.0
daxp-ChunQiuTing-SuoLinNang.xml_30,麟儿那有神送到，,5603612.843777243,0.0
daxp-FeiShiWo-TaoHuaCun.xml_7,桃花村口莫彷徨。,5628091.652180016,0.0
sdxp-SuLongWei-WuJiaPo.xml_31,命人送到（那）西凉川。,5631157.5398446843,0.0
sdeh-WenSanNiang-SanNiangJiaoZi.xml_5,实指望教训他终身有靠，,5654098.6203203565,0.0
daeh-XiaoNuCai-SanNiangJiaoZi.xml_2,哭一声亡故夫在阴曹等我，,5667076.4923742376,0.0
daeh-ZiNaRi-ZhuangYuanMei-2.xml_12,但愿得状元媒月老引线，,5730250.394316393,0.0
daeh-ZiNaRi-ErJinGong.xml_4,他那里父女情全然无有，,5734796.9722848963,0.0
daxp-XiRiLiang-LongFengChengXiang.xml_3,安排巧计害刘王。,5744249.2987740431,0.0
daxp-ChunQiuTing-SuoLinNang.xml_5,为何鲛珠化泪抛？,5771092.2141600754,0.14285714285714285
daeh-ZaoBuXing-HeHouMaDian.xml_10,只骂得贼昏王无言对答。,5799759.9008793384,0.0
sdxp-SuLongWei-WuJiaPo.xml_24,提起了旁人我不晓，,5811662.3415910322,0.0
daxp-WoZhuYe-SiLangTanMu.xml_0,我主爷金沙滩早把命丧，,5829660.5301359929,0.0
daxp-MengJunZi-ChunQiuPei-2.xml_2,家住在罗郡城魁星楼下，,5833731.5565886032,0.0
daxp-QiaoLouShang-HuangShanLei.xml_8,听画鼓报四更愈添凄冷，,5833895.4766222881,0.0
daxp-ChenSanLiang-ChenSanLiangPaTang.xml_5,最可恨鸨儿叫我接客人。,5838059.1552410359,0.0
daxp-MuQinBu-FengHuanChao.xml_4,人生不知顾脸面，,5910276.111367804,0.14285714285714285
daxp-ErTingDe-SuoLinNang.xml_0,耳听得悲声惨心中如捣，,5926506.7744991276,0.0
daxp-FeiShiWo-TaoHuaCun.xml_2,今夜晚非比那西厢待月、你懂提防、莫轻狂，,5933946.7584377602,0.0
daxp-ChenSanLiang-ChenSanLiangPaTang.xml_4,诗书易礼都学会，,5969846.0181487799,0.0
daeh-ZiNaRi-ZhuangYuanMei-1.xml_8,幸喜得珍珠衫称心如愿，,5990693.7883452652,0.0
daxp-NiDeFu-FenHeWan.xml_1,全仗你打雁养娘亲，,6012449.0270387204,0.0
daxp-MuQinBu-FengHuanChao.xml_5,活在世上也枉然。,6043262.264371464,0.0
daspd-HaiDaoBing-GuiFeiZuiJiu.xml_2,那冰轮离海岛，,6055005.0855971174,0.0
daxp-DangRiLi-SuoLinNang.xml_1,霎时间日色淡似坠西山。,6086824.4636697033,0.0
daxp-JiaoZhangSheng-HongNiang.xml_1,我步步行来你步步爬。,6093827.3856479106,0.0
daxp-XiShiNv-XiShi.xml_0,西施女生长在苎萝村里，,6118532.2439686591,0.0
daxp-FeiShiWo-TaoHuaCun.xml_11,是不是有人拍巴掌。,6129882.1685137711,0.0
daxp-FeiShiWo-TaoHuaCun.xml_4,已然错请生波浪，,6147623.061401953,0.0
sdeh-WenSanNiang-SanNiangJiaoZi.xml_6,又谁知平白的闪跌一跤。,6164374.364137047,0.0
daxp-TingTaYan-ZuoGong.xml_4,我这里走向前再把礼见，,6170545.9905773895,0.0
daeh-XiaoNuCai-SanNiangJiaoZi.xml_5,叹一声不由人珠泪如梭。,6180263.1383155435,0.14285714285714285
daxp-FeiShiWo-TaoHuaCun.xml_10,不但要仔细听、还要仔细想，,6196948.0700266957,0.0
sdxp-SuLongWei-WuJiaPo.xml_30,本利算来有多少，,6207878.5626639044,0.0
daxp-LaoDieDie-SanJiZhang-2.xml_3,这样人得了志比父还强。,6232072.279824526,0.0
daxp-LaoDieDie-DaYuShaJia-1.xml_3,等候了爹爹回细问根由。,6266375.4273643931,0.0
sdxp-DangNianHan-SanJiZhang.xml_9,当年韩信与苏秦，,6293419.8103330405,0.0
daxp-ChunQiuTing-SuoLinNang.xml_12,耳听得悲声惨心中如捣，,6322653.7918526446,0.0
daeh-NaRiFeng-YuanXiaoMi.xml_1,死里逃生甚惨凄。,6362019.3087148583,0.0
daxp-DiTouLi-NvQiJie.xml_7,来生变犬马我当报还。,6380097.6222505327,0.0
daeh-ZuoRiGong-TaiZhenWaiChuan.xml_0,昨日宫中何等宠幸，,6398597.3967650924,0.0
daeh-ZaoBuXing-HeHouMaDian.xml_8,只骂得贼昏王装聋作哑，,6403206.6456425367,0.0
daeh-ZiNaRi-ErJinGong.xml_2,先王爷晏驾后太子年幼，,6419142.4231882365,0.0
danbz-KanDaWang-BaWangBieJi.xml_3,猛抬头见碧落月色清明。,6427571.3610505955,0.0
sdxp-WoHeNi-SiLangTanMu.xml_22,讲什么夫妻情恩德不浅，,6443796.9411799302,0.0
daeh-ZuoRiGong-TaiZhenWaiChuan.xml_2,思想起从前事心中悔恨，,6455486.5403688746,0.0
daxp-MengJunZi-ChunQiuPei-1.xml_2,家住在罗郡城魁星楼下，,6477411.3445801204,0.0
daeh-WangChunE-SanNiangJiaoZi.xml_4,薛倚儿他好比无弓之箭，,6481689.8550152583,0.0
daxp-ErTingDe-SuoLinNang.xml_16,听薛良一语来相告，,6551542.6806988912,0.0
daxp-ErTingDe-SuoLinNang.xml_8,怜贫济困是正道，,6581966.4598437948,0.0
daxp-ChunQiuTing-SuoLinNang.xml_18,听薛良一语来相告，,6600123.7717592968,0.0
sdxp-WoHeNi-SiLangTanMu.xml_32,适才叫咱盟誓愿，,6600487.0272785937,0.0
sdxp-SuLongWei-WuJiaPo.xml_33,家人小厮有万千。,6679031.5108942017,0.0
daeh-ZiNaRi-ZhuangYuanMei-2.xml_10,但愿得令公令婆别无意见，,6710439.2694185767,0.0
daxp-MengJunZi-ChunQiuPei-1.xml_4,在家中受不过继母拷打，,6712586.8662738362,0.0
daxp-LaoDieDie-DaYuShaJia-1.xml_1,到叫我桂英儿挂在心头；,6734258.6283083921,0.0
daxp-MengJunZi-ChunQiuPei-1.xml_1,虽然是男女别不得不答。,6792560.3114724196,0.0
daeh-ZaoBuXing-HeHouMaDian.xml_0,遭不幸老王爷晏了御驾，,6829176.9645849122,0.0
daxp-WoDeNiang-XinAnYi.xml_1,奴年交十九岁还守闺门。,6842031.8463688241,0.0
daeh-ZaoBuXing-HeHouMaDian.xml_9,只骂得贼昏王扭转身驱、闭目合晴、羞羞惭惭一语不发，,6871282.2752074851,0.0
daeh-ZaoBuXing-HeHouMaDian.xml_2,把一个皇太子逼死殿下，,6874967.1208887417,0.0
daxp-SuSanLi-NvQiJie.xml_0,苏三离了洪洞县，,6888321.716159788,0.0
sdxp-DangNianHan-SanJiZhang.xml_17,仙女配的是董永，,6888321.716159788,0.0
daxp-LaoDieDie-YuZhouFeng.xml_3,观此本免了儿一门祸殃。,6890239.9703655727,0.0
daxp-LaoDieDie-YuZhouFeng.xml_1,明早朝上金殿面奏吾皇。,6933425.1132980213,0.14285714285714285
daxp-GuanShiYin-TianNvSanHua.xml_3,白鹦鹉与仙鸟在灵岩神岘上下飞翔；,6963481.9860530766,0.0
daxp-XiRiLi-LongFengChengXiang.xml_0,昔日里梁鸿配孟光，,6977836.1752547603,0.0
daxp-FeiShiWo-TaoHuaCun.xml_17,听我的号令上战场。,7015514.4315929692,0.0
daxp-XiRiLi-LongFengChengXiang.xml_3,安排虎计害刘王。,7034357.5426846016,0.0
sdxp-SuLongWei-WuJiaPo.xml_35,打板子、上夹棍、丢南牢、坐监禁、管叫你思前容易退后难。,7037147.0499273147,0.0
daeh-CanQiQi-WuLongZuo.xml_2,千金休哪曾受磨房景况，,7140194.0362336636,0.0
sdxp-SuLongWei-WuJiaPo.xml_29,府内金银堆如山。,7182350.7725047152,0.0
daxp-DiTouLi-NvQiJie.xml_0,低头离了洪洞县，,7195909.8076174632,0.0
daxp-DuiLingHua-BiYuZan.xml_1,听她言不由人喜上眉尖。,7212130.3299333388,0.0
daeh-ZuoChunGui-XiShi.xml_2,奴这里心中痛玉颜清减，,7225240.4290213855,0.0
daxp-TingTaYan-ZuoGong.xml_3,他思家乡想骨肉就不能团圆。,7249577.4385872334,0.0
sdxp-WoHeNi-SiLangTanMu.xml_25,有什么心腹事你只管明言。,7254701.6308754291,0.0
daxp-DiTouLi-NvQiJie.xml_4,哪一位去往南京转，,7291736.1218524911,0.0
sdxp-WoHeNi-SiLangTanMu.xml_30,宋营离此路途远，,7298536.1764460616,0.0
daxp-TingTaYan-ZuoGong.xml_1,十五载到今日才吐真言。,7298816.2286335425,0.0
daeh-ZiNaRi-ErJinGong.xml_9,想起了老王爷好不惨伤。,7318229.9158503702,0.0
daspd-DuShouKong-WangJiangTing.xml_1,芳心寂寞有谁怜，,7347230.4482236309,0.0
daxp-LaoDieDie-SanJiZhang-1.xml_3,贫穷人得了志比富还强。,7360936.5896517867,0.0
daxp-WoDeNiang-XinAnYi.xml_3,却原来母亲到儿未知情。,7406250.038996879,0.0
daxp-GuanShiYin-TianNvSanHua.xml_2,菩提树薝卜花千枝掩映，,7408629.156669423,0.0
daeh-ZuoRiGong-TaiZhenWaiChuan.xml_3,但不知何日里再沐圣明。,7462790.8002880597,0.0
daxp-DangRiLi-SuoLinNang.xml_8,轿中人必定有一腔幽怨，,7484925.4017938124,0.0
daeh-SunShangXiang-BieHuangGong.xml_2,遭不幸父王爷把驾来晏，,7494518.0444107503,0.0
daeh-ZiNaRi-ErJinGong.xml_12,有一句话儿不好言讲，,7516481.0696332064,0.0
daxp-ZheCaiShi-SuoLinNang.xml_0,这才是人生难预料，,7517368.3058920354,0.0
daxp-ErDeFu-HongNiGuan.xml_1,撇下了奴一人好不悲凉。,7519836.1142478166,0.0
daeh-ZaoBuXing-HeHouMaDian.xml_3,反倒说为嫂我拦阻有差，,7530435.7439500876,0.0
dldeh-ShouBiPo-ChunQiuPei.xml_6,你继母心毒狠将你打骂，,7557025.2672071308,0.0
daxp-DangRiLi-SuoLinNang.xml_0,当日里好风光忽觉转变，,7583076.4714614917,0.0
daspd-HaiDaoBing-GuiFeiZuiJiu.xml_1,见玉兔（哇）玉兔又早东升。,7591408.615002051,0.0
danbz-KanDaWang-BaWangBieJi.xml_2,轻移步走向前荒郊站定，,7621045.3098583315,0.0
daxp-ChunQiuTing-SuoLinNang.xml_0,春秋亭外风雨暴，,7640564.2804151317,0.0
daxp-TingTaYan-ZuoGong.xml_7,不知者不怪罪你的海量放宽。,7641054.5404601302,0.0
sdxp-DangNianHan-SanJiZhang.xml_12,登台拜帅天下闻。,7650589.7830326464,0.0
daeh-ZiNaRi-ZhuangYuanMei-2.xml_1,行不安坐不宁情态缠绵。,7658078.5430671573,0.0
daxp-ErDeFu-HongNiGuan.xml_2,奴这里只把那结婚思量，,7690431.5176092461,0.0
daxp-NiDeFu-FenHeWan.xml_2,把弓带和鱼镖与儿带定，,7690770.7944352161,0.0
daxp-GuanShiYin-TianNvSanHua.xml_6,满眼中清妙景灵光万丈，,7744686.2526006317,0.0
sdxp-SuLongWei-WuJiaPo.xml_38,西凉的鞑子将你斩，,7752385.9027433461,0.0
daxp-FeiShiWo-TaoHuaCun.xml_3,关系你患难鸳鸯永宿在池塘。,7766541.7809490273,0.0
sdxp-DangNianHan-SanJiZhang.xml_19,非是女儿言不逊，,7780728.5319142584,0.0
daeh-ZiNaRi-ErJinGong.xml_11,想必是徐杨进了昭阳。,7806932.9981340682,0.0
daeh-ZaoBuXing-HeHouMaDian.xml_5,贼好比曹阿瞒半点不差，,7817637.7885021167,0.0
daxp-XiShiNv-XiShi.xml_4,怕只怕损玉颜姣容自惜，,7823964.1576544223,0.0
daxp-FeiShiWo-TaoHuaCun.xml_8,你不要高声不要嚷，,7826238.4142245026,0.0
daxp-ChunQiuTing-SuoLinNang.xml_33,救她饥渴胜琼瑶。,7834428.617710256,0.0
sdxp-SuLongWei-WuJiaPo.xml_37,欺奴犹如欺了天。,7883639.599502733,0.0
daeh-ZaoBuXing-HeHouMaDian.xml_12,搬一把金交椅娘且坐下，,7893217.5021687653,0.0
daxp-DangRiLi-SuoLinNang.xml_13,怎奈我在轿中赤手空拳。,7907879.889336166,0.0
daxp-ChenSanLiang-ChenSanLiangPaTang.xml_1,公正的老爷细听分明。,7955483.0825294843,0.0
daeh-XiaoNuCai-SanNiangJiaoZi.xml_3,等候了你妻子同见阎罗。,7959290.0599857774,0.0
daxp-NiDeFu-FenHeWan.xml_3,不等到日落及早回程。,8000472.0419884631,0.0
daxp-ErDeFu-HongNiGuan.xml_5,不想到狠心郎一味猖狂。,8033045.6525456142,0.0
daeh-NuZiYou-TouJunBieYao.xml_1,为薛郎我父女断绝情长。,8034503.233635217,0.0
daxp-ZhiJianTa-WangJiangTing.xml_8,出二堂深施礼，,8047321.7043546317,0.0
daspd-HaiDaoBing-GuiFeiZuiJiu.xml_5,恰便似嫦娥离月宫，,8052699.235955162,0.0
daxp-DangRiLi-SuoLinNang.xml_5,隔帘儿我也曾侧目偷观。,8087228.3079867074,0.0
daeh-WuDuanQiao-BiYuZan.xml_7,又怕丑名误流传。,8091055.0754848877,0.0
daxp-QiaoLouShang-HuangShanLei.xml_15,你爹爹到如今未转家门。,8159945.0440804996,0.0
daxp-DiTouLi-NvQiJie.xml_5,与我那三郎把信传。,8216070.6709585385,0.0
daeh-LiYanFei-DaBaoGuo.xml_9,压定了文武臣均要画押。,8225997.0864222273,0.0
daxp-XiRiLi-LongFengChengXiang.xml_5,纵有大事料无妨。,8228272.7157373605,0.0
sdxp-DangNianHan-SanJiZhang.xml_16,难道说文官他就不丧身？,8241266.3521797387,0.0
daxp-LaoDieDie-DaYuShaJia-2.xml_3,等候了爹爹回细问根由。,8248499.6322296057,0.0
daxp-QiaoLouShang-HuangShanLei.xml_11,又思来又想去越不安宁。,8280731.9360226411,0.0
daeh-ZiNaRi-ZhuangYuanMei-1.xml_10,但愿得令公令婆别无异见，,8340963.5716760289,0.0
daeh-NaRiFeng-YuanXiaoMi.xml_3,我与母亲两分离。,8364929.8292283844,0.0
daxp-ZhiJianTa-WangJiangTing.xml_6,低下头心生计，,8400820.1908915862,0.0
daeh-LiYanFei-DaBaoGuo.xml_2,太师爷奏一本进贡年下，,8403470.8699878361,0.0
daxp-SuSanLi-NvQiJie.xml_3,过往的君子听我言。,8436735.3659118321,0.0
daeh-ZaoBuXing-HeHouMaDian.xml_11,两旁的文武臣珠泪如麻，,8449020.4530637488,0.14285714285714285
daxp-ErDeFu-HongNiGuan.xml_7,又恐怕众将官说短论长。,8449524.9013228659,0.0
daspd-DuShouKong-WangJiangTing.xml_3,为避狂徒到此间。,8464345.9750065822,0.0
daxp-XiShiNv-XiShi.xml_1,难得有开怀事常锁双眉。,8494998.4753467813,0.0
daeh-LiYanFei-ErJinGong.xml_3,想必是徐杨将进了昭阳。,8506595.4823269472,0.0
daxp-ZhiJianTa-WangJiangTing.xml_5,隐情不敢实告妻。,8511719.8953408115,0.0
daxp-LaoDieDie-DaYuShaJia-2.xml_1,倒叫我桂英儿挂在心头。,8529731.3087828886,0.0
daeh-SunShangXiang-BieHuangGong.xml_4,与周郎定巧计把皇叔来骗，,8544329.9677586034,0.0
daxp-ChunQiuTing-SuoLinNang.xml_3,想必是新婚渡鹊桥，,8583097.7480561193,0.0
daxp-ZhiJianTa-WangJiangTing.xml_0,只见他一封书信握手里，,8588639.573036667,0.0
daxp-WoZhuYe-SiLangTanMu.xml_2,众卿随忙挂点亲率官员，,8612974.3074487839,0.0
daxp-ErTingDe-SuoLinNang.xml_3,莫不是强婚配鸦占鸾巢。,8634668.9090645723,0.0
daxp-QiaoLouShang-HuangShanLei.xml_9,看娇儿正酣睡恐被风侵。,8644620.70272501,0.0
daxp-DangRiLi-SuoLinNang.xml_14,急切里想起了锁麟囊一（呀）件，,8650163.2497260254,0.0
daxp-WoZhuYe-SiLangTanMu.xml_4,叫番儿忙摆驾银安殿，,8651164.4027637206,0.0
daxp-SuSanLi-NvQiJie.xml_7,来生变犬马我当报还！,8701993.8903072309,0.0
daxp-WoHeNi-SangYuanHui.xml_0,我和你有什么夫妻的情，,8706296.7803923897,0.0
daxp-ErTingDe-SuoLinNang.xml_15,薛良与我去问一遭。,8723374.1215889938,0.0
daxp-DangRiLi-SuoLinNang.xml_2,在轿中只觉得天昏地暗。,8727933.9707719255,0.0
daxp-WoZhuYe-SiLangTanMu.xml_1,众文武扶哀家执掌军房。,8737788.4055989739,0.0
daeh-ZiNaRi-ZhuangYuanMei-2.xml_0,自那日与六郎阵前相见，,8740107.1671789549,0.0
daxp-QiaoLouShang-HuangShanLei.xml_6,忙移步隔花荫留神听定，,8769722.87535966,0.0
daeh-WangChunE-SanNiangJiaoZi.xml_1,想起了我老爷好不惨然。,8769986.1517843939,0.0
daxp-LaoDieDie-SanJiZhang-1.xml_2,父休笑薛平贵是花郎模样，,8774051.3089886457,0.0
daxp-FeiShiWo-TaoHuaCun.xml_16,你把我当做诸葛亮，,8785369.1228504572,0.0
dldeh-ShouBiPo-ChunQiuPei.xml_3,奴好比花未开风吹雨打，,8788571.6415999178,0.0
daeh-ZiNaRi-ErJinGong.xml_7,看一看不觉到八月中秋。,8800555.1111208126,0.0
daxp-SuSanLi-NvQiJie.xml_5,与我那三郎把信传。,8807841.1438630857,0.0
daxp-ChunQiuTing-SuoLinNang.xml_15,莫不是强婚配鸦占鸾巢？,8819776.659824267,0.0
daeh-LiYanFei-DaBaoGuo.xml_4,将江山让太师权且代贺，,8828595.7699812204,0.0
sdxp-SuLongWei-WuJiaPo.xml_27,三人对面（就）说分明。,8828738.1274423078,0.14285714285714285
daxp-WoHeNi-SangYuanHui.xml_1,谁认你狼心狗肺的人！,8838628.2934689727,0.0
daxp-DuiLingHua-BiYuZan.xml_3,也算得人世间美满姻缘。,8866277.1695215814,0.0
daeh-ZiNaRi-ZhuangYuanMei-1.xml_4,这桩事闷得我柔肠百转，,8897329.7945333142,0.0
daeh-LiYanFei-DaBaoGuo.xml_5,候幼主成了龙原业归家。,8916731.3690046463,0.0
daxp-WoZhuYe-SiLangTanMu.xml_5,阅兵书看何人前来何安。,8917685.1962323301,0.0
daeh-WangChunE-SanNiangJiaoZi.xml_5,每日里在书房苦读圣贤。,8932612.7859212141,0.14285714285714285
daxp-ErDeFu-HongNiGuan.xml_6,奴本当把关印付他执掌，,8936693.984946616,0.0
daxp-WoDeNiang-XinAnYi.xml_2,这几日身不爽心中烦闷，,8983514.2060618252,0.0
daeh-ZuoChunGui-XiShi.xml_3,夜不眠朝慵起又向谁言。,9004286.5648362935,0.0
daeh-SunShangXiang-BieHuangGong.xml_0,孙尚香坐宫院自思自叹，,9010557.9714860544,0.0
daeh-SunShangXiang-BieHuangGong.xml_6,回荆州未三载诓我回转，,9023554.4839728307,0.0
daeh-TanHongYan-HuoXiaoYu.xml_5,隔着窗儿点滴不休。,9028319.7621602081,0.0
daxp-DiTouLi-NvQiJie.xml_3,过往的君子听我言。,9031644.5900379643,0.0
daxp-ChunQiuTing-SuoLinNang.xml_32,小小囊儿何足道，,9039640.6116541214,0.0
daxp-XiShiNv-XiShi.xml_2,只为着守清寒柴门近水，,9041513.7733026836,0.0
daeh-ZuoChunGui-XiShi.xml_1,无限的闲愁恨尽上眉尖。,9074553.9993155617,0.14285714285714285
sdxp-SuLongWei-WuJiaPo.xml_43,落得个孝子的名儿在那天下传。,9084884.4319613762,0.0
daxp-LaoDieDie-SanJiZhang-1.xml_0,老爹爹请息（呀）怒容儿细讲，,9094643.3365424443,0.0
daeh-NaRiFeng-YuanXiaoMi.xml_4,母女隔断三千里，,9120610.0802180059,0.0
daxp-MengJunZi-ChunQiuPei-1.xml_3,我的父名姜绍贸易天涯。,9173065.9996710941,0.0
daxp-ErDeFu-HongNiGuan.xml_4,清早起我和他一度商量，,9189296.4287244342,0.0
daeh-ZiNaRi-ZhuangYuanMei-2.xml_5,不知道他与我是否一般。,9205993.6806477699,0.0
sdxp-SuLongWei-WuJiaPo.xml_26,你我同把相府进，,9245088.0476103835,0.0
daxp-XiRiLiang-LongFengChengXiang.xml_2,暗地堪笑我兄长，,9254510.322477024,0.0
daeh-SunShangXiang-BieHuangGong.xml_1,想起了已往事心内痛酸。,9292237.9709576238,0.0
daeh-ZiNaRi-ErJinGong.xml_1,独坐在寒宫院闷闷悠悠。,9306571.9349987302,0.0
daeh-ZiNaRi-ZhuangYuanMei-2.xml_4,这桩事闷得我柔肠百转，,9314665.9659702014,0.0
daeh-LiYanFei-ErJinGong.xml_1,想起了朝中事好不惨伤！,9325155.5216937754,0.0
daxp-DangRiLi-SuoLinNang.xml_3,耳听得风声断，雨声喧，雷声乱，乐声阑珊，人声呐喊，都道说是大雨倾天。,9329483.3263693079,0.0
daxp-QiaoLouShang-HuangShanLei.xml_2,对孤灯思远道心神不定，,9393187.7827755976,0.0
daeh-SunShangXiang-BieHuangGong.xml_5,又谁知弄假成真反配凤鸾。,9463706.9337570928,0.0
daxp-WoZhuYe-SiLangTanMu.xml_3,一心心要夺取宋室江山。,9504839.7167156469,0.0
daxp-ErTingDe-SuoLinNang.xml_21,她为饥寒我为骄。,9558211.0672655683,0.0
daxp-ChunQiuTing-SuoLinNang.xml_31,积德才生玉树苗，,9603125.3561770078,0.0
daxp-LaoDieDie-YuZhouFeng.xml_4,老爹爹在朝中官高爵显，,9633957.8070937935,0.0
daxp-XiRiLiang-LongFengChengXiang.xml_1,今朝仙女会襄王。,9643228.0861712806,0.0
daeh-WuDuanQiao-BiYuZan.xml_4,今生若被郎轻贱，,9663212.0979790613,0.0
daxp-ErTingDe-SuoLinNang.xml_17,满腹骄矜顿雪潇。,9665344.9832334854,0.0
daxp-ErTingDe-SuoLinNang.xml_7,不该人前乱解嘲。,9665344.9832334854,0.0
daxp-QiaoLouShang-HuangShanLei.xml_4,到三更真个是月明人静，,9692365.611771524,0.0
daeh-CanQiQi-WuLongZuo.xml_1,叹红颜多薄命父母双亡。,9721739.2902327627,0.0
daxp-DangRiLi-SuoLinNang.xml_6,虽然是古青庐以朴为俭，,9769827.2108442876,0.0
daxp-FeiShiWo-TaoHuaCun.xml_14,倘若是你响她也响，,9772029.2388961166,0.0
daeh-LiYanFei-DaBaoGuo.xml_3,各国的众王侯朝贺中华。,9775024.2720131297,0.0
daeh-ZiNaRi-ErJinGong.xml_13,我只得怀抱太子两泪汪汪口口声声哭的是先王！,9790336.2451640274,0.14285714285714285
daxp-DuiLingHua-BiYuZan.xml_0,对菱花暗地里芳心自转，,9811693.500002265,0.0
daeh-ZiNaRi-ErJinGong.xml_6,徐小姐把守在宫门口，,9837484.1587594505,0.0
daxp-ChunQiuTing-SuoLinNang.xml_7,世上何尝尽富豪，,9839419.5710868165,0.0
daxp-FeiShiWo-TaoHuaCun.xml_1,只怪你呆头呆脑慌慌张张。,9892320.0024784151,0.0
daxp-MengJunZi-ChunQiuPei-1.xml_5,莫奈何到荒郊我就来捡芦花。,9893157.6460762955,0.0
daxp-LaoDieDie-DaYuShaJia-1.xml_0,老爹爹清晨起前去出前，,9937437.8323813453,0.0
daeh-ZiNaRi-ErJinGong.xml_10,耳边厢又听得朝靴响亮，,9955404.9537135083,0.0
daeh-LiYanFei-ErJinGong.xml_4,有几句话儿我不好言讲，,9956967.033477623,0.0
daxp-QiaoLouShang-HuangShanLei.xml_0,谯楼上二更鼓声声送听，,9987447.0333032776,0.0
daeh-WuDuanQiao-BiYuZan.xml_1,薄命自伤怨红颜。,10000468.364747347,0.0
daeh-NuZiYou-TouJunBieYao.xml_3,也不枉我二人苦度时光。,10000982.285158286,0.14285714285714285
daeh-ZiNaRi-ZhuangYuanMei-1.xml_0,自那日与六郎姻缘相见，,10015534.720689485,0.0
daeh-ZaoBuXing-HeHouMaDian.xml_4,贼好比王莽贼称孤道寡，,10049341.325358445,0.0
daxp-QiaoLouShang-HuangShanLei.xml_7,原来是秋风起扫叶之声。,10068053.134417174,0.0
daeh-LiYanFei-ErJinGong.xml_5,我只得怀抱太子两泪汪汪口口声声哭的是先王。,10070975.936451821,0.14285714285714285
daxp-LaoDieDie-SanJiZhang-2.xml_2,父道那薛平贵是那化郎模样，,10125896.872863509,0.0
daeh-WangChunE-SanNiangJiaoZi.xml_3,老薛保好一似浪里舟船。,10127818.271999268,0.0
daeh-LiYanFei-ErJinGong.xml_2,耳边厢又听得朝靴响亮，,10181584.385126494,0.0
daxp-ErTingDe-SuoLinNang.xml_30,小小囊儿何足道，,10244998.527245896,0.0
daeh-WangChunE-SanNiangJiaoZi.xml_2,春娥女好一此失群孤雁，,10290159.795730028,0.0
daxp-MengJunZi-ChunQiuPei-1.xml_0,蒙君子至殷勤再三问话，,10335169.354234803,0.0
daxp-ChunQiuTing-SuoLinNang.xml_19,满腹骄矜顿雪潇，,10362072.765116883,0.0
daxp-ErTingDe-SuoLinNang.xml_31,救她饥渴胜琼瑶。,10368975.808091098,0.0
danbz-BeiJiuChan-ChunGuiMeng.xml_0,被纠缠陡想起婚时情景，,10415472.103939282,0.0
danbz-BeiJiuChan-ChunGuiMeng.xml_1,算当初曾经得几晌温存。,10429194.454280088,0.0
daeh-TanHongYan-HuoXiaoYu.xml_3,啼花泣月在暗里（呀）添愁。,10488518.284559671,0.14285714285714285
daeh-LiYanFei-DaBaoGuo.xml_1,文站东武列西朝贺哀家。,10489506.473977957,0.0
dldeh-ShouBiPo-ChunQiuPei.xml_2,病恹恹身无力难以挣扎。,10497084.907898683,0.0
daeh-XiaoNuCai-SanNiangJiaoZi.xml_0,小奴才他一言问住我，,10529862.229065519,0.0
daxp-QiaoLouShang-HuangShanLei.xml_10,我不免引寒机伴奴坐等，,10609620.12321048,0.0
daeh-ZuoRiGong-TaiZhenWaiChuan.xml_1,有谁知一时错被逐宫廷。,10632636.440735364,0.0
daxp-ChunQiuTing-SuoLinNang.xml_23,他为饥寒我为娇。,10638425.888004571,0.0
daeh-SunShangXiang-BieHuangGong.xml_3,留下了孙仲谋执掌江南。,10646585.992916763,0.0
daeh-CanQiQi-WuLongZuo.xml_3,担几肩头晕转体若筛糠。,10650434.102198206,0.0
daspd-DuShouKong-WangJiangTing.xml_0,独守空帏暗长叹，,10686911.379462479,0.0
daxp-ZhiJianTa-WangJiangTing.xml_9,相公你为何不歇息？,10782735.893854536,0.0
daxp-XiRiLi-LongFengChengXiang.xml_1,今朝仙女会襄王。,10813481.481351702,0.0
daeh-ZiNaRi-ZhuangYuanMei-1.xml_7,帝王家深宫院似水流年。,10833052.264466029,0.0
daxp-ChunQiuTing-SuoLinNang.xml_20,人情冷暖凭天造，,10834309.880855896,0.0
sdxp-SuLongWei-WuJiaPo.xml_39,妻儿老小与奴一般。,10857976.932038739,0.0
daxp-LaoDieDie-YuZhouFeng.xml_0,老爹爹发恩德将本修上，,10914355.551199134,0.0
daxp-LaoDieDie-SanJiZhang-2.xml_1,儿命苦怎配着状元才郎？,10923011.280133273,0.14285714285714285
sdxp-DangNianHan-SanJiZhang.xml_15,未央宫斩的是韩信，,10955108.363048282,0.0
daeh-NaRiFeng-YuanXiaoMi.xml_0,那日风波平地起，,11011770.594740849,0.0
daxp-GuanShiYin-TianNvSanHua.xml_1,有善才和龙女站立两厢；,11022257.817653514,0.0
daxp-DangRiLi-SuoLinNang.xml_9,她泪自弹、声续断、似杜鹃、啼别院、巴峡哀猿动人心弦，好不惨然。,11049628.359693142,0.14285714285714285
daxp-LaoDieDie-DaYuShaJia-2.xml_0,老爹爹清晨起前去出首，,11077152.319881871,0.0
daxp-LaoDieDie-YuZhouFeng.xml_2,倘若是有道君皇恩浩荡，,11136088.194264999,0.0
daxp-ErDeFu-HongNiGuan.xml_0,儿的父为国家阵前命丧，,11198521.972798768,0.0
daxp-LaoDieDie-SanJiZhang-1.xml_1,我立志不嫁那状元才郎。,11232724.654415568,0.0
daxp-ErTingDe-SuoLinNang.xml_29,积德才生玉树苗。,11249938.628001578,0.0
daxp-XiShiNv-XiShi.xml_3,每日里浣纱去又傍清溪。,11301443.433856925,0.0
daxp-ChunQiuTing-SuoLinNang.xml_25,安他半世凤凰巢。,11312837.690769877,0.0
daxp-ErTingDe-SuoLinNang.xml_23,安她半世凤凰剿。,11312837.690769877,0.0
sdxp-WoHeNi-SiLangTanMu.xml_33,你也对苍天就表一番。,11314485.668864762,0.0
daeh-ZiNaRi-ZhuangYuanMei-1.xml_5,不知道他与我是否一般。,11315796.892587719,0.0
daxp-ErTingDe-SuoLinNang.xml_18,人情冷暖凭空造，,11330709.445595944,0.0
daxp-QiaoLouShang-HuangShanLei.xml_1,父子们去采药未见回程。,11365456.114942551,0.0
daxp-ErDeFu-HongNiGuan.xml_3,倒不如与伯党匹配鸾凰。,11374967.508951992,0.0
daxp-ChunQiuTing-SuoLinNang.xml_11,必有隐情在心潮。,11383720.686354408,0.0
daxp-ErTingDe-SuoLinNang.xml_9,哪有个袖手旁观在壁上瞧。,11396800.135079572,0.0
daxp-DangRiLi-SuoLinNang.xml_10,于归日理应当喜形于面，,11432727.130408181,0.14285714285714285
sdxp-DangNianHan-SanJiZhang.xml_10,都是安邦定国臣，,11438410.218079509,0.0
daeh-WangChunE-SanNiangJiaoZi.xml_0,王春娥坐草堂自思自叹，,11527057.138640875,0.0
daxp-LaoDieDie-DaYuShaJia-2.xml_2,将身儿坐至在草堂等候，,11543019.983374661,0.0
daeh-ZiNaRi-ZhuangYuanMei-1.xml_3,乱军中多亏他救我回还。,11544023.870843591,0.0
daeh-WuDuanQiao-BiYuZan.xml_2,独处闺房愁无限，,11606713.340320898,0.14285714285714285
daxp-MengJunZi-ChunQiuPei-2.xml_3,我爹爹名姜绍贸易天涯。,11658490.694152119,0.0
daeh-WangChunE-SanNiangJiaoZi.xml_7,等候了薛倚儿转回家园。,11678267.932206579,0.0
daeh-TanHongYan-HuoXiaoYu.xml_4,枕边泪（呀）共（那）阶前雨，,11711688.272703256,0.14285714285714285
daeh-ZaoBuXing-HeHouMaDian.xml_1,贼昏王篡了位谋乱邦家。,11766001.868798841,0.0
daxp-DuiLingHua-BiYuZan.xml_2,果然是成佳偶两心欢恋，,11854854.634886693,0.0
daxp-ErTingDe-SuoLinNang.xml_24,忙把梅香低声叫，,11910950.764581878,0.0
daeh-NuZiYou-TouJunBieYao.xml_2,但愿得去投军功名有望，,11951130.456437321,0.0
daeh-TanHongYan-HuoXiaoYu.xml_1,美满姻缘付东流。,11972518.080485109,0.0
daxp-ChunQiuTing-SuoLinNang.xml_26,忙把梅香低声儿叫，,11996576.870943138,0.0
daxp-DangRiLi-SuoLinNang.xml_7,哪有这短花帘，旧花幔，参差流苏，残破不全。,12074384.248257007,0.0
daeh-ZiNaRi-ZhuangYuanMei-1.xml_11,但愿得杨六郎心如石坚，,12088588.986617653,0.0
daxp-DangRiLi-SuoLinNang.xml_4,那花轿必定是因陋就简，,12102705.857769813,0.0
daeh-SunShangXiang-BieHuangGong.xml_7,阿斗儿行中途被子龙追还。,12124314.813414127,0.0
daeh-WuDuanQiao-BiYuZan.xml_0,无端巧计将人陷，,12124474.243335834,0.0
daeh-ZaoBuXing-HeHouMaDian.xml_7,贼好比那司马师搅乱中华。,12151975.525648594,0.0
daxp-MengTingDe-MuiGuiYingGuaShuai.xml_4,有生之日责当尽，,12195029.950601958,0.0
daeh-LiYanFei-DaBaoGuo.xml_7,宣太师上金殿披红插花。,12203903.803600619,0.0
daxp-DangRiLi-SuoLinNang.xml_19,还有那赤金链，紫瑛簪，白玉环，双凤錾，八宝钗钏一个个宝孕光含。,12225358.684076024,0.0
daxp-LaoDieDie-DaYuShaJia-1.xml_2,将身儿坐至在草堂等候，,12252594.131796384,0.0
daeh-NaRiFeng-YuanXiaoMi.xml_5,那厢流泪这厢啼。,12258666.727998259,0.14285714285714285
daxp-DangRiLi-SuoLinNang.xml_17,红珊瑚碧翡翠样样倶全。,12260015.066105597,0.0
danbz-BeiJiuChan-ChunGuiMeng.xml_4,原来是不耐烦已经睡困，,12280581.572065394,0.0
danbz-BeiJiuChan-ChunGuiMeng.xml_3,莫负他好春宵一刻千金。,12325298.873111561,0.0
daeh-XiaoNuCai-SanNiangJiaoZi.xml_4,怒气不息在机房闷坐，,12405785.673721159,0.0
daxp-ErTingDe-SuoLinNang.xml_5,问那厢因何故痛哭无聊？,12441642.622479079,0.0
daeh-ZuoChunGui-XiShi.xml_0,坐春闺只觉得光明似箭，,12551118.151804196,0.0
daxp-DangRiLi-SuoLinNang.xml_12,那时节奴妆奁不下百万，,12552896.904169247,0.0
daxp-QiaoLouShang-HuangShanLei.xml_12,数更等交五鼓空房愈冷，,12553657.980347805,0.0
daxp-ChunQiuTing-SuoLinNang.xml_17,问那厢因何故痛哭无聊。,12568442.997697365,0.0
daxp-ChunQiuTing-SuoLinNang.xml_1,何处悲声破寂寥。,12611579.503248231,0.0
daxp-DangRiLi-SuoLinNang.xml_18,还有那夜明珠粒粒成串，,12614725.665680323,0.0
daxp-ChenSanLiang-ChenSanLiangPaTang.xml_2,我本是被骗进的富春院，,12684427.864196522,0.0
daxp-ChunQiuTing-SuoLinNang.xml_10,轿内的人儿弹别调，,12773270.90822145,0.0
daxp-ZhiJianTa-WangJiangTing.xml_1,长吁短叹语声低。,12805458.682363961,0.0
daeh-LiYanFei-ErJinGong.xml_0,李艳妃坐昭阳自思自想，,12814228.291249719,0.0
sdxp-DangNianHan-SanJiZhang.xml_14,在六国封相人上人。,12888929.604709778,0.0
daeh-ZiNaRi-ZhuangYuanMei-2.xml_7,帝王家深宫怨似水流年。,12915537.650769778,0.0
daeh-CanQiQi-WuLongZuo.xml_0,惨凄凄唤苍天天不应响，,12970104.19623949,0.0
daxp-QiaoLouShang-HuangShanLei.xml_3,不知他在荒山何处安身。,13113050.169116836,0.0
daxp-DiTouLi-NvQiJie.xml_1,将身来在大街前。,13124842.552783325,0.0
daxp-MengTingDe-MuiGuiYingGuaShuai.xml_7,我一剑能挡百万兵。,13150792.085446358,0.0
daxp-MengJunZi-ChunQiuPei-2.xml_5,因此上到郊外来捡芦花（呀）。,13151617.045944627,0.0
daxp-QiaoLouShang-HuangShanLei.xml_13,果然是晓鸡唱天已黎明。,13259932.727329677,0.0
daeh-WuDuanQiao-BiYuZan.xml_5,满腹冤屈向谁言。,13281147.725970374,0.0
daeh-TanHongYan-HuoXiaoYu.xml_2,薄幸冤家音信无有，,13341407.557009637,0.0
sdeh-WenSanNiang-SanNiangJiaoZi.xml_3,老薛保你不必苦哀告，,13347087.556771185,0.14285714285714285
daeh-LiYanFei-DaBaoGuo.xml_8,赐你的上方剑朝房问话，,13462362.331307691,0.0
daxp-LaoDieDie-SanJiZhang-2.xml_0,老爹爹请息怒容儿细讲，,13510673.538052822,0.0
daeh-ZiNaRi-ZhuangYuanMei-1.xml_1,行不安坐不宁情态缠绵。,13526322.711521527,0.0
daeh-ZiNaRi-ZhuangYuanMei-2.xml_11,但愿得杨六郎心如石坚。,13537804.760673219,0.0
dldeh-ShouBiPo-ChunQiuPei.xml_1,受逼迫去捡柴泪如雨下，,13573941.80557516,0.14285714285714285
daxp-ChunQiuTing-SuoLinNang.xml_27,莫把姓名你信口晓，,13576627.184351152,0.0
daeh-ZiNaRi-ErJinGong.xml_3,太师爷一心心想篡龙楼。,13729296.472938644,0.0
daxp-XiRiLi-LongFengChengXiang.xml_2,暗地堪笑奴兄长，,13770754.978619099,0.0
daeh-ZiNaRi-ErJinGong.xml_8,李艳妃坐昭阳自思自想，,13835027.457768638,0.0
daeh-ZiNaRi-ZhuangYuanMei-2.xml_3,乱军中多亏他救我回还。,14015415.288474621,0.0
daxp-ChunQiuTing-SuoLinNang.xml_14,莫不是夫郎丑难谐女貌？,14021534.76516002,0.0
daeh-NaRiFeng-YuanXiaoMi.xml_6,我今绝少人生趣，,14125364.311845137,0.0
daeh-ZiNaRi-ErJinGong.xml_0,自那日与徐杨决裂以后，,14151020.48925592,0.0
daxp-GuanShiYin-TianNvSanHua.xml_5,好似我散天花就纷落十方；,14161163.6700223,0.0
daxp-DangRiLi-SuoLinNang.xml_21,换衣食也够她生活几年。,14173475.839434879,0.0
danbz-BeiJiuChan-ChunGuiMeng.xml_5,待我来搀扶（哇）你重订鸳盟。,14199279.596198494,0.0
daeh-ZiNaRi-ErJinGong.xml_5,竟把我孤儿寡母当做了马牛。,14210000.107878186,0.0
daxp-SuSanLi-NvQiJie.xml_1,将身来在大街前。,14241345.097911384,0.0
daeh-LiYanFei-DaBaoGuo.xml_0,李艳妃设早朝龙书案下，,14282712.669509511,0.0
daxp-ZhiJianTa-WangJiangTing.xml_2,何人来把书信寄？,14289943.94635657,0.0
dldeh-ShouBiPo-ChunQiuPei.xml_7,全（呐）不顾你身有病气力不佳。,14294227.756360287,0.0
daxp-ChunQiuTing-SuoLinNang.xml_8,亦有饥寒悲怀抱，,14427020.73425319,0.0
daxp-ErTingDe-SuoLinNang.xml_10,蠢才问话太潦草，,14485781.745922435,0.0
daspd-HaiDaoBing-GuiFeiZuiJiu.xml_0,海岛冰轮初转腾；,14649506.860286236,0.0
daxp-TingTaYan-ZuoGong.xml_6,早晚间休怪我言语怠慢，,14655419.589781595,0.0
daxp-QiaoLouShang-HuangShanLei.xml_14,我不免唤琏儿到街前探问，,14732914.759649415,0.0
daxp-TingTaYan-ZuoGong.xml_2,原来是杨家将把名姓改换，,14741985.409084955,0.0
daeh-WuDuanQiao-BiYuZan.xml_6,一心早想寻短见，,14802706.431811588,0.0
daeh-LiYanFei-DaBaoGuo.xml_6,写文约我且把玉玺打下，,14804871.969172345,0.0
daeh-SunShangXiang-BieHuangGong.xml_8,恨只恨我兄长把事错办，,14841550.96288508,0.0
daxp-ZheCaiShi-SuoLinNang.xml_7,愧我当初赠木桃。,14865175.725573091,0.0
daxp-ErTingDe-SuoLinNang.xml_27,自把珠玉夸富豪。,14892716.359631483,0.0
daxp-ErTingDe-SuoLinNang.xml_1,同遇人为什么这样嚎啕。,14906704.307213362,0.0
daxp-ChunQiuTing-SuoLinNang.xml_2,在隔帘只见这一花轿，,14917633.074700562,0.0
daxp-ErTingDe-SuoLinNang.xml_26,这都是神话凭空造，,15078120.783426415,0.0
sdeh-WenSanNiang-SanNiangJiaoZi.xml_4,背转身来哭嚎啕。,15163021.031762391,0.0
daxp-MuQinBu-FengHuanChao.xml_2,自古常言道得好，,15299815.052587762,0.0
daeh-ZiNaRi-ZhuangYuanMei-1.xml_9,宋天子主婚姻此事成全。,15329805.622559823,0.0
daxp-FeiShiWo-TaoHuaCun.xml_12,响一声你就还一掌，,15364416.690992212,0.0
daxp-ErTingDe-SuoLinNang.xml_25,莫把姓名你信口哓。,15416300.320781108,0.0
sdxp-WoHeNi-SiLangTanMu.xml_31,一夜之间你怎能回还。,15515064.771502268,0.0
daxp-ChunQiuTing-SuoLinNang.xml_13,同遇人为什么这样嚎啕？,15523691.108921995,0.0
danbz-KanDaWang-BaWangBieJi.xml_0,看大王在帐中和衣睡稳，,15548429.029079977,0.0
daxp-FeiShiWo-TaoHuaCun.xml_15,那就是来了我西厢带路的小红娘。,15606533.812103063,0.0
sdxp-SuLongWei-WuJiaPo.xml_42,买绫罗、做衣衫、买白纸、糊白幡、打首饰、做妆奁，,15642429.006504629,0.0
daxp-ErTingDe-SuoLinNang.xml_2,莫不是夫郎丑难谐女貌，,15654706.566457096,0.0
daxp-ZhiJianTa-WangJiangTing.xml_4,莫不是平地风波起，,15695780.688110352,0.0
dldeh-ShouBiPo-ChunQiuPei.xml_4,想亲娘和老父心乱如麻。,15742347.524780242,0.0
daxp-ChunQiuTing-SuoLinNang.xml_28,这都是神话凭空造，,15764989.111300312,0.0
daeh-WangChunE-SanNiangJiaoZi.xml_6,将身儿来至在机房织绢，,15809871.210533338,0.0
daeh-WuDuanQiao-BiYuZan.xml_3,落得孤身病恹恹。,15875354.722911552,0.0
daeh-ZiNaRi-ZhuangYuanMei-2.xml_15,愿邦家从此后国泰民安。,15926071.711340256,0.0
sdxp-DangNianHan-SanJiZhang.xml_11,淮阴漂母救韩信，,15941699.045214931,0.0
danbz-BeiJiuChan-ChunGuiMeng.xml_2,我不免去安排罗衾绣枕，,15971627.57562989,0.0
daeh-ZiNaRi-ZhuangYuanMei-2.xml_14,愿天下有情人都成姻眷，,15973575.865485353,0.0
daxp-ZhiJianTa-WangJiangTing.xml_3,害得儿夫犯焦急；,15980069.248027476,0.0
daxp-ErTingDe-SuoLinNang.xml_6,梅香说话好颠倒，,16051356.522933625,0.0
daxp-XiRiLi-LongFengChengXiang.xml_4,月老本是乔国丈，,16168239.656887298,0.0
daxp-ZheCaiShi-SuoLinNang.xml_6,种福得福如此报，,16236880.341876598,0.0
daeh-NuZiYou-TouJunBieYao.xml_0,奴自幼在闺阁娇生惯养，,16303408.200585086,0.0
sdxp-SuLongWei-WuJiaPo.xml_41,与你娘做一个安家钱。,16361593.625331176,0.0
daeh-ZiNaRi-ZhuangYuanMei-2.xml_9,宋天子主婚姻此事成全。,16469537.034222392,0.0
daxp-FeiShiWo-TaoHuaCun.xml_9,你必须眼观六路耳听八方。,16517938.287166523,0.0
daxp-ErTingDe-SuoLinNang.xml_11,难免怀疑在心梢。,16764936.335941024,0.0
daxp-ZheCaiShi-SuoLinNang.xml_1,不想团圆在今朝。,16764936.335941024,0.0
daxp-MuQinBu-FengHuanChao.xml_1,女儿言来听根源。,16786462.320884172,0.0
sdxp-DangNianHan-SanJiZhang.xml_21,不能、不能、是万不能！,16944654.929386318,0.0
daxp-ChunQiuTing-SuoLinNang.xml_16,叫梅香你把那好言相告，,17068480.410264913,0.0
daxp-ChunQiuTing-SuoLinNang.xml_29,自把珠玉夸富豪，,17134805.246530328,0.0
daxp-ZheCaiShi-SuoLinNang.xml_2,回首繁华如梦渺，,17180891.932973396,0.0
daxp-MengTingDe-MuiGuiYingGuaShuai.xml_1,唤起我破天门状志凌云。,17223419.305050947,0.0
daxp-MengTingDe-MuiGuiYingGuaShuai.xml_2,想当年桃花马上威风凛凛，,17299783.422071382,0.0
daeh-TanHongYan-HuoXiaoYu.xml_0,叹红颜薄命前生就，,17371117.229576718,0.0
daeh-ZaoBuXing-HeHouMaDian.xml_6,贼好比秦赵高指鹿为马，,17402293.993466329,0.0
daxp-MuQinBu-FengHuanChao.xml_3,女儿清白最为先。,17462385.408520494,0.0
daeh-ZiNaRi-ZhuangYuanMei-1.xml_15,愿天下从此后国泰民安。,17579149.731920231,0.0
daeh-ZaoBuXing-HeHouMaDian.xml_13,你叔王不让位再去骂他。,17729232.102904633,0.0
daxp-SuSanLi-NvQiJie.xml_6,言说苏三把命断，,17760236.379035804,0.0
daxp-FeiShiWo-TaoHuaCun.xml_13,响两声你就凑近身旁。,17881042.946242575,0.0
daeh-NaRiFeng-YuanXiaoMi.xml_2,舅父前来出主意，,17909057.454908051,0.0
daxp-ErTingDe-SuoLinNang.xml_4,叫梅香你把那好言相告，,18025805.614129048,0.0
daeh-ZiNaRi-ZhuangYuanMei-1.xml_13,但愿得八主贤王从中周旋，早成姻眷，扫狼烟，叫那胡儿不敢进犯保叔王锦绣江山。,18174184.882628471,0.0
daeh-XiaoNuCai-SanNiangJiaoZi.xml_1,闭口无言王春娥。,18289929.720051866,0.0
daxp-LaoDieDie-YuZhouFeng.xml_5,却为何贪富贵不顾羞惭。,18505049.563406877,0.0
sdxp-DangNianHan-SanJiZhang.xml_18,大孝之人也受贫。,18699009.846816685,0.0
daxp-ErTingDe-SuoLinNang.xml_13,不该词费又滔滔。,18967918.533549055,0.0
daeh-ZiNaRi-ZhuangYuanMei-1.xml_14,愿天下有情人都成姻眷，,19087751.887291692,0.0
daxp-ZheCaiShi-SuoLinNang.xml_5,善果心花可自豪。,19102463.875079285,0.0
daeh-ZiNaRi-ZhuangYuanMei-2.xml_13,但愿得八主贤王从中周旋早成美眷、扫狼烟叫那胡儿不敢进犯、保叔王锦锈江山。,19120773.349621996,0.0
daxp-ChenSanLiang-ChenSanLiangPaTang.xml_3,发奋自强日夜读诗文。,19174486.614293978,0.0
sdxp-WoHeNi-SiLangTanMu.xml_28,有心赠你金鈚箭，,19498979.202996269,0.0
sdxp-WoHeNi-SiLangTanMu.xml_29,怕你一去就不回还。,19623907.304523993,0.0
daeh-ZiNaRi-ZhuangYuanMei-1.xml_2,在潼台被贼擒在命好险，,19645642.788269326,0.0
daxp-FeiShiWo-TaoHuaCun.xml_6,鼓打二更准时往，,19718414.605313405,0.0
daxp-DiTouLi-NvQiJie.xml_6,就说苏三把命断，,19757523.797835518,0.0
daeh-ZiNaRi-ZhuangYuanMei-2.xml_2,在潼台被贼擒性命好险，,20208008.778884832,0.0
danbz-KanDaWang-BaWangBieJi.xml_1,我这里出帐外且散愁情。,20267979.813730255,0.14285714285714285
daxp-MuQinBu-FengHuanChao.xml_0,母亲不必心太偏，,20320494.767148774,0.0
daxp-ErTingDe-SuoLinNang.xml_12,你不该人前逞骄傲，,20910599.265487853,0.0
daspd-HaiDaoBing-GuiFeiZuiJiu.xml_4,皓月当空，,21200963.327866174,0.0
sdxp-WoHeNi-SiLangTanMu.xml_27,你要见高堂母我不阻拦。,21377002.76940538,0.0
daxp-SuSanLi-NvQiJie.xml_2,未曾开言心内惨，,21593725.546843853,0.0
daxp-GuanShiYin-TianNvSanHua.xml_4,绿柳枝酒甘露三千界上，,22664295.477017812,0.0
daxp-DiTouLi-NvQiJie.xml_2,未曾开言我心好惨，,23144588.657902967,0.0
daxp-JiaoZhangSheng-HongNiang.xml_4,这也算是一段风流佳话，,23244501.229104936,0.0
daxp-JiaoZhangSheng-HongNiang.xml_2,放大胆忍气吞声休害怕，,24180894.802937813,0.0
daxp-DangRiLi-SuoLinNang.xml_20,这囊儿虽非是千古罕见，,24227271.337583598,0.0
daxp-FeiShiWo-TaoHuaCun.xml_5,怎能够粗心大意你再荒唐。,24973041.077828798,0.0
daxp-ChunQiuTing-SuoLinNang.xml_4,吉日良辰当欢笑，,26348081.783605907,0.0
daspd-HaiDaoBing-GuiFeiZuiJiu.xml_3,乾坤分外明，,28221570.249468178,0.0
daxp-ChenSanLiang-ChenSanLiangPaTang.xml_0,陈三两在大堂把话云，,28336607.61071923,0.0
daxp-ZheCaiShi-SuoLinNang.xml_4,柳暗花明休啼笑，,28997145.319935609,0.0
daeh-SunShangXiang-BieHuangGong.xml_9,叹一声不由人珠泪涟涟。,41543009.544765085,0.14285714285714285
sdxp-DangNianHan-SanJiZhang.xml_1,登台拜帅是韩信，,2172155707.7679524,0.0
sdxp-SuLongWei-WuJiaPo.xml_13,腰中取出银一锭，,2183640625.1487827,0.0
lsxp-WoZhuYe-ZhuiHanXin.xml_4,先进咸阳为皇上，,2203344624.7852859,0.0
sdxp-WoHeNi-SiLangTanMu.xml_5,非是我这几日愁眉不展，,2271818703.2622275,0.14285714285714285
lseh-XinZhongYou-WenZhaoGuan.xml_12,越思越想好伤惨，,2381515935.3121352,0.0
lseh-WeiKaiYan-RangXuZhou.xml_3,老朽年迈我也不能够担承。,2449058596.2483592,0.0
lsxp-CiShiJian-HuaiHeYing-2.xml_5,右手再把栾布拉，,2452163423.7277422,0.0
lseh-WeiGuoJia-HongYangDong-1.xml_2,官封到节度使（喏）皇王恩重，,2469154762.8543916,0.0
lseh-LaoZhangBu-WuPenJi.xml_2,休把我当作了妖魔论，,2529868350.237174,0.0
lsxp-DaHeYi-SiLangTanMu.xml_7,将身站在了阶前等，,2583707320.8584633,0.0
lseh-WeiGuoJia-HongYangDong-2.xml_2,官封到节度使（喏）皇王恩重，,2638726543.0839467,0.0
lsxp-WeiCengKai-QiYuanBao.xml_4,奉母命京城往，,2748339162.7614655,0.0
sdxp-SuLongWei-WuJiaPo.xml_9,衙里衙外我打点，,2758877772.6206312,0.0
sdxp-WoHeNi-SiLangTanMu.xml_17,公主叫我盟誓愿，,2887000782.8584056,0.0
lsxp-ZouYingLong-DaYanSong.xml_0,忽听得万岁宣应龙，,2921964645.8127313,0.0
lseh-TanXiongDi-SangYuanJiZi.xml_2,眼望着孤坟台珠泪难忍，,2935175271.7405157,0.14285714285714285
lsxp-DaHeYi-SiLangTanMu.xml_28,原来四哥回宋营。,3227721529.9234095,0.0
lsxp-DaHeYi-SiLangTanMu.xml_25,家住哪州并哪郡？,3250941245.8455491,0.0
lsxp-DaHeYi-SiLangTanMu.xml_21,龙行虎步非凡等，,3257038559.2691536,0.0
lsxp-ShenGongWu-LongFengChengXiang.xml_0,深宫无（哇）处不飞花，,3284711025.0424933,0.0
lseh-YiLunMing-ZhuoFangSuDian.xml_2,悔不该心猿并意马，,3313450612.9551716,0.0
lseh-YiLunMing-WenZhaoGuan-1.xml_34,寻短（哪）哎见爹娘（兀）！,3350188376.0567608,0.0
lseh-WeiGuoJia-HongYangDong-3.xml_2,官封到节度史（喏）皇王恩重，,3361484591.7671008,0.0
lseh-YiLunMing-WenZhaoGuan-1.xml_28,越思越想好伤惨，,3389915738.8138475,0.0
lsxp-ZuoRiLi-YuanMenZhanZi.xml_2,今日里斩宗保娘把儿怪，,3402961899.0005741,0.0
sdxp-WoHeNi-SiLangTanMu.xml_10,怎奈我身在番难以过关。,3419466748.6755505,0.0
lseh-XinZhongYou-WenZhaoGuan.xml_18,寻短（呃）哎见爹娘（呃）。,3438285145.4838181,0.0
lsxp-DaHeYi-SiLangTanMu.xml_9,家住后山磁州郡，,3500347913.8197193,0.0
lseh-ZenNengGou-BaDaChui.xml_2,前也思（喏）后又想无有计定，,3532496303.6784568,0.0
lsxp-CiShiJian-HuaiHeYing-2.xml_1,胡言乱语怎瞒（呐）咱！,3564483503.0711484,0.0
lsxp-ZiGuDao-HuangHeLou.xml_3,二将军保架过长江。,3676737087.4562879,0.0
lsxp-WoBenShi-KongChengJi-2.xml_2,先帝（呀）爷下南阳（呃）御驾三（呃）请，,3705902534.315032,0.0
lseh-YangYanZhao-PengBei.xml_4,我本当将此事对他来论，,3768899136.9209752,0.0
lseh-WeiKaiYan-RangXuZhou.xml_0,未开言不由人（呐）珠泪滚滚，,3769911928.0935612,0.14285714285714285
lsxp-DaHeYi-SiLangTanMu.xml_8,问我一言答一声。,3847145821.1675153,0.0
lsxp-YiShiWu-YuCangJian.xml_3,靠山绿（哇）水常在面前。,3869793963.7909956,0.14285714285714285
sdxp-WoHeNi-SiLangTanMu.xml_15,宋营（哪）虽然路途远，,3920514827.4508309,0.0
lsxp-CiShiJian-HuaiHeYing-1.xml_1,胡言乱语怎瞒（呐）咱。,3965788618.4356031,0.0
lseh-YiLunMing-ZhuoFangCao-1.xml_22,虎在笼中我不打，,3967670391.4565921,0.0
lsxp-ShenGongWu-LongFengChengXiang.xml_2,朝欢暮乐无牵挂，,3973046301.2668533,0.0
lseh-WeiGuoJia-HongYangDong-2.xml_3,身不爽不由人瞌睡朦胧（呃）（哪）。,3981696865.1036072,0.0
lseh-LaoZhangBu-WuPenJi.xml_4,我忙将树（呃）枝摆摇（哇）动，,4000023931.6250534,0.0
lsxp-JiangShenEr-SanJiaDian.xml_5,因此上发配到登州。,4024618541.1661062,0.0
lseh-YiLunMing-WenZhaoGuan-1.xml_26,要相逢陈非是梦（兀）里团圆。,4062240292.2404962,0.0
lseh-XinZhongYou-WenZhaoGuan.xml_20,对天发下宏誓愿，,4133474831.76724,0.0
lseh-YiLunMing-WenZhaoGuan-2.xml_15,今夜晚怎能够盼到明天。,4135504857.9066687,0.0
lsxp-ZheYiFeng-DingJunShan.xml_9,到明天午时三刻要成功劳。,4136627071.9627881,0.0
lsxp-LiangGuoJiao-ShiJieTing-2.xml_3,赏罚中公（呃）平莫要自由。,4153540171.5994978,0.0
lsxp-JiangShenEr-SanJiaDian.xml_1,尊一声过往的宾朋听从头：,4161542616.0992699,0.0
lseh-YiLunMing-WenZhaoGuan-2.xml_13,我好（呃）比波浪中失舵的舟船（喏）。,4166607665.2905483,0.0
lsxp-WeiCengKai-QiYuanBao.xml_2,家住在南阳太平庄，,4226901960.0279417,0.0
lsxp-ZiGuDao-HuangHeLou.xml_5,四将军保架料也无妨。,4239020357.2484603,0.0
lseh-XinZhongYou-WenZhaoGuan.xml_15,到如今夜宿在荒村院，,4275121359.8964558,0.0
lseh-YiLunMing-WenZhaoGuan-1.xml_31,到如今夜宿在荒村院，,4275121359.8964558,0.0
lsxp-WoBenShi-KongChengJi-1.xml_2,先帝呀爷下南阳御呀驾三请，,4301022487.2201166,0.0
sdxp-DangNianHan-SanJiZhang.xml_3,小奴才真个不孝顺，,4302368164.0361347,0.0
lseh-YiLunMing-WenZhaoGuan-1.xml_36,对天发不宏誓愿，,4306410563.7124519,0.0
lsxp-DaHeYi-SiLangTanMu.xml_10,火堪寨上有家门。,4324410230.414259,0.0
sdxp-DangNianHan-SanJiZhang.xml_5,我的儿说话言不逊，,4347785950.2716475,0.0
lseh-YiLunMing-WenZhaoGuan-1.xml_2,实指（惹）望到吴国借兵回转，,4350775165.4103374,0.0
lsxp-YiShiWu-YuCangJian.xml_0,一事无成两鬓斑，,4363995936.9672632,0.0
lseh-XinZhongYou-WenZhaoGuan.xml_7,你就该把我献与昭关。,4364454320.327527,0.0
lseh-NiangZiBu-SouGuJiuGu.xml_6,舍子搭救忠（呃）良的后，,4367291462.2674255,0.0
sdxp-SuLongWei-WuJiaPo.xml_5,西凉川四十单八站，,4421752862.5911579,0.0
lseh-YiLunMing-WenZhaoGuan-1.xml_23,你就该把我献与昭关。,4424116026.0717821,0.0
lsxp-ZheYiFeng-DingJunShan.xml_2,站立在营门三军叫，,4446473002.9726038,0.0
lsxp-DaHeYi-SiLangTanMu.xml_11,我父令公官极品，,4455436442.0012274,0.0
lseh-YiLunMing-WenZhaoGuan-1.xml_14,思来想去我的肝肠断，,4464257784.3244705,0.0
lseh-YiLunMing-ZhuoFangCao-1.xml_18,观此贼睡卧真（呐）潇洒，,4470787497.315299,0.0
lseh-YiLunMing-WenZhaoGuan-1.xml_15,今夜晚怎能够盼到明天。,4477329271.6691704,0.0
sdxp-SuLongWei-WuJiaPo.xml_14,将银放在地平川。,4482486020.5758915,0.0
lseh-YiLunMing-WenZhaoGuan-1.xml_27,鸡鸣犬吠五更（哪）天，,4485715815.3637791,0.0
lsxp-QingGongYan-FaDongWu.xml_2,弟兄们创业多艰难，,4499195979.2270918,0.0
lseh-XinZhongYou-WenZhaoGuan.xml_11,鸡鸣犬吠五更（呃）天，,4528167129.0368309,0.0
lseh-XinZhongYou-WenZhaoGuan.xml_10,爹娘（呃）要相逢除非是梦（呃）里团圆。,4541793924.13517,0.0
lseh-YiLunMing-WenZhaoGuan-1.xml_13,我好（哇）比波浪中失舵的舟船（哪）。,4556483374.6701727,0.0
lseh-YiLunMing-ZhuoFangCao-2.xml_2,悔不该心猿并意马，,4572357970.3164825,0.0
lsxp-JianMaSu-ZhanMaSu.xml_2,大胆不听我的话，,4601424143.9146805,0.0
sdxp-SuLongWei-WuJiaPo.xml_1,苏龙魏虎为媒证，,4617840860.520649,0.0
lseh-YiLunMing-ZhuoFangCao-1.xml_11,自有那神灵（啊）天地鉴察。,4624777127.7129374,0.0
lseh-LaoZhangBu-WuPenJi.xml_1,我有言来你是（喏）听。,4630344436.1202288,0.0
sdeh-WenSanNiang-SanNiangJiaoZi.xml_1,问三娘发雷霆却是为何？,4650060480.4435759,0.0
lsxp-ZheYiFeng-DingJunShan.xml_5,三通鼓刀出鞘四通（呃）鼓把兵交。,4694962227.3662043,0.0
lsxp-ZhangGongDao-ZhuangYuanPu.xml_5,眼睁（呐）睁有何人去（呀）把纸烧。,4700977288.7690363,0.0
sdxp-SuLongWei-WuJiaPo.xml_12,百般调戏也枉然。,4706310774.1544018,0.0
lseh-WeiGuoJia-HongYangDong-1.xml_3,身不爽不由人瞌睡朦胧（呃）。,4747114438.6973009,0.0
sdxp-WoHeNi-SiLangTanMu.xml_7,萧天佐摆天门两国交战，,4773216610.7004776,0.0
sdxp-WoHeNi-SiLangTanMu.xml_12,无有令箭怎过关。,4801033872.9363527,0.0
lsxp-CiShiJian-HuaiHeYing-1.xml_7,生死二字（喏）且由他。,4801069311.7361736,0.0
lsxp-ZhangGongDao-ZhuangYuanPu.xml_0,张公道三十五六（哇）子有靠，,4801672503.9028845,0.0
lseh-XuMaoGong-QinQiongFaPei.xml_2,既是为我前来到，,4831741066.0308952,0.0
lseh-XinZhongYou-WenZhaoGuan.xml_0,心中有事难合眼，,4860140963.8488226,0.0
lseh-YiLunMing-WenZhaoGuan-1.xml_37,我不杀平王我的心怎甘（哪）。,4880403944.0713396,0.0
lseh-YiLunMing-ZhuoFangSuDian.xml_1,陈宫心（呐）中乱如麻，,4884507588.3499966,0.0
lsxp-DaHeYi-SiLangTanMu.xml_12,我母佘氏老太君。,4911921750.9682178,0.0
sdxp-SuLongWei-WuJiaPo.xml_4,咬定牙关他就不认承。,4969761227.8696985,0.0
lseh-YiLunMing-WenZhaoGuan-1.xml_16,心中有事难合眼，,4972216780.9087677,0.0
lsxp-ZiGuDao-HuangHeLou.xml_4,今日主公把宴上，,4993294673.4495192,0.0
lseh-XinZhongYou-WenZhaoGuan.xml_21,我不杀平王我的心怎甘。,5001292559.0555305,0.0
lsxp-ZiGuDao-HuangHeLou.xml_2,曾记得当年赴河梁，,5023907128.8724318,0.0
lsxp-YiZhuangZhuang-QunYingHui.xml_0,一桩桩一件件倶已办就，,5028663577.273509,0.0
lsxp-WeiCengKai-QiYuanBao.xml_1,尊一声太爷听端详。,5031595624.2656097,0.0
lseh-YiLunMing-WenZhaoGuan-2.xml_2,实指望到吴国借兵回转，,5033284281.8320761,0.0
lseh-YiLunMing-WenZhaoGuan-2.xml_14,思来想去我的肝肠断，,5049724482.9642992,0.0
lseh-XiRiLi-BaoLianDeng.xml_7,兄（呃）推弟来两不能够担承。,5067888251.7725878,0.0
lsxp-ZiGuDao-HuangHeLou.xml_1,主公不必加愁肠。,5073591294.5869884,0.14285714285714285
lseh-TanXiongDi-SangYuanJiZi.xml_1,丢下了年幼儿好不伤情。,5082152804.6738014,0.0
lsxp-LiangGuoJiao-ShiJieTing-2.xml_4,此一番领（呃）兵去镇守，,5082321039.0084524,0.0
lsxp-ZouYingLong-DaYanSong.xml_1,在朝房来了我这保国忠。,5091347075.7454739,0.0
lseh-LaoZhangBu-WuPenJi.xml_5,抓一（呀）把沙土扬灰尘。,5093265366.3066578,0.0
lsxp-LiangGuoJiao-ShiJieTing-2.xml_0,两国交锋龙虎斗，,5109718781.9321852,0.0
lseh-WeiGuoJia-HongYangDong-2.xml_0,为国家哪何曾半日闲空，,5121131170.6877623,0.0
lsxp-WoBenShi-KongChengJi-2.xml_4,官封到武乡侯（呃）执掌帅印，,5216327940.5512657,0.0
lseh-YiLunMing-ZhuoFangSuDian.xml_11,自有那神灵儿天地鉴察。,5218235029.6745739,0.0
lsxp-CiShiJian-HuaiHeYing-1.xml_6,三人同把那鬼门关上踏（啊），,5218573503.6124916,0.0
lsxp-ZhangGongDao-ZhuangYuanPu.xml_1,陈伯愚年半百无有后苗。,5241871819.6394348,0.0
lseh-YangYanZhao-PengBei.xml_2,迈虎步我且把宝帐来进，,5242253883.263936,0.0
lseh-WeiGuoJia-HongYangDong-3.xml_3,身不爽不由人瞌睡朦胧。,5242583847.7103682,0.0
lseh-YiLunMing-WenZhaoGuan-1.xml_9,满腹的含冤我向谁言（哪）！,5261015691.3132448,0.0
lseh-YiLunMing-WenZhaoGuan-2.xml_9,满腹的含冤我向谁言（喏）。,5261015691.3132448,0.0
lseh-YiLunMing-WenZhaoGuan-1.xml_11,我好比龙游在浅沙滩。,5268811135.7170191,0.0
lseh-YiLunMing-ZhuoFangCao-1.xml_24,执宝剑将贼的（呀）头割下，,5268969086.1045265,0.0
lseh-WeiGuoJia-HongYangDong-3.xml_0,为国家哪何曾半日闲空，,5284933292.9729242,0.0
sdxp-DangNianHan-SanJiZhang.xml_4,仙女嫁的又是何人？,5324399521.3733768,0.0
lseh-XinZhongYou-WenZhaoGuan.xml_13,想当初在朝为官宦，,5333852455.9477177,0.0
lseh-YiLunMing-WenZhaoGuan-1.xml_29,想当初在朝为官宦，,5333852455.9477177,0.0
lseh-XiRiLi-BaoLianDeng.xml_15,打死个秦官保父不能担承。,5336812764.5247755,0.0
lsxp-YiZhuangZhuang-QunYingHui.xml_1,请先生到江边即刻登舟。,5344935683.5012026,0.0
lseh-YangYanZhao-PengBei.xml_1,在中途得一信甚是不明。,5362013098.7241526,0.0
lseh-XiRiLi-BaoLianDeng.xml_0,昔日里有一个孤竹君，,5362417021.7205973,0.0
lseh-NiangZiBu-SouGuJiuGu.xml_10,千言万（哪）语她不肯，,5369428561.8447237,0.0
lseh-XiRiLi-BaoLianDeng.xml_2,都只为孤（哇）竹君身染重病（哪），,5376073114.7099085,0.0
lsxp-ShenGongWu-LongFengChengXiang.xml_3,耳听笙歌闹喧哗。,5403594116.0139742,0.0
lsxp-ZiCongQian-ZhuLianZhai.xml_2,为千岁懒把朝房走，,5406316626.7629566,0.0
lsxp-ZouYingLong-DaYanSong.xml_13,在品级台（呀）前臣见君。,5409566661.6343203,0.0
lsxp-LiangGuoJiao-ShiJieTing-1.xml_3,赏罚中公（呃）平莫要自由。,5409631947.4919577,0.0
sdxp-WoHeNi-SiLangTanMu.xml_13,公主赠我的金鈚箭，,5410080213.6258163,0.0
lseh-YiLunMing-WenZhaoGuan-2.xml_11,我好比龙游在浅沙滩。,5424614663.4496279,0.0
lsxp-DaHeYi-SiLangTanMu.xml_17,弟兄对坐叙寒温。,5458431101.8197479,0.0
lseh-ZiNaRi-HongYangDong.xml_2,我前番命孟良骸骨搬（呐）请，,5464816415.5401306,0.0
lsxp-TingTaYan-ZhuoFangCao-2.xml_4,马行在来道内我难（呐）以回（呀）马，,5472202226.7209263,0.0
lsxp-TingTaYan-ZhuoFangCao-1.xml_4,马行在来道内我难（呐）以回（呀）马，,5472202226.7209263,0.0
lseh-WeiGuoJia-HongYangDong-1.xml_0,为国家那何曾半日闲空，,5487605191.4721632,0.0
lsxp-WoBenShi-KongChengJi-1.xml_4,官封到武乡侯哇执掌帅印，,5496262665.1764307,0.0
lsxp-JiangShenEr-SanJiaDian.xml_15,叫一声解差把店役。,5498122048.383811,0.0
lsxp-LiangGuoJiao-ShiJieTing-2.xml_2,管带三（呐）军要宽厚，,5520882921.4669485,0.0
lseh-WeiGuoJia-HongYangDong-1.xml_1,我也曾平服了塞北西东。,5540514527.6177034,0.0
sdxp-WoHeNi-SiLangTanMu.xml_20,黄沙盖脸尸骨不全。,5544106375.1955271,0.0
lseh-LaoZhangBu-WuPenJi.xml_6,我和你远无冤近无有仇恨，,5555415768.1482487,0.0
lseh-YiLunMing-ZhuoFangCao-1.xml_1,陈宫心（呐）中乱如麻，,5570166134.9489088,0.0
lseh-YiLunMing-ZhuoFangCao-2.xml_1,陈宫心中乱如麻。,5588556063.2175608,0.0
lsxp-WoBenShi-KongChengJi-1.xml_1,论阴阳如反掌保定乾坤。,5609857991.9503117,0.0
lsxp-YiShiWu-YuCangJian.xml_6,他害我满门（呐）真悲惨，,5623457360.9323759,0.0
lsxp-DaHeYi-SiLangTanMu.xml_27,听罢言来才知情，,5641245405.8125515,0.0
lsxp-WoBenShi-KongChengJi-2.xml_9,我面前却少个知（呃）音的人。,5670425331.4143753,0.14285714285714285
lseh-ZiNaRi-HongYangDong.xml_9,因此上臣的病重（呃）加十分、千岁爷呀！,5683797037.0006218,0.0
lsxp-ZuoRiLi-YuanMenZhanZi.xml_5,老娘亲再讲情儿自刎头来。,5684579092.9203968,0.0
lseh-YiLunMing-WenZhaoGuan-1.xml_24,哭一声爹娘不能相见，,5690216137.0066214,0.0
lsxp-HenPingWang-WenZhaoGuan.xml_3,满门的家着血染红。,5698401630.7467279,0.0
lseh-NiangZiBu-SouGuJiuGu.xml_0,娘子不（哇）必太烈性，,5719919329.1127119,0.0
lsxp-ZuoRiLi-YuanMenZhanZi.xml_3,哭啼啼坐宝帐所为何来。,5725437682.9142694,0.0
lsxp-WoBenShi-KongChengJi-2.xml_0,我本是卧龙岗散淡（呐）的人，,5733276969.4343452,0.0
lseh-YiLunMing-ZhuoFangCao-2.xml_11,自有那神灵儿天地鉴察。,5734683795.6440477,0.0
lsxp-DaHeYi-SiLangTanMu.xml_6,怎知今日回宋营。,5740021138.6576576,0.0
lseh-WeiGuoJia-HongYangDong-3.xml_1,我也曾平服了塞北西东。,5749726375.2297049,0.0
sdxp-SuLongWei-WuJiaPo.xml_6,为军的要人我是不要钱。,5754706701.3647823,0.0
lsxp-DaHeYi-SiLangTanMu.xml_3,迈步且把宝帐（呀）进，,5756650715.3718386,0.0
lsxp-DaHeYi-SiLangTanMu.xml_22,灯光之下看不真。,5757492785.1420126,0.0
sdxp-SuLongWei-WuJiaPo.xml_17,买绫罗与绸缎、打首饰和簪环，,5794640006.5093555,0.0
lsxp-LiangGuoJiao-ShiJieTing-1.xml_1,各为其主统貔貅，,5818848895.208931,0.0
lseh-TanXiongDi-SangYuanJiZi.xml_0,叹兄兀弟遭不幸一旦丧命，,5851084091.7676401,0.0
lsxp-ZheYiFeng-DingJunShan.xml_8,三军与（呀）爷归营号，,5878144565.1366491,0.0
lsxp-CiShiJian-HuaiHeYing-2.xml_3,为什么事到如今耍奸滑？,5883843389.967433,0.0
lsxp-WoBenShi-KongChengJi-1.xml_9,我面前缺少个知呃音的人。,5910712370.3630228,0.14285714285714285
lsxp-DaHeYi-SiLangTanMu.xml_1,大喝一声（哪）如雷震，,5913028126.5846243,0.0
lsxp-DaHeYi-SiLangTanMu.xml_29,众将与爷忙掩（哪）门，,5919149706.9880056,0.0
lseh-XuMaoGong-QinQiongFaPei.xml_4,是是是（呀）来我明白了，,5951067266.6035137,0.0
lseh-NiangZiBu-SouGuJiuGu.xml_4,我与那公孙杵臼把计定，,5951839950.2265129,0.0
lseh-XiRiLi-BaoLianDeng.xml_14,打死了别家子父能作主，,5956707990.1736574,0.0
sdxp-DangNianHan-SanJiZhang.xml_7,要退、要退、偏要退！,5986140225.3103123,0.0
lseh-XiRiLi-BaoLianDeng.xml_13,二娇儿也难比那两个贤人。,6006290057.2494946,0.0
lseh-YiLunMing-WenZhaoGuan-2.xml_0,一轮明月照窗前，,6045080765.773653,0.0
lsxp-WoBenShi-KongChengJi-1.xml_0,我本是卧龙岗散淡哪的人，,6048444390.4443989,0.0
lsxp-LiangGuoJiao-ShiJieTing-2.xml_1,各为其（呀）主统貔貅。,6053416842.2847004,0.0
lseh-YiLunMing-ZhuoFangSuDian.xml_0,一轮明月照窗下，,6073132317.971446,0.0
lsxp-CiShiJian-HuaiHeYing-1.xml_3,为什么事到如今耍奸滑。,6083550696.1527328,0.0
lsxp-WoBenShi-KongChengJi-1.xml_5,东西战南北剿博古通呃今。,6087549740.6647539,0.0
lsxp-ZiCongQian-ZhuLianZhai.xml_1,满朝中文武臣泪双流。,6133503631.3427448,0.14285714285714285
lseh-NiangZiBu-SouGuJiuGu.xml_1,卑（呀）人言来你是（喏）听。,6162674899.909255,0.0
lseh-YangYanZhao-PengBei.xml_0,杨延昭奉父命巡查大营，,6170341111.2083397,0.0
lsxp-CiShiJian-HuaiHeYing-2.xml_7,生死二字（喏）且由他！,6212251854.5673628,0.0
lsxp-ZouYingLong-DaYanSong.xml_3,偶遇见小小的顽童放悲声，,6229140379.5403538,0.0
sdxp-SuLongWei-WuJiaPo.xml_10,管保大嫂就断与咱。,6231908171.670084,0.0
lseh-XinZhongYou-WenZhaoGuan.xml_17,我本当拔宝剑自寻短见，,6239837497.3383007,0.0
lseh-YiLunMing-WenZhaoGuan-1.xml_0,一轮明月照窗前，,6243137787.0744143,0.0
lseh-YiLunMing-ZhuoFangCao-2.xml_0,一轮明月照窗下，,6261155096.9248629,0.0
lsxp-HenPingWang-WenZhaoGuan.xml_2,我的（呀）父谏奏反把命（哪）送，,6301341562.5520592,0.0
lsxp-CiShiJian-HuaiHeYing-2.xml_6,三人同把那鬼门关上爬，,6302945794.2631502,0.0
sdxp-SuLongWei-WuJiaPo.xml_2,王丞相是我的主婚人（哪）。,6320119858.2009869,0.0
sdxp-SuLongWei-WuJiaPo.xml_8,为军哪怕到官前。,6351869034.0305471,0.0
lseh-YangYanZhao-PengBei.xml_3,又只见老爹爹瞌睡沉沉。,6411987768.2378654,0.0
lseh-WeiGuoJia-HongYangDong-2.xml_1,我也曾平服了塞北西东。,6445035055.3712292,0.0
lseh-JinZhongXiang-ShangTianTai.xml_1,寡人喜的是五谷丰登。,6448990251.6973381,0.0
lsxp-ZiCongQian-ZhuLianZhai.xml_0,自从千岁离朝后，,6455372145.8344402,0.0
lseh-YiLunMing-ZhuoFangCao-1.xml_0,一轮明月照窗下，,6459173355.5423021,0.0
lsxp-QingGongYan-FaDongWu.xml_0,庆功宴上把酒饮，,6463703070.4818964,0.0
sdxp-SuLongWei-WuJiaPo.xml_3,他三人与我有仇恨，,6486991646.0087614,0.0
lsxp-WoZhuYe-ZhuiHanXin.xml_7,一路上得遇陆贾、郦生与张良。,6502884695.6798468,0.0
lsxp-TingTaYan-ZhuoFangCao-1.xml_0,听他言听得我心（呐）惊胆怕，,6512082283.7522135,0.0
lsxp-TingTaYan-ZhuoFangCao-2.xml_0,听他言吓得我心（呐）惊胆怕，,6512082283.7522135,0.0
lsxp-YiShiWu-YuCangJian.xml_8,实指（喏）望到吴国借兵（呐）转，,6546497898.5177507,0.0
lseh-YiLunMing-WenZhaoGuan-1.xml_33,我本当拔宝剑自寻短见，,6550442795.8854942,0.0
sdxp-WoHeNi-SiLangTanMu.xml_2,贤公主又何必过于谦言。,6555213502.3738556,0.0
lsxp-DaHeYi-SiLangTanMu.xml_4,上面（哪）坐的同胞人。,6607505869.0715256,0.14285714285714285
lsxp-DaHeYi-SiLangTanMu.xml_14,失落番邦被贼擒。,6618937186.7261677,0.0
lsxp-WoBenShi-KongChengJi-2.xml_5,东西战南北剿博古（呃）通（哦）今。,6627715684.648736,0.0
lseh-XuMaoGong-QinQiongFaPei.xml_0,徐茂公阴阳多奥妙，,6661922519.0475111,0.0
lseh-ZenNengGou-BaDaChui.xml_0,怎能够思一计番营来进，,6674142084.1993952,0.0
lsxp-QingGongYan-FaDongWu.xml_3,又谁知中途两离分。,6674192039.8236179,0.0
lsxp-WoZhuYe-ZhuiHanXin.xml_8,一路上秋毫无犯军威壮，,6699187245.4886923,0.0
lsxp-WoBenShi-KongChengJi-2.xml_1,凭阴阳如反掌保定乾坤。,6716049572.2981529,0.0
lseh-YiLunMing-ZhuoFangCao-2.xml_3,悔不该随他人到吕家。,6721958000.6405611,0.0
lseh-YiLunMing-WenZhaoGuan-1.xml_35,父母的冤仇化尘烟，,6732664420.9456148,0.0
lseh-YiLunMing-WenZhaoGuan-2.xml_1,愁人心（呐）中似箭穿。,6749674619.9858036,0.14285714285714285
lseh-LaoZhangBu-WuPenJi.xml_0,老丈不（哇）必胆怕惊，,6753942303.5927,0.0
sdxp-WoHeNi-SiLangTanMu.xml_1,我和你好夫妻恩德不浅，,6773914204.131587,0.0
lsxp-ZiGuDao-HuangHeLou.xml_0,自古道吉人有天相，,6802807014.5408831,0.0
lsxp-ZiCongQian-ZhuLianZhai.xml_4,山高路远少来问候，,6822147837.3113232,0.0
lseh-YiLunMing-WenZhaoGuan-1.xml_1,愁人心（哪）中似箭穿。,6861185794.1215992,0.14285714285714285
lsxp-QingGongYan-FaDongWu.xml_1,想起桃园结拜情。,6864549283.6435413,0.0
sdxp-WoHeNi-SiLangTanMu.xml_18,将身跪在地平川。,6884598933.8236332,0.0
lseh-YiLunMing-ZhuoFangCao-1.xml_19,安眠好似并底之蛙，,6914044244.8350754,0.0
lseh-JinZhongXiang-ShangTianTai.xml_2,文凭着邓先生策划有准，,6921479990.2599421,0.0
lsxp-WeiCengKai-QiYuanBao.xml_6,行至在中途把雨降，,6942081027.5986452,0.0
lsxp-YiShiWu-YuCangJian.xml_4,恨平王无道纲常乱，,6959049677.6904755,0.0
lseh-TuZeiZuo-SouGuJiuGu.xml_2,眼见得忠良无救应，,6982009241.2727003,0.0
lseh-YiLunMing-WenZhaoGuan-1.xml_5,他将我隐藏在后花园。,7036897378.0528936,0.0
lseh-WeiKaiYan-RangXuZhou.xml_5,救生灵（呐）积阴（呐）功也免得我坐卧不宁。,7099585534.089262,0.0
lseh-YiLunMing-ZhuoFangSuDian.xml_3,悔不该随他人到吕家。,7134126693.5197792,0.0
lseh-YiLunMing-WenZhaoGuan-1.xml_17,翻来覆去睡不（哇）安。,7135363027.6708126,0.0
lsxp-WoZhuYe-ZhuiHanXin.xml_11,反将我主贬汉王。,7137835902.1073942,0.0
lsxp-DaHeYi-SiLangTanMu.xml_26,要见本帅为何情？,7143760683.5712099,0.0
lsxp-WoZhuYe-ZhuiHanXin.xml_1,拔剑斩蛇天下扬。,7170800692.0916748,0.0
lseh-ZiNaRi-HongYangDong.xml_0,自（喏）那日朝罢归身（呐）染重病，,7175033811.1891832,0.0
lseh-XinZhongYou-WenZhaoGuan.xml_19,父母的冤仇化尘烟，,7177349849.0233126,0.0
lseh-XinZhongYou-WenZhaoGuan.xml_6,贪图富贵来害我，,7240091201.4802208,0.0
lseh-NiangZiBu-SouGuJiuGu.xml_3,三百余口命赴幽冥。,7269551429.9402351,0.0
lseh-TuZeiZuo-SouGuJiuGu.xml_0,屠贼做事心太狠，,7297837928.4757004,0.0
lsxp-LiangGuoJiao-ShiJieTing-1.xml_0,两国交（哇）锋龙虎斗，,7305407035.1700058,0.0
lseh-YiLunMing-WenZhaoGuan-1.xml_22,贪图富贵来害我，,7305771215.3347187,0.0
sdxp-SuLongWei-WuJiaPo.xml_15,这锭银、三两三，,7326705881.9042797,0.0
lseh-XinZhongYou-WenZhaoGuan.xml_2,背地里只把东皋公怨，,7339581126.9080534,0.0
lsxp-WeiCengKai-QiYuanBao.xml_9,望求太爷与我作主张（啊）。,7356491653.8944044,0.0
lseh-JinZhongXiang-ShangTianTai.xml_0,金钟响玉磬应王登龙庭，,7365407690.9583035,0.0
lseh-XinZhongYou-WenZhaoGuan.xml_8,哭一声爹娘不能相见，,7392939334.7631321,0.0
lsxp-YiShiWu-YuCangJian.xml_7,我与奸贼不共戴天！,7421463446.5736952,0.0
sdxp-WoHeNi-SiLangTanMu.xml_11,公主虽然不阻拦，,7433787219.5667906,0.0
sdxp-WoHeNi-SiLangTanMu.xml_14,见母一面即刻还。,7491940484.3458643,0.14285714285714285
lsxp-TingTaYan-ZhuoFangCao-2.xml_6,这时候我只得暂且忍耐在心下，,7499335813.8730125,0.0
lseh-NiangZiBu-SouGuJiuGu.xml_13,哀求娘子（喏）舍亲（呐）生。,7500211103.460022,0.0
lsxp-DaHeYi-SiLangTanMu.xml_31,走上前来忙松捆，,7517656732.6612282,0.0
lseh-YiLunMing-WenZhaoGuan-1.xml_20,若是真心来救我，,7525520753.9913149,0.0
lseh-XinZhongYou-WenZhaoGuan.xml_4,若是真心来救我，,7525520753.9913149,0.0
lseh-YiLunMing-ZhuoFangCao-1.xml_12,听谯楼打罢了二（喏）更鼓下，,7530945086.9307337,0.0
sdxp-DangNianHan-SanJiZhang.xml_2,未央宫斩的是何人？,7567391427.6696825,0.0
lseh-XuMaoGong-QinQiongFaPei.xml_1,文韬武略智谋高。,7599420770.8233147,0.0
lsxp-TingTaYan-ZhuoFangCao-1.xml_6,这时候我只得暂且忍耐在心下，,7607737223.5773773,0.0
lseh-XinZhongYou-WenZhaoGuan.xml_1,翻来复去睡不安。,7611746107.6402664,0.0
lseh-YiLunMing-ZhuoFangCao-1.xml_3,悔不该随他人到吕家，,7620169245.6044197,0.0
lsxp-DaHeYi-SiLangTanMu.xml_30,自己骨肉认不清。,7625251347.0496159,0.0
lsxp-WoBenShi-KongChengJi-2.xml_6,周文王访姜尚周室大振，,7654124000.9287596,0.0
lsxp-ZouYingLong-DaYanSong.xml_7,站立在殿角用目来观定，,7697242852.0250101,0.0
lseh-ZiNaRi-HongYangDong.xml_8,为此事终（啊）日里忧成疾病，,7699333578.6206188,0.0
lseh-YiLunMing-WenZhaoGuan-2.xml_5,他将我隐藏在后花园。,7704624562.6887789,0.0
lsxp-CiShiJian-HuaiHeYing-1.xml_4,左手拉住了李左车，,7761206846.7332258,0.0
lsxp-LiangGuoJiao-ShiJieTing-1.xml_2,管待三（哪）军要宽厚，,7803986371.3905811,0.0
lsxp-ZouYingLong-DaYanSong.xml_9,那一旁坐的就是严阁老，,7840570166.596632,0.0
lsxp-CiShiJian-HuaiHeYing-2.xml_2,在长安是你夸大话，,7849945008.2190952,0.0
lseh-JinZhongXiang-ShangTianTai.xml_3,武仗着姚皇兄保定乾坤。,7854167699.4673319,0.0
lseh-WeiKaiYan-RangXuZhou.xml_1,天卸重任我就要（哇）你担承。,7898032406.6902294,0.0
sdxp-SuLongWei-WuJiaPo.xml_18,我与你露水的夫妻就过几年（呐）。,7900001556.846755,0.0
lsxp-CiShiJian-HuaiHeYing-2.xml_0,此时间不可闹笑话，,7907819856.580821,0.0
lsxp-JianMaSu-ZhanMaSu.xml_3,失去了街亭差不差。,7911161986.7467213,0.0
lsxp-CiShiJian-HuaiHeYing-1.xml_0,此时间不可闹笑话，,7940542660.3298483,0.0
lseh-YiLunMing-ZhuoFangCao-1.xml_6,又谁知此贼的疑心（呐）太（呀）大，,7950319815.0883465,0.0
lsxp-LiangGuoJiao-ShiJieTing-1.xml_4,此一番领兵去镇守，,7966364137.2520809,0.0
sdxp-WoHeNi-SiLangTanMu.xml_19,我若探母不回转，,8007920695.3513641,0.0
lsxp-JiangShenEr-SanJiaDian.xml_2,一不是响马与贼寇，,8042728516.6326714,0.0
lsxp-CiShiJian-HuaiHeYing-1.xml_2,在长安是你夸大话，,8046343290.5504599,0.0
lseh-XiRiLi-BaoLianDeng.xml_3,传口诏命次子即位为君，,8057032390.2715292,0.0
lsxp-ZuoRiLi-YuanMenZhanZi.xml_0,昨日里斩八将头挂营外，,8060351837.4470654,0.0
lsxp-WeiCengKai-QiYuanBao.xml_8,赵大夫妻图财害命害我一命亡，,8137567479.5727463,0.0
lseh-YiLunMing-WenZhaoGuan-1.xml_18,背地里只把东皋公怨，,8203742572.935421,0.0
lsxp-ZuoRiLi-YuanMenZhanZi.xml_4,叫焦赞将宝剑悬挂帐外，,8249982962.0924253,0.0
lsxp-ZheYiFeng-DingJunShan.xml_3,大小儿郎听根苗，,8268658012.5188684,0.0
lsxp-ZouYingLong-DaYanSong.xml_11,我本当金（哪）殿奏一本怎奈我官卑职小不能够参大臣。,8277648729.1204386,0.0
lsxp-ZheYiFeng-DingJunShan.xml_4,头通（呃）鼓紧战袍，,8321240719.5775423,0.0
lseh-YiLunMing-WenZhaoGuan-1.xml_3,谁知昭关有阻拦。,8336214203.1374321,0.0
lseh-YiLunMing-ZhuoFangSuDian.xml_10,屈死的怨鬼魂休要怨（呐）咱，,8355256258.4161205,0.0
lsxp-ZouYingLong-DaYanSong.xml_4,我问顽童啼哭因何故，,8456103343.6112328,0.0
lsxp-WoZhuYe-ZhuiHanXin.xml_0,我主爷起义在芒砀，,8458203118.6357365,0.0
lsxp-JianMaSu-ZhanMaSu.xml_1,不由老夫咬钢牙，,8468143289.2791319,0.0
lsxp-JiangShenEr-SanJiaDian.xml_3,二不是歹人（呐）把城偷。,8495405489.2343311,0.0
lseh-YiLunMing-ZhuoFangCao-2.xml_10,屈死的冤鬼魂休要怨咱，,8544009693.839879,0.0
lsxp-ZouYingLong-DaYanSong.xml_8,上面坐的是有道君，,8544716978.8290501,0.14285714285714285
lsxp-ShenGongWu-LongFengChengXiang.xml_1,年老得配女娇娃。,8578173849.0337677,0.0
lsxp-DaHeYi-SiLangTanMu.xml_16,我是你四哥回宋营。,8606840945.869236,0.0
lsxp-ZouYingLong-DaYanSong.xml_12,罢、罢、罢，暂且忍却我的心头恨，,8607248351.499897,0.0
lseh-YiLunMing-ZhuoFangCao-1.xml_14,悔不该把家属一（呀）旦撇下，,8611600545.977993,0.0
lsxp-DaHeYi-SiLangTanMu.xml_5,弟兄们分别十五春，,8617947187.988306,0.0
lsxp-JiangShenEr-SanJiaDian.xml_11,儿行千里母担忧。,8630842590.6611061,0.0
lsxp-YiShiWu-YuCangJian.xml_5,信用无极狗奸谗。,8659643605.4297543,0.0
lseh-ZiNaRi-HongYangDong.xml_1,三更时梦（呃）见（呐）了年迈爹尊（呐）。,8681179551.6392784,0.0
lsxp-LiangGuoJiao-ShiJieTing-1.xml_5,靠山近水把营收。,8714397680.2844086,0.0
lsxp-WoZhuYe-ZhuiHanXin.xml_12,今日里萧何荐良将，,8721033377.8249874,0.0
lsxp-WoBenShi-KongChengJi-2.xml_8,闲无（呃）事在敌楼（呃）我亮一亮琴（呢）音，,8726087585.7725735,0.0
lseh-TanXiongDi-SangYuanJiZi.xml_3,见坟台不见人刀割我心。,8741568567.8536015,0.0
lsxp-JiangShenEr-SanJiaDian.xml_9,舍不得老娘（呃）白了头。,8786059330.224493,0.0
lseh-YiLunMing-WenZhaoGuan-2.xml_3,谁知昭关有阻拦。,8789180880.5016575,0.0
lseh-ZiNaRi-HongYangDong.xml_3,那乃是萧天佐以（呀）假成真；,8824946574.749836,0.0
lsxp-JiangShenEr-SanJiaDian.xml_14,眼见得红日坠落在西山后，,8907749910.3643742,0.0
lsxp-ZiCongQian-ZhuLianZhai.xml_5,望千岁恕学生礼貌不周。,8932311035.8682671,0.0
lseh-YiLunMing-ZhuoFangCao-1.xml_20,贼好比蛟龙未生鳞甲，,8962285784.5419559,0.0
lseh-YiLunMing-WenZhaoGuan-2.xml_12,我好（呃）比鱼儿吞了钩线，,8978384532.7626781,0.0
lseh-TuZeiZuo-SouGuJiuGu.xml_1,诬杀赵家一满门。,9036380870.3060207,0.0
lseh-WeiKaiYan-RangXuZhou.xml_2,二犬子（呃）皆年幼（哇）难当（呃）重任，,9039780437.736187,0.0
lsxp-ZheYiFeng-DingJunShan.xml_6,向前各各有赏犒，,9108326853.5646362,0.0
lseh-YiLunMing-ZhuoFangCao-1.xml_17,汉室后来贼是个惹祸的根芽。,9138971453.6844444,0.0
lseh-ZenNengGou-BaDaChui.xml_3,倒不如上公安观看古今。,9166190267.3803501,0.0
lsxp-LiangGuoJiao-ShiJieTing-2.xml_5,靠山近水把管收。,9169277889.2477131,0.0
lsxp-DaHeYi-SiLangTanMu.xml_23,本帅开言把他问，,9206982782.0233307,0.0
lseh-WeiKaiYan-RangXuZhou.xml_4,望使君放开怀慨然（呐）应（呐）允，,9208751209.3208675,0.0
lsxp-YiShiWu-YuCangJian.xml_2,日月轮流催晓（哇）箭，,9270280982.6794033,0.0
lseh-NiangZiBu-SouGuJiuGu.xml_12,无奈何我只得双（呃）膝跪，,9271393103.6182442,0.0
lsxp-WoBenShi-KongChengJi-1.xml_6,周文王访姜尚周室大振，,9284619625.732748,0.0
lseh-YiLunMing-WenZhaoGuan-1.xml_12,我好（哇）比鱼儿吞了钩线，,9286482924.4693756,0.0
lsxp-TingTaYan-ZhuoFangCao-1.xml_3,却原（呐）来贼是个无（哇）义（呀）的冤家！,9313942162.5513668,0.0
lsxp-TingTaYan-ZhuoFangCao-2.xml_3,却愿（呐）来贼是个无（哇）义（呀）的冤家！,9313942162.5513668,0.0
sdxp-SuLongWei-WuJiaPo.xml_7,大嫂说话礼不端，,9329468313.2614403,0.0
lseh-ZiNaRi-HongYangDong.xml_7,去了我左右膀难以飞行。,9344669877.7823677,0.0
lseh-YiLunMing-ZhuoFangCao-1.xml_23,我岂肯放虎归山又（哇）把人抓。,9388245654.755312,0.0
lsxp-HenPingWang-WenZhaoGuan.xml_1,父纳子（呃）妻礼难容，,9425238361.4729977,0.0
lsxp-ZhangGongDao-ZhuangYuanPu.xml_4,怕将（呃）来老天爷无（哇）有果报，,9426134970.2810268,0.0
lsxp-JiangShenEr-SanJiaDian.xml_7,舍不得衙役们众班头。,9433287022.8500767,0.0
lsxp-DaHeYi-SiLangTanMu.xml_13,十五年前沙滩会，,9433560271.0976524,0.0
lsxp-CiShiJian-HuaiHeYing-2.xml_4,左手拉住了李左车，,9466715239.1958084,0.0
lseh-YiLunMing-ZhuoFangCao-1.xml_5,杀猪（喏）沽（哇）酒款待于他，,9476631432.9398251,0.0
lseh-YiLunMing-ZhuoFangCao-1.xml_25,险些儿把事（喏）又（哇）作差。,9481005750.1726284,0.0
lsxp-ZouYingLong-DaYanSong.xml_5,他言道严嵩老贼害他的举家一满门。,9481374727.597229,0.0
lsxp-ZiCongQian-ZhuLianZhai.xml_3,为千岁懒观五凤楼。,9484649477.4417953,0.0
lsxp-ZouYingLong-DaYanSong.xml_6,我劝顽童你休流泪，免悲声，邹老爷就是尔的报仇人。,9488768450.5699654,0.14285714285714285
lsxp-WoBenShi-KongChengJi-1.xml_8,闲无哇事在敌楼哇我亮（呃）一亮琴哪音，,9526403788.4643879,0.0
lsxp-WoZhuYe-ZhuiHanXin.xml_9,我也曾约法定过三章。,9543796163.0146828,0.0
lseh-NiangZiBu-SouGuJiuGu.xml_5,他舍命来你我舍亲生。,9551274979.1174183,0.0
lseh-XinZhongYou-WenZhaoGuan.xml_9,不能（呃）哎见。,9619233255.4540462,0.0
lseh-YiLunMing-WenZhaoGuan-1.xml_25,不能（哪）哎见爹娘（兀）！,9672320129.020195,0.0
lseh-XiRiLi-BaoLianDeng.xml_1,伯夷叔齐二大贤人，,9697223145.0441799,0.0
lsxp-DaHeYi-SiLangTanMu.xml_20,见一番汉帐中行。,9721686299.8561153,0.0
lsxp-DaHeYi-SiLangTanMu.xml_2,杨家将令鬼神惊。,9744137207.1187649,0.0
lsxp-ZheYiFeng-DingJunShan.xml_7,退后的项上吃一刀。,9766757730.3863182,0.0
lsxp-ZheYiFeng-DingJunShan.xml_0,这一封（呃）书信来得巧，,9832194072.2634907,0.0
sdxp-SuLongWei-WuJiaPo.xml_21,为军起下不良的意呀，,9840995657.1940517,0.0
lsxp-DaHeYi-SiLangTanMu.xml_15,六弟下位把兄认，,9891791528.4536762,0.0
lsxp-HenPingWang-WenZhaoGuan.xml_0,恨平王无道乱楚宫（兀），,9994038595.4533558,0.0
sdxp-SuLongWei-WuJiaPo.xml_20,为何来在大道边。,10002998129.004498,0.0
sdxp-WoHeNi-SiLangTanMu.xml_9,我有心回宋营见母一面，,10084695738.145136,0.14285714285714285
lseh-YiLunMing-ZhuoFangSuDian.xml_4,吕伯奢可算得义气（呀）大，,10095738268.058483,0.0
lseh-NiangZiBu-SouGuJiuGu.xml_7,老天爷不绝我的后代根。,10104397952.658646,0.0
lseh-NiangZiBu-SouGuJiuGu.xml_8,你今舍了亲生子，,10156232238.134266,0.0
lsxp-WeiCengKai-QiYuanBao.xml_0,未曾开言泪汪汪，,10283023231.012005,0.14285714285714285
lseh-YiLunMing-WenZhaoGuan-1.xml_8,俺伍员好一似丧家犬，,10328517204.356281,0.0
sdxp-WoHeNi-SiLangTanMu.xml_6,有一桩心腹事不敢明言。,10519631116.841692,0.0
lseh-ZiNaRi-HongYangDong.xml_4,二次（喏）里命孟良番营来进，,10530144094.824982,0.0
lseh-XiRiLi-BaoLianDeng.xml_10,首阳山前冻饿死（喏）。,10545244668.214735,0.0
lseh-YiLunMing-ZhuoFangCao-2.xml_6,又谁知此贼的疑心太大，,10552464077.417431,0.0
lsxp-WeiCengKai-QiYuanBao.xml_7,借宿一宵起祸殃。,10587286560.04949,0.0
lsxp-JianMaSu-ZhanMaSu.xml_0,见马谡（唩）跪帐下，,10698802136.470476,0.0
lsxp-JiangShenEr-SanJiaDian.xml_13,娘想儿来泪双流。,10704584815.097332,0.14285714285714285
lseh-YiLunMing-ZhuoFangCao-1.xml_21,贼好比猛虎未（呀）曾长牙，,10724263962.671152,0.0
lseh-ZiNaRi-HongYangDong.xml_6,老军报他二人在洪洋（呃）洞丧（呃）命，,10747511792.138962,0.0
lsxp-DaHeYi-SiLangTanMu.xml_24,你是番邦什么人？,10826169237.683607,0.0
lseh-YiLunMing-ZhuoFangSuDian.xml_6,又谁知此贼的疑心（呐）太（呀）大，,10916826634.09936,0.0
lsxp-WoZhuYe-ZhuiHanXin.xml_15,扬尘舞蹈见大王。,10936185989.875004,0.0
lsxp-ZhangGongDao-ZhuangYuanPu.xml_2,为（呀）儿（啼）女我也曾朝山拜庙，,11006851115.499296,0.0
sdxp-WoHeNi-SiLangTanMu.xml_3,杨廷辉有一日愁眉得展，,11026636808.575714,0.14285714285714285
lsxp-ZuoRiLi-YuanMenZhanZi.xml_1,老娘亲为什么不讲情来？,11050616156.083822,0.0
sdxp-SuLongWei-WuJiaPo.xml_11,好一个贞节王宝钏，,11104321076.059296,0.0
lseh-NiangZiBu-SouGuJiuGu.xml_2,赵屠二家有仇恨，,11257549667.016743,0.0
lseh-YiLunMing-WenZhaoGuan-2.xml_8,俺伍员好一似丧家犬，,11266599083.931629,0.0
lsxp-YiShiWu-YuCangJian.xml_1,叹光明一去不回还（呐）；,11284627016.257786,0.0
lseh-YiLunMing-ZhuoFangCao-2.xml_9,年迈老丈命染黄沙。,11355490834.494299,0.0
sdxp-DangNianHan-SanJiZhang.xml_6,句句话儿伤父心。,11435027104.200047,0.0
lseh-YiLunMing-WenZhaoGuan-1.xml_7,夜夜何曾得安眠。,11597218290.729235,0.0
lseh-YiLunMing-WenZhaoGuan-2.xml_7,夜夜何曾得安眠。,11597218290.729235,0.0
lseh-XinZhongYou-WenZhaoGuan.xml_3,叫人难解巧机关。,11613080551.823278,0.0
sdxp-SuLongWei-WuJiaPo.xml_22,一马双跨到西凉。,11687872945.933203,0.0
lsxp-ZheYiFeng-DingJunShan.xml_1,天助黄忠成功劳。,11781163048.205214,0.0
lseh-YiLunMing-ZhuoFangCao-2.xml_8,一家人倶丧在宝剑之下，,11838430564.652821,0.0
lseh-JinZhongXiang-ShangTianTai.xml_5,又听得殿角下大放悲声。,12004176184.179983,0.0
lseh-YiLunMing-ZhuoFangCao-1.xml_15,悔不该弃县今抛却了乌（哇）纱，,12034904095.677647,0.0
sdxp-SuLongWei-WuJiaPo.xml_16,送与大嫂把家安。,12125989323.576532,0.0
lseh-YiLunMing-ZhuoFangCao-1.xml_9,年迈的老丈命（呐）染黄沙。,12157100748.469959,0.0
lseh-YiLunMing-ZhuoFangCao-1.xml_8,一家人倶丧在宝剑之（喏）下，,12264655617.349915,0.0
lseh-LaoZhangBu-WuPenJi.xml_3,我本屈死一鬼魂。,12295477760.021517,0.0
sdxp-SuLongWei-WuJiaPo.xml_19,是烈女就该在家院，,12364056819.672966,0.0
lseh-YangYanZhao-PengBei.xml_5,又恐怕惊动了年迈之人。,12488080303.638109,0.0
lseh-YiLunMing-WenZhaoGuan-1.xml_10,我好（哇）比哀哀长空雁，,12539840028.077154,0.0
lsxp-CiShiJian-HuaiHeYing-1.xml_5,右手再把栾布拉。,12541470485.004713,0.0
lseh-YiLunMing-ZhuoFangSuDian.xml_9,年迈的老丈命（呐）染黄沙。,12581462779.727091,0.0
lseh-XiRiLi-BaoLianDeng.xml_8,那伯夷出午门无（哇）有踪（呃）影，,12599043349.093061,0.0
lsxp-WoZhuYe-ZhuiHanXin.xml_3,两路分（呐）兵定咸阳。,12680685766.616554,0.0
lseh-YiLunMing-ZhuoFangSuDian.xml_5,杀猪（喏）沽酒款待与他，,12685847513.235376,0.0
lsxp-DaHeYi-SiLangTanMu.xml_19,本帅帐中用目睁，,12776320624.744648,0.0
lsxp-JiangShenEr-SanJiaDian.xml_8,实难舍街坊四邻与我的好朋友，,12782444180.44298,0.0
lseh-XinZhongYou-WenZhaoGuan.xml_16,我冷冷清清向谁言（呃）。,12790149162.85841,0.0
lseh-YiLunMing-WenZhaoGuan-1.xml_32,我冷冷清清向谁言（哪）。,12931687849.091295,0.0
lsxp-JiangShenEr-SanJiaDian.xml_0,将身儿来至在大街口，,12966099238.412685,0.0
lseh-YiLunMing-WenZhaoGuan-1.xml_19,叫人难解巧机关，,13029178255.246828,0.0
lseh-YiLunMing-WenZhaoGuan-2.xml_10,我好（呃）比哀哀长空雁，,13053372108.797451,0.0
sdxp-WoHeNi-SiLangTanMu.xml_8,我的娘押粮草来到北番。,13089537680.713921,0.0
lsxp-JiangShenEr-SanJiaDian.xml_12,儿想娘亲难叩首，,13136376512.038097,0.0
lseh-YiLunMing-ZhuoFangCao-2.xml_7,拔出剑将他的满门杀。,13197285638.310261,0.0
lsxp-WoBenShi-KongChengJi-1.xml_3,算就了汉家的业鼎足哇三分。,13265748683.70886,0.0
lsxp-WeiCengKai-QiYuanBao.xml_3,姓刘名安字世昌。,13271413150.64123,0.0
lseh-YiLunMing-ZhuoFangCao-1.xml_16,我只说贼是个宽宏量大，,13286467776.084291,0.0
lseh-XiRiLi-BaoLianDeng.xml_11,留得美名万古存，,13369348874.006275,0.0
lseh-YiLunMing-ZhuoFangCao-2.xml_5,杀猪沽酒款待与他。,13455000187.37451,0.0
lsxp-ZouYingLong-DaYanSong.xml_10,他本是我朝中上欺天子下压臣谋朝篡位卖国的奸贼他名叫严嵩，,13507675566.055256,0.0
lseh-XiRiLi-BaoLianDeng.xml_4,那叔齐分长幼不能担任，,13515582291.510201,0.0
lseh-YiLunMing-ZhuoFangCao-1.xml_13,越思越想把事来作差。,13664153151.653488,0.0
lsxp-TingTaYan-ZhuoFangCao-1.xml_7,既同行共（呃）大事必须要劝解于他（呀呃）。,13869186940.547789,0.0
lsxp-TingTaYan-ZhuoFangCao-2.xml_7,既同行共（呃）大事必须要劝解于他（呀呃）。,13869186940.547789,0.0
lseh-YiLunMing-ZhuoFangCao-2.xml_4,吕伯奢可算得义气大，,14095799946.301216,0.0
sdxp-WoHeNi-SiLangTanMu.xml_4,誓不忘贤公主恩重如山。,14096608894.353495,0.0
lseh-XinZhongYou-WenZhaoGuan.xml_5,为何几日他不言，,14106019864.485146,0.0
lseh-JinZhongXiang-ShangTianTai.xml_4,内侍臣忙摆驾九龙口进，,14222758108.570078,0.0
lseh-XuMaoGong-QinQiongFaPei.xml_3,缘何不救我出笼牢。,14378983055.844387,0.0
lseh-XiRiLi-BaoLianDeng.xml_6,弟让兄来兄不能应（呐）允，,14581237317.390001,0.0
lseh-XiRiLi-BaoLianDeng.xml_12,为父的怎比得孤竹君，,14630915864.074299,0.0
lsxp-WoZhuYe-ZhuiHanXin.xml_14,撩袍端带我把金殿上，,14899231885.988419,0.0
lsxp-JiangShenEr-SanJiaDian.xml_6,舍不得太爷的恩情厚，,14942291159.393902,0.0
lseh-YiLunMing-ZhuoFangSuDian.xml_7,拔出剑将他的满门杀，,14943044518.170485,0.0
lseh-XinZhongYou-WenZhaoGuan.xml_14,朝臣待漏五更寒。,14982914172.848198,0.0
lsxp-WeiCengKai-QiYuanBao.xml_5,贩卖绸缎转还乡。,15196281262.147079,0.0
lseh-YiLunMing-ZhuoFangSuDian.xml_8,一家人倶丧在宝剑之（喏）下，,15208268456.063517,0.0
lseh-NiangZiBu-SouGuJiuGu.xml_11,不舍娇儿难救孤身。,15359048555.723192,0.0
lseh-TuZeiZuo-SouGuJiuGu.xml_3,大事还要问程婴。,15513745024.191898,0.0
lseh-XiRiLi-BaoLianDeng.xml_9,那叔齐逃出了后宰门，,15706291098.774752,0.0
sdxp-WoHeNi-SiLangTanMu.xml_16,快马加鞭我一夜还。,15750686670.171377,0.0
lsxp-YiShiWu-YuCangJian.xml_9,行至在昭关有阻拦。,15984593859.822495,0.0
lseh-YiLunMing-WenZhaoGuan-2.xml_4,幸遇那东皋公行方便，,16028954740.265009,0.0
lsxp-WoBenShi-KongChengJi-2.xml_7,我诸葛怎比得前辈（呃）的先（呃）生。,16336404746.872013,0.0
lseh-YiLunMing-ZhuoFangCao-1.xml_7,拔出剑将他的满门杀，,16372868061.145765,0.0
lsxp-ZouYingLong-DaYanSong.xml_2,那一日打从大街进，,16411787996.347303,0.0
lseh-XuMaoGong-QinQiongFaPei.xml_5,其中必有这巧（哇）妙高。,16427063266.392567,0.0
lseh-NiangZiBu-SouGuJiuGu.xml_9,来年必定降麒麟。,16547238196.1208,0.0
lseh-YiLunMing-WenZhaoGuan-1.xml_30,朝臣待漏（哇）五更寒，,16564928167.215111,0.0
lsxp-TingTaYan-ZhuoFangCao-2.xml_1,背转身自埋怨我自（呃）已做差。,16628742918.434298,0.0
lsxp-TingTaYan-ZhuoFangCao-1.xml_1,背转身只埋怨我自（呃）己作差，,16628742918.434298,0.0
lseh-YiLunMing-WenZhaoGuan-1.xml_21,为何几日他不言。,16688142514.858328,0.0
lseh-XiRiLi-BaoLianDeng.xml_5,那伯夷尊父命也不能应承，,16748297450.14703,0.0
lsxp-TingTaYan-ZhuoFangCao-1.xml_2,我先前只望他宽宏量（呃）大，,17275061106.929886,0.0
lsxp-TingTaYan-ZhuoFangCao-2.xml_2,我先前只望他宽宏量（呃）大，,17275061106.929886,0.0
lseh-YiLunMing-WenZhaoGuan-1.xml_6,一连几天我的眉不（哇）展，,17814097210.383778,0.0
lseh-YiLunMing-WenZhaoGuan-1.xml_4,幸遇那东皋公行方便，,17869669228.799076,0.0
lsxp-WoZhuYe-ZhuiHanXin.xml_5,后进咸阳扶保在朝纲。,17981948135.324436,0.0
lsxp-WoZhuYe-ZhuiHanXin.xml_2,怀王也曾把旨降，,18098473875.829155,0.0
lsxp-JiangShenEr-SanJiaDian.xml_4,杨林与我来争斗，,18238847242.237167,0.0
lseh-ZenNengGou-BaDaChui.xml_1,前后话对文龙细说衷情。,18238938430.695934,0.0
lsxp-WoZhuYe-ZhuiHanXin.xml_13,但愿得言听计从重整汉家邦、一同回故乡。,18420893066.0065,0.0
lsxp-ZhangGongDao-ZhuangYuanPu.xml_3,为儿（喏）女我也曾补路修桥。,18479605073.451397,0.0
lseh-YiLunMing-WenZhaoGuan-2.xml_6,一连几天我的眉不（呃）展，,18581462111.119743,0.0
lsxp-WoZhuYe-ZhuiHanXin.xml_6,也是我主洪福广，,18797869205.540005,0.0
lsxp-TingTaYan-ZhuoFangCao-2.xml_5,这才是花随水水不（哇）能恋（呐）花。,18836849811.327721,0.0
lsxp-JiangShenEr-SanJiaDian.xml_10,娘生儿连心肉，,19111827207.015759,0.0
lsxp-WoBenShi-KongChengJi-2.xml_3,算就了汉家的业鼎足（呃）三分。,19123408127.852428,0.0
lsxp-TingTaYan-ZhuoFangCao-1.xml_5,这才是花随水水不（哇）能恋（呐）花。,19175735171.391644,0.0
lsxp-WoZhuYe-ZhuiHanXin.xml_10,项羽不遵怀王约，,19350400489.600277,0.0
lseh-ZiNaRi-HongYangDong.xml_5,又谁知焦克明他私（呀）自后跟（呐），,20166351791.60569,0.0
lsxp-WoBenShi-KongChengJi-1.xml_7,俺诸（喏）葛怎比得前辈呀的先哪生。,21000183609.100433,0.0
lseh-LaoZhangBu-WuPenJi.xml_7,望求老丈把冤伸。,22330971128.896149,0.0
