乱军中多亏他救我回还,0,乱军中多亏他救我回还。
daeh-ZiNaRi-ZhuangYuanMei-2.xml_3,乱军中多亏他救我回还。,3019365.8740811534,1.0
daeh-ZiNaRi-ZhuangYuanMei-1.xml_3,乱军中多亏他救我回还。,3075436.4716041647,1.0
daxp-LaoDieDie-YuZhouFeng.xml_0,老爹爹发恩德将本修上，,4322346.9011198636,0.0
daeh-XiaoNuCai-SanNiangJiaoZi.xml_5,叹一声不由人珠泪如梭。,4758547.8372874008,0.0
daxp-DangRiLi-SuoLinNang.xml_17,红珊瑚碧翡翠样样倶全。,4844193.0822499022,0.0
daeh-NaRiFeng-YuanXiaoMi.xml_3,我与母亲两分离。,4922668.4200519137,0.1
daxp-QiaoLouShang-HuangShanLei.xml_12,数更等交五鼓空房愈冷，,4923259.835898092,0.0
daxp-MengJunZi-ChunQiuPei-1.xml_0,蒙君子至殷勤再三问话，,4976689.5270062014,0.0
daxp-LaoDieDie-DaYuShaJia-2.xml_3,等候了爹爹回细问根由。,5344700.0892728828,0.1
daeh-ZiNaRi-ErJinGong.xml_7,看一看不觉到八月中秋。,5533274.5553285461,0.1
daeh-LiYanFei-DaBaoGuo.xml_1,文站东武列西朝贺哀家。,5563474.2299658842,0.0
daeh-WuDuanQiao-BiYuZan.xml_3,落得孤身病恹恹。,5590325.070158639,0.0
daeh-ZiNaRi-ErJinGong.xml_3,太师爷一心心想篡龙楼。,5672035.8581873765,0.0
daeh-ZiNaRi-ZhuangYuanMei-1.xml_5,不知道他与我是否一般。,5752931.0493237814,0.2
daxp-ErDeFu-HongNiGuan.xml_7,又恐怕众将官说短论长。,5794894.9903592104,0.0
daxp-DangRiLi-SuoLinNang.xml_21,换衣食也够她生活几年。,5821336.9891665746,0.0
daeh-ZiNaRi-ErJinGong.xml_11,想必是徐杨进了昭阳。,5835259.9350197474,0.0
daxp-LaoDieDie-DaYuShaJia-1.xml_3,等候了爹爹回细问根由。,5912757.0591705488,0.1
daeh-ZiNaRi-ZhuangYuanMei-1.xml_9,宋天子主婚姻此事成全。,5972277.6637544734,0.0
daeh-WuDuanQiao-BiYuZan.xml_5,满腹冤屈向谁言。,5974812.1800858537,0.0
daeh-ZiNaRi-ZhuangYuanMei-2.xml_5,不知道他与我是否一般。,6024647.5002519917,0.2
daxp-WoHeNi-SangYuanHui.xml_1,谁认你狼心狗肺的人！,6070567.0834330833,0.0
daxp-QiaoLouShang-HuangShanLei.xml_15,你爹爹到如今未转家门。,6169365.212420065,0.0
daxp-DuiLingHua-BiYuZan.xml_3,也算得人世间美满姻缘。,6171619.2268992374,0.0
daxp-QiaoLouShang-HuangShanLei.xml_6,忙移步隔花荫留神听定，,6228351.4465045994,0.0
daeh-ZuoChunGui-XiShi.xml_1,无限的闲愁恨尽上眉尖。,6257099.7030305723,0.0
daxp-FeiShiWo-TaoHuaCun.xml_9,你必须眼观六路耳听八方。,6266592.5983066196,0.0
daxp-DangRiLi-SuoLinNang.xml_3,耳听得风声断，雨声喧，雷声乱，乐声阑珊，人声呐喊，都道说是大雨倾天。,6333148.1727474723,0.1
sdxp-WoHeNi-SiLangTanMu.xml_27,你要见高堂母我不阻拦。,6390926.4330988899,0.1
daxp-WoDeNiang-XinAnYi.xml_3,却原来母亲到儿未知情。,6457609.4970002798,0.0
daxp-LaoDieDie-DaYuShaJia-1.xml_1,到叫我桂英儿挂在心头；,6488900.6336070942,0.1
daxp-ErTingDe-SuoLinNang.xml_10,蠢才问话太潦草，,6504484.9909060905,0.0
daeh-NuZiYou-TouJunBieYao.xml_3,也不枉我二人苦度时光。,6527170.7285976065,0.1
daxp-LaoDieDie-SanJiZhang-2.xml_1,儿命苦怎配着状元才郎？,6572677.182251432,0.0
daeh-SunShangXiang-BieHuangGong.xml_1,想起了已往事心内痛酸。,6634370.1404228555,0.0
daxp-LaoDieDie-SanJiZhang-2.xml_3,这样人得了志比父还强。,6637089.9709211811,0.1
daxp-XiRiLiang-LongFengChengXiang.xml_2,暗地堪笑我兄长，,6672733.1345134703,0.1
daxp-DangRiLi-SuoLinNang.xml_1,霎时间日色淡似坠西山。,6748704.4250241742,0.0
daxp-WoDeNiang-XinAnYi.xml_2,这几日身不爽心中烦闷，,6833940.3307648245,0.1
daeh-LiYanFei-DaBaoGuo.xml_9,压定了文武臣均要画押。,6847523.795791138,0.0
sdxp-SuLongWei-WuJiaPo.xml_27,三人对面（就）说分明。,6934324.2048530672,0.0
daxp-ChunQiuTing-SuoLinNang.xml_0,春秋亭外风雨暴，,7019719.4614152964,0.0
daxp-LaoDieDie-YuZhouFeng.xml_3,观此本免了儿一门祸殃。,7022970.9632351948,0.0
dldeh-ShouBiPo-ChunQiuPei.xml_4,想亲娘和老父心乱如麻。,7046438.3623441989,0.1
daeh-NaRiFeng-YuanXiaoMi.xml_5,那厢流泪这厢啼。,7059272.6325334758,0.0
daxp-ErDeFu-HongNiGuan.xml_3,倒不如与伯党匹配鸾凰。,7076079.8015012937,0.0
daeh-ZiNaRi-ZhuangYuanMei-2.xml_9,宋天子主婚姻此事成全。,7100520.6619818863,0.0
daeh-ZaoBuXing-HeHouMaDian.xml_1,贼昏王篡了位谋乱邦家。,7101902.514217102,0.1
daeh-ZuoChunGui-XiShi.xml_0,坐春闺只觉得光明似箭，,7139478.0636407007,0.0
daxp-ErTingDe-SuoLinNang.xml_1,同遇人为什么这样嚎啕。,7141812.3418513024,0.0
daxp-MengTingDe-MuiGuiYingGuaShuai.xml_4,有生之日责当尽，,7158506.7875230452,0.0
daxp-MengJunZi-ChunQiuPei-1.xml_4,在家中受不过继母拷打，,7182799.7703865925,0.1
daxp-MengTingDe-MuiGuiYingGuaShuai.xml_1,唤起我破天门状志凌云。,7194511.6401215587,0.1
daxp-FeiShiWo-TaoHuaCun.xml_12,响一声你就还一掌，,7231951.1102367193,0.1
daeh-ZiNaRi-ZhuangYuanMei-1.xml_1,行不安坐不宁情态缠绵。,7233043.7826101398,0.0
daeh-ZuoRiGong-TaiZhenWaiChuan.xml_1,有谁知一时错被逐宫廷。,7238261.4715224933,0.0
daeh-NaRiFeng-YuanXiaoMi.xml_6,我今绝少人生趣，,7260244.3585152216,0.1
daxp-WoZhuYe-SiLangTanMu.xml_4,叫番儿忙摆驾银安殿，,7273758.1755123651,0.0
daxp-LaoDieDie-DaYuShaJia-2.xml_1,倒叫我桂英儿挂在心头。,7289508.2388336109,0.1
daxp-LaoDieDie-SanJiZhang-2.xml_0,老爹爹请息怒容儿细讲，,7331589.0316906106,0.0
daxp-DangRiLi-SuoLinNang.xml_8,轿中人必定有一腔幽怨，,7344303.7791654998,0.1
daeh-NaRiFeng-YuanXiaoMi.xml_7,不如早死命归西。,7344895.6939750798,0.0
daxp-QiaoLouShang-HuangShanLei.xml_0,谯楼上二更鼓声声送听，,7346761.7320546629,0.0
daxp-XiRiLi-LongFengChengXiang.xml_2,暗地堪笑奴兄长，,7346789.0672564339,0.0
daxp-ChunQiuTing-SuoLinNang.xml_10,轿内的人儿弹别调，,7366428.4161719019,0.0
daxp-MengJunZi-ChunQiuPei-1.xml_5,莫奈何到荒郊我就来捡芦花。,7375911.8946328228,0.1
daxp-QiaoLouShang-HuangShanLei.xml_1,父子们去采药未见回程。,7412134.5552491602,0.1
daeh-NuZiYou-TouJunBieYao.xml_1,为薛郎我父女断绝情长。,7429841.004627727,0.1
dldeh-ShouBiPo-ChunQiuPei.xml_3,奴好比花未开风吹雨打，,7449035.2445482295,0.0
sdeh-WenSanNiang-SanNiangJiaoZi.xml_6,又谁知平白的闪跌一跤。,7466209.4619116532,0.0
daxp-DuiLingHua-BiYuZan.xml_2,果然是成佳偶两心欢恋，,7531507.6414580708,0.0
daeh-ZiNaRi-ZhuangYuanMei-2.xml_11,但愿得杨六郎心如石坚。,7571012.9353564717,0.0
daeh-WuDuanQiao-BiYuZan.xml_1,薄命自伤怨红颜。,7579587.7499205694,0.0
daxp-ChunQiuTing-SuoLinNang.xml_2,在隔帘只见这一花轿，,7614834.0428196834,0.0
daeh-WuDuanQiao-BiYuZan.xml_0,无端巧计将人陷，,7619389.4021762712,0.0
daeh-ZiNaRi-ZhuangYuanMei-1.xml_11,但愿得杨六郎心如石坚，,7624602.3650989337,0.0
dldeh-ShouBiPo-ChunQiuPei.xml_2,病恹恹身无力难以挣扎。,7629178.1249402426,0.0
daxp-LaoDieDie-DaYuShaJia-1.xml_0,老爹爹清晨起前去出前，,7652101.4351856755,0.0
daxp-ErTingDe-SuoLinNang.xml_31,救她饥渴胜琼瑶。,7653113.0052105552,0.1
daeh-SunShangXiang-BieHuangGong.xml_7,阿斗儿行中途被子龙追还。,7693274.15443449,0.2
daxp-WoZhuYe-SiLangTanMu.xml_2,众卿随忙挂点亲率官员，,7702832.2389814425,0.0
daeh-TanHongYan-HuoXiaoYu.xml_1,美满姻缘付东流。,7728694.0116644427,0.0
daxp-LaoDieDie-DaYuShaJia-1.xml_2,将身儿坐至在草堂等候，,7761652.7322673434,0.0
sdxp-DangNianHan-SanJiZhang.xml_14,在六国封相人上人。,7765590.0194539754,0.0
daeh-ZiNaRi-ZhuangYuanMei-2.xml_1,行不安坐不宁情态缠绵。,7772148.0838002991,0.0
dldeh-ShouBiPo-ChunQiuPei.xml_1,受逼迫去捡柴泪如雨下，,7803847.6434655366,0.0
daxp-TingTaYan-ZuoGong.xml_7,不知者不怪罪你的海量放宽。,7805943.0779657243,0.0
daeh-WangChunE-SanNiangJiaoZi.xml_1,想起了我老爷好不惨然。,7815576.3945098519,0.1
daxp-ErDeFu-HongNiGuan.xml_0,儿的父为国家阵前命丧，,7865738.0307195438,0.0
daxp-QiaoLouShang-HuangShanLei.xml_3,不知他在荒山何处安身。,7869273.8000109335,0.1
daxp-TingTaYan-ZuoGong.xml_3,他思家乡想骨肉就不能团圆。,7882705.1380973617,0.1
daxp-ErTingDe-SuoLinNang.xml_2,莫不是夫郎丑难谐女貌，,7886882.5290366374,0.0
daxp-MengJunZi-ChunQiuPei-2.xml_5,因此上到郊外来捡芦花（呀）。,7892952.7343346346,0.0
dldeh-ShouBiPo-ChunQiuPei.xml_6,你继母心毒狠将你打骂，,7893092.9395697303,0.0
daeh-WangChunE-SanNiangJiaoZi.xml_7,等候了薛倚儿转回家园。,7919130.6885221032,0.1
daxp-LaoDieDie-YuZhouFeng.xml_4,老爹爹在朝中官高爵显，,7921997.9617366856,0.1
daxp-QiaoLouShang-HuangShanLei.xml_5,猛听得窗儿外似有人行。,7945964.9412285788,0.0
daxp-ErTingDe-SuoLinNang.xml_26,这都是神话凭空造，,7956627.3275146512,0.0
daxp-XiRiLi-LongFengChengXiang.xml_5,纵有大事料无妨。,7962363.7153886557,0.0
daxp-LaoDieDie-SanJiZhang-1.xml_3,贫穷人得了志比富还强。,7966973.6567414105,0.1
daxp-QiaoLouShang-HuangShanLei.xml_2,对孤灯思远道心神不定，,7972547.0640003784,0.0
daxp-LaoDieDie-SanJiZhang-1.xml_0,老爹爹请息（呀）怒容儿细讲，,8053944.5105976248,0.0
daxp-ErTingDe-SuoLinNang.xml_22,分我一枝珊瑚宝，,8075979.4688985962,0.1
sdxp-DangNianHan-SanJiZhang.xml_13,商鞅不中苏季子，,8075979.4688985962,0.1
daeh-WangChunE-SanNiangJiaoZi.xml_0,王春娥坐草堂自思自叹，,8092148.1848740503,0.0
daxp-TingTaYan-ZuoGong.xml_6,早晚间休怪我言语怠慢，,8094178.8686274765,0.1
daeh-LiYanFei-ErJinGong.xml_3,想必是徐杨将进了昭阳。,8094707.5518946862,0.0
sdxp-SuLongWei-WuJiaPo.xml_42,买绫罗、做衣衫、买白纸、糊白幡、打首饰、做妆奁，,8116823.8090549288,0.0
daxp-NiDeFu-FenHeWan.xml_1,全仗你打雁养娘亲，,8152425.9859731235,0.0
daxp-WoZhuYe-SiLangTanMu.xml_3,一心心要夺取宋室江山。,8158380.0579040973,0.0
daxp-DuiLingHua-BiYuZan.xml_0,对菱花暗地里芳心自转，,8160254.4006700553,0.0
daeh-ZuoChunGui-XiShi.xml_3,夜不眠朝慵起又向谁言。,8175108.7724718489,0.0
daeh-CanQiQi-WuLongZuo.xml_0,惨凄凄唤苍天天不应响，,8182967.120876682,0.0
daxp-MengTingDe-MuiGuiYingGuaShuai.xml_5,寸土怎能够属于他人。,8205110.4082345469,0.1
daxp-ChunQiuTing-SuoLinNang.xml_33,救她饥渴胜琼瑶。,8219786.3198229922,0.1
daxp-DangRiLi-SuoLinNang.xml_11,为什么悲切切哭得可怜。,8227309.0848855907,0.0
daxp-ChunQiuTing-SuoLinNang.xml_3,想必是新婚渡鹊桥，,8244813.9460528465,0.0
sdxp-WoHeNi-SiLangTanMu.xml_31,一夜之间你怎能回还。,8251087.0447530234,0.2
daxp-ErTingDe-SuoLinNang.xml_5,问那厢因何故痛哭无聊？,8276629.2804398984,0.0
daxp-ErDeFu-HongNiGuan.xml_5,不想到狠心郎一味猖狂。,8298276.9559338884,0.0
sdxp-WoHeNi-SiLangTanMu.xml_29,怕你一去就不回还。,8301122.0835746871,0.2
daeh-ZiNaRi-ZhuangYuanMei-2.xml_8,幸喜得珍珠衫称心如愿，,8320453.4656119505,0.0
daxp-ErTingDe-SuoLinNang.xml_30,小小囊儿何足道，,8340589.0682937549,0.0
daxp-ChunQiuTing-SuoLinNang.xml_14,莫不是夫郎丑难谐女貌？,8367596.6254932024,0.0
daeh-ZaoBuXing-HeHouMaDian.xml_3,反倒说为嫂我拦阻有差，,8377781.0657354575,0.1
daeh-WangChunE-SanNiangJiaoZi.xml_6,将身儿来至在机房织绢，,8382745.9664951582,0.0
daxp-ChunQiuTing-SuoLinNang.xml_18,听薛良一语来相告，,8392506.1065855809,0.0
daxp-ErTingDe-SuoLinNang.xml_16,听薛良一语来相告，,8395212.2870519459,0.0
daxp-NiDeFu-FenHeWan.xml_3,不等到日落及早回程。,8397914.8035960477,0.1
daxp-MengTingDe-MuiGuiYingGuaShuai.xml_0,猛听得金鼓响画角声震，,8403857.5430382993,0.0
daxp-QiaoLouShang-HuangShanLei.xml_9,看娇儿正酣睡恐被风侵。,8416190.6879270524,0.0
daeh-ZaoBuXing-HeHouMaDian.xml_9,只骂得贼昏王扭转身驱、闭目合晴、羞羞惭惭一语不发，,8439161.4301821943,0.0
daeh-CanQiQi-WuLongZuo.xml_1,叹红颜多薄命父母双亡。,8454731.8190899622,0.1
daxp-ErTingDe-SuoLinNang.xml_27,自把珠玉夸富豪。,8502690.6382980142,0.0
daeh-ZiNaRi-ErJinGong.xml_1,独坐在寒宫院闷闷悠悠。,8507995.8609085418,0.0
daxp-DangRiLi-SuoLinNang.xml_5,隔帘儿我也曾侧目偷观。,8509742.9364289921,0.1
daxp-ChunQiuTing-SuoLinNang.xml_28,这都是神话凭空造，,8512595.3526560795,0.0
daeh-WangChunE-SanNiangJiaoZi.xml_3,老薛保好一似浪里舟船。,8518497.9061835334,0.0
daxp-ChunQiuTing-SuoLinNang.xml_25,安他半世凤凰巢。,8527238.1493937634,0.1
daxp-ErTingDe-SuoLinNang.xml_23,安她半世凤凰剿。,8527238.1493937634,0.0
daeh-ZaoBuXing-HeHouMaDian.xml_11,两旁的文武臣珠泪如麻，,8584861.0397640616,0.0
daeh-CanQiQi-WuLongZuo.xml_3,担几肩头晕转体若筛糠。,8586554.6768783033,0.0
daeh-ZaoBuXing-HeHouMaDian.xml_5,贼好比曹阿瞒半点不差，,8601958.4010994136,0.0
daxp-MengJunZi-ChunQiuPei-1.xml_3,我的父名姜绍贸易天涯。,8605013.8436523043,0.1
daxp-NiDeFu-FenHeWan.xml_0,你的父去投军无音信，,8608748.156824762,0.1
daxp-LaoDieDie-DaYuShaJia-2.xml_0,老爹爹清晨起前去出首，,8628267.960916603,0.0
daxp-ChenSanLiang-ChenSanLiangPaTang.xml_5,最可恨鸨儿叫我接客人。,8639093.0615634602,0.1
daeh-ZuoRiGong-TaiZhenWaiChuan.xml_3,但不知何日里再沐圣明。,8641258.8812524602,0.0
daxp-LaoDieDie-DaYuShaJia-2.xml_2,将身儿坐至在草堂等候，,8645934.4701217543,0.0
daxp-DangRiLi-SuoLinNang.xml_0,当日里好风光忽觉转变，,8672496.2343685254,0.0
daeh-SunShangXiang-BieHuangGong.xml_3,留下了孙仲谋执掌江南。,8685206.4511049204,0.0
daeh-ZiNaRi-ZhuangYuanMei-1.xml_7,帝王家深宫院似水流年。,8686152.6408533398,0.0
daeh-TanHongYan-HuoXiaoYu.xml_5,隔着窗儿点滴不休。,8691549.524278963,0.0
daeh-LiYanFei-DaBaoGuo.xml_5,候幼主成了龙原业归家。,8695212.8194450904,0.0
sdxp-WoHeNi-SiLangTanMu.xml_33,你也对苍天就表一番。,8699662.2232310753,0.0
daeh-ZaoBuXing-HeHouMaDian.xml_7,贼好比那司马师搅乱中华。,8703525.407111695,0.2
daxp-XiShiNv-XiShi.xml_0,西施女生长在苎萝村里，,8738774.023919262,0.0
daxp-DangRiLi-SuoLinNang.xml_13,怎奈我在轿中赤手空拳。,8745586.010943912,0.2
daxp-DangRiLi-SuoLinNang.xml_15,囊虽小却能做续命泉源。,8802917.4672442935,0.0
daxp-FeiShiWo-TaoHuaCun.xml_3,关系你患难鸳鸯永宿在池塘。,8806505.2012149617,0.0
daxp-DangRiLi-SuoLinNang.xml_16,有金珠和珍宝光华灿烂，,8821112.1351506412,0.0
daxp-FeiShiWo-TaoHuaCun.xml_5,怎能够粗心大意你再荒唐。,8822091.4822245967,0.0
daxp-MengJunZi-ChunQiuPei-2.xml_2,家住在罗郡城魁星楼下，,8842538.5837982204,0.0
daxp-MengJunZi-ChunQiuPei-2.xml_0,蒙君子至诚心再三问话，,8844844.1478125844,0.0
daxp-XiShiNv-XiShi.xml_5,对清溪时照影自整罗农。,8848129.6246402748,0.0
daxp-DiTouLi-NvQiJie.xml_1,将身来在大街前。,8854466.7306171339,0.0
daxp-ChunQiuTing-SuoLinNang.xml_31,积德才生玉树苗，,8867806.1188613195,0.0
daxp-DangRiLi-SuoLinNang.xml_20,这囊儿虽非是千古罕见，,8899841.824274838,0.0
daxp-ErTingDe-SuoLinNang.xml_25,莫把姓名你信口哓。,8907324.4773910698,0.0
daxp-LaoDieDie-SanJiZhang-1.xml_2,父休笑薛平贵是花郎模样，,8922648.4441202823,0.0
daeh-NuZiYou-TouJunBieYao.xml_2,但愿得去投军功名有望，,8923174.1531943269,0.1
sdxp-DangNianHan-SanJiZhang.xml_20,爹爹为何你要退婚？,8925712.4378991425,0.0
daxp-ErTingDe-SuoLinNang.xml_0,耳听得悲声惨心中如捣，,8933107.4152233284,0.1
daxp-ErTingDe-SuoLinNang.xml_28,麟儿哪有神送到，,8957880.1283586323,0.0
daxp-FeiShiWo-TaoHuaCun.xml_0,非是我嘱咐叮咛把话讲，,8968842.7072957456,0.1
daxp-MengTingDe-MuiGuiYingGuaShuai.xml_3,敌血飞溅石榴裙。,8981052.6114388555,0.0
daxp-ChunQiuTing-SuoLinNang.xml_32,小小囊儿何足道，,8988166.8317626063,0.0
daxp-ChunQiuTing-SuoLinNang.xml_29,自把珠玉夸富豪，,8992116.7601604201,0.0
daxp-ErTingDe-SuoLinNang.xml_4,叫梅香你把那好言相告，,8993507.849858541,0.0
daxp-MengTingDe-MuiGuiYingGuaShuai.xml_7,我一剑能挡百万兵。,8999002.4903907329,0.1
daxp-QiaoLouShang-HuangShanLei.xml_4,到三更真个是月明人静，,9002938.7022441719,0.0
daeh-WuDuanQiao-BiYuZan.xml_2,独处闺房愁无限，,9023389.0262337867,0.0
sdeh-WenSanNiang-SanNiangJiaoZi.xml_4,背转身来哭嚎啕。,9058633.6797503419,0.0
daxp-DangRiLi-SuoLinNang.xml_10,于归日理应当喜形于面，,9069731.6594297606,0.0
sdxp-DangNianHan-SanJiZhang.xml_9,当年韩信与苏秦，,9069804.6917281989,0.0
daxp-ChunQiuTing-SuoLinNang.xml_17,问那厢因何故痛哭无聊。,9090417.6431589853,0.0
daxp-ChunQiuTing-SuoLinNang.xml_5,为何鲛珠化泪抛？,9093460.7554546054,0.0
daxp-ChunQiuTing-SuoLinNang.xml_23,他为饥寒我为娇。,9100985.6871675421,0.2
daxp-DangRiLi-SuoLinNang.xml_7,哪有这短花帘，旧花幔，参差流苏，残破不全。,9111799.189634664,0.0
daeh-SunShangXiang-BieHuangGong.xml_5,又谁知弄假成真反配凤鸾。,9118629.9191876892,0.0
daxp-QiaoLouShang-HuangShanLei.xml_7,原来是秋风起扫叶之声。,9123312.7247935385,0.0
daxp-ChunQiuTing-SuoLinNang.xml_12,耳听得悲声惨心中如捣，,9139420.5284668561,0.1
daeh-ZaoBuXing-HeHouMaDian.xml_13,你叔王不让位再去骂他。,9168210.3264363576,0.1
sdxp-SuLongWei-WuJiaPo.xml_29,府内金银堆如山。,9170858.5459604803,0.0
daxp-MengJunZi-ChunQiuPei-2.xml_3,我爹爹名姜绍贸易天涯。,9171595.7153714783,0.1
daeh-ZiNaRi-ZhuangYuanMei-2.xml_2,在潼台被贼擒性命好险，,9179791.1089796461,0.0
daxp-ChunQiuTing-SuoLinNang.xml_19,满腹骄矜顿雪潇，,9189883.3812339548,0.0
daxp-MuQinBu-FengHuanChao.xml_5,活在世上也枉然。,9200271.7336570378,0.0
sdxp-SuLongWei-WuJiaPo.xml_39,妻儿老小与奴一般。,9249715.5205476061,0.0
daxp-MengTingDe-MuiGuiYingGuaShuai.xml_2,想当年桃花马上威风凛凛，,9256889.0677224863,0.0
daxp-ErTingDe-SuoLinNang.xml_29,积德才生玉树苗。,9270491.6319165565,0.0
daxp-QiaoLouShang-HuangShanLei.xml_11,又思来又想去越不安宁。,9291553.2496003453,0.0
daeh-ZiNaRi-ZhuangYuanMei-1.xml_2,在潼台被贼擒在命好险，,9312785.6984130386,0.0
daxp-MuQinBu-FengHuanChao.xml_2,自古常言道得好，,9322026.2663867343,0.0
sdxp-WoHeNi-SiLangTanMu.xml_26,你那里休得要巧言舌辨，,9326333.3205151316,0.0
daeh-XiaoNuCai-SanNiangJiaoZi.xml_3,等候了你妻子同见阎罗。,9355334.1234985124,0.0
daxp-ErDeFu-HongNiGuan.xml_2,奴这里只把那结婚思量，,9375053.3332938179,0.0
sdxp-DangNianHan-SanJiZhang.xml_10,都是安邦定国臣，,9378524.4079820514,0.0
daeh-XiaoNuCai-SanNiangJiaoZi.xml_0,小奴才他一言问住我，,9382945.3073626161,0.2
daxp-DangRiLi-SuoLinNang.xml_19,还有那赤金链，紫瑛簪，白玉环，双凤錾，八宝钗钏一个个宝孕光含。,9451138.8770190179,0.1
sdxp-SuLongWei-WuJiaPo.xml_28,我父在朝为官宦，,9459244.0921956189,0.1
daxp-ErTingDe-SuoLinNang.xml_15,薛良与我去问一遭。,9467820.0836295672,0.1
daxp-FeiShiWo-TaoHuaCun.xml_7,桃花村口莫彷徨。,9475057.0412562247,0.0
daxp-ChunQiuTing-SuoLinNang.xml_27,莫把姓名你信口晓，,9499784.7035797685,0.0
sdxp-WoHeNi-SiLangTanMu.xml_22,讲什么夫妻情恩德不浅，,9510007.1659831908,0.0
daxp-ErDeFu-HongNiGuan.xml_4,清早起我和他一度商量，,9518175.977501899,0.2
daxp-ErTingDe-SuoLinNang.xml_18,人情冷暖凭空造，,9540746.7169470787,0.0
daeh-CanQiQi-WuLongZuo.xml_2,千金休哪曾受磨房景况，,9561946.1024382263,0.0
daxp-WoZhuYe-SiLangTanMu.xml_0,我主爷金沙滩早把命丧，,9567715.2178318556,0.1
daxp-XiRiLiang-LongFengChengXiang.xml_0,昔日梁鸿配孟光，,9572333.7940098587,0.0
daxp-ErTingDe-SuoLinNang.xml_12,你不该人前逞骄傲，,9578769.1469012257,0.0
sdxp-WoHeNi-SiLangTanMu.xml_32,适才叫咱盟誓愿，,9602272.4549145848,0.0
daxp-DangRiLi-SuoLinNang.xml_2,在轿中只觉得天昏地暗。,9604439.1783557311,0.1
daxp-TingTaYan-ZuoGong.xml_0,听他言吓得我浑身是汗，,9605568.0015724674,0.2
daeh-ZiNaRi-ErJinGong.xml_5,竟把我孤儿寡母当做了马牛。,9612379.677192552,0.1
daeh-ZuoRiGong-TaiZhenWaiChuan.xml_2,思想起从前事心中悔恨，,9621650.0615312159,0.1
daxp-LaoDieDie-YuZhouFeng.xml_1,明早朝上金殿面奏吾皇。,9660761.0623982251,0.0
daeh-LiYanFei-DaBaoGuo.xml_7,宣太师上金殿披红插花。,9691427.979021363,0.0
daxp-SuSanLi-NvQiJie.xml_2,未曾开言心内惨，,9725294.4125905111,0.0
daxp-MengTingDe-MuiGuiYingGuaShuai.xml_6,番王小丑何足论，,9748222.5797836985,0.0
sdxp-SuLongWei-WuJiaPo.xml_33,家人小厮有万千。,9750244.5710220952,0.0
daxp-ErTingDe-SuoLinNang.xml_17,满腹骄矜顿雪潇。,9758394.8201336451,0.0
daxp-ErTingDe-SuoLinNang.xml_7,不该人前乱解嘲。,9758394.8201336451,0.1
daxp-ErTingDe-SuoLinNang.xml_6,梅香说话好颠倒，,9760539.8349743597,0.0
daxp-FeiShiWo-TaoHuaCun.xml_17,听我的号令上战场。,9768687.6663920432,0.1
daeh-ZuoRiGong-TaiZhenWaiChuan.xml_0,昨日宫中何等宠幸，,9776609.3629068565,0.1
daxp-LaoDieDie-YuZhouFeng.xml_2,倘若是有道君皇恩浩荡，,9784530.6971625239,0.0
daeh-WuDuanQiao-BiYuZan.xml_7,又怕丑名误流传。,9786370.0149936173,0.0
daxp-TingTaYan-ZuoGong.xml_2,原来是杨家将把名姓改换，,9796587.1500320435,0.0
daxp-ChunQiuTing-SuoLinNang.xml_20,人情冷暖凭天造，,9814769.0917969756,0.0
daeh-WangChunE-SanNiangJiaoZi.xml_5,每日里在书房苦读圣贤。,9814777.7744328268,0.0
daxp-ChunQiuTing-SuoLinNang.xml_8,亦有饥寒悲怀抱，,9845913.6517948955,0.0
sdxp-DangNianHan-SanJiZhang.xml_21,不能、不能、是万不能！,9846198.962785136,0.0
daeh-NuZiYou-TouJunBieYao.xml_0,奴自幼在闺阁娇生惯养，,9898838.2857562546,0.0
daeh-LiYanFei-DaBaoGuo.xml_2,太师爷奏一本进贡年下，,9941362.3927832488,0.0
daeh-ZiNaRi-ZhuangYuanMei-2.xml_7,帝王家深宫怨似水流年。,9965903.7003116962,0.0
sdxp-DangNianHan-SanJiZhang.xml_11,淮阴漂母救韩信，,10009009.10661694,0.1
daxp-ChunQiuTing-SuoLinNang.xml_6,此时却又明白了，,10016036.027258223,0.0
daeh-XiaoNuCai-SanNiangJiaoZi.xml_4,怒气不息在机房闷坐，,10020270.163221259,0.0
daxp-NiDeFu-FenHeWan.xml_2,把弓带和鱼镖与儿带定，,10031102.043818807,0.0
daxp-ChunQiuTing-SuoLinNang.xml_16,叫梅香你把那好言相告，,10045054.668345094,0.0
daxp-MuQinBu-FengHuanChao.xml_0,母亲不必心太偏，,10070462.828176105,0.0
daxp-SuSanLi-NvQiJie.xml_7,来生变犬马我当报还！,10078781.449323317,0.2
daxp-XiShiNv-XiShi.xml_1,难得有开怀事常锁双眉。,10088149.948870627,0.0
sdxp-SuLongWei-WuJiaPo.xml_31,命人送到（那）西凉川。,10109754.998631414,0.0
daxp-DangRiLi-SuoLinNang.xml_9,她泪自弹、声续断、似杜鹃、啼别院、巴峡哀猿动人心弦，好不惨然。,10131543.357597493,0.0
daxp-DangRiLi-SuoLinNang.xml_18,还有那夜明珠粒粒成串，,10134963.258045249,0.1
daeh-SunShangXiang-BieHuangGong.xml_2,遭不幸父王爷把驾来晏，,10151846.874563249,0.0
daxp-ChunQiuTing-SuoLinNang.xml_13,同遇人为什么这样嚎啕？,10162674.944372654,0.0
daxp-WoDeNiang-XinAnYi.xml_0,我的娘她忘了女生外姓，,10166734.015794177,0.1
daeh-ZaoBuXing-HeHouMaDian.xml_12,搬一把金交椅娘且坐下，,10168614.922856707,0.0
sdxp-SuLongWei-WuJiaPo.xml_30,本利算来有多少，,10181745.161845347,0.1
daxp-FeiShiWo-TaoHuaCun.xml_11,是不是有人拍巴掌。,10195395.974965118,0.0
daxp-FeiShiWo-TaoHuaCun.xml_8,你不要高声不要嚷，,10198510.184044231,0.0
daxp-MuQinBu-FengHuanChao.xml_3,女儿清白最为先。,10212642.274759509,0.0
daeh-WangChunE-SanNiangJiaoZi.xml_4,薛倚儿他好比无弓之箭，,10212893.133534892,0.1
daxp-ErTingDe-SuoLinNang.xml_20,我正不足她正少，,10252560.17480571,0.1
daeh-NaRiFeng-YuanXiaoMi.xml_1,死里逃生甚惨凄。,10290756.757670144,0.0
daeh-ZiNaRi-ZhuangYuanMei-2.xml_0,自那日与六郎阵前相见，,10316853.992987014,0.0
daxp-TingTaYan-ZuoGong.xml_5,尊一声驸马爷细听咱言。,10319534.546162019,0.0
daeh-ZiNaRi-ErJinGong.xml_6,徐小姐把守在宫门口，,10338163.086478749,0.0
daxp-ErTingDe-SuoLinNang.xml_21,她为饥寒我为骄。,10379261.153252965,0.1
daxp-ErTingDe-SuoLinNang.xml_14,休要噪且站了，,10423531.895479733,0.0
daxp-DiTouLi-NvQiJie.xml_7,来生变犬马我当报还。,10458174.108354969,0.2
daeh-NaRiFeng-YuanXiaoMi.xml_0,那日风波平地起，,10465796.416711127,0.0
daxp-ChunQiuTing-SuoLinNang.xml_30,麟儿那有神送到，,10504894.486181756,0.0
daeh-ZuoChunGui-XiShi.xml_2,奴这里心中痛玉颜清减，,10513333.79867501,0.1
sdxp-WoHeNi-SiLangTanMu.xml_30,宋营离此路途远，,10513368.931382809,0.0
sdxp-SuLongWei-WuJiaPo.xml_43,落得个孝子的名儿在那天下传。,10518642.444590492,0.0
daxp-FeiShiWo-TaoHuaCun.xml_6,鼓打二更准时往，,10558866.499050807,0.0
daxp-XiRiLiang-LongFengChengXiang.xml_3,安排巧计害刘王。,10568680.726832137,0.0
sdxp-SuLongWei-WuJiaPo.xml_41,与你娘做一个安家钱。,10573080.466451753,0.0
daxp-FeiShiWo-TaoHuaCun.xml_2,今夜晚非比那西厢待月、你懂提防、莫轻狂，,10574795.761890557,0.0
daeh-LiYanFei-ErJinGong.xml_2,耳边厢又听得朝靴响亮，,10579900.075041408,0.0
daxp-ErTingDe-SuoLinNang.xml_13,不该词费又滔滔。,10646242.173532842,0.0
daeh-LiYanFei-DaBaoGuo.xml_4,将江山让太师权且代贺，,10651927.433112411,0.0
daxp-WoZhuYe-SiLangTanMu.xml_5,阅兵书看何人前来何安。,10665762.837305134,0.0
daeh-NaRiFeng-YuanXiaoMi.xml_2,舅父前来出主意，,10673169.14319222,0.0
sdxp-SuLongWei-WuJiaPo.xml_24,提起了旁人我不晓，,10685072.734881964,0.1
daxp-XiRiLi-LongFengChengXiang.xml_0,昔日里梁鸿配孟光，,10699891.172759442,0.0
daxp-FeiShiWo-TaoHuaCun.xml_1,只怪你呆头呆脑慌慌张张。,10735751.139770232,0.0
daxp-SuSanLi-NvQiJie.xml_6,言说苏三把命断，,10774227.83350124,0.0
daeh-ZiNaRi-ErJinGong.xml_0,自那日与徐杨决裂以后，,10792866.620516721,0.0
sdxp-WoHeNi-SiLangTanMu.xml_24,因何故终日里愁眉不展，,10793310.738560637,0.0
daxp-ChunQiuTing-SuoLinNang.xml_15,莫不是强婚配鸦占鸾巢？,10822694.5623737,0.0
sdxp-SuLongWei-WuJiaPo.xml_34,将你带到官衙内，,10879222.685986608,0.0
daxp-ChunQiuTing-SuoLinNang.xml_1,何处悲声破寂寥。,10879758.756468048,0.0
daxp-ChenSanLiang-ChenSanLiangPaTang.xml_4,诗书易礼都学会，,10882235.094091039,0.0
daxp-ChunQiuTing-SuoLinNang.xml_9,也有失意痛哭嚎啕，,10890279.917320369,0.0
daxp-SuSanLi-NvQiJie.xml_4,哪一位去往南京转，,10916570.084872564,0.0
sdxp-SuLongWei-WuJiaPo.xml_40,这锭银子奴不要，,10922566.062656315,0.0
sdxp-SuLongWei-WuJiaPo.xml_32,我进相府对父言，,10922566.062656315,0.1
daxp-DiTouLi-NvQiJie.xml_4,哪一位去往南京转，,10926943.734505171,0.0
daeh-ZiNaRi-ZhuangYuanMei-1.xml_4,这桩事闷得我柔肠百转，,10948379.449170327,0.1
sdxp-WoHeNi-SiLangTanMu.xml_23,咱与你隔南北千里姻缘。,10950215.61521616,0.0
daeh-TanHongYan-HuoXiaoYu.xml_4,枕边泪（呀）共（那）阶前雨，,10955417.866577461,0.0
sdxp-SuLongWei-WuJiaPo.xml_35,打板子、上夹棍、丢南牢、坐监禁、管叫你思前容易退后难。,10989851.410267571,0.0
daxp-FeiShiWo-TaoHuaCun.xml_15,那就是来了我西厢带路的小红娘。,10991129.218665725,0.1
daxp-ErTingDe-SuoLinNang.xml_3,莫不是强婚配鸦占鸾巢。,11007300.110580608,0.0
daeh-WuDuanQiao-BiYuZan.xml_6,一心早想寻短见，,11055353.930796787,0.0
daeh-ZiNaRi-ErJinGong.xml_2,先王爷晏驾后太子年幼，,11063409.831295863,0.0
daeh-ZiNaRi-ZhuangYuanMei-2.xml_10,但愿得令公令婆别无意见，,11096194.337864645,0.0
daxp-TingTaYan-ZuoGong.xml_1,十五载到今日才吐真言。,11128605.282302527,0.0
sdxp-SuLongWei-WuJiaPo.xml_36,军爷说话理不端，,11131376.606959973,0.1
daxp-SuSanLi-NvQiJie.xml_5,与我那三郎把信传。,11133713.082002806,0.1
daxp-SuSanLi-NvQiJie.xml_1,将身来在大街前。,11153214.453802329,0.0
sdeh-WenSanNiang-SanNiangJiaoZi.xml_3,老薛保你不必苦哀告，,11154206.355108717,0.0
daxp-SuSanLi-NvQiJie.xml_0,苏三离了洪洞县，,11171733.710874045,0.0
sdxp-DangNianHan-SanJiZhang.xml_17,仙女配的是董永，,11171733.710874045,0.0
daxp-FeiShiWo-TaoHuaCun.xml_13,响两声你就凑近身旁。,11199567.293980429,0.0
daeh-TanHongYan-HuoXiaoYu.xml_2,薄幸冤家音信无有，,11204497.938078852,0.0
daeh-ZiNaRi-ZhuangYuanMei-2.xml_4,这桩事闷得我柔肠百转，,11241729.163741674,0.1
daxp-SuSanLi-NvQiJie.xml_3,过往的君子听我言。,11250863.633558247,0.1
daxp-DiTouLi-NvQiJie.xml_2,未曾开言我心好惨，,11273919.852032972,0.1
daxp-DiTouLi-NvQiJie.xml_5,与我那三郎把信传。,11285579.363591637,0.1
daxp-MuQinBu-FengHuanChao.xml_1,女儿言来听根源。,11285670.680631261,0.0
daxp-QiaoLouShang-HuangShanLei.xml_8,听画鼓报四更愈添凄冷，,11295148.55129635,0.0
daeh-SunShangXiang-BieHuangGong.xml_6,回荆州未三载诓我回转，,11295482.919792684,0.2
daeh-LiYanFei-ErJinGong.xml_0,李艳妃坐昭阳自思自想，,11298331.32251784,0.0
daxp-DangRiLi-SuoLinNang.xml_14,急切里想起了锁麟囊一（呀）件，,11374757.701180467,0.0
daeh-ZiNaRi-ErJinGong.xml_12,有一句话儿不好言讲，,11385802.267662697,0.0
sdxp-DangNianHan-SanJiZhang.xml_12,登台拜帅天下闻。,11419225.924114238,0.0
daxp-MengJunZi-ChunQiuPei-1.xml_1,虽然是男女别不得不答。,11438904.293048235,0.0
sdxp-SuLongWei-WuJiaPo.xml_37,欺奴犹如欺了天。,11442137.189947389,0.0
daxp-QiaoLouShang-HuangShanLei.xml_14,我不免唤琏儿到街前探问，,11539624.639433587,0.1
daxp-XiRiLi-LongFengChengXiang.xml_1,今朝仙女会襄王。,11541618.803265691,0.0
daeh-LiYanFei-DaBaoGuo.xml_3,各国的众王侯朝贺中华。,11542013.277267231,0.1
daxp-LaoDieDie-YuZhouFeng.xml_5,却为何贪富贵不顾羞惭。,11550459.394198928,0.0
daeh-LiYanFei-DaBaoGuo.xml_8,赐你的上方剑朝房问话，,11553668.11370605,0.0
daxp-MengJunZi-ChunQiuPei-2.xml_1,虽然是不相识我就不得不答。,11603051.975761257,0.1
daxp-ChunQiuTing-SuoLinNang.xml_24,分我一枝珊瑚宝，,11606604.543746727,0.1
daxp-ChunQiuTing-SuoLinNang.xml_22,我在不足他正少，,11606604.543746727,0.2
daxp-DiTouLi-NvQiJie.xml_6,就说苏三把命断，,11608786.277905732,0.0
daeh-LiYanFei-DaBaoGuo.xml_0,李艳妃设早朝龙书案下，,11673874.781509954,0.0
sdxp-DangNianHan-SanJiZhang.xml_18,大孝之人也受贫。,11675907.780331763,0.0
daeh-XiaoNuCai-SanNiangJiaoZi.xml_1,闭口无言王春娥。,11718070.035558131,0.0
daeh-ZiNaRi-ZhuangYuanMei-2.xml_15,愿邦家从此后国泰民安。,11782485.553135317,0.0
daxp-ErTingDe-SuoLinNang.xml_19,谁能移动它半分毫。,11784789.913601799,0.0
daeh-SunShangXiang-BieHuangGong.xml_0,孙尚香坐宫院自思自叹，,11810274.620103098,0.0
daxp-DangRiLi-SuoLinNang.xml_12,那时节奴妆奁不下百万，,11822138.514525736,0.0
sdxp-WoHeNi-SiLangTanMu.xml_25,有什么心腹事你只管明言。,11824840.16101991,0.0
daeh-XiaoNuCai-SanNiangJiaoZi.xml_2,哭一声亡故夫在阴曹等我，,11829189.475927679,0.1
daxp-DangRiLi-SuoLinNang.xml_4,那花轿必定是因陋就简，,11860846.586559672,0.0
daeh-ZiNaRi-ErJinGong.xml_10,耳边厢又听得朝靴响亮，,11903994.071468303,0.0
daxp-ChunQiuTing-SuoLinNang.xml_26,忙把梅香低声儿叫，,11918475.595367528,0.0
daxp-XiShiNv-XiShi.xml_2,只为着守清寒柴门近水，,11920064.11175848,0.0
daxp-FeiShiWo-TaoHuaCun.xml_4,已然错请生波浪，,11936268.036108138,0.0
daeh-ZaoBuXing-HeHouMaDian.xml_8,只骂得贼昏王装聋作哑，,11973869.439675229,0.0
sdxp-SuLongWei-WuJiaPo.xml_25,苏龙魏虎是内亲。,11978995.144120816,0.0
daxp-ErTingDe-SuoLinNang.xml_24,忙把梅香低声叫，,11979556.231746338,0.0
daeh-WangChunE-SanNiangJiaoZi.xml_2,春娥女好一此失群孤雁，,11980531.56316442,0.0
daxp-LaoDieDie-SanJiZhang-1.xml_1,我立志不嫁那状元才郎。,11986697.713558558,0.1
daxp-FeiShiWo-TaoHuaCun.xml_10,不但要仔细听、还要仔细想，,11993416.610976567,0.1
daxp-XiShiNv-XiShi.xml_3,每日里浣纱去又傍清溪。,12002337.62182576,0.0
sdeh-WenSanNiang-SanNiangJiaoZi.xml_5,实指望教训他终身有靠，,12068200.707419476,0.1
daeh-LiYanFei-DaBaoGuo.xml_6,写文约我且把玉玺打下，,12082723.303406909,0.1
daeh-SunShangXiang-BieHuangGong.xml_4,与周郎定巧计把皇叔来骗，,12121909.772528009,0.0
daeh-TanHongYan-HuoXiaoYu.xml_0,叹红颜薄命前生就，,12146816.434965426,0.0
daxp-XiRiLiang-LongFengChengXiang.xml_1,今朝仙女会襄王。,12153865.405225096,0.0
daxp-ErTingDe-SuoLinNang.xml_9,哪有个袖手旁观在壁上瞧。,12154355.030583091,0.0
sdxp-WoHeNi-SiLangTanMu.xml_28,有心赠你金鈚箭，,12168422.996432832,0.0
daeh-ZiNaRi-ErJinGong.xml_13,我只得怀抱太子两泪汪汪口口声声哭的是先王！,12169380.273772279,0.1
daxp-ErTingDe-SuoLinNang.xml_11,难免怀疑在心梢。,12209234.53957219,0.0
daxp-ChenSanLiang-ChenSanLiangPaTang.xml_1,公正的老爷细听分明。,12210472.626462108,0.0
daeh-TanHongYan-HuoXiaoYu.xml_3,啼花泣月在暗里（呀）添愁。,12214735.147500334,0.0
daxp-ChunQiuTing-SuoLinNang.xml_7,世上何尝尽富豪，,12269594.103042498,0.0
daxp-XiShiNv-XiShi.xml_4,怕只怕损玉颜姣容自惜，,12401951.981815564,0.0
daeh-ZaoBuXing-HeHouMaDian.xml_10,只骂得贼昏王无言对答。,12448101.797545778,0.0
daxp-XiRiLi-LongFengChengXiang.xml_4,月老本是乔国丈，,12465881.875326654,0.0
daeh-ZiNaRi-ZhuangYuanMei-1.xml_15,愿天下从此后国泰民安。,12505908.60551489,0.0
daxp-TingTaYan-ZuoGong.xml_4,我这里走向前再把礼见，,12546492.443011086,0.1
daeh-ZiNaRi-ErJinGong.xml_4,他那里父女情全然无有，,12611014.558549253,0.1
daeh-ZaoBuXing-HeHouMaDian.xml_0,遭不幸老王爷晏了御驾，,12615216.460497743,0.0
daxp-DiTouLi-NvQiJie.xml_0,低头离了洪洞县，,12736469.794854445,0.0
daxp-ErDeFu-HongNiGuan.xml_1,撇下了奴一人好不悲凉。,12737099.151827937,0.0
daeh-ZiNaRi-ErJinGong.xml_9,想起了老王爷好不惨伤。,12753719.121113556,0.0
daxp-FeiShiWo-TaoHuaCun.xml_16,你把我当做诸葛亮，,12819014.846439181,0.1
daxp-XiRiLi-LongFengChengXiang.xml_3,安排虎计害刘王。,12868697.834912783,0.0
daxp-WoHeNi-SangYuanHui.xml_0,我和你有什么夫妻的情，,12924992.665943723,0.1
daxp-MengJunZi-ChunQiuPei-2.xml_4,身有病还受那继母拷打，,13013327.77207632,0.1
daeh-ZiNaRi-ErJinGong.xml_8,李艳妃坐昭阳自思自想，,13057813.651670087,0.0
daxp-DuiLingHua-BiYuZan.xml_1,听她言不由人喜上眉尖。,13075528.54528244,0.0
daeh-ZiNaRi-ZhuangYuanMei-2.xml_6,百姓们闺房乐如花美眷，,13076707.46816395,0.0
daeh-ZiNaRi-ZhuangYuanMei-1.xml_0,自那日与六郎姻缘相见，,13077088.8506625,0.0
daeh-ZiNaRi-ZhuangYuanMei-1.xml_6,百姓们闺房乐如花美眷，,13104922.906872351,0.0
daxp-DangRiLi-SuoLinNang.xml_6,虽然是古青庐以朴为俭，,13127968.78038572,0.0
daxp-ChenSanLiang-ChenSanLiangPaTang.xml_2,我本是被骗进的富春院，,13231595.627157714,0.1
daeh-ZiNaRi-ZhuangYuanMei-1.xml_13,但愿得八主贤王从中周旋，早成姻眷，扫狼烟，叫那胡儿不敢进犯保叔王锦绣江山。,13373067.867299527,0.1
sdxp-DangNianHan-SanJiZhang.xml_16,难道说文官他就不丧身？,13383456.415828142,0.1
daeh-SunShangXiang-BieHuangGong.xml_8,恨只恨我兄长把事错办，,13399749.765273269,0.1
daxp-FeiShiWo-TaoHuaCun.xml_14,倘若是你响她也响，,13403548.314562766,0.0
dldeh-ShouBiPo-ChunQiuPei.xml_7,全（呐）不顾你身有病气力不佳。,13449025.988378508,0.0
daxp-QiaoLouShang-HuangShanLei.xml_13,果然是晓鸡唱天已黎明。,13503526.874311559,0.0
sdxp-DangNianHan-SanJiZhang.xml_15,未央宫斩的是韩信，,13538762.846063443,0.0
daxp-ChunQiuTing-SuoLinNang.xml_11,必有隐情在心潮。,13542190.574843861,0.0
daxp-ChenSanLiang-ChenSanLiangPaTang.xml_0,陈三两在大堂把话云，,13931069.167333607,0.0
daxp-MengJunZi-ChunQiuPei-1.xml_2,家住在罗郡城魁星楼下，,13980324.101800025,0.0
daeh-ZiNaRi-ZhuangYuanMei-2.xml_13,但愿得八主贤王从中周旋早成美眷、扫狼烟叫那胡儿不敢进犯、保叔王锦锈江山。,14008799.548450129,0.1
daeh-SunShangXiang-BieHuangGong.xml_9,叹一声不由人珠泪涟涟。,14061146.846842296,0.0
daxp-ChunQiuTing-SuoLinNang.xml_21,谁能移动他半分毫。,14100648.107455913,0.1
daeh-LiYanFei-ErJinGong.xml_1,想起了朝中事好不惨伤！,14131457.361367647,0.1
daeh-ZiNaRi-ZhuangYuanMei-1.xml_10,但愿得令公令婆别无异见，,14182649.210353814,0.0
daxp-ErDeFu-HongNiGuan.xml_6,奴本当把关印付他执掌，,14257299.424563503,0.1
sdxp-DangNianHan-SanJiZhang.xml_19,非是女儿言不逊，,14410065.649579534,0.0
daxp-ChunQiuTing-SuoLinNang.xml_4,吉日良辰当欢笑，,14439435.239035925,0.0
daeh-ZiNaRi-ZhuangYuanMei-1.xml_8,幸喜得珍珠衫称心如愿，,14451629.327476783,0.0
daeh-LiYanFei-ErJinGong.xml_4,有几句话儿我不好言讲，,14470844.76819776,0.1
daxp-WoZhuYe-SiLangTanMu.xml_1,众文武扶哀家执掌军房。,14534913.676117606,0.1
daeh-WuDuanQiao-BiYuZan.xml_4,今生若被郎轻贱，,14594445.290223554,0.0
daxp-LaoDieDie-SanJiZhang-2.xml_2,父道那薛平贵是那化郎模样，,15124737.287853643,0.0
daxp-WoDeNiang-XinAnYi.xml_1,奴年交十九岁还守闺门。,15193433.422489241,0.1
daxp-ErTingDe-SuoLinNang.xml_8,怜贫济困是正道，,15350123.938194556,0.0
daeh-ZiNaRi-ZhuangYuanMei-1.xml_12,但愿得状元媒月老引线，,15395527.991153859,0.0
daxp-MuQinBu-FengHuanChao.xml_4,人生不知顾脸面，,15439795.127024436,0.0
daeh-ZiNaRi-ZhuangYuanMei-2.xml_14,愿天下有情人都成姻眷，,15654958.1584123,0.0
daeh-ZiNaRi-ZhuangYuanMei-1.xml_14,愿天下有情人都成姻眷，,15825048.830318745,0.0
daeh-LiYanFei-ErJinGong.xml_5,我只得怀抱太子两泪汪汪口口声声哭的是先王。,15896488.887805246,0.1
daxp-DiTouLi-NvQiJie.xml_3,过往的君子听我言。,16096185.284027664,0.1
sdxp-SuLongWei-WuJiaPo.xml_38,西凉的鞑子将你斩，,16455267.881707927,0.0
daeh-ZaoBuXing-HeHouMaDian.xml_4,贼好比王莽贼称孤道寡，,16601519.770774744,0.0
sdxp-SuLongWei-WuJiaPo.xml_26,你我同把相府进，,16866376.562189393,0.1
daeh-NaRiFeng-YuanXiaoMi.xml_4,母女隔断三千里，,17256769.653427463,0.0
daeh-ZaoBuXing-HeHouMaDian.xml_2,把一个皇太子逼死殿下，,17337178.275062237,0.0
daeh-ZiNaRi-ZhuangYuanMei-2.xml_12,但愿得状元媒月老引线，,17454151.337662883,0.0
daxp-QiaoLouShang-HuangShanLei.xml_10,我不免引寒机伴奴坐等，,18036656.463696785,0.1
daxp-ChenSanLiang-ChenSanLiangPaTang.xml_3,发奋自强日夜读诗文。,19445759.120185379,0.0
daeh-ZaoBuXing-HeHouMaDian.xml_6,贼好比秦赵高指鹿为马，,22035031.757543918,0.0
lsxp-ZiCongQian-ZhuLianZhai.xml_4,山高路远少来问候，,2543642194.7126923,0.0
lsxp-ZiCongQian-ZhuLianZhai.xml_2,为千岁懒把朝房走，,2914256674.0829983,0.0
lseh-ZiNaRi-HongYangDong.xml_3,那乃是萧天佐以（呀）假成真；,2932887271.6702886,0.0
lsxp-ZiGuDao-HuangHeLou.xml_0,自古道吉人有天相，,3069166801.5131507,0.0
lseh-YiLunMing-ZhuoFangCao-2.xml_0,一轮明月照窗下，,3085410963.6346231,0.0
lseh-WeiKaiYan-RangXuZhou.xml_2,二犬子（呃）皆年幼（哇）难当（呃）重任，,3088869102.0050054,0.0
sdxp-SuLongWei-WuJiaPo.xml_11,好一个贞节王宝钏，,3105297795.0881038,0.0
lseh-XinZhongYou-WenZhaoGuan.xml_18,寻短（呃）哎见爹娘（呃）。,3114272750.930407,0.0
sdxp-WoHeNi-SiLangTanMu.xml_2,贤公主又何必过于谦言。,3114919653.1212306,0.0
lsxp-ZiCongQian-ZhuLianZhai.xml_5,望千岁恕学生礼貌不周。,3130694535.6592813,0.0
lseh-YiLunMing-WenZhaoGuan-1.xml_34,寻短（哪）哎见爹娘（兀）！,3136871804.9309678,0.0
lsxp-JianMaSu-ZhanMaSu.xml_0,见马谡（唩）跪帐下，,3140243913.9422698,0.0
lseh-YiLunMing-WenZhaoGuan-1.xml_0,一轮明月照窗前，,3146173926.1208663,0.0
sdxp-WoHeNi-SiLangTanMu.xml_14,见母一面即刻还。,3149898078.3011937,0.1
lseh-YiLunMing-WenZhaoGuan-2.xml_0,一轮明月照窗前，,3235032075.3820949,0.0
sdxp-SuLongWei-WuJiaPo.xml_19,是烈女就该在家院，,3246267883.7147837,0.0
lseh-XinZhongYou-WenZhaoGuan.xml_0,心中有事难合眼，,3258723298.7336097,0.1
lsxp-CiShiJian-HuaiHeYing-2.xml_4,左手拉住了李左车，,3268361829.1930871,0.0
sdxp-SuLongWei-WuJiaPo.xml_22,一马双跨到西凉。,3281597312.7126055,0.0
lseh-YiLunMing-WenZhaoGuan-1.xml_16,心中有事难合眼，,3294495472.956789,0.1
lseh-YiLunMing-WenZhaoGuan-1.xml_35,父母的冤仇化尘烟，,3301171700.8907833,0.0
lseh-XinZhongYou-WenZhaoGuan.xml_19,父母的冤仇化尘烟，,3303620227.4713912,0.0
lsxp-DaHeYi-SiLangTanMu.xml_30,自己骨肉认不清。,3324519732.1168342,0.0
lsxp-QingGongYan-FaDongWu.xml_0,庆功宴上把酒饮，,3351660632.7794247,0.0
sdxp-SuLongWei-WuJiaPo.xml_7,大嫂说话礼不端，,3352011914.2641821,0.0
lseh-XiRiLi-BaoLianDeng.xml_13,二娇儿也难比那两个贤人。,3355193602.5326476,0.0
sdxp-DangNianHan-SanJiZhang.xml_2,未央宫斩的是何人？,3361159134.9408994,0.0
lsxp-LiangGuoJiao-ShiJieTing-1.xml_5,靠山近水把营收。,3364454539.146018,0.0
lseh-LaoZhangBu-WuPenJi.xml_5,抓一（呀）把沙土扬灰尘。,3365258605.0884595,0.0
lseh-WeiGuoJia-HongYangDong-1.xml_2,官封到节度使（喏）皇王恩重，,3371626098.0901546,0.0
lsxp-ZheYiFeng-DingJunShan.xml_0,这一封（呃）书信来得巧，,3385850897.2715225,0.0
lsxp-ShenGongWu-LongFengChengXiang.xml_3,耳听笙歌闹喧哗。,3395573035.0350156,0.0
lseh-YiLunMing-ZhuoFangSuDian.xml_0,一轮明月照窗下，,3411259471.0652175,0.0
sdxp-SuLongWei-WuJiaPo.xml_8,为军哪怕到官前。,3457966822.940712,0.1
lsxp-YiShiWu-YuCangJian.xml_7,我与奸贼不共戴天！,3464958804.8929157,0.1
lseh-XuMaoGong-QinQiongFaPei.xml_0,徐茂公阴阳多奥妙，,3470824432.4132738,0.1
lsxp-DaHeYi-SiLangTanMu.xml_6,怎知今日回宋营。,3480518365.8822088,0.1
lsxp-DaHeYi-SiLangTanMu.xml_14,失落番邦被贼擒。,3480782097.5006237,0.0
lseh-XinZhongYou-WenZhaoGuan.xml_5,为何几日他不言，,3509157964.5099792,0.1
lsxp-WeiCengKai-QiYuanBao.xml_0,未曾开言泪汪汪，,3521012703.8155909,0.0
lsxp-LiangGuoJiao-ShiJieTing-1.xml_1,各为其主统貔貅，,3525288265.0500855,0.0
lsxp-WoZhuYe-ZhuiHanXin.xml_15,扬尘舞蹈见大王。,3552359277.5752406,0.0
lsxp-QingGongYan-FaDongWu.xml_3,又谁知中途两离分。,3554142281.8146496,0.1
lsxp-ZiCongQian-ZhuLianZhai.xml_0,自从千岁离朝后，,3563489065.9350805,0.0
lsxp-DaHeYi-SiLangTanMu.xml_26,要见本帅为何情？,3563598117.3068371,0.0
sdxp-SuLongWei-WuJiaPo.xml_12,百般调戏也枉然。,3564396930.110393,0.0
lsxp-DaHeYi-SiLangTanMu.xml_4,上面（哪）坐的同胞人。,3568652179.9723325,0.0
lseh-YangYanZhao-PengBei.xml_2,迈虎步我且把宝帐来进，,3570635145.2061815,0.1
lseh-WeiGuoJia-HongYangDong-2.xml_0,为国家哪何曾半日闲空，,3589941760.4244337,0.0
lsxp-LiangGuoJiao-ShiJieTing-2.xml_5,靠山近水把管收。,3616443123.5765405,0.0
sdxp-SuLongWei-WuJiaPo.xml_6,为军的要人我是不要钱。,3618114612.8812771,0.2
lsxp-ZheYiFeng-DingJunShan.xml_8,三军与（呀）爷归营号，,3669074295.9211154,0.1
lsxp-HenPingWang-WenZhaoGuan.xml_2,我的（呀）父谏奏反把命（哪）送，,3687793341.3307137,0.1
lseh-WeiGuoJia-HongYangDong-1.xml_0,为国家那何曾半日闲空，,3688631890.9478574,0.0
lseh-YiLunMing-ZhuoFangCao-1.xml_23,我岂肯放虎归山又（哇）把人抓。,3700046845.7529416,0.1
lseh-XinZhongYou-WenZhaoGuan.xml_13,想当初在朝为官宦，,3700334718.1927981,0.0
lseh-YiLunMing-WenZhaoGuan-1.xml_29,想当初在朝为官宦，,3700334718.1927981,0.0
lsxp-ZuoRiLi-YuanMenZhanZi.xml_1,老娘亲为什么不讲情来？,3702175684.5509424,0.0
lsxp-JiangShenEr-SanJiaDian.xml_11,儿行千里母担忧。,3719733017.437006,0.0
lseh-WeiGuoJia-HongYangDong-3.xml_2,官封到节度史（喏）皇王恩重，,3755428403.6564994,0.0
lsxp-DaHeYi-SiLangTanMu.xml_28,原来四哥回宋营。,3762529750.6121531,0.1
lseh-WeiGuoJia-HongYangDong-2.xml_2,官封到节度使（喏）皇王恩重，,3771615231.5750132,0.0
lseh-LaoZhangBu-WuPenJi.xml_4,我忙将树（呃）枝摆摇（哇）动，,3775252147.9476881,0.1
lseh-YiLunMing-ZhuoFangCao-1.xml_1,陈宫心（呐）中乱如麻，,3795610641.230423,0.2
lseh-XiRiLi-BaoLianDeng.xml_15,打死个秦官保父不能担承。,3816545551.8539062,0.0
lseh-YiLunMing-WenZhaoGuan-1.xml_26,要相逢陈非是梦（兀）里团圆。,3842181186.0288305,0.0
lseh-ZiNaRi-HongYangDong.xml_0,自（喏）那日朝罢归身（呐）染重病，,3847557559.840004,0.0
lsxp-ZiGuDao-HuangHeLou.xml_2,曾记得当年赴河梁，,3849611035.4878664,0.0
sdxp-WoHeNi-SiLangTanMu.xml_7,萧天佐摆天门两国交战，,3887335856.0258617,0.0
lseh-NiangZiBu-SouGuJiuGu.xml_0,娘子不（哇）必太烈性，,3913207708.6216369,0.0
lseh-WeiKaiYan-RangXuZhou.xml_5,救生灵（呐）积阴（呐）功也免得我坐卧不宁。,3933542426.3143058,0.2
lsxp-WeiCengKai-QiYuanBao.xml_8,赵大夫妻图财害命害我一命亡，,3943931357.6800866,0.1
lseh-YiLunMing-WenZhaoGuan-1.xml_21,为何几日他不言。,3957310636.4795384,0.1
lsxp-JiangShenEr-SanJiaDian.xml_5,因此上发配到登州。,3963517425.4910202,0.0
lsxp-YiShiWu-YuCangJian.xml_4,恨平王无道纲常乱，,3966681786.3141675,0.1
lsxp-CiShiJian-HuaiHeYing-2.xml_1,胡言乱语怎瞒（呐）咱！,3973896521.4298096,0.1
lseh-XinZhongYou-WenZhaoGuan.xml_6,贪图富贵来害我，,3985553785.430604,0.1
lsxp-QingGongYan-FaDongWu.xml_2,弟兄们创业多艰难，,3987474166.00106,0.1
lsxp-ZiGuDao-HuangHeLou.xml_5,四将军保架料也无妨。,3988708076.1084647,0.1
lsxp-ZheYiFeng-DingJunShan.xml_7,退后的项上吃一刀。,3989028014.4005628,0.0
lsxp-DaHeYi-SiLangTanMu.xml_3,迈步且把宝帐（呀）进，,3996187716.1062107,0.0
lseh-ZiNaRi-HongYangDong.xml_7,去了我左右膀难以飞行。,4011934583.9555364,0.1
lseh-YiLunMing-WenZhaoGuan-1.xml_11,我好比龙游在浅沙滩。,4012547113.7299781,0.1
lsxp-ZhangGongDao-ZhuangYuanPu.xml_0,张公道三十五六（哇）子有靠，,4028949342.3753452,0.0
lseh-YiLunMing-WenZhaoGuan-2.xml_11,我好比龙游在浅沙滩。,4032646906.3361006,0.1
sdxp-WoHeNi-SiLangTanMu.xml_19,我若探母不回转，,4039310921.3492846,0.2
lsxp-LiangGuoJiao-ShiJieTing-2.xml_1,各为其（呀）主统貔貅。,4043215890.2449622,0.0
lseh-YiLunMing-WenZhaoGuan-1.xml_22,贪图富贵来害我，,4045397781.762795,0.1
lseh-YiLunMing-WenZhaoGuan-1.xml_28,越思越想好伤惨，,4049146600.8923235,0.0
lseh-XiRiLi-BaoLianDeng.xml_0,昔日里有一个孤竹君，,4051265483.6786246,0.0
lseh-XuMaoGong-QinQiongFaPei.xml_1,文韬武略智谋高。,4069176482.61484,0.0
sdxp-WoHeNi-SiLangTanMu.xml_20,黄沙盖脸尸骨不全。,4070531887.5658169,0.0
lseh-YiLunMing-WenZhaoGuan-1.xml_7,夜夜何曾得安眠。,4074713354.6311364,0.0
lseh-YiLunMing-WenZhaoGuan-2.xml_7,夜夜何曾得安眠。,4074713354.6311364,0.0
lseh-WeiGuoJia-HongYangDong-3.xml_0,为国家哪何曾半日闲空，,4092561240.0848651,0.0
lsxp-CiShiJian-HuaiHeYing-2.xml_6,三人同把那鬼门关上爬，,4108504406.1077662,0.0
lseh-YiLunMing-WenZhaoGuan-1.xml_37,我不杀平王我的心怎甘（哪）。,4110727210.7040482,0.1
lsxp-YiShiWu-YuCangJian.xml_2,日月轮流催晓（哇）箭，,4113524095.6095014,0.0
lseh-YiLunMing-ZhuoFangSuDian.xml_5,杀猪（喏）沽酒款待与他，,4118340230.5110526,0.1
lseh-XinZhongYou-WenZhaoGuan.xml_2,背地里只把东皋公怨，,4123125602.8309937,0.0
lsxp-JianMaSu-ZhanMaSu.xml_3,失去了街亭差不差。,4135309512.3199291,0.0
lsxp-CiShiJian-HuaiHeYing-1.xml_1,胡言乱语怎瞒（呐）咱。,4136054150.7774496,0.1
lseh-TanXiongDi-SangYuanJiZi.xml_0,叹兄兀弟遭不幸一旦丧命，,4160903414.513895,0.0
lsxp-WeiCengKai-QiYuanBao.xml_7,借宿一宵起祸殃。,4165038020.1380463,0.0
lseh-XinZhongYou-WenZhaoGuan.xml_20,对天发下宏誓愿，,4180924296.5173364,0.0
lseh-YiLunMing-WenZhaoGuan-1.xml_36,对天发不宏誓愿，,4191521467.5177364,0.0
lseh-YiLunMing-WenZhaoGuan-1.xml_3,谁知昭关有阻拦。,4209248321.0983815,0.0
lsxp-ZiCongQian-ZhuLianZhai.xml_1,满朝中文武臣泪双流。,4218606158.195684,0.1
lsxp-ShenGongWu-LongFengChengXiang.xml_0,深宫无（哇）处不飞花，,4226706893.3880095,0.0
lsxp-DaHeYi-SiLangTanMu.xml_22,灯光之下看不真。,4235350524.7611012,0.0
lseh-TuZeiZuo-SouGuJiuGu.xml_2,眼见得忠良无救应，,4238667172.376554,0.1
lseh-XinZhongYou-WenZhaoGuan.xml_21,我不杀平王我的心怎甘。,4242788352.3017006,0.1
lsxp-DaHeYi-SiLangTanMu.xml_8,问我一言答一声。,4248549538.7875605,0.1
lsxp-ShenGongWu-LongFengChengXiang.xml_2,朝欢暮乐无牵挂，,4253193736.2165623,0.0
sdxp-WoHeNi-SiLangTanMu.xml_4,誓不忘贤公主恩重如山。,4260916592.1007128,0.0
lseh-NiangZiBu-SouGuJiuGu.xml_3,三百余口命赴幽冥。,4268434119.488008,0.0
lsxp-CiShiJian-HuaiHeYing-1.xml_4,左手拉住了李左车，,4276914478.0311584,0.0
lseh-TuZeiZuo-SouGuJiuGu.xml_0,屠贼做事心太狠，,4289180198.0933423,0.0
lsxp-LiangGuoJiao-ShiJieTing-2.xml_0,两国交锋龙虎斗，,4297416748.9307337,0.0
lsxp-DaHeYi-SiLangTanMu.xml_29,众将与爷忙掩（哪）门，,4304846411.2998667,0.0
lsxp-YiZhuangZhuang-QunYingHui.xml_1,请先生到江边即刻登舟。,4313787322.3041363,0.0
lseh-YiLunMing-ZhuoFangCao-1.xml_22,虎在笼中我不打，,4319335041.4188757,0.2
lseh-YiLunMing-WenZhaoGuan-2.xml_3,谁知昭关有阻拦。,4338040628.8761835,0.0
lsxp-LiangGuoJiao-ShiJieTing-1.xml_4,此一番领兵去镇守，,4391398624.4371672,0.0
lseh-YangYanZhao-PengBei.xml_0,杨延昭奉父命巡查大营，,4391704180.4799328,0.0
lsxp-DaHeYi-SiLangTanMu.xml_9,家住后山磁州郡，,4396214233.3783894,0.0
lseh-NiangZiBu-SouGuJiuGu.xml_10,千言万（哪）语她不肯，,4431336170.5488901,0.0
lseh-YiLunMing-ZhuoFangCao-1.xml_5,杀猪（喏）沽（哇）酒款待于他，,4486808436.3947859,0.1
lsxp-LiangGuoJiao-ShiJieTing-1.xml_2,管待三（哪）军要宽厚，,4493571860.2976627,0.1
sdxp-DangNianHan-SanJiZhang.xml_7,要退、要退、偏要退！,4499735501.0626822,0.0
lsxp-YiShiWu-YuCangJian.xml_8,实指（喏）望到吴国借兵（呐）转，,4500588520.3824844,0.0
lsxp-WoZhuYe-ZhuiHanXin.xml_9,我也曾约法定过三章。,4502773902.413537,0.1
lseh-XinZhongYou-WenZhaoGuan.xml_12,越思越想好伤惨，,4507389661.0436106,0.0
lsxp-LiangGuoJiao-ShiJieTing-1.xml_3,赏罚中公（呃）平莫要自由。,4508296639.3190517,0.1
sdxp-WoHeNi-SiLangTanMu.xml_3,杨廷辉有一日愁眉得展，,4510438098.0251684,0.0
lseh-NiangZiBu-SouGuJiuGu.xml_8,你今舍了亲生子，,4511753914.5970087,0.0
lsxp-LiangGuoJiao-ShiJieTing-1.xml_0,两国交（哇）锋龙虎斗，,4528640637.1621399,0.0
lseh-YiLunMing-ZhuoFangSuDian.xml_1,陈宫心（呐）中乱如麻，,4539104158.1489029,0.2
lsxp-ZouYingLong-DaYanSong.xml_11,我本当金（哪）殿奏一本怎奈我官卑职小不能够参大臣。,4547613266.5428677,0.1
lseh-YiLunMing-ZhuoFangCao-1.xml_12,听谯楼打罢了二（喏）更鼓下，,4549593037.1205835,0.0
lseh-YiLunMing-ZhuoFangCao-1.xml_17,汉室后来贼是个惹祸的根芽。,4549738522.1905298,0.0
lseh-YangYanZhao-PengBei.xml_4,我本当将此事对他来论，,4551062373.3704605,0.2
lseh-TanXiongDi-SangYuanJiZi.xml_3,见坟台不见人刀割我心。,4570238838.5166903,0.1
lsxp-LiangGuoJiao-ShiJieTing-2.xml_3,赏罚中公（呃）平莫要自由。,4571267240.1850004,0.1
lsxp-WoZhuYe-ZhuiHanXin.xml_0,我主爷起义在芒砀，,4575933469.9842854,0.1
lsxp-DaHeYi-SiLangTanMu.xml_7,将身站在了阶前等，,4578823908.5660076,0.0
sdxp-SuLongWei-WuJiaPo.xml_20,为何来在大道边。,4585130696.2667494,0.0
lsxp-ZouYingLong-DaYanSong.xml_13,在品级台（呀）前臣见君。,4589279223.180191,0.0
lsxp-WoBenShi-KongChengJi-2.xml_9,我面前却少个知（呃）音的人。,4591811805.6307745,0.1
lsxp-DaHeYi-SiLangTanMu.xml_1,大喝一声（哪）如雷震，,4592392751.3368025,0.0
lsxp-DaHeYi-SiLangTanMu.xml_17,弟兄对坐叙寒温。,4601314298.0456085,0.0
lseh-YiLunMing-ZhuoFangCao-1.xml_7,拔出剑将他的满门杀，,4601600481.5963774,0.1
sdxp-WoHeNi-SiLangTanMu.xml_1,我和你好夫妻恩德不浅，,4618429876.5470581,0.1
lseh-NiangZiBu-SouGuJiuGu.xml_13,哀求娘子（喏）舍亲（呐）生。,4623329265.4616222,0.0
lseh-WeiKaiYan-RangXuZhou.xml_0,未开言不由人（呐）珠泪滚滚，,4624557758.4139633,0.0
lsxp-DaHeYi-SiLangTanMu.xml_20,见一番汉帐中行。,4629846876.921855,0.1
lseh-LaoZhangBu-WuPenJi.xml_0,老丈不（哇）必胆怕惊，,4633522291.6820698,0.0
lsxp-ZouYingLong-DaYanSong.xml_6,我劝顽童你休流泪，免悲声，邹老爷就是尔的报仇人。,4634477720.7312613,0.1
lsxp-JiangShenEr-SanJiaDian.xml_15,叫一声解差把店役。,4658388717.091568,0.0
lseh-YiLunMing-ZhuoFangCao-1.xml_0,一轮明月照窗下，,4669493541.355772,0.0
lseh-YiLunMing-ZhuoFangCao-2.xml_5,杀猪沽酒款待与他。,4677680000.6677065,0.1
lsxp-JianMaSu-ZhanMaSu.xml_2,大胆不听我的话，,4677993144.2752972,0.1
lsxp-ZouYingLong-DaYanSong.xml_8,上面坐的是有道君，,4681060876.6142216,0.0
lsxp-WeiCengKai-QiYuanBao.xml_3,姓刘名安字世昌。,4682962115.4452801,0.0
sdxp-WoHeNi-SiLangTanMu.xml_11,公主虽然不阻拦，,4683750233.5509949,0.0
lsxp-YiShiWu-YuCangJian.xml_5,信用无极狗奸谗。,4702699065.6130857,0.0
sdxp-SuLongWei-WuJiaPo.xml_5,西凉川四十单八站，,4708384691.5995178,0.0
lsxp-ZouYingLong-DaYanSong.xml_0,忽听得万岁宣应龙，,4711284371.2722502,0.0
lseh-XuMaoGong-QinQiongFaPei.xml_4,是是是（呀）来我明白了，,4717577880.4885616,0.1
sdxp-DangNianHan-SanJiZhang.xml_4,仙女嫁的又是何人？,4720463238.6735306,0.0
lseh-YiLunMing-ZhuoFangCao-1.xml_18,观此贼睡卧真（呐）潇洒，,4726437443.1561041,0.0
lseh-ZiNaRi-HongYangDong.xml_2,我前番命孟良骸骨搬（呐）请，,4736615971.4873323,0.1
lseh-JinZhongXiang-ShangTianTai.xml_2,文凭着邓先生策划有准，,4742756135.5227556,0.0
lsxp-ZiGuDao-HuangHeLou.xml_3,二将军保架过长江。,4751982281.6644478,0.1
sdxp-WoHeNi-SiLangTanMu.xml_17,公主叫我盟誓愿，,4766661546.4046087,0.1
lseh-XinZhongYou-WenZhaoGuan.xml_15,到如今夜宿在荒村院，,4777632672.1081333,0.0
lseh-YiLunMing-WenZhaoGuan-1.xml_31,到如今夜宿在荒村院，,4777632672.1081333,0.0
lsxp-TingTaYan-ZhuoFangCao-2.xml_4,马行在来道内我难（呐）以回（呀）马，,4779416670.6954308,0.2
lsxp-TingTaYan-ZhuoFangCao-1.xml_4,马行在来道内我难（呐）以回（呀）马，,4779416670.6954308,0.2
lseh-JinZhongXiang-ShangTianTai.xml_0,金钟响玉磬应王登龙庭，,4789716189.4239292,0.0
lsxp-CiShiJian-HuaiHeYing-1.xml_6,三人同把那鬼门关上踏，,4796234896.9924908,0.0
lseh-XiRiLi-BaoLianDeng.xml_14,打死了别家子父能作主，,4797559373.666275,0.0
lseh-YiLunMing-ZhuoFangSuDian.xml_7,拔出剑将他的满门杀，,4805507107.1357641,0.1
lsxp-ZheYiFeng-DingJunShan.xml_9,到明天午时三刻要成功劳。,4808864659.6722641,0.0
lsxp-ZheYiFeng-DingJunShan.xml_5,三通鼓刀出鞘四通（呃）鼓把兵交。,4813212576.3993711,0.0
lseh-XiRiLi-BaoLianDeng.xml_5,那伯夷尊父命也不能应承，,4818403266.922533,0.0
lseh-YiLunMing-WenZhaoGuan-1.xml_1,愁人心（哪）中似箭穿。,4831652029.0621805,0.1
lsxp-DaHeYi-SiLangTanMu.xml_25,家住哪州并哪郡？,4833231873.8151283,0.0
sdxp-SuLongWei-WuJiaPo.xml_3,他三人与我有仇恨，,4851275722.2154531,0.2
lseh-YiLunMing-WenZhaoGuan-1.xml_18,背地里只把东皋公怨，,4851726622.0936604,0.0
lsxp-YiZhuangZhuang-QunYingHui.xml_0,一桩桩一件件倶已办就，,4856072848.7551117,0.0
lsxp-CiShiJian-HuaiHeYing-2.xml_7,生死二字（喏）且由他！,4856989627.7051678,0.1
lseh-YiLunMing-WenZhaoGuan-1.xml_9,满腹的含冤我向谁言（哪）！,4864415058.0169678,0.1
lseh-YiLunMing-WenZhaoGuan-2.xml_9,满腹的含冤我向谁言（喏）。,4864415058.0169678,0.1
lseh-XiRiLi-BaoLianDeng.xml_9,那叔齐逃出了后宰门，,4870729998.6830091,0.0
sdxp-SuLongWei-WuJiaPo.xml_17,买绫罗与绸缎、打首饰和簪环，,4871173627.0065823,0.0
lsxp-TingTaYan-ZhuoFangCao-1.xml_0,听他言听得我心（呐）惊胆怕，,4872182697.2341557,0.2
lsxp-TingTaYan-ZhuoFangCao-2.xml_0,听他言吓得我心（呐）惊胆怕，,4872182697.2341557,0.2
lseh-YiLunMing-WenZhaoGuan-2.xml_5,他将我隐藏在后花园。,4876852368.2016096,0.2
lseh-YiLunMing-WenZhaoGuan-1.xml_23,你就该把我献与昭关。,4877263715.3365221,0.1
lsxp-ZuoRiLi-YuanMenZhanZi.xml_0,昨日里斩八将头挂营外，,4886418542.588583,0.0
lseh-YiLunMing-ZhuoFangSuDian.xml_2,悔不该心猿并意马，,4887183236.5651484,0.0
lseh-XinZhongYou-WenZhaoGuan.xml_7,你就该把我献与昭关。,4899901019.2822733,0.1
lsxp-DaHeYi-SiLangTanMu.xml_10,火堪寨上有家门。,4914080150.181654,0.0
lseh-ZenNengGou-BaDaChui.xml_2,前也思（喏）后又想无有计定，,4928694798.6713095,0.0
lsxp-ZheYiFeng-DingJunShan.xml_4,头通（呃）鼓紧战袍，,4933176164.2831135,0.0
lsxp-LiangGuoJiao-ShiJieTing-2.xml_2,管带三（呐）军要宽厚，,4956961277.6562357,0.1
lsxp-WoZhuYe-ZhuiHanXin.xml_8,一路上秋毫无犯军威壮，,4999722954.3166838,0.1
lseh-YiLunMing-WenZhaoGuan-1.xml_5,他将我隐藏在后花园。,5007219310.5097666,0.2
lseh-NiangZiBu-SouGuJiuGu.xml_2,赵屠二家有仇恨，,5011170407.7449265,0.0
lseh-LaoZhangBu-WuPenJi.xml_2,休把我当作了妖魔论，,5024783136.8370075,0.1
lseh-YiLunMing-WenZhaoGuan-2.xml_1,愁人心（呐）中似箭穿。,5052284877.2352743,0.1
lseh-JinZhongXiang-ShangTianTai.xml_5,又听得殿角下大放悲声。,5066270316.723772,0.0
lsxp-YiShiWu-YuCangJian.xml_0,一事无成两鬓斑，,5072670588.0116148,0.0
lseh-XuMaoGong-QinQiongFaPei.xml_2,既是为我前来到，,5073445217.8105316,0.1
lsxp-ZhangGongDao-ZhuangYuanPu.xml_5,眼睁（呐）睁有何人去（呀）把纸烧。,5076176474.7547617,0.0
lsxp-DaHeYi-SiLangTanMu.xml_27,听罢言来才知情，,5079535975.1856403,0.0
lsxp-CiShiJian-HuaiHeYing-1.xml_0,此时间不可闹笑话，,5080772280.7776337,0.0
lsxp-DaHeYi-SiLangTanMu.xml_15,六弟下位把兄认，,5100168358.2024822,0.0
lseh-YiLunMing-WenZhaoGuan-1.xml_20,若是真心来救我，,5114569718.8172703,0.2
lseh-XinZhongYou-WenZhaoGuan.xml_4,若是真心来救我，,5114569718.8172703,0.2
lsxp-ZhangGongDao-ZhuangYuanPu.xml_1,陈伯愚年半百无有后苗。,5126644508.6728878,0.0
sdxp-WoHeNi-SiLangTanMu.xml_12,无有令箭怎过关。,5134010851.4080915,0.0
lsxp-ZuoRiLi-YuanMenZhanZi.xml_5,老娘亲再讲情儿自刎头来。,5138872361.8704109,0.0
lsxp-WoBenShi-KongChengJi-2.xml_8,闲无（呃）事在敌楼（呃）我亮一亮琴（呢）音，,5142812709.4923601,0.1
lsxp-ShenGongWu-LongFengChengXiang.xml_1,年老得配女娇娃。,5145107145.6481724,0.0
lsxp-WoZhuYe-ZhuiHanXin.xml_3,两路分（呐）兵定咸阳。,5145299849.6118908,0.0
lsxp-ZhangGongDao-ZhuangYuanPu.xml_2,为（呀）儿（啼）女我也曾朝山拜庙，,5145996260.2184973,0.1
lsxp-LiangGuoJiao-ShiJieTing-2.xml_4,此一番领（呃）兵去镇守，,5156561105.0557089,0.0
sdxp-DangNianHan-SanJiZhang.xml_5,我的儿说话言不逊，,5158105568.2594891,0.1
lsxp-JiangShenEr-SanJiaDian.xml_1,尊一声过往的宾朋听从头：,5168302018.6169548,0.0
lsxp-WoBenShi-KongChengJi-1.xml_5,东西战南北剿博古通呃今。,5181865149.2229805,0.0
lsxp-ZouYingLong-DaYanSong.xml_12,罢、罢、罢，暂且忍却我的心头恨，,5188740434.9057283,0.1
lsxp-YiShiWu-YuCangJian.xml_3,靠山绿（哇）水常在面前。,5198909309.2034559,0.0
sdxp-DangNianHan-SanJiZhang.xml_6,句句话儿伤父心。,5200157959.8677769,0.0
lseh-YiLunMing-WenZhaoGuan-1.xml_24,哭一声爹娘不能相见，,5201237649.986371,0.0
lseh-YiLunMing-ZhuoFangCao-1.xml_11,自有那神灵（啊）天地鉴察。,5211464238.9848967,0.0
sdxp-WoHeNi-SiLangTanMu.xml_18,将身跪在地平川。,5229931105.0248699,0.0
lseh-JinZhongXiang-ShangTianTai.xml_1,寡人喜的是五谷丰登。,5236944177.0287647,0.0
lsxp-DaHeYi-SiLangTanMu.xml_21,龙行虎步非凡等，,5254606410.3541965,0.0
lseh-YiLunMing-ZhuoFangCao-2.xml_1,陈宫心中乱如麻。,5260966642.1486969,0.2
lseh-YiLunMing-ZhuoFangCao-2.xml_7,拔出剑将他的满门杀。,5273548391.9961405,0.1
lsxp-WeiCengKai-QiYuanBao.xml_6,行至在中途把雨降，,5274544545.2147617,0.1
lsxp-JiangShenEr-SanJiaDian.xml_9,舍不得老娘（呃）白了头。,5276008642.7334728,0.0
lseh-XinZhongYou-WenZhaoGuan.xml_8,哭一声爹娘不能相见，,5284029309.8674545,0.0
lseh-YiLunMing-ZhuoFangCao-2.xml_3,悔不该随他人到吕家。,5316051401.8469887,0.1
lsxp-CiShiJian-HuaiHeYing-1.xml_2,在长安是你夸大话，,5325996726.8432531,0.0
lseh-TanXiongDi-SangYuanJiZi.xml_2,眼望着孤坟台珠泪难忍，,5331436928.0066137,0.0
lseh-ZenNengGou-BaDaChui.xml_3,倒不如上公安观看古今。,5339807245.5230141,0.0
lsxp-QingGongYan-FaDongWu.xml_1,想起桃园结拜情。,5341159369.7033062,0.0
lseh-NiangZiBu-SouGuJiuGu.xml_7,老天爷不绝我的后代根。,5351627738.3072815,0.1
lsxp-TingTaYan-ZhuoFangCao-1.xml_3,却原（呐）来贼是个无（哇）义（呀）的冤家！,5352918228.8398962,0.0
lsxp-TingTaYan-ZhuoFangCao-2.xml_3,却愿（呐）来贼是个无（哇）义（呀）的冤家！,5352918228.8398962,0.0
lsxp-DaHeYi-SiLangTanMu.xml_2,杨家将令鬼神惊。,5358659546.8368454,0.0
lseh-YiLunMing-WenZhaoGuan-1.xml_2,实指（惹）望到吴国借兵回转，,5365620616.7043915,0.1
lsxp-ZiGuDao-HuangHeLou.xml_1,主公不必加愁肠。,5378768102.8710842,0.0
sdxp-DangNianHan-SanJiZhang.xml_3,小奴才真个不孝顺，,5385055663.505229,0.0
lseh-NiangZiBu-SouGuJiuGu.xml_12,无奈何我只得双（呃）膝跪，,5386871727.4951782,0.1
lseh-YiLunMing-WenZhaoGuan-1.xml_10,我好（哇）比哀哀长空雁，,5391797038.0703573,0.1
lsxp-WoBenShi-KongChengJi-2.xml_3,算就了汉家的业鼎足（呃）三分。,5393883377.1143599,0.0
lsxp-JiangShenEr-SanJiaDian.xml_7,舍不得衙役们众班头。,5403998390.3583841,0.0
lsxp-DaHeYi-SiLangTanMu.xml_19,本帅帐中用目睁，,5406183606.3954992,0.1
lsxp-WoBenShi-KongChengJi-2.xml_5,东西战南北剿博古（呃）通（哦）今。,5406306665.211957,0.0
sdxp-WoHeNi-SiLangTanMu.xml_9,我有心回宋营见母一面，,5414645558.8544474,0.2
lseh-YiLunMing-WenZhaoGuan-2.xml_15,今夜晚怎能够盼到明天。,5431252717.1932001,0.0
lsxp-WoBenShi-KongChengJi-2.xml_2,先帝（呀）爷下南阳（呃）御驾三（呃）请，,5435770558.7201986,0.0
sdxp-SuLongWei-WuJiaPo.xml_4,咬定牙关他就不认承。,5441294807.6813326,0.1
lseh-YiLunMing-ZhuoFangCao-1.xml_9,年迈的老丈命（呐）染黄沙。,5452756100.3754044,0.0
lseh-WeiGuoJia-HongYangDong-1.xml_1,我也曾平服了塞北西东。,5461355022.6343689,0.1
lsxp-CiShiJian-HuaiHeYing-2.xml_0,此时间不可闹笑话，,5462305333.5373487,0.0
sdxp-SuLongWei-WuJiaPo.xml_9,衙里衙外我打点，,5463084752.592864,0.1
lseh-YiLunMing-WenZhaoGuan-2.xml_2,实指望到吴国借兵回转，,5479806415.9489136,0.1
lsxp-TingTaYan-ZhuoFangCao-2.xml_5,这才是花随水水不（哇）能恋（呐）花。,5498483788.9328127,0.0
lseh-YangYanZhao-PengBei.xml_1,在中途得一信甚是不明。,5500518812.5406055,0.1
lseh-ZiNaRi-HongYangDong.xml_9,因此上臣的病重（呃）加十分、千岁爷呀！,5501615135.1848545,0.0
lseh-YiLunMing-WenZhaoGuan-1.xml_15,今夜晚怎能够盼到明天。,5510234986.6960411,0.0
lsxp-YiShiWu-YuCangJian.xml_1,叹光明一去不回还（呐）；,5515484731.9071083,0.2
lsxp-DaHeYi-SiLangTanMu.xml_5,弟兄们分别十五春，,5521139023.6747255,0.0
lsxp-HenPingWang-WenZhaoGuan.xml_1,父纳子（呃）妻礼难容，,5541359173.0278673,0.0
sdxp-WoHeNi-SiLangTanMu.xml_13,公主赠我的金鈚箭，,5552211299.2043447,0.1
sdxp-SuLongWei-WuJiaPo.xml_21,为军起下不良的意呀，,5577313603.3582172,0.1
lseh-YangYanZhao-PengBei.xml_5,又恐怕惊动了年迈之人。,5580485855.9263535,0.0
lsxp-DaHeYi-SiLangTanMu.xml_31,走上前来忙松捆，,5591686392.1776628,0.0
lsxp-WoBenShi-KongChengJi-1.xml_1,论阴阳如反掌保定乾坤。,5596116974.9854345,0.0
lsxp-ZouYingLong-DaYanSong.xml_4,我问顽童啼哭因何故，,5604618237.8153744,0.1
sdxp-SuLongWei-WuJiaPo.xml_13,腰中取出银一锭，,5604693364.9914989,0.1
lsxp-HenPingWang-WenZhaoGuan.xml_0,恨平王无道乱楚宫（兀），,5615795845.0208187,0.1
lsxp-CiShiJian-HuaiHeYing-2.xml_3,为什么事到如今耍奸滑？,5628541499.227087,0.0
lseh-YiLunMing-ZhuoFangCao-2.xml_8,一家人倶丧在宝剑之下，,5633029874.1056728,0.0
lsxp-HenPingWang-WenZhaoGuan.xml_3,满门的家着血染红。,5639546247.521368,0.0
lsxp-ZiCongQian-ZhuLianZhai.xml_3,为千岁懒观五凤楼。,5640642015.1869421,0.0
lsxp-CiShiJian-HuaiHeYing-2.xml_2,在长安是你夸大话，,5643531351.0855207,0.0
lseh-YiLunMing-WenZhaoGuan-2.xml_13,我好（呃）比波浪中失舵的舟船（喏）。,5658110221.5811777,0.2
lsxp-TingTaYan-ZhuoFangCao-1.xml_5,这才是花随水水不（哇）能恋（呐）花。,5660580345.907567,0.0
lsxp-WoBenShi-KongChengJi-1.xml_2,先帝呀爷下南阳御呀驾三请，,5664515231.3653727,0.0
lsxp-YiShiWu-YuCangJian.xml_9,行至在昭关有阻拦。,5664580166.82656,0.0
lseh-JinZhongXiang-ShangTianTai.xml_3,武仗着姚皇兄保定乾坤。,5671020677.1544323,0.0
lsxp-WoZhuYe-ZhuiHanXin.xml_7,一路上得遇陆贾、郦生与张良。,5678748804.7242432,0.0
lseh-YiLunMing-ZhuoFangCao-1.xml_14,悔不该把家属一（呀）旦撇下，,5711345375.4050207,0.0
lsxp-DaHeYi-SiLangTanMu.xml_23,本帅开言把他问，,5721405834.4589834,0.1
lsxp-WeiCengKai-QiYuanBao.xml_5,贩卖绸缎转还乡。,5722389983.9715958,0.1
lseh-YiLunMing-WenZhaoGuan-2.xml_14,思来想去我的肝肠断，,5724003949.6660175,0.1
sdxp-WoHeNi-SiLangTanMu.xml_6,有一桩心腹事不敢明言。,5726396616.1729765,0.0
lseh-WeiKaiYan-RangXuZhou.xml_3,老朽年迈我也不能够担承。,5728483700.2686901,0.1
lseh-YiLunMing-WenZhaoGuan-1.xml_13,我好（哇）比波浪中失舵的舟船（哪）。,5734578494.8772783,0.2
lsxp-WoBenShi-KongChengJi-1.xml_9,我面前缺少个知呃音的人。,5740777092.892602,0.1
lseh-XuMaoGong-QinQiongFaPei.xml_3,缘何不救我出笼牢。,5765883843.9045401,0.2
lseh-YiLunMing-WenZhaoGuan-1.xml_33,我本当拔宝剑自寻短见，,5800601870.8529139,0.1
lseh-WeiGuoJia-HongYangDong-3.xml_1,我也曾平服了塞北西东。,5801153286.6005945,0.1
lsxp-JianMaSu-ZhanMaSu.xml_1,不由老夫咬钢牙，,5808759295.3369284,0.0
lsxp-WeiCengKai-QiYuanBao.xml_9,望求太爷与我作主张（啊）。,5826663974.4160795,0.1
lseh-ZiNaRi-HongYangDong.xml_8,为此事终（啊）日里忧成疾病，,5838524682.211175,0.0
lseh-YiLunMing-WenZhaoGuan-2.xml_10,我好（呃）比哀哀长空雁，,5847603831.9497061,0.1
lsxp-ZuoRiLi-YuanMenZhanZi.xml_4,叫焦赞将宝剑悬挂帐外，,5874170979.6378813,0.0
lsxp-YiShiWu-YuCangJian.xml_6,他害我满门（呐）真悲惨，,5882553926.0433311,0.2
lseh-YiLunMing-WenZhaoGuan-1.xml_8,俺伍员好一似丧家犬，,5898808886.8308649,0.0
lsxp-WeiCengKai-QiYuanBao.xml_4,奉母命京城往，,5899936154.3625269,0.0
lseh-XinZhongYou-WenZhaoGuan.xml_10,爹娘（呃）要相逢除非是梦（呃）里团圆。,5900585365.412159,0.0
lseh-XinZhongYou-WenZhaoGuan.xml_11,鸡鸣犬吠五更（呃）天，,5917038740.5916634,0.0
lseh-JinZhongXiang-ShangTianTai.xml_4,内侍臣忙摆驾九龙口进，,5928034169.4653311,0.0
lsxp-DaHeYi-SiLangTanMu.xml_11,我父令公官极品，,5930063383.8527012,0.1
lseh-YiLunMing-WenZhaoGuan-1.xml_27,鸡鸣犬吠五更（哪）天，,5947805445.5220528,0.0
lseh-YiLunMing-WenZhaoGuan-1.xml_17,翻来覆去睡不（哇）安。,5965956889.5192146,0.0
lsxp-ZheYiFeng-DingJunShan.xml_6,向前各各有赏犒，,5971038460.954361,0.0
lsxp-WoZhuYe-ZhuiHanXin.xml_11,反将我主贬汉王。,5971551873.1888561,0.1
lsxp-WoBenShi-KongChengJi-1.xml_8,闲无哇事在敌楼哇我亮（呃）一亮琴哪音，,5974449783.3389606,0.1
lseh-YiLunMing-ZhuoFangCao-2.xml_9,年迈老丈命染黄沙。,5977192487.9110546,0.0
lseh-XiRiLi-BaoLianDeng.xml_6,弟让兄来兄不能应（呐）允，,6004304478.9473629,0.0
lsxp-WoZhuYe-ZhuiHanXin.xml_4,先进咸阳为皇上，,6007526521.7569141,0.0
lsxp-WoZhuYe-ZhuiHanXin.xml_1,拔剑斩蛇天下扬。,6020848764.5549231,0.0
sdxp-WoHeNi-SiLangTanMu.xml_15,宋营（哪）虽然路途远，,6039733956.7043915,0.0
lsxp-ZheYiFeng-DingJunShan.xml_3,大小儿郎听根苗，,6070416718.3525476,0.0
lsxp-DaHeYi-SiLangTanMu.xml_24,你是番邦什么人？,6071466357.802413,0.0
lsxp-TingTaYan-ZhuoFangCao-1.xml_7,既同行共（呃）大事必须要劝解于他（呀呃）。,6097176563.5060968,0.1
lsxp-TingTaYan-ZhuoFangCao-2.xml_7,既同行共（呃）大事必须要劝解于他（呀呃）。,6097176563.5060968,0.1
lseh-YiLunMing-ZhuoFangCao-1.xml_25,险些儿把事（喏）又（哇）作差。,6107280223.6148939,0.0
lsxp-JiangShenEr-SanJiaDian.xml_6,舍不得太爷的恩情厚，,6114658335.8805437,0.0
sdeh-WenSanNiang-SanNiangJiaoZi.xml_1,问三娘发雷霆却是为何？,6117309952.7505846,0.0
sdxp-SuLongWei-WuJiaPo.xml_2,王丞相是我的主婚人（哪）。,6131173255.836257,0.1
lseh-XiRiLi-BaoLianDeng.xml_11,留得美名万古存，,6133199633.7263327,0.0
lsxp-WoBenShi-KongChengJi-2.xml_0,我本是卧龙岗散淡（呐）的人，,6160629302.6033154,0.1
lsxp-CiShiJian-HuaiHeYing-1.xml_3,为什么事到如今耍奸滑。,6164599771.6047068,0.0
lseh-YiLunMing-WenZhaoGuan-1.xml_14,思来想去我的肝肠断，,6178046592.0782509,0.1
lsxp-ZheYiFeng-DingJunShan.xml_2,站立在营门三军叫，,6183265211.5655937,0.1
lsxp-ZiGuDao-HuangHeLou.xml_4,今日主公把宴上，,6218956702.510747,0.0
sdxp-SuLongWei-WuJiaPo.xml_1,苏龙魏虎为媒证，,6225933107.503993,0.0
sdxp-DangNianHan-SanJiZhang.xml_1,登台拜帅是韩信，,6229279870.4036341,0.0
lsxp-WoBenShi-KongChengJi-2.xml_6,周文王访姜尚周室大振，,6239946759.0261698,0.0
lseh-WeiGuoJia-HongYangDong-3.xml_3,身不爽不由人瞌睡朦胧。,6242407794.8615894,0.0
lsxp-TingTaYan-ZhuoFangCao-2.xml_1,背转身自埋怨我自（呃）已做差。,6247787478.7108793,0.1
lsxp-TingTaYan-ZhuoFangCao-1.xml_1,背转身只埋怨我自（呃）己作差，,6247787478.7108793,0.1
lsxp-WoBenShi-KongChengJi-2.xml_1,凭阴阳如反掌保定乾坤。,6251403835.4428577,0.0
lsxp-WoBenShi-KongChengJi-2.xml_7,我诸葛怎比得前辈（呃）的先（呃）生。,6260918215.0569944,0.1
sdxp-SuLongWei-WuJiaPo.xml_14,将银放在地平川。,6266625637.397233,0.0
lseh-WeiGuoJia-HongYangDong-2.xml_3,身不爽不由人瞌睡朦胧（呃）（哪）。,6267043529.7712765,0.0
lsxp-TingTaYan-ZhuoFangCao-2.xml_6,这时候我只得暂且忍耐在心下，,6268461769.9584484,0.1
lseh-LaoZhangBu-WuPenJi.xml_6,我和你远无冤近无有仇恨，,6303011632.3296585,0.1
lsxp-WeiCengKai-QiYuanBao.xml_2,家住在南阳太平庄，,6361283836.094142,0.0
lseh-YiLunMing-ZhuoFangSuDian.xml_9,年迈的老丈命（呐）染黄沙。,6366782929.6025982,0.0
lseh-YiLunMing-WenZhaoGuan-1.xml_6,一连几天我的眉不（哇）展，,6367464904.7143707,0.1
lseh-ZenNengGou-BaDaChui.xml_0,怎能够思一计番营来进，,6373236298.3773079,0.0
lsxp-JiangShenEr-SanJiaDian.xml_13,娘想儿来泪双流。,6388281939.0477819,0.0
lsxp-ZuoRiLi-YuanMenZhanZi.xml_2,今日里斩宗保娘把儿怪，,6393277382.2229614,0.0
lseh-XiRiLi-BaoLianDeng.xml_12,为父的怎比得孤竹君，,6399618932.7268553,0.0
sdxp-SuLongWei-WuJiaPo.xml_10,管保大嫂就断与咱。,6405978993.338253,0.0
lseh-XinZhongYou-WenZhaoGuan.xml_1,翻来复去睡不安。,6407564630.6668291,0.0
lsxp-ZhangGongDao-ZhuangYuanPu.xml_4,怕将（呃）来老天爷无（哇）有果报，,6415887999.227047,0.0
lseh-WeiGuoJia-HongYangDong-1.xml_3,身不爽不由人瞌睡朦胧（呃）。,6420921892.6405344,0.0
lsxp-WoBenShi-KongChengJi-1.xml_3,算就了汉家的业鼎足哇三分。,6439484940.0385828,0.0
lseh-XiRiLi-BaoLianDeng.xml_7,兄（呃）推弟来两不能够担承。,6448102845.5428867,0.0
sdxp-WoHeNi-SiLangTanMu.xml_16,快马加鞭我一夜还。,6470254329.9742851,0.2
lsxp-TingTaYan-ZhuoFangCao-1.xml_6,这时候我只得暂且忍耐在心下，,6470994288.7904978,0.1
lsxp-DaHeYi-SiLangTanMu.xml_12,我母佘氏老太君。,6526072483.7458916,0.1
lseh-TanXiongDi-SangYuanJiZi.xml_1,丢下了年幼儿好不伤情。,6529098856.6765385,0.0
lseh-YiLunMing-ZhuoFangCao-2.xml_11,自有那神灵儿天地鉴察。,6535819730.6076946,0.0
lseh-YiLunMing-WenZhaoGuan-2.xml_8,俺伍员好一似丧家犬，,6550236418.9485703,0.0
lsxp-ZouYingLong-DaYanSong.xml_1,在朝房来了我这保国忠。,6559894217.9547977,0.1
lsxp-CiShiJian-HuaiHeYing-1.xml_5,右手再把栾布拉。,6595129533.8319855,0.0
lseh-YiLunMing-WenZhaoGuan-1.xml_4,幸遇那东皋公行方便，,6624403890.1912222,0.0
lseh-YiLunMing-ZhuoFangSuDian.xml_3,悔不该随他人到吕家。,6628942888.8049469,0.1
sdxp-WoHeNi-SiLangTanMu.xml_10,怎奈我身在番难以过关。,6637866686.6901875,0.1
lsxp-WoBenShi-KongChengJi-1.xml_7,俺诸（喏）葛怎比得前辈呀的先哪生。,6639954396.6025009,0.0
lseh-YiLunMing-WenZhaoGuan-2.xml_4,幸遇那东皋公行方便，,6667762935.8572044,0.0
lseh-YiLunMing-ZhuoFangCao-2.xml_6,又谁知此贼的疑心太大，,6685997954.427784,0.0
lseh-ZiNaRi-HongYangDong.xml_1,三更时梦（呃）见（呐）了年迈爹尊（呐）。,6701788996.6392155,0.0
lseh-XinZhongYou-WenZhaoGuan.xml_9,不能（呃）哎见。,6705151226.4230766,0.0
lsxp-WoBenShi-KongChengJi-2.xml_4,官封到武乡侯（呃）执掌帅印，,6823751203.3106718,0.0
sdxp-SuLongWei-WuJiaPo.xml_18,我与你露水的夫妻就过几年（呐）。,6832775296.3947144,0.1
lseh-YiLunMing-ZhuoFangCao-1.xml_21,贼好比猛虎未（呀）曾长牙，,6839960068.9613028,0.0
sdxp-SuLongWei-WuJiaPo.xml_15,这锭银、三两三，,6860286547.1076269,0.0
lseh-YiLunMing-WenZhaoGuan-2.xml_6,一连几天我的眉不（呃）展，,6885734258.800787,0.1
lsxp-WoZhuYe-ZhuiHanXin.xml_13,但愿得言听计从重整汉家邦、一同回故乡。,6887129534.9725237,0.1
lseh-YiLunMing-ZhuoFangCao-1.xml_19,安眠好似并底之蛙，,6887971310.8644066,0.0
lseh-YiLunMing-ZhuoFangSuDian.xml_11,自有那神灵儿天地鉴察。,6909329868.3009186,0.0
lseh-WeiGuoJia-HongYangDong-2.xml_1,我也曾平服了塞北西东。,6914734775.1711607,0.1
lseh-NiangZiBu-SouGuJiuGu.xml_9,来年必定降麒麟。,6928955971.1710663,0.0
lsxp-WeiCengKai-QiYuanBao.xml_1,尊一声太爷听端详。,6949374340.5535059,0.0
sdxp-WoHeNi-SiLangTanMu.xml_5,非是我这几日愁眉不展，,6957597535.0637932,0.1
lseh-XiRiLi-BaoLianDeng.xml_3,传口诏命次子即位为君，,6985250222.8725042,0.0
lseh-LaoZhangBu-WuPenJi.xml_7,望求老丈把冤伸。,7011344787.4948788,0.0
lseh-XiRiLi-BaoLianDeng.xml_2,都只为孤（哇）竹君身染重病（哪），,7043385857.6291113,0.0
lseh-ZiNaRi-HongYangDong.xml_6,老军报他二人在洪洋（呃）洞丧（呃）命，,7051148125.5972538,0.2
lseh-YiLunMing-WenZhaoGuan-1.xml_25,不能（哪）哎见爹娘（兀）！,7061426577.1619253,0.0
lseh-XinZhongYou-WenZhaoGuan.xml_3,叫人难解巧机关。,7077771675.8971806,0.0
lseh-YiLunMing-WenZhaoGuan-2.xml_12,我好（呃）比鱼儿吞了钩线，,7083895649.4700241,0.1
lsxp-CiShiJian-HuaiHeYing-1.xml_7,（啊）生死二字（喏）且由他。,7119877450.9557266,0.1
lseh-ZiNaRi-HongYangDong.xml_4,二次（喏）里命孟良番营来进，,7228111925.6300268,0.0
lsxp-ZouYingLong-DaYanSong.xml_10,他本是我朝中上欺天子下压臣谋朝篡位卖国的奸贼他名叫严嵩，,7228208886.5472956,0.3
lseh-YiLunMing-ZhuoFangCao-1.xml_24,执宝剑将贼的（呀）头割下，,7243355638.577673,0.0
lsxp-ZouYingLong-DaYanSong.xml_3,偶遇见小小的顽童放悲声，,7258008650.5216732,0.0
lseh-TuZeiZuo-SouGuJiuGu.xml_1,诬杀赵家一满门。,7272240758.952733,0.0
lsxp-WoBenShi-KongChengJi-1.xml_4,官封到武乡侯哇执掌帅印，,7287740702.7130127,0.0
lseh-YiLunMing-WenZhaoGuan-1.xml_12,我好（哇）比鱼儿吞了钩线，,7351191134.9114609,0.1
lseh-YiLunMing-ZhuoFangSuDian.xml_4,吕伯奢可算得义气（呀）大，,7362128561.4769897,0.0
lseh-YiLunMing-ZhuoFangCao-1.xml_3,悔不该随他人到吕家，,7463684777.389019,0.1
lseh-YiLunMing-ZhuoFangCao-1.xml_20,贼好比蛟龙未生鳞甲，,7464665933.9043484,0.0
lseh-YiLunMing-ZhuoFangSuDian.xml_6,又谁知此贼的疑心（呐）太（呀）大，,7473622802.4238558,0.0
lsxp-JiangShenEr-SanJiaDian.xml_3,二不是歹人（呐）把城偷。,7474792599.632226,0.0
lseh-LaoZhangBu-WuPenJi.xml_1,我有言来你是（喏）听。,7498149554.9201593,0.1
sdxp-WoHeNi-SiLangTanMu.xml_8,我的娘押粮草来到北番。,7568353277.167613,0.1
lsxp-WoBenShi-KongChengJi-1.xml_0,我本是卧龙岗散淡哪的人，,7580866515.2683649,0.1
lseh-NiangZiBu-SouGuJiuGu.xml_4,我与那公孙杵臼把计定，,7636801716.7177219,0.1
lsxp-WoZhuYe-ZhuiHanXin.xml_12,今日里萧何荐良将，,7649887035.8472433,0.0
lseh-YiLunMing-ZhuoFangCao-1.xml_15,悔不该弃县今抛却了乌（哇）纱，,7682755050.6488724,0.0
lsxp-DaHeYi-SiLangTanMu.xml_16,我是你四哥回宋营。,7691226124.7742958,0.2
lseh-XiRiLi-BaoLianDeng.xml_8,那伯夷出午门无（哇）有踪（呃）影，,7725693470.8173895,0.0
lsxp-ZouYingLong-DaYanSong.xml_5,他言道严嵩老贼害他的举家一满门。,7746563819.1961136,0.1
lseh-YiLunMing-ZhuoFangCao-2.xml_2,悔不该心猿并意马，,7798667203.5879793,0.0
lsxp-JiangShenEr-SanJiaDian.xml_8,实难舍街坊四邻与我的好朋友，,7808255374.1454458,0.1
lsxp-ZuoRiLi-YuanMenZhanZi.xml_3,哭啼啼坐宝帐所为何来。,7839719159.2029476,0.0
lseh-YangYanZhao-PengBei.xml_3,又只见老爹爹瞌睡沉沉。,7892493114.0373755,0.0
lseh-YiLunMing-WenZhaoGuan-1.xml_19,叫人难解巧机关，,7898659393.6771965,0.0
lsxp-WoBenShi-KongChengJi-1.xml_6,周文王访姜尚周室大振，,7915785427.2854452,0.0
lseh-XiRiLi-BaoLianDeng.xml_4,那叔齐分长幼不能担任，,7952883610.7135582,0.0
lseh-YiLunMing-ZhuoFangSuDian.xml_10,屈死的怨鬼魂休要怨（呐）咱，,7961163582.2846117,0.0
lseh-TuZeiZuo-SouGuJiuGu.xml_3,大事还要问程婴。,7973809837.8622341,0.1
lseh-YiLunMing-ZhuoFangCao-1.xml_6,又谁知此贼的疑心（呐）太（呀）大，,8020152543.6241093,0.0
lsxp-DaHeYi-SiLangTanMu.xml_13,十五年前沙滩会，,8052267251.5024815,0.0
lsxp-JiangShenEr-SanJiaDian.xml_12,儿想娘亲难叩首，,8119696398.5278826,0.0
lsxp-JiangShenEr-SanJiaDian.xml_10,娘生儿连心肉，,8134713003.5934954,0.0
lseh-LaoZhangBu-WuPenJi.xml_3,我本屈死一鬼魂。,8135115921.6803102,0.1
lseh-YiLunMing-ZhuoFangCao-2.xml_10,屈死的冤鬼魂休要怨咱，,8150161227.0833921,0.0
lseh-YiLunMing-ZhuoFangSuDian.xml_8,一家人倶丧在宝剑之（喏）下，,8166899091.0062675,0.0
sdxp-SuLongWei-WuJiaPo.xml_16,送与大嫂把家安。,8205541294.8129082,0.0
lseh-YiLunMing-ZhuoFangCao-1.xml_13,越思越想把事来作差。,8219221301.9856949,0.0
lsxp-WoZhuYe-ZhuiHanXin.xml_14,撩袍端带我把金殿上，,8260409170.9562616,0.1
lseh-XiRiLi-BaoLianDeng.xml_10,首阳山前冻饿死（喏）。,8502808500.303997,0.0
lsxp-CiShiJian-HuaiHeYing-2.xml_5,右手再把栾布拉，,8561742696.7239723,0.0
lseh-XinZhongYou-WenZhaoGuan.xml_17,我本当拔宝剑自寻短见，,8577521841.8225269,0.1
lsxp-ZhangGongDao-ZhuangYuanPu.xml_3,为儿（喏）女我也曾补路修桥。,8623443159.0113716,0.1
lseh-YiLunMing-ZhuoFangCao-1.xml_8,一家人倶丧在宝剑之（喏）下，,8722534118.5538597,0.0
lsxp-JiangShenEr-SanJiaDian.xml_14,眼见得红日坠落在西山后，,8738861510.9902496,0.0
lseh-XiRiLi-BaoLianDeng.xml_1,伯夷叔齐二大贤人，,8942804244.3704052,0.0
lseh-NiangZiBu-SouGuJiuGu.xml_5,他舍命来你我舍亲生。,9068745074.842205,0.2
lseh-XuMaoGong-QinQiongFaPei.xml_5,其中必有这巧（哇）妙高。,9086793437.2394562,0.1
lsxp-ZouYingLong-DaYanSong.xml_7,站立在殿角用目来观定，,9093879240.3939915,0.0
lseh-ZiNaRi-HongYangDong.xml_5,又谁知焦克明他私（呀）自后跟（呐），,9187873147.3110828,0.1
lsxp-WoZhuYe-ZhuiHanXin.xml_10,项羽不遵怀王约，,9297262976.2100124,0.0
lseh-NiangZiBu-SouGuJiuGu.xml_1,卑（呀）人言来你是（喏）听。,9420135529.4322376,0.0
lseh-XinZhongYou-WenZhaoGuan.xml_14,朝臣待漏五更寒。,9421401359.0545521,0.0
lseh-WeiKaiYan-RangXuZhou.xml_4,望使君放开怀慨然（呐）应（呐）允，,9489996669.1036758,0.0
lsxp-TingTaYan-ZhuoFangCao-1.xml_2,我先前只望他宽宏量（呃）大，,9519322573.3849602,0.2
lsxp-TingTaYan-ZhuoFangCao-2.xml_2,我先前只望他宽宏量（呃）大，,9519322573.3849602,0.2
lsxp-JiangShenEr-SanJiaDian.xml_2,一不是响马与贼寇，,9715188041.7023811,0.0
lseh-NiangZiBu-SouGuJiuGu.xml_6,舍子搭救忠（呃）良的后，,9729486366.2675171,0.1
lsxp-JiangShenEr-SanJiaDian.xml_0,将身儿来至在大街口，,9842150674.6248398,0.0
lsxp-ZouYingLong-DaYanSong.xml_9,那一旁坐的就是严阁老，,9945318399.4346123,0.0
lsxp-WoZhuYe-ZhuiHanXin.xml_2,怀王也曾把旨降，,9973944966.2902317,0.0
lseh-YiLunMing-ZhuoFangCao-1.xml_16,我只说贼是个宽宏量大，,10147109907.648981,0.1
lsxp-ZheYiFeng-DingJunShan.xml_1,天助黄忠成功劳。,10162020754.89233,0.0
lseh-WeiKaiYan-RangXuZhou.xml_1,天卸重任我就要（哇）你担承。,10634924410.384993,0.1
lseh-ZenNengGou-BaDaChui.xml_1,前后话对文龙细说衷情。,10769034351.392511,0.0
lseh-YiLunMing-ZhuoFangCao-2.xml_4,吕伯奢可算得义气大，,10832379783.986303,0.0
lsxp-WoZhuYe-ZhuiHanXin.xml_6,也是我主洪福广，,10982369816.838911,0.1
lseh-NiangZiBu-SouGuJiuGu.xml_11,不舍娇儿难救孤身。,11124834649.308077,0.1
lseh-YiLunMing-WenZhaoGuan-1.xml_30,朝臣待漏（哇）五更寒，,11234830459.554188,0.0
lsxp-JiangShenEr-SanJiaDian.xml_4,杨林与我来争斗，,11951453605.436884,0.1
lsxp-ZouYingLong-DaYanSong.xml_2,那一日打从大街进，,12473694528.238768,0.0
lsxp-WoZhuYe-ZhuiHanXin.xml_5,后进咸阳扶保在朝纲。,12645986230.843626,0.0
lseh-XinZhongYou-WenZhaoGuan.xml_16,我冷冷清清向谁言（呃）。,12686770475.926329,0.1
lseh-YiLunMing-WenZhaoGuan-1.xml_32,我冷冷清清向谁言（哪）。,12870663956.532639,0.1
